Idle floor -9.983777360389468e-09 contact 0.001999971689656377 target-error 0.0 loop 0.0
Walk floor -0.0015089840162545443 contact 0.0015089840162545443 target-error 0.0015089917182922324 loop 0.0
Run floor -0.002537186723202467 contact 0.002537186723202467 target-error 0.0025372016429901084 loop 0.0
INFO Draco mesh compression is available, use library at /home/lzzz/MyProjects/N-SIDE/output/tools/blender-4.5.14-linux-x64/4.5/scripts/addons_core/io_scene_gltf2/libextern_draco.so
04:59:03 | INFO: Starting glTF 2.0 export
04:59:03 | INFO: Extracting primitive: CHR001_RuntimeMesh
04:59:03 | INFO: Primitives created: 1
04:59:04 | INFO: Finished glTF 2.0 export in 0.916010856628418 s
Blender 4.5.14 LTS (hash 62c1db4208e8 built 2026-09-15 01:31:19)
Read blend: "/home/lzzz/MyProjects/N-SIDE/source-assets/characters/CHR-001/model/yao-grey-study.blend"
Fra:1 Mem:26.03M (Peak 26.03M) | Time:00:00.00 | Mem:0.00M, Peak:0.00M | Scene, ViewLayer | Synchronizing object | TShirt
Fra:1 Mem:26.19M (Peak 26.19M) | Time:00:00.00 | Mem:0.00M, Peak:0.00M | Scene, ViewLayer | Synchronizing object | TShirt_Collar
Fra:1 Mem:26.21M (Peak 26.21M) | Time:00:00.00 | Mem:0.00M, Peak:0.00M | Scene, ViewLayer | Synchronizing object | Hood
Fra:1 Mem:26.27M (Peak 26.27M) | Time:00:00.00 | Mem:0.00M, Peak:0.00M | Scene, ViewLayer | Synchronizing object | Sleeve_Cuff.L
Fra:1 Mem:26.28M (Peak 26.28M) | Time:00:00.00 | Mem:0.00M, Peak:0.00M | Scene, ViewLayer | Synchronizing object | Zip_Tape.L
Fra:1 Mem:26.28M (Peak 26.28M) | Time:00:00.00 | Mem:0.00M, Peak:0.00M | Scene, ViewLayer | Synchronizing object | Hood_Cord.L
Fra:1 Mem:26.32M (Peak 26.32M) | Time:00:00.02 | Mem:0.00M, Peak:0.00M | Scene, ViewLayer | Synchronizing object | Palm.L
Fra:1 Mem:26.37M (Peak 26.37M) | Time:00:00.02 | Mem:0.00M, Peak:0.00M | Scene, ViewLayer | Synchronizing object | Index_Mesh.L
Fra:1 Mem:26.38M (Peak 26.38M) | Time:00:00.02 | Mem:0.00M, Peak:0.00M | Scene, ViewLayer | Synchronizing object | Middle_Mesh.L
Fra:1 Mem:26.39M (Peak 26.39M) | Time:00:00.02 | Mem:0.00M, Peak:0.00M | Scene, ViewLayer | Synchronizing object | Ring_Mesh.L
Fra:1 Mem:26.40M (Peak 26.40M) | Time:00:00.02 | Mem:0.00M, Peak:0.00M | Scene, ViewLayer | Synchronizing object | Pinky_Mesh.L
Fra:1 Mem:26.40M (Peak 26.40M) | Time:00:00.02 | Mem:0.00M, Peak:0.00M | Scene, ViewLayer | Synchronizing object | Thumb_Mesh.L
Fra:1 Mem:26.58M (Peak 26.58M) | Time:00:00.05 | Mem:0.00M, Peak:0.00M | Scene, ViewLayer | Synchronizing object | Trousers.L
Fra:1 Mem:26.84M (Peak 26.84M) | Time:00:00.05 | Mem:0.00M, Peak:0.00M | Scene, ViewLayer | Synchronizing object | Sneaker_Sole.L
Fra:1 Mem:26.86M (Peak 26.86M) | Time:00:00.05 | Mem:0.00M, Peak:0.00M | Scene, ViewLayer | Synchronizing object | Sneaker_Upper.L
Fra:1 Mem:26.88M (Peak 26.88M) | Time:00:00.05 | Mem:0.00M, Peak:0.00M | Scene, ViewLayer | Synchronizing object | Sock.L
Fra:1 Mem:26.89M (Peak 26.89M) | Time:00:00.05 | Mem:0.00M, Peak:0.00M | Scene, ViewLayer | Synchronizing object | Lace_0.L
Fra:1 Mem:26.89M (Peak 26.89M) | Time:00:00.05 | Mem:0.00M, Peak:0.00M | Scene, ViewLayer | Synchronizing object | Lace_1.L
Fra:1 Mem:26.89M (Peak 26.89M) | Time:00:00.05 | Mem:0.00M, Peak:0.00M | Scene, ViewLayer | Synchronizing object | Lace_2.L
Fra:1 Mem:26.90M (Peak 26.90M) | Time:00:00.05 | Mem:0.00M, Peak:0.00M | Scene, ViewLayer | Synchronizing object | Lace_3.L
Fra:1 Mem:26.90M (Peak 26.90M) | Time:00:00.05 | Mem:0.00M, Peak:0.00M | Scene, ViewLayer | Synchronizing object | Heel_Tab.L
Fra:1 Mem:26.90M (Peak 26.90M) | Time:00:00.05 | Mem:0.00M, Peak:0.00M | Scene, ViewLayer | Synchronizing object | Sleeve_Cuff.R
Fra:1 Mem:26.91M (Peak 26.91M) | Time:00:00.05 | Mem:0.00M, Peak:0.00M | Scene, ViewLayer | Synchronizing object | Zip_Tape.R
Fra:1 Mem:26.92M (Peak 26.92M) | Time:00:00.05 | Mem:0.00M, Peak:0.00M | Scene, ViewLayer | Synchronizing object | Hood_Cord.R
Fra:1 Mem:26.95M (Peak 26.95M) | Time:00:00.06 | Mem:0.00M, Peak:0.00M | Scene, ViewLayer | Synchronizing object | Palm.R
Fra:1 Mem:27.01M (Peak 27.01M) | Time:00:00.06 | Mem:0.00M, Peak:0.00M | Scene, ViewLayer | Synchronizing object | Index_Mesh.R
Fra:1 Mem:27.01M (Peak 27.01M) | Time:00:00.06 | Mem:0.00M, Peak:0.00M | Scene, ViewLayer | Synchronizing object | Middle_Mesh.R
Fra:1 Mem:27.05M (Peak 27.05M) | Time:00:00.06 | Mem:0.00M, Peak:0.00M | Scene, ViewLayer | Synchronizing object | Ring_Mesh.R
Fra:1 Mem:27.03M (Peak 27.05M) | Time:00:00.06 | Mem:0.00M, Peak:0.00M | Scene, ViewLayer | Synchronizing object | Pinky_Mesh.R
Fra:1 Mem:27.03M (Peak 27.05M) | Time:00:00.06 | Mem:0.00M, Peak:0.00M | Scene, ViewLayer | Synchronizing object | Thumb_Mesh.R
Fra:1 Mem:27.22M (Peak 27.22M) | Time:00:00.09 | Mem:0.00M, Peak:0.00M | Scene, ViewLayer | Synchronizing object | Trousers.R
Fra:1 Mem:27.49M (Peak 27.49M) | Time:00:00.09 | Mem:0.00M, Peak:0.00M | Scene, ViewLayer | Synchronizing object | Sneaker_Sole.R
Fra:1 Mem:27.51M (Peak 27.51M) | Time:00:00.09 | Mem:0.00M, Peak:0.00M | Scene, ViewLayer | Synchronizing object | Sneaker_Upper.R
Fra:1 Mem:27.62M (Peak 27.62M) | Time:00:00.09 | Mem:0.00M, Peak:0.00M | Scene, ViewLayer | Synchronizing object | Sock.R
Fra:1 Mem:27.55M (Peak 27.62M) | Time:00:00.09 | Mem:0.00M, Peak:0.00M | Scene, ViewLayer | Synchronizing object | Lace_0.R
Fra:1 Mem:27.56M (Peak 27.62M) | Time:00:00.09 | Mem:0.00M, Peak:0.00M | Scene, ViewLayer | Synchronizing object | Lace_1.R
Fra:1 Mem:27.56M (Peak 27.62M) | Time:00:00.09 | Mem:0.00M, Peak:0.00M | Scene, ViewLayer | Synchronizing object | Lace_2.R
Fra:1 Mem:27.53M (Peak 27.62M) | Time:00:00.09 | Mem:0.00M, Peak:0.00M | Scene, ViewLayer | Synchronizing object | Lace_3.R
Fra:1 Mem:27.53M (Peak 27.62M) | Time:00:00.09 | Mem:0.00M, Peak:0.00M | Scene, ViewLayer | Synchronizing object | Heel_Tab.R
Fra:1 Mem:28.12M (Peak 28.12M) | Time:00:00.12 | Mem:0.00M, Peak:0.00M | Scene, ViewLayer | Synchronizing object | Jacket_ContinuousShoulders
Fra:1 Mem:29.34M (Peak 29.34M) | Time:00:00.52 | Mem:0.00M, Peak:0.00M | Scene, ViewLayer | Synchronizing object | Face_Head
Fra:1 Mem:30.00M (Peak 30.00M) | Time:00:00.53 | Mem:0.00M, Peak:0.00M | Scene, ViewLayer | Synchronizing object | Ear.L
Fra:1 Mem:30.06M (Peak 30.06M) | Time:00:00.54 | Mem:0.00M, Peak:0.00M | Scene, ViewLayer | Synchronizing object | Ear_Fold.L
Fra:1 Mem:30.11M (Peak 30.11M) | Time:00:00.55 | Mem:0.00M, Peak:0.00M | Scene, ViewLayer | Synchronizing object | Ear.R
Fra:1 Mem:30.17M (Peak 30.17M) | Time:00:00.55 | Mem:0.00M, Peak:0.00M | Scene, ViewLayer | Synchronizing object | Ear_Fold.R
Fra:1 Mem:30.18M (Peak 30.18M) | Time:00:00.55 | Mem:0.00M, Peak:0.00M | Scene, ViewLayer | Synchronizing object | Eye_White.L
Fra:1 Mem:30.19M (Peak 30.19M) | Time:00:00.55 | Mem:0.00M, Peak:0.00M | Scene, ViewLayer | Synchronizing object | Iris_hair.L
Fra:1 Mem:30.22M (Peak 30.22M) | Time:00:00.55 | Mem:0.00M, Peak:0.00M | Scene, ViewLayer | Synchronizing object | Iris_ink.L
Fra:1 Mem:30.21M (Peak 30.22M) | Time:00:00.55 | Mem:0.00M, Peak:0.00M | Scene, ViewLayer | Synchronizing object | Eye_Glint.L
Fra:1 Mem:30.21M (Peak 30.22M) | Time:00:00.55 | Mem:0.00M, Peak:0.00M | Scene, ViewLayer | Synchronizing object | Upper_Lid.L
Fra:1 Mem:30.23M (Peak 30.23M) | Time:00:00.55 | Mem:0.00M, Peak:0.00M | Scene, ViewLayer | Synchronizing object | Lower_Lid.L
Fra:1 Mem:30.23M (Peak 30.23M) | Time:00:00.55 | Mem:0.00M, Peak:0.00M | Scene, ViewLayer | Synchronizing object | Eyebrow.L
Fra:1 Mem:30.24M (Peak 30.24M) | Time:00:00.55 | Mem:0.00M, Peak:0.00M | Scene, ViewLayer | Synchronizing object | Eye_White.R
Fra:1 Mem:30.24M (Peak 30.24M) | Time:00:00.55 | Mem:0.00M, Peak:0.00M | Scene, ViewLayer | Synchronizing object | Iris_hair.R
Fra:1 Mem:30.26M (Peak 30.26M) | Time:00:00.55 | Mem:0.00M, Peak:0.00M | Scene, ViewLayer | Synchronizing object | Iris_ink.R
Fra:1 Mem:30.27M (Peak 30.27M) | Time:00:00.55 | Mem:0.00M, Peak:0.00M | Scene, ViewLayer | Synchronizing object | Eye_Glint.R
Fra:1 Mem:30.27M (Peak 30.27M) | Time:00:00.55 | Mem:0.00M, Peak:0.00M | Scene, ViewLayer | Synchronizing object | Upper_Lid.R
Fra:1 Mem:30.29M (Peak 30.29M) | Time:00:00.55 | Mem:0.00M, Peak:0.00M | Scene, ViewLayer | Synchronizing object | Lower_Lid.R
Fra:1 Mem:30.29M (Peak 30.29M) | Time:00:00.55 | Mem:0.00M, Peak:0.00M | Scene, ViewLayer | Synchronizing object | Eyebrow.R
Fra:1 Mem:30.30M (Peak 30.30M) | Time:00:00.55 | Mem:0.00M, Peak:0.00M | Scene, ViewLayer | Synchronizing object | Mouth
Fra:1 Mem:30.43M (Peak 30.43M) | Time:00:00.66 | Mem:0.00M, Peak:0.00M | Scene, ViewLayer | Synchronizing object | Hair_Cap
Fra:1 Mem:30.62M (Peak 30.62M) | Time:00:00.66 | Mem:0.00M, Peak:0.00M | Scene, ViewLayer | Synchronizing object | Review_Rim
Fra:1 Mem:30.60M (Peak 30.62M) | Time:00:00.66 | Mem:0.00M, Peak:0.00M | Scene, ViewLayer | Synchronizing object | Bangs_00
Fra:1 Mem:30.61M (Peak 30.62M) | Time:00:00.66 | Mem:0.00M, Peak:0.00M | Scene, ViewLayer | Synchronizing object | Review_Fill
Fra:1 Mem:30.62M (Peak 30.62M) | Time:00:00.66 | Mem:0.00M, Peak:0.00M | Scene, ViewLayer | Synchronizing object | Review_Key
Fra:1 Mem:30.62M (Peak 30.62M) | Time:00:00.66 | Mem:0.00M, Peak:0.00M | Scene, ViewLayer | Synchronizing object | Review_Ground
Fra:1 Mem:30.63M (Peak 30.63M) | Time:00:00.66 | Mem:0.00M, Peak:0.00M | Scene, ViewLayer | Synchronizing object | Bangs_01
Fra:1 Mem:30.63M (Peak 30.63M) | Time:00:00.66 | Mem:0.00M, Peak:0.00M | Scene, ViewLayer | Synchronizing object | Tee_Bar
Fra:1 Mem:30.64M (Peak 30.64M) | Time:00:00.66 | Mem:0.00M, Peak:0.00M | Scene, ViewLayer | Synchronizing object | Tee_Dot_1.246
Fra:1 Mem:30.65M (Peak 30.65M) | Time:00:00.66 | Mem:0.00M, Peak:0.00M | Scene, ViewLayer | Synchronizing object | Bangs_02
Fra:1 Mem:30.67M (Peak 30.67M) | Time:00:00.66 | Mem:0.00M, Peak:0.00M | Scene, ViewLayer | Synchronizing object | Tee_Dot_1.275
Fra:1 Mem:30.68M (Peak 30.68M) | Time:00:00.66 | Mem:0.00M, Peak:0.00M | Scene, ViewLayer | Synchronizing object | Bangs_03
Fra:1 Mem:30.68M (Peak 30.68M) | Time:00:00.66 | Mem:0.00M, Peak:0.00M | Scene, ViewLayer | Synchronizing object | Back_Lock_6
Fra:1 Mem:30.71M (Peak 30.71M) | Time:00:00.66 | Mem:0.00M, Peak:0.00M | Scene, ViewLayer | Synchronizing object | Bangs_04
Fra:1 Mem:30.73M (Peak 30.73M) | Time:00:00.66 | Mem:0.00M, Peak:0.00M | Scene, ViewLayer | Synchronizing object | Back_Lock_5
Fra:1 Mem:30.75M (Peak 30.75M) | Time:00:00.66 | Mem:0.00M, Peak:0.00M | Scene, ViewLayer | Synchronizing object | Bangs_05
Fra:1 Mem:30.77M (Peak 30.77M) | Time:00:00.66 | Mem:0.00M, Peak:0.00M | Scene, ViewLayer | Synchronizing object | Back_Lock_4
Fra:1 Mem:30.79M (Peak 30.79M) | Time:00:00.66 | Mem:0.00M, Peak:0.00M | Scene, ViewLayer | Synchronizing object | Temple_0.L
Fra:1 Mem:30.81M (Peak 30.81M) | Time:00:00.66 | Mem:0.00M, Peak:0.00M | Scene, ViewLayer | Synchronizing object | Back_Lock_3
Fra:1 Mem:30.83M (Peak 30.83M) | Time:00:00.66 | Mem:0.00M, Peak:0.00M | Scene, ViewLayer | Synchronizing object | Temple_1.L
Fra:1 Mem:30.85M (Peak 30.85M) | Time:00:00.66 | Mem:0.00M, Peak:0.00M | Scene, ViewLayer | Synchronizing object | Back_Lock_2
Fra:1 Mem:30.87M (Peak 30.87M) | Time:00:00.66 | Mem:0.00M, Peak:0.00M | Scene, ViewLayer | Synchronizing object | Temple_2.L
Fra:1 Mem:30.89M (Peak 30.89M) | Time:00:00.66 | Mem:0.00M, Peak:0.00M | Scene, ViewLayer | Synchronizing object | Back_Lock_1
Fra:1 Mem:30.91M (Peak 30.91M) | Time:00:00.66 | Mem:0.00M, Peak:0.00M | Scene, ViewLayer | Synchronizing object | Nape_0.L
Fra:1 Mem:30.93M (Peak 30.93M) | Time:00:00.66 | Mem:0.00M, Peak:0.00M | Scene, ViewLayer | Synchronizing object | Back_Lock_0
Fra:1 Mem:30.95M (Peak 30.95M) | Time:00:00.66 | Mem:0.00M, Peak:0.00M | Scene, ViewLayer | Synchronizing object | Nape_1.L
Fra:1 Mem:30.97M (Peak 30.97M) | Time:00:00.66 | Mem:0.00M, Peak:0.00M | Scene, ViewLayer | Synchronizing object | Crown_0.R
Fra:1 Mem:30.99M (Peak 30.99M) | Time:00:00.66 | Mem:0.00M, Peak:0.00M | Scene, ViewLayer | Synchronizing object | Temple_0.R
Fra:1 Mem:31.01M (Peak 31.01M) | Time:00:00.66 | Mem:0.00M, Peak:0.00M | Scene, ViewLayer | Synchronizing object | Crown_0.L
Fra:1 Mem:31.03M (Peak 31.03M) | Time:00:00.66 | Mem:0.00M, Peak:0.00M | Scene, ViewLayer | Synchronizing object | Temple_1.R
Fra:1 Mem:31.05M (Peak 31.05M) | Time:00:00.66 | Mem:0.00M, Peak:0.00M | Scene, ViewLayer | Synchronizing object | Nape_1.R
Fra:1 Mem:31.07M (Peak 31.07M) | Time:00:00.66 | Mem:0.00M, Peak:0.00M | Scene, ViewLayer | Synchronizing object | Temple_2.R
Fra:1 Mem:31.09M (Peak 31.09M) | Time:00:00.66 | Mem:0.00M, Peak:0.00M | Scene, ViewLayer | Synchronizing object | Nape_0.R
Fra:1 Mem:31.12M (Peak 31.12M) | Time:00:00.66 | Mem:0.00M, Peak:0.00M | Scene, ViewLayer | Initializing
Fra:1 Mem:27.03M (Peak 31.12M) | Time:00:00.66 | Mem:0.00M, Peak:0.00M | Scene, ViewLayer | Updating Images | Loading CHR001_GreyStudy_BaseColor
Fra:1 Mem:28.08M (Peak 31.12M) | Time:00:00.67 | Mem:4.00M, Peak:4.00M | Scene, ViewLayer | Waiting for render to start
Fra:1 Mem:28.08M (Peak 31.12M) | Time:00:00.67 | Mem:4.00M, Peak:4.00M | Scene, ViewLayer | Updating Scene
Fra:1 Mem:28.08M (Peak 31.12M) | Time:00:00.67 | Mem:4.00M, Peak:4.00M | Scene, ViewLayer | Updating Shaders
Fra:1 Mem:28.08M (Peak 31.12M) | Time:00:00.67 | Mem:4.00M, Peak:4.00M | Scene, ViewLayer | Loading render kernels (may take a few minutes the first time)
Fra:1 Mem:28.16M (Peak 31.12M) | Time:00:00.67 | Mem:4.00M, Peak:4.00M | Scene, ViewLayer | Updating Procedurals
Fra:1 Mem:28.16M (Peak 31.12M) | Time:00:00.67 | Mem:4.00M, Peak:4.00M | Scene, ViewLayer | Updating Background
Fra:1 Mem:28.16M (Peak 31.12M) | Time:00:00.67 | Mem:4.00M, Peak:4.00M | Scene, ViewLayer | Updating Camera
Fra:1 Mem:28.16M (Peak 31.12M) | Time:00:00.67 | Mem:4.00M, Peak:4.00M | Scene, ViewLayer | Updating Meshes Flags
Fra:1 Mem:28.16M (Peak 31.12M) | Time:00:00.67 | Mem:4.00M, Peak:4.00M | Scene, ViewLayer | Updating Objects
Fra:1 Mem:28.16M (Peak 31.12M) | Time:00:00.67 | Mem:4.00M, Peak:4.00M | Scene, ViewLayer | Updating Objects | Copying Transformations to device
Fra:1 Mem:28.19M (Peak 31.12M) | Time:00:00.67 | Mem:4.02M, Peak:4.02M | Scene, ViewLayer | Updating Particle Systems
Fra:1 Mem:28.19M (Peak 31.12M) | Time:00:00.67 | Mem:4.02M, Peak:4.02M | Scene, ViewLayer | Updating Particle Systems | Copying Particles to device
Fra:1 Mem:28.19M (Peak 31.12M) | Time:00:00.67 | Mem:4.02M, Peak:4.02M | Scene, ViewLayer | Updating Meshes
Fra:1 Mem:28.19M (Peak 31.12M) | Time:00:00.67 | Mem:4.02M, Peak:4.02M | Scene, ViewLayer | Updating Objects | Applying Static Transformations
Fra:1 Mem:28.19M (Peak 31.12M) | Time:00:00.67 | Mem:4.02M, Peak:4.02M | Scene, ViewLayer | Updating Mesh | Computing attributes
Fra:1 Mem:29.20M (Peak 31.12M) | Time:00:00.67 | Mem:4.03M, Peak:4.03M | Scene, ViewLayer | Updating Mesh | Copying Attributes to device
Fra:1 Mem:29.19M (Peak 31.12M) | Time:00:00.67 | Mem:5.02M, Peak:5.02M | Scene, ViewLayer | Updating Scene BVH | Building
Fra:1 Mem:29.19M (Peak 31.12M) | Time:00:00.67 | Mem:5.02M, Peak:5.02M | Scene, ViewLayer | Updating Scene BVH | Building BVH
Fra:1 Mem:29.19M (Peak 31.12M) | Time:00:00.67 | Mem:6.08M, Peak:6.08M | Scene, ViewLayer | Updating Scene BVH | Building BVH 0%
Fra:1 Mem:29.19M (Peak 31.12M) | Time:00:00.67 | Mem:7.23M, Peak:8.28M | Scene, ViewLayer | Updating Scene BVH | Copying BVH to device
Fra:1 Mem:29.19M (Peak 31.12M) | Time:00:00.67 | Mem:7.23M, Peak:8.28M | Scene, ViewLayer | Updating Mesh | Computing normals
Fra:1 Mem:30.12M (Peak 31.12M) | Time:00:00.67 | Mem:7.23M, Peak:8.28M | Scene, ViewLayer | Updating Mesh | Copying Mesh to device
Fra:1 Mem:30.12M (Peak 31.12M) | Time:00:00.67 | Mem:8.16M, Peak:8.28M | Scene, ViewLayer | Updating Objects Flags
Fra:1 Mem:30.12M (Peak 31.12M) | Time:00:00.67 | Mem:8.16M, Peak:8.28M | Scene, ViewLayer | Updating Primitive Offsets
Fra:1 Mem:30.12M (Peak 31.12M) | Time:00:00.67 | Mem:8.16M, Peak:8.28M | Scene, ViewLayer | Updating Images
Fra:1 Mem:30.12M (Peak 31.12M) | Time:00:00.67 | Mem:8.16M, Peak:8.28M | Scene, ViewLayer | Updating Camera Volume
Fra:1 Mem:30.12M (Peak 31.12M) | Time:00:00.67 | Mem:8.16M, Peak:8.28M | Scene, ViewLayer | Updating Lookup Tables
Fra:1 Mem:30.12M (Peak 31.12M) | Time:00:00.67 | Mem:8.24M, Peak:8.28M | Scene, ViewLayer | Updating Lights
Fra:1 Mem:30.12M (Peak 31.12M) | Time:00:00.67 | Mem:8.24M, Peak:8.28M | Scene, ViewLayer | Updating Lights | Computing tree
Fra:1 Mem:30.12M (Peak 31.12M) | Time:00:00.67 | Mem:8.24M, Peak:8.28M | Scene, ViewLayer | Updating Integrator
Fra:1 Mem:30.12M (Peak 31.12M) | Time:00:00.67 | Mem:8.24M, Peak:8.28M | Scene, ViewLayer | Updating Film
Fra:1 Mem:30.13M (Peak 31.12M) | Time:00:00.67 | Mem:8.16M, Peak:8.28M | Scene, ViewLayer | Updating Lookup Tables
Fra:1 Mem:30.13M (Peak 31.12M) | Time:00:00.67 | Mem:8.25M, Peak:8.28M | Scene, ViewLayer | Updating Baking
Fra:1 Mem:30.13M (Peak 31.12M) | Time:00:00.67 | Mem:8.25M, Peak:8.28M | Scene, ViewLayer | Updating Device | Writing constant memory
Fra:1 Mem:30.13M (Peak 31.12M) | Time:00:00.67 | Mem:8.25M, Peak:8.28M | Scene, ViewLayer | Loading denoising kernels (may take a few minutes the first time)
Fra:1 Mem:30.13M (Peak 31.12M) | Time:00:00.67 | Mem:8.25M, Peak:8.28M | Scene, ViewLayer | Sample 0/12
Fra:1 Mem:44.40M (Peak 44.40M) | Time:00:00.84 | Remaining:00:01.82 | Mem:22.51M, Peak:22.51M | Scene, ViewLayer | Sample 1/12
Fra:1 Mem:50.40M (Peak 59.41M) | Time:00:04.70 | Mem:22.51M, Peak:22.51M | Scene, ViewLayer | Sample 12/12
Fra:1 Mem:50.40M (Peak 59.41M) | Time:00:04.70 | Mem:22.51M, Peak:22.51M | Scene, ViewLayer | Finished
Saved: '/home/lzzz/MyProjects/N-SIDE/output/characters/CHR-001/animation-r2/candidate-b/run/000.png'
Time: 00:04.71 (Saving: 00:00.01)

Fra:3 Mem:26.15M (Peak 26.15M) | Time:00:00.00 | Mem:0.00M, Peak:0.00M | Scene, ViewLayer | Synchronizing object | TShirt
Fra:3 Mem:26.31M (Peak 26.31M) | Time:00:00.01 | Mem:0.00M, Peak:0.00M | Scene, ViewLayer | Synchronizing object | TShirt_Collar
Fra:3 Mem:26.33M (Peak 26.33M) | Time:00:00.01 | Mem:0.00M, Peak:0.00M | Scene, ViewLayer | Synchronizing object | Hood
Fra:3 Mem:26.39M (Peak 26.39M) | Time:00:00.01 | Mem:0.00M, Peak:0.00M | Scene, ViewLayer | Synchronizing object | Sleeve_Cuff.L
Fra:3 Mem:26.39M (Peak 26.39M) | Time:00:00.01 | Mem:0.00M, Peak:0.00M | Scene, ViewLayer | Synchronizing object | Zip_Tape.L
Fra:3 Mem:26.40M (Peak 26.40M) | Time:00:00.01 | Mem:0.00M, Peak:0.00M | Scene, ViewLayer | Synchronizing object | Hood_Cord.L
Fra:3 Mem:26.44M (Peak 26.44M) | Time:00:00.02 | Mem:0.00M, Peak:0.00M | Scene, ViewLayer | Synchronizing object | Palm.L
Fra:3 Mem:26.49M (Peak 26.49M) | Time:00:00.02 | Mem:0.00M, Peak:0.00M | Scene, ViewLayer | Synchronizing object | Index_Mesh.L
Fra:3 Mem:26.49M (Peak 26.49M) | Time:00:00.02 | Mem:0.00M, Peak:0.00M | Scene, ViewLayer | Synchronizing object | Middle_Mesh.L
Fra:3 Mem:26.51M (Peak 26.51M) | Time:00:00.02 | Mem:0.00M, Peak:0.00M | Scene, ViewLayer | Synchronizing object | Ring_Mesh.L
Fra:3 Mem:26.51M (Peak 26.51M) | Time:00:00.02 | Mem:0.00M, Peak:0.00M | Scene, ViewLayer | Synchronizing object | Pinky_Mesh.L
Fra:3 Mem:26.51M (Peak 26.51M) | Time:00:00.02 | Mem:0.00M, Peak:0.00M | Scene, ViewLayer | Synchronizing object | Thumb_Mesh.L
Fra:3 Mem:26.69M (Peak 26.69M) | Time:00:00.05 | Mem:0.00M, Peak:0.00M | Scene, ViewLayer | Synchronizing object | Trousers.L
Fra:3 Mem:26.95M (Peak 26.95M) | Time:00:00.05 | Mem:0.00M, Peak:0.00M | Scene, ViewLayer | Synchronizing object | Sneaker_Sole.L
Fra:3 Mem:26.97M (Peak 26.97M) | Time:00:00.05 | Mem:0.00M, Peak:0.00M | Scene, ViewLayer | Synchronizing object | Sneaker_Upper.L
Fra:3 Mem:26.99M (Peak 26.99M) | Time:00:00.05 | Mem:0.00M, Peak:0.00M | Scene, ViewLayer | Synchronizing object | Sock.L
Fra:3 Mem:26.99M (Peak 26.99M) | Time:00:00.05 | Mem:0.00M, Peak:0.00M | Scene, ViewLayer | Synchronizing object | Lace_0.L
Fra:3 Mem:27.00M (Peak 27.00M) | Time:00:00.05 | Mem:0.00M, Peak:0.00M | Scene, ViewLayer | Synchronizing object | Lace_1.L
Fra:3 Mem:27.00M (Peak 27.00M) | Time:00:00.05 | Mem:0.00M, Peak:0.00M | Scene, ViewLayer | Synchronizing object | Lace_2.L
Fra:3 Mem:27.00M (Peak 27.00M) | Time:00:00.05 | Mem:0.00M, Peak:0.00M | Scene, ViewLayer | Synchronizing object | Lace_3.L
Fra:3 Mem:27.01M (Peak 27.01M) | Time:00:00.05 | Mem:0.00M, Peak:0.00M | Scene, ViewLayer | Synchronizing object | Heel_Tab.L
Fra:3 Mem:27.01M (Peak 27.01M) | Time:00:00.05 | Mem:0.00M, Peak:0.00M | Scene, ViewLayer | Synchronizing object | Sleeve_Cuff.R
Fra:3 Mem:27.01M (Peak 27.01M) | Time:00:00.05 | Mem:0.00M, Peak:0.00M | Scene, ViewLayer | Synchronizing object | Zip_Tape.R
Fra:3 Mem:27.02M (Peak 27.02M) | Time:00:00.05 | Mem:0.00M, Peak:0.00M | Scene, ViewLayer | Synchronizing object | Hood_Cord.R
Fra:3 Mem:27.06M (Peak 27.06M) | Time:00:00.06 | Mem:0.00M, Peak:0.00M | Scene, ViewLayer | Synchronizing object | Palm.R
Fra:3 Mem:27.11M (Peak 27.11M) | Time:00:00.06 | Mem:0.00M, Peak:0.00M | Scene, ViewLayer | Synchronizing object | Index_Mesh.R
Fra:3 Mem:27.11M (Peak 27.11M) | Time:00:00.06 | Mem:0.00M, Peak:0.00M | Scene, ViewLayer | Synchronizing object | Middle_Mesh.R
Fra:3 Mem:27.12M (Peak 27.12M) | Time:00:00.06 | Mem:0.00M, Peak:0.00M | Scene, ViewLayer | Synchronizing object | Ring_Mesh.R
Fra:3 Mem:27.15M (Peak 27.15M) | Time:00:00.06 | Mem:0.00M, Peak:0.00M | Scene, ViewLayer | Synchronizing object | Pinky_Mesh.R
Fra:3 Mem:27.14M (Peak 27.15M) | Time:00:00.06 | Mem:0.00M, Peak:0.00M | Scene, ViewLayer | Synchronizing object | Thumb_Mesh.R
Fra:3 Mem:27.31M (Peak 27.31M) | Time:00:00.10 | Mem:0.00M, Peak:0.00M | Scene, ViewLayer | Synchronizing object | Trousers.R
Fra:3 Mem:27.59M (Peak 27.59M) | Time:00:00.10 | Mem:0.00M, Peak:0.00M | Scene, ViewLayer | Synchronizing object | Sneaker_Sole.R
Fra:3 Mem:27.60M (Peak 27.60M) | Time:00:00.10 | Mem:0.00M, Peak:0.00M | Scene, ViewLayer | Synchronizing object | Sneaker_Upper.R
Fra:3 Mem:27.71M (Peak 27.71M) | Time:00:00.10 | Mem:0.00M, Peak:0.00M | Scene, ViewLayer | Synchronizing object | Sock.R
Fra:3 Mem:27.72M (Peak 27.72M) | Time:00:00.10 | Mem:0.00M, Peak:0.00M | Scene, ViewLayer | Synchronizing object | Lace_0.R
Fra:3 Mem:27.65M (Peak 27.72M) | Time:00:00.10 | Mem:0.00M, Peak:0.00M | Scene, ViewLayer | Synchronizing object | Lace_1.R
Fra:3 Mem:27.65M (Peak 27.72M) | Time:00:00.10 | Mem:0.00M, Peak:0.00M | Scene, ViewLayer | Synchronizing object | Lace_2.R
Fra:3 Mem:27.65M (Peak 27.72M) | Time:00:00.10 | Mem:0.00M, Peak:0.00M | Scene, ViewLayer | Synchronizing object | Lace_3.R
Fra:3 Mem:27.66M (Peak 27.72M) | Time:00:00.10 | Mem:0.00M, Peak:0.00M | Scene, ViewLayer | Synchronizing object | Heel_Tab.R
Fra:3 Mem:28.20M (Peak 28.20M) | Time:00:00.13 | Mem:0.00M, Peak:0.00M | Scene, ViewLayer | Synchronizing object | Jacket_ContinuousShoulders
Fra:3 Mem:29.43M (Peak 29.43M) | Time:00:00.53 | Mem:0.00M, Peak:0.00M | Scene, ViewLayer | Synchronizing object | Face_Head
Fra:3 Mem:30.09M (Peak 30.09M) | Time:00:00.55 | Mem:0.00M, Peak:0.00M | Scene, ViewLayer | Synchronizing object | Ear.L
Fra:3 Mem:30.15M (Peak 30.15M) | Time:00:00.55 | Mem:0.00M, Peak:0.00M | Scene, ViewLayer | Synchronizing object | Ear_Fold.L
Fra:3 Mem:30.20M (Peak 30.20M) | Time:00:00.56 | Mem:0.00M, Peak:0.00M | Scene, ViewLayer | Synchronizing object | Ear.R
Fra:3 Mem:30.26M (Peak 30.26M) | Time:00:00.56 | Mem:0.00M, Peak:0.00M | Scene, ViewLayer | Synchronizing object | Ear_Fold.R
Fra:3 Mem:30.27M (Peak 30.27M) | Time:00:00.56 | Mem:0.00M, Peak:0.00M | Scene, ViewLayer | Synchronizing object | Eye_White.L
Fra:3 Mem:30.28M (Peak 30.28M) | Time:00:00.56 | Mem:0.00M, Peak:0.00M | Scene, ViewLayer | Synchronizing object | Iris_hair.L
Fra:3 Mem:30.29M (Peak 30.29M) | Time:00:00.56 | Mem:0.00M, Peak:0.00M | Scene, ViewLayer | Synchronizing object | Iris_ink.L
Fra:3 Mem:30.29M (Peak 30.29M) | Time:00:00.56 | Mem:0.00M, Peak:0.00M | Scene, ViewLayer | Synchronizing object | Eye_Glint.L
Fra:3 Mem:30.29M (Peak 30.29M) | Time:00:00.56 | Mem:0.00M, Peak:0.00M | Scene, ViewLayer | Synchronizing object | Upper_Lid.L
Fra:3 Mem:30.31M (Peak 30.31M) | Time:00:00.56 | Mem:0.00M, Peak:0.00M | Scene, ViewLayer | Synchronizing object | Lower_Lid.L
Fra:3 Mem:30.31M (Peak 30.31M) | Time:00:00.56 | Mem:0.00M, Peak:0.00M | Scene, ViewLayer | Synchronizing object | Eyebrow.L
Fra:3 Mem:30.32M (Peak 30.32M) | Time:00:00.56 | Mem:0.00M, Peak:0.00M | Scene, ViewLayer | Synchronizing object | Eye_White.R
Fra:3 Mem:30.32M (Peak 30.32M) | Time:00:00.56 | Mem:0.00M, Peak:0.00M | Scene, ViewLayer | Synchronizing object | Iris_hair.R
Fra:3 Mem:30.33M (Peak 30.33M) | Time:00:00.56 | Mem:0.00M, Peak:0.00M | Scene, ViewLayer | Synchronizing object | Iris_ink.R
Fra:3 Mem:30.34M (Peak 30.34M) | Time:00:00.56 | Mem:0.00M, Peak:0.00M | Scene, ViewLayer | Synchronizing object | Eye_Glint.R
Fra:3 Mem:30.35M (Peak 30.35M) | Time:00:00.56 | Mem:0.00M, Peak:0.00M | Scene, ViewLayer | Synchronizing object | Upper_Lid.R
Fra:3 Mem:30.36M (Peak 30.36M) | Time:00:00.56 | Mem:0.00M, Peak:0.00M | Scene, ViewLayer | Synchronizing object | Lower_Lid.R
Fra:3 Mem:30.36M (Peak 30.36M) | Time:00:00.56 | Mem:0.00M, Peak:0.00M | Scene, ViewLayer | Synchronizing object | Eyebrow.R
Fra:3 Mem:30.37M (Peak 30.37M) | Time:00:00.56 | Mem:0.00M, Peak:0.00M | Scene, ViewLayer | Synchronizing object | Mouth
Fra:3 Mem:30.50M (Peak 30.50M) | Time:00:00.67 | Mem:0.00M, Peak:0.00M | Scene, ViewLayer | Synchronizing object | Hair_Cap
Fra:3 Mem:30.71M (Peak 30.71M) | Time:00:00.67 | Mem:0.00M, Peak:0.00M | Scene, ViewLayer | Synchronizing object | Review_Rim
Fra:3 Mem:30.67M (Peak 30.71M) | Time:00:00.67 | Mem:0.00M, Peak:0.00M | Scene, ViewLayer | Synchronizing object | Bangs_00
Fra:3 Mem:30.68M (Peak 30.71M) | Time:00:00.67 | Mem:0.00M, Peak:0.00M | Scene, ViewLayer | Synchronizing object | Review_Fill
Fra:3 Mem:30.69M (Peak 30.71M) | Time:00:00.67 | Mem:0.00M, Peak:0.00M | Scene, ViewLayer | Synchronizing object | Review_Key
Fra:3 Mem:30.69M (Peak 30.71M) | Time:00:00.67 | Mem:0.00M, Peak:0.00M | Scene, ViewLayer | Synchronizing object | Bangs_01
Fra:3 Mem:30.70M (Peak 30.71M) | Time:00:00.67 | Mem:0.00M, Peak:0.00M | Scene, ViewLayer | Synchronizing object | Review_Ground
Fra:3 Mem:30.71M (Peak 30.71M) | Time:00:00.67 | Mem:0.00M, Peak:0.00M | Scene, ViewLayer | Synchronizing object | Tee_Bar
Fra:3 Mem:30.71M (Peak 30.71M) | Time:00:00.67 | Mem:0.00M, Peak:0.00M | Scene, ViewLayer | Synchronizing object | Tee_Dot_1.246
Fra:3 Mem:30.72M (Peak 30.72M) | Time:00:00.67 | Mem:0.00M, Peak:0.00M | Scene, ViewLayer | Synchronizing object | Tee_Dot_1.275
Fra:3 Mem:30.72M (Peak 30.72M) | Time:00:00.67 | Mem:0.00M, Peak:0.00M | Scene, ViewLayer | Synchronizing object | Back_Lock_6
Fra:3 Mem:30.74M (Peak 30.74M) | Time:00:00.67 | Mem:0.00M, Peak:0.00M | Scene, ViewLayer | Synchronizing object | Back_Lock_5
Fra:3 Mem:30.76M (Peak 30.76M) | Time:00:00.67 | Mem:0.00M, Peak:0.00M | Scene, ViewLayer | Synchronizing object | Back_Lock_4
Fra:3 Mem:30.78M (Peak 30.78M) | Time:00:00.67 | Mem:0.00M, Peak:0.00M | Scene, ViewLayer | Synchronizing object | Back_Lock_3
Fra:3 Mem:30.81M (Peak 30.81M) | Time:00:00.67 | Mem:0.00M, Peak:0.00M | Scene, ViewLayer | Synchronizing object | Bangs_03
Fra:3 Mem:30.81M (Peak 30.81M) | Time:00:00.67 | Mem:0.00M, Peak:0.00M | Scene, ViewLayer | Synchronizing object | Back_Lock_2
Fra:3 Mem:30.84M (Peak 30.84M) | Time:00:00.67 | Mem:0.00M, Peak:0.00M | Scene, ViewLayer | Synchronizing object | Bangs_04
Fra:3 Mem:30.86M (Peak 30.86M) | Time:00:00.67 | Mem:0.00M, Peak:0.00M | Scene, ViewLayer | Synchronizing object | Back_Lock_1
Fra:3 Mem:30.86M (Peak 30.86M) | Time:00:00.67 | Mem:0.00M, Peak:0.00M | Scene, ViewLayer | Synchronizing object | Bangs_05
Fra:3 Mem:30.90M (Peak 30.90M) | Time:00:00.67 | Mem:0.00M, Peak:0.00M | Scene, ViewLayer | Synchronizing object | Back_Lock_0
Fra:3 Mem:30.91M (Peak 30.91M) | Time:00:00.67 | Mem:0.00M, Peak:0.00M | Scene, ViewLayer | Synchronizing object | Temple_0.L
Fra:3 Mem:30.91M (Peak 30.91M) | Time:00:00.67 | Mem:0.00M, Peak:0.00M | Scene, ViewLayer | Synchronizing object | Crown_0.R
Fra:3 Mem:30.95M (Peak 30.95M) | Time:00:00.67 | Mem:0.00M, Peak:0.00M | Scene, ViewLayer | Synchronizing object | Crown_0.L
Fra:3 Mem:30.95M (Peak 30.95M) | Time:00:00.67 | Mem:0.00M, Peak:0.00M | Scene, ViewLayer | Synchronizing object | Temple_1.L
Fra:3 Mem:30.98M (Peak 30.98M) | Time:00:00.67 | Mem:0.00M, Peak:0.00M | Scene, ViewLayer | Synchronizing object | Nape_1.R
Fra:3 Mem:30.99M (Peak 30.99M) | Time:00:00.67 | Mem:0.00M, Peak:0.00M | Scene, ViewLayer | Synchronizing object | Temple_2.L
Fra:3 Mem:31.02M (Peak 31.02M) | Time:00:00.67 | Mem:0.00M, Peak:0.00M | Scene, ViewLayer | Synchronizing object | Nape_0.R
Fra:3 Mem:31.02M (Peak 31.02M) | Time:00:00.67 | Mem:0.00M, Peak:0.00M | Scene, ViewLayer | Synchronizing object | Nape_0.L
Fra:3 Mem:31.05M (Peak 31.05M) | Time:00:00.67 | Mem:0.00M, Peak:0.00M | Scene, ViewLayer | Synchronizing object | Temple_2.R
Fra:3 Mem:31.06M (Peak 31.06M) | Time:00:00.67 | Mem:0.00M, Peak:0.00M | Scene, ViewLayer | Synchronizing object | Nape_1.L
Fra:3 Mem:31.07M (Peak 31.07M) | Time:00:00.67 | Mem:0.00M, Peak:0.00M | Scene, ViewLayer | Synchronizing object | Temple_1.R
Fra:3 Mem:31.10M (Peak 31.10M) | Time:00:00.67 | Mem:0.00M, Peak:0.00M | Scene, ViewLayer | Synchronizing object | Temple_0.R
Fra:3 Mem:31.12M (Peak 31.12M) | Time:00:00.67 | Mem:0.00M, Peak:0.00M | Scene, ViewLayer | Initializing
Fra:3 Mem:27.03M (Peak 31.12M) | Time:00:00.68 | Mem:0.00M, Peak:0.00M | Scene, ViewLayer | Updating Images | Loading CHR001_GreyStudy_BaseColor
Fra:3 Mem:28.08M (Peak 31.12M) | Time:00:00.68 | Mem:4.00M, Peak:4.00M | Scene, ViewLayer | Waiting for render to start
Fra:3 Mem:28.08M (Peak 31.12M) | Time:00:00.68 | Mem:4.00M, Peak:4.00M | Scene, ViewLayer | Updating Scene
Fra:3 Mem:28.08M (Peak 31.12M) | Time:00:00.68 | Mem:4.00M, Peak:4.00M | Scene, ViewLayer | Updating Shaders
Fra:3 Mem:28.08M (Peak 31.12M) | Time:00:00.68 | Mem:4.00M, Peak:4.00M | Scene, ViewLayer | Loading render kernels (may take a few minutes the first time)
Fra:3 Mem:28.16M (Peak 31.12M) | Time:00:00.68 | Mem:4.00M, Peak:4.00M | Scene, ViewLayer | Updating Procedurals
Fra:3 Mem:28.16M (Peak 31.12M) | Time:00:00.68 | Mem:4.00M, Peak:4.00M | Scene, ViewLayer | Updating Background
Fra:3 Mem:28.16M (Peak 31.12M) | Time:00:00.68 | Mem:4.00M, Peak:4.00M | Scene, ViewLayer | Updating Camera
Fra:3 Mem:28.16M (Peak 31.12M) | Time:00:00.68 | Mem:4.00M, Peak:4.00M | Scene, ViewLayer | Updating Meshes Flags
Fra:3 Mem:28.16M (Peak 31.12M) | Time:00:00.68 | Mem:4.00M, Peak:4.00M | Scene, ViewLayer | Updating Objects
Fra:3 Mem:28.16M (Peak 31.12M) | Time:00:00.68 | Mem:4.00M, Peak:4.00M | Scene, ViewLayer | Updating Objects | Copying Transformations to device
Fra:3 Mem:28.19M (Peak 31.12M) | Time:00:00.68 | Mem:4.02M, Peak:4.02M | Scene, ViewLayer | Updating Particle Systems
Fra:3 Mem:28.19M (Peak 31.12M) | Time:00:00.68 | Mem:4.02M, Peak:4.02M | Scene, ViewLayer | Updating Particle Systems | Copying Particles to device
Fra:3 Mem:28.19M (Peak 31.12M) | Time:00:00.68 | Mem:4.02M, Peak:4.02M | Scene, ViewLayer | Updating Meshes
Fra:3 Mem:28.19M (Peak 31.12M) | Time:00:00.68 | Mem:4.02M, Peak:4.02M | Scene, ViewLayer | Updating Objects | Applying Static Transformations
Fra:3 Mem:28.19M (Peak 31.12M) | Time:00:00.68 | Mem:4.02M, Peak:4.02M | Scene, ViewLayer | Updating Mesh | Computing attributes
Fra:3 Mem:29.20M (Peak 31.12M) | Time:00:00.68 | Mem:4.03M, Peak:4.03M | Scene, ViewLayer | Updating Mesh | Copying Attributes to device
Fra:3 Mem:29.19M (Peak 31.12M) | Time:00:00.68 | Mem:5.02M, Peak:5.02M | Scene, ViewLayer | Updating Scene BVH | Building
Fra:3 Mem:29.19M (Peak 31.12M) | Time:00:00.68 | Mem:5.02M, Peak:5.02M | Scene, ViewLayer | Updating Scene BVH | Building BVH
Fra:3 Mem:29.19M (Peak 31.12M) | Time:00:00.68 | Mem:6.08M, Peak:6.08M | Scene, ViewLayer | Updating Scene BVH | Building BVH 0%
Fra:3 Mem:29.19M (Peak 31.12M) | Time:00:00.69 | Mem:7.23M, Peak:8.28M | Scene, ViewLayer | Updating Scene BVH | Copying BVH to device
Fra:3 Mem:29.19M (Peak 31.12M) | Time:00:00.69 | Mem:7.23M, Peak:8.28M | Scene, ViewLayer | Updating Mesh | Computing normals
Fra:3 Mem:30.12M (Peak 31.12M) | Time:00:00.69 | Mem:7.23M, Peak:8.28M | Scene, ViewLayer | Updating Mesh | Copying Mesh to device
Fra:3 Mem:30.12M (Peak 31.12M) | Time:00:00.69 | Mem:8.16M, Peak:8.28M | Scene, ViewLayer | Updating Objects Flags
Fra:3 Mem:30.12M (Peak 31.12M) | Time:00:00.69 | Mem:8.16M, Peak:8.28M | Scene, ViewLayer | Updating Primitive Offsets
Fra:3 Mem:30.12M (Peak 31.12M) | Time:00:00.69 | Mem:8.16M, Peak:8.28M | Scene, ViewLayer | Updating Images
Fra:3 Mem:30.12M (Peak 31.12M) | Time:00:00.69 | Mem:8.16M, Peak:8.28M | Scene, ViewLayer | Updating Camera Volume
Fra:3 Mem:30.12M (Peak 31.12M) | Time:00:00.69 | Mem:8.16M, Peak:8.28M | Scene, ViewLayer | Updating Lookup Tables
Fra:3 Mem:30.12M (Peak 31.12M) | Time:00:00.69 | Mem:8.24M, Peak:8.28M | Scene, ViewLayer | Updating Lights
Fra:3 Mem:30.12M (Peak 31.12M) | Time:00:00.69 | Mem:8.24M, Peak:8.28M | Scene, ViewLayer | Updating Lights | Computing tree
Fra:3 Mem:30.12M (Peak 31.12M) | Time:00:00.69 | Mem:8.24M, Peak:8.28M | Scene, ViewLayer | Updating Integrator
Fra:3 Mem:30.12M (Peak 31.12M) | Time:00:00.69 | Mem:8.24M, Peak:8.28M | Scene, ViewLayer | Updating Film
Fra:3 Mem:30.13M (Peak 31.12M) | Time:00:00.69 | Mem:8.16M, Peak:8.28M | Scene, ViewLayer | Updating Lookup Tables
Fra:3 Mem:30.13M (Peak 31.12M) | Time:00:00.69 | Mem:8.25M, Peak:8.28M | Scene, ViewLayer | Updating Baking
Fra:3 Mem:30.13M (Peak 31.12M) | Time:00:00.69 | Mem:8.25M, Peak:8.28M | Scene, ViewLayer | Updating Device | Writing constant memory
Fra:3 Mem:30.13M (Peak 31.12M) | Time:00:00.69 | Mem:8.25M, Peak:8.28M | Scene, ViewLayer | Loading denoising kernels (may take a few minutes the first time)
Fra:3 Mem:30.13M (Peak 31.12M) | Time:00:00.69 | Mem:8.25M, Peak:8.28M | Scene, ViewLayer | Sample 0/12
Fra:3 Mem:44.40M (Peak 44.40M) | Time:00:00.85 | Remaining:00:01.80 | Mem:22.51M, Peak:22.51M | Scene, ViewLayer | Sample 1/12
Fra:3 Mem:50.40M (Peak 59.41M) | Time:00:04.70 | Mem:22.51M, Peak:22.51M | Scene, ViewLayer | Sample 12/12
Fra:3 Mem:50.40M (Peak 59.41M) | Time:00:04.70 | Mem:22.51M, Peak:22.51M | Scene, ViewLayer | Finished
Saved: '/home/lzzz/MyProjects/N-SIDE/output/characters/CHR-001/animation-r2/candidate-b/run/001.png'
Time: 00:04.72 (Saving: 00:00.01)

Fra:5 Mem:26.15M (Peak 26.15M) | Time:00:00.00 | Mem:0.00M, Peak:0.00M | Scene, ViewLayer | Synchronizing object | TShirt
Fra:5 Mem:26.31M (Peak 26.31M) | Time:00:00.00 | Mem:0.00M, Peak:0.00M | Scene, ViewLayer | Synchronizing object | TShirt_Collar
Fra:5 Mem:26.33M (Peak 26.33M) | Time:00:00.00 | Mem:0.00M, Peak:0.00M | Scene, ViewLayer | Synchronizing object | Hood
Fra:5 Mem:26.39M (Peak 26.39M) | Time:00:00.00 | Mem:0.00M, Peak:0.00M | Scene, ViewLayer | Synchronizing object | Sleeve_Cuff.L
Fra:5 Mem:26.39M (Peak 26.39M) | Time:00:00.00 | Mem:0.00M, Peak:0.00M | Scene, ViewLayer | Synchronizing object | Zip_Tape.L
Fra:5 Mem:26.40M (Peak 26.40M) | Time:00:00.00 | Mem:0.00M, Peak:0.00M | Scene, ViewLayer | Synchronizing object | Hood_Cord.L
Fra:5 Mem:26.44M (Peak 26.44M) | Time:00:00.02 | Mem:0.00M, Peak:0.00M | Scene, ViewLayer | Synchronizing object | Palm.L
Fra:5 Mem:26.49M (Peak 26.49M) | Time:00:00.02 | Mem:0.00M, Peak:0.00M | Scene, ViewLayer | Synchronizing object | Index_Mesh.L
Fra:5 Mem:26.49M (Peak 26.49M) | Time:00:00.02 | Mem:0.00M, Peak:0.00M | Scene, ViewLayer | Synchronizing object | Middle_Mesh.L
Fra:5 Mem:26.51M (Peak 26.51M) | Time:00:00.02 | Mem:0.00M, Peak:0.00M | Scene, ViewLayer | Synchronizing object | Ring_Mesh.L
Fra:5 Mem:26.51M (Peak 26.51M) | Time:00:00.02 | Mem:0.00M, Peak:0.00M | Scene, ViewLayer | Synchronizing object | Pinky_Mesh.L
Fra:5 Mem:26.51M (Peak 26.51M) | Time:00:00.02 | Mem:0.00M, Peak:0.00M | Scene, ViewLayer | Synchronizing object | Thumb_Mesh.L
Fra:5 Mem:26.69M (Peak 26.69M) | Time:00:00.05 | Mem:0.00M, Peak:0.00M | Scene, ViewLayer | Synchronizing object | Trousers.L
Fra:5 Mem:26.95M (Peak 26.95M) | Time:00:00.05 | Mem:0.00M, Peak:0.00M | Scene, ViewLayer | Synchronizing object | Sneaker_Sole.L
Fra:5 Mem:26.97M (Peak 26.97M) | Time:00:00.05 | Mem:0.00M, Peak:0.00M | Scene, ViewLayer | Synchronizing object | Sneaker_Upper.L
Fra:5 Mem:26.99M (Peak 26.99M) | Time:00:00.05 | Mem:0.00M, Peak:0.00M | Scene, ViewLayer | Synchronizing object | Sock.L
Fra:5 Mem:26.99M (Peak 26.99M) | Time:00:00.05 | Mem:0.00M, Peak:0.00M | Scene, ViewLayer | Synchronizing object | Lace_0.L
Fra:5 Mem:27.00M (Peak 27.00M) | Time:00:00.05 | Mem:0.00M, Peak:0.00M | Scene, ViewLayer | Synchronizing object | Lace_1.L
Fra:5 Mem:27.00M (Peak 27.00M) | Time:00:00.05 | Mem:0.00M, Peak:0.00M | Scene, ViewLayer | Synchronizing object | Lace_2.L
Fra:5 Mem:27.00M (Peak 27.00M) | Time:00:00.05 | Mem:0.00M, Peak:0.00M | Scene, ViewLayer | Synchronizing object | Lace_3.L
Fra:5 Mem:27.01M (Peak 27.01M) | Time:00:00.05 | Mem:0.00M, Peak:0.00M | Scene, ViewLayer | Synchronizing object | Heel_Tab.L
Fra:5 Mem:27.01M (Peak 27.01M) | Time:00:00.05 | Mem:0.00M, Peak:0.00M | Scene, ViewLayer | Synchronizing object | Sleeve_Cuff.R
Fra:5 Mem:27.01M (Peak 27.01M) | Time:00:00.05 | Mem:0.00M, Peak:0.00M | Scene, ViewLayer | Synchronizing object | Zip_Tape.R
Fra:5 Mem:27.02M (Peak 27.02M) | Time:00:00.05 | Mem:0.00M, Peak:0.00M | Scene, ViewLayer | Synchronizing object | Hood_Cord.R
Fra:5 Mem:27.06M (Peak 27.06M) | Time:00:00.06 | Mem:0.00M, Peak:0.00M | Scene, ViewLayer | Synchronizing object | Palm.R
Fra:5 Mem:27.11M (Peak 27.11M) | Time:00:00.06 | Mem:0.00M, Peak:0.00M | Scene, ViewLayer | Synchronizing object | Index_Mesh.R
Fra:5 Mem:27.11M (Peak 27.11M) | Time:00:00.06 | Mem:0.00M, Peak:0.00M | Scene, ViewLayer | Synchronizing object | Middle_Mesh.R
Fra:5 Mem:27.12M (Peak 27.12M) | Time:00:00.06 | Mem:0.00M, Peak:0.00M | Scene, ViewLayer | Synchronizing object | Ring_Mesh.R
Fra:5 Mem:27.15M (Peak 27.15M) | Time:00:00.06 | Mem:0.00M, Peak:0.00M | Scene, ViewLayer | Synchronizing object | Pinky_Mesh.R
Fra:5 Mem:27.14M (Peak 27.15M) | Time:00:00.06 | Mem:0.00M, Peak:0.00M | Scene, ViewLayer | Synchronizing object | Thumb_Mesh.R
Fra:5 Mem:27.31M (Peak 27.31M) | Time:00:00.09 | Mem:0.00M, Peak:0.00M | Scene, ViewLayer | Synchronizing object | Trousers.R
Fra:5 Mem:27.59M (Peak 27.59M) | Time:00:00.09 | Mem:0.00M, Peak:0.00M | Scene, ViewLayer | Synchronizing object | Sneaker_Sole.R
Fra:5 Mem:27.60M (Peak 27.60M) | Time:00:00.09 | Mem:0.00M, Peak:0.00M | Scene, ViewLayer | Synchronizing object | Sneaker_Upper.R
Fra:5 Mem:27.71M (Peak 27.71M) | Time:00:00.09 | Mem:0.00M, Peak:0.00M | Scene, ViewLayer | Synchronizing object | Sock.R
Fra:5 Mem:27.71M (Peak 27.71M) | Time:00:00.09 | Mem:0.00M, Peak:0.00M | Scene, ViewLayer | Synchronizing object | Lace_0.R
Fra:5 Mem:27.72M (Peak 27.72M) | Time:00:00.09 | Mem:0.00M, Peak:0.00M | Scene, ViewLayer | Synchronizing object | Lace_1.R
Fra:5 Mem:27.65M (Peak 27.72M) | Time:00:00.09 | Mem:0.00M, Peak:0.00M | Scene, ViewLayer | Synchronizing object | Lace_2.R
Fra:5 Mem:27.65M (Peak 27.72M) | Time:00:00.09 | Mem:0.00M, Peak:0.00M | Scene, ViewLayer | Synchronizing object | Lace_3.R
Fra:5 Mem:27.66M (Peak 27.72M) | Time:00:00.09 | Mem:0.00M, Peak:0.00M | Scene, ViewLayer | Synchronizing object | Heel_Tab.R
Fra:5 Mem:28.20M (Peak 28.20M) | Time:00:00.12 | Mem:0.00M, Peak:0.00M | Scene, ViewLayer | Synchronizing object | Jacket_ContinuousShoulders
Fra:5 Mem:29.43M (Peak 29.43M) | Time:00:00.53 | Mem:0.00M, Peak:0.00M | Scene, ViewLayer | Synchronizing object | Face_Head
Fra:5 Mem:30.09M (Peak 30.09M) | Time:00:00.54 | Mem:0.00M, Peak:0.00M | Scene, ViewLayer | Synchronizing object | Ear.L
Fra:5 Mem:30.15M (Peak 30.15M) | Time:00:00.54 | Mem:0.00M, Peak:0.00M | Scene, ViewLayer | Synchronizing object | Ear_Fold.L
Fra:5 Mem:30.20M (Peak 30.20M) | Time:00:00.55 | Mem:0.00M, Peak:0.00M | Scene, ViewLayer | Synchronizing object | Ear.R
Fra:5 Mem:30.26M (Peak 30.26M) | Time:00:00.55 | Mem:0.00M, Peak:0.00M | Scene, ViewLayer | Synchronizing object | Ear_Fold.R
Fra:5 Mem:30.27M (Peak 30.27M) | Time:00:00.55 | Mem:0.00M, Peak:0.00M | Scene, ViewLayer | Synchronizing object | Eye_White.L
Fra:5 Mem:30.28M (Peak 30.28M) | Time:00:00.55 | Mem:0.00M, Peak:0.00M | Scene, ViewLayer | Synchronizing object | Iris_hair.L
Fra:5 Mem:30.29M (Peak 30.29M) | Time:00:00.55 | Mem:0.00M, Peak:0.00M | Scene, ViewLayer | Synchronizing object | Iris_ink.L
Fra:5 Mem:30.29M (Peak 30.29M) | Time:00:00.55 | Mem:0.00M, Peak:0.00M | Scene, ViewLayer | Synchronizing object | Eye_Glint.L
Fra:5 Mem:30.29M (Peak 30.29M) | Time:00:00.55 | Mem:0.00M, Peak:0.00M | Scene, ViewLayer | Synchronizing object | Upper_Lid.L
Fra:5 Mem:30.31M (Peak 30.31M) | Time:00:00.55 | Mem:0.00M, Peak:0.00M | Scene, ViewLayer | Synchronizing object | Lower_Lid.L
Fra:5 Mem:30.31M (Peak 30.31M) | Time:00:00.55 | Mem:0.00M, Peak:0.00M | Scene, ViewLayer | Synchronizing object | Eyebrow.L
Fra:5 Mem:30.32M (Peak 30.32M) | Time:00:00.55 | Mem:0.00M, Peak:0.00M | Scene, ViewLayer | Synchronizing object | Eye_White.R
Fra:5 Mem:30.32M (Peak 30.32M) | Time:00:00.55 | Mem:0.00M, Peak:0.00M | Scene, ViewLayer | Synchronizing object | Iris_hair.R
Fra:5 Mem:30.33M (Peak 30.33M) | Time:00:00.55 | Mem:0.00M, Peak:0.00M | Scene, ViewLayer | Synchronizing object | Iris_ink.R
Fra:5 Mem:30.34M (Peak 30.34M) | Time:00:00.55 | Mem:0.00M, Peak:0.00M | Scene, ViewLayer | Synchronizing object | Eye_Glint.R
Fra:5 Mem:30.35M (Peak 30.35M) | Time:00:00.55 | Mem:0.00M, Peak:0.00M | Scene, ViewLayer | Synchronizing object | Upper_Lid.R
Fra:5 Mem:30.36M (Peak 30.36M) | Time:00:00.55 | Mem:0.00M, Peak:0.00M | Scene, ViewLayer | Synchronizing object | Lower_Lid.R
Fra:5 Mem:30.36M (Peak 30.36M) | Time:00:00.55 | Mem:0.00M, Peak:0.00M | Scene, ViewLayer | Synchronizing object | Eyebrow.R
Fra:5 Mem:30.37M (Peak 30.37M) | Time:00:00.55 | Mem:0.00M, Peak:0.00M | Scene, ViewLayer | Synchronizing object | Mouth
Fra:5 Mem:30.50M (Peak 30.50M) | Time:00:00.67 | Mem:0.00M, Peak:0.00M | Scene, ViewLayer | Synchronizing object | Hair_Cap
Fra:5 Mem:30.63M (Peak 30.63M) | Time:00:00.67 | Mem:0.00M, Peak:0.00M | Scene, ViewLayer | Synchronizing object | Review_Rim
Fra:5 Mem:30.67M (Peak 30.67M) | Time:00:00.67 | Mem:0.00M, Peak:0.00M | Scene, ViewLayer | Synchronizing object | Review_Fill
Fra:5 Mem:30.67M (Peak 30.67M) | Time:00:00.67 | Mem:0.00M, Peak:0.00M | Scene, ViewLayer | Synchronizing object | Review_Key
Fra:5 Mem:30.68M (Peak 30.68M) | Time:00:00.67 | Mem:0.00M, Peak:0.00M | Scene, ViewLayer | Synchronizing object | Review_Ground
Fra:5 Mem:30.69M (Peak 30.69M) | Time:00:00.67 | Mem:0.00M, Peak:0.00M | Scene, ViewLayer | Synchronizing object | Tee_Bar
Fra:5 Mem:30.71M (Peak 30.71M) | Time:00:00.67 | Mem:0.00M, Peak:0.00M | Scene, ViewLayer | Synchronizing object | Tee_Dot_1.246
Fra:5 Mem:30.68M (Peak 30.71M) | Time:00:00.67 | Mem:0.00M, Peak:0.00M | Scene, ViewLayer | Synchronizing object | Bangs_00
Fra:5 Mem:30.68M (Peak 30.71M) | Time:00:00.67 | Mem:0.00M, Peak:0.00M | Scene, ViewLayer | Synchronizing object | Tee_Dot_1.275
Fra:5 Mem:30.70M (Peak 30.71M) | Time:00:00.67 | Mem:0.00M, Peak:0.00M | Scene, ViewLayer | Synchronizing object | Back_Lock_6
Fra:5 Mem:30.72M (Peak 30.72M) | Time:00:00.67 | Mem:0.00M, Peak:0.00M | Scene, ViewLayer | Synchronizing object | Bangs_01
Fra:5 Mem:30.73M (Peak 30.73M) | Time:00:00.67 | Mem:0.00M, Peak:0.00M | Scene, ViewLayer | Synchronizing object | Back_Lock_5
Fra:5 Mem:30.75M (Peak 30.75M) | Time:00:00.67 | Mem:0.00M, Peak:0.00M | Scene, ViewLayer | Synchronizing object | Bangs_02
Fra:5 Mem:30.77M (Peak 30.77M) | Time:00:00.67 | Mem:0.00M, Peak:0.00M | Scene, ViewLayer | Synchronizing object | Back_Lock_4
Fra:5 Mem:30.79M (Peak 30.79M) | Time:00:00.67 | Mem:0.00M, Peak:0.00M | Scene, ViewLayer | Synchronizing object | Bangs_03
Fra:5 Mem:30.80M (Peak 30.80M) | Time:00:00.67 | Mem:0.00M, Peak:0.00M | Scene, ViewLayer | Synchronizing object | Back_Lock_3
Fra:5 Mem:30.82M (Peak 30.82M) | Time:00:00.67 | Mem:0.00M, Peak:0.00M | Scene, ViewLayer | Synchronizing object | Bangs_04
Fra:5 Mem:30.83M (Peak 30.83M) | Time:00:00.67 | Mem:0.00M, Peak:0.00M | Scene, ViewLayer | Synchronizing object | Back_Lock_2
Fra:5 Mem:30.86M (Peak 30.86M) | Time:00:00.67 | Mem:0.00M, Peak:0.00M | Scene, ViewLayer | Synchronizing object | Bangs_05
Fra:5 Mem:30.86M (Peak 30.86M) | Time:00:00.67 | Mem:0.00M, Peak:0.00M | Scene, ViewLayer | Synchronizing object | Back_Lock_1
Fra:5 Mem:30.90M (Peak 30.90M) | Time:00:00.67 | Mem:0.00M, Peak:0.00M | Scene, ViewLayer | Synchronizing object | Temple_0.L
Fra:5 Mem:30.90M (Peak 30.90M) | Time:00:00.67 | Mem:0.00M, Peak:0.00M | Scene, ViewLayer | Synchronizing object | Back_Lock_0
Fra:5 Mem:30.93M (Peak 30.93M) | Time:00:00.67 | Mem:0.00M, Peak:0.00M | Scene, ViewLayer | Synchronizing object | Temple_1.L
Fra:5 Mem:30.93M (Peak 30.93M) | Time:00:00.67 | Mem:0.00M, Peak:0.00M | Scene, ViewLayer | Synchronizing object | Crown_0.R
Fra:5 Mem:30.97M (Peak 30.97M) | Time:00:00.67 | Mem:0.00M, Peak:0.00M | Scene, ViewLayer | Synchronizing object | Temple_2.L
Fra:5 Mem:30.98M (Peak 30.98M) | Time:00:00.67 | Mem:0.00M, Peak:0.00M | Scene, ViewLayer | Synchronizing object | Crown_0.L
Fra:5 Mem:30.99M (Peak 30.99M) | Time:00:00.67 | Mem:0.00M, Peak:0.00M | Scene, ViewLayer | Synchronizing object | Nape_0.L
Fra:5 Mem:31.01M (Peak 31.01M) | Time:00:00.67 | Mem:0.00M, Peak:0.00M | Scene, ViewLayer | Synchronizing object | Nape_1.R
Fra:5 Mem:31.03M (Peak 31.03M) | Time:00:00.67 | Mem:0.00M, Peak:0.00M | Scene, ViewLayer | Synchronizing object | Nape_1.L
Fra:5 Mem:31.04M (Peak 31.04M) | Time:00:00.67 | Mem:0.00M, Peak:0.00M | Scene, ViewLayer | Synchronizing object | Nape_0.R
Fra:5 Mem:31.07M (Peak 31.07M) | Time:00:00.67 | Mem:0.00M, Peak:0.00M | Scene, ViewLayer | Synchronizing object | Temple_0.R
Fra:5 Mem:31.07M (Peak 31.07M) | Time:00:00.67 | Mem:0.00M, Peak:0.00M | Scene, ViewLayer | Synchronizing object | Temple_2.R
Fra:5 Mem:31.10M (Peak 31.10M) | Time:00:00.67 | Mem:0.00M, Peak:0.00M | Scene, ViewLayer | Synchronizing object | Temple_1.R
Fra:5 Mem:31.12M (Peak 31.12M) | Time:00:00.67 | Mem:0.00M, Peak:0.00M | Scene, ViewLayer | Initializing
Fra:5 Mem:27.03M (Peak 31.12M) | Time:00:00.67 | Mem:0.00M, Peak:0.00M | Scene, ViewLayer | Updating Images | Loading CHR001_GreyStudy_BaseColor
Fra:5 Mem:28.08M (Peak 31.12M) | Time:00:00.67 | Mem:4.00M, Peak:4.00M | Scene, ViewLayer | Waiting for render to start
Fra:5 Mem:28.08M (Peak 31.12M) | Time:00:00.67 | Mem:4.00M, Peak:4.00M | Scene, ViewLayer | Updating Scene
Fra:5 Mem:28.08M (Peak 31.12M) | Time:00:00.67 | Mem:4.00M, Peak:4.00M | Scene, ViewLayer | Updating Shaders
Fra:5 Mem:28.08M (Peak 31.12M) | Time:00:00.67 | Mem:4.00M, Peak:4.00M | Scene, ViewLayer | Loading render kernels (may take a few minutes the first time)
Fra:5 Mem:28.16M (Peak 31.12M) | Time:00:00.67 | Mem:4.00M, Peak:4.00M | Scene, ViewLayer | Updating Procedurals
Fra:5 Mem:28.16M (Peak 31.12M) | Time:00:00.67 | Mem:4.00M, Peak:4.00M | Scene, ViewLayer | Updating Background
Fra:5 Mem:28.16M (Peak 31.12M) | Time:00:00.67 | Mem:4.00M, Peak:4.00M | Scene, ViewLayer | Updating Camera
Fra:5 Mem:28.16M (Peak 31.12M) | Time:00:00.67 | Mem:4.00M, Peak:4.00M | Scene, ViewLayer | Updating Meshes Flags
Fra:5 Mem:28.16M (Peak 31.12M) | Time:00:00.67 | Mem:4.00M, Peak:4.00M | Scene, ViewLayer | Updating Objects
Fra:5 Mem:28.16M (Peak 31.12M) | Time:00:00.67 | Mem:4.00M, Peak:4.00M | Scene, ViewLayer | Updating Objects | Copying Transformations to device
Fra:5 Mem:28.19M (Peak 31.12M) | Time:00:00.67 | Mem:4.02M, Peak:4.02M | Scene, ViewLayer | Updating Particle Systems
Fra:5 Mem:28.19M (Peak 31.12M) | Time:00:00.67 | Mem:4.02M, Peak:4.02M | Scene, ViewLayer | Updating Particle Systems | Copying Particles to device
Fra:5 Mem:28.19M (Peak 31.12M) | Time:00:00.67 | Mem:4.02M, Peak:4.02M | Scene, ViewLayer | Updating Meshes
Fra:5 Mem:28.19M (Peak 31.12M) | Time:00:00.67 | Mem:4.02M, Peak:4.02M | Scene, ViewLayer | Updating Objects | Applying Static Transformations
Fra:5 Mem:28.19M (Peak 31.12M) | Time:00:00.67 | Mem:4.02M, Peak:4.02M | Scene, ViewLayer | Updating Mesh | Computing attributes
Fra:5 Mem:29.20M (Peak 31.12M) | Time:00:00.67 | Mem:4.03M, Peak:4.03M | Scene, ViewLayer | Updating Mesh | Copying Attributes to device
Fra:5 Mem:29.19M (Peak 31.12M) | Time:00:00.67 | Mem:5.02M, Peak:5.02M | Scene, ViewLayer | Updating Scene BVH | Building
Fra:5 Mem:29.19M (Peak 31.12M) | Time:00:00.67 | Mem:5.02M, Peak:5.02M | Scene, ViewLayer | Updating Scene BVH | Building BVH
Fra:5 Mem:29.19M (Peak 31.12M) | Time:00:00.67 | Mem:6.08M, Peak:6.08M | Scene, ViewLayer | Updating Scene BVH | Building BVH 0%
Fra:5 Mem:29.19M (Peak 31.12M) | Time:00:00.68 | Mem:7.23M, Peak:8.28M | Scene, ViewLayer | Updating Scene BVH | Copying BVH to device
Fra:5 Mem:29.19M (Peak 31.12M) | Time:00:00.68 | Mem:7.23M, Peak:8.28M | Scene, ViewLayer | Updating Mesh | Computing normals
Fra:5 Mem:30.12M (Peak 31.12M) | Time:00:00.68 | Mem:7.23M, Peak:8.28M | Scene, ViewLayer | Updating Mesh | Copying Mesh to device
Fra:5 Mem:30.12M (Peak 31.12M) | Time:00:00.68 | Mem:8.16M, Peak:8.28M | Scene, ViewLayer | Updating Objects Flags
Fra:5 Mem:30.12M (Peak 31.12M) | Time:00:00.68 | Mem:8.16M, Peak:8.28M | Scene, ViewLayer | Updating Primitive Offsets
Fra:5 Mem:30.12M (Peak 31.12M) | Time:00:00.68 | Mem:8.16M, Peak:8.28M | Scene, ViewLayer | Updating Images
Fra:5 Mem:30.12M (Peak 31.12M) | Time:00:00.68 | Mem:8.16M, Peak:8.28M | Scene, ViewLayer | Updating Camera Volume
Fra:5 Mem:30.12M (Peak 31.12M) | Time:00:00.68 | Mem:8.16M, Peak:8.28M | Scene, ViewLayer | Updating Lookup Tables
Fra:5 Mem:30.12M (Peak 31.12M) | Time:00:00.68 | Mem:8.24M, Peak:8.28M | Scene, ViewLayer | Updating Lights
Fra:5 Mem:30.12M (Peak 31.12M) | Time:00:00.68 | Mem:8.24M, Peak:8.28M | Scene, ViewLayer | Updating Lights | Computing tree
Fra:5 Mem:30.12M (Peak 31.12M) | Time:00:00.68 | Mem:8.24M, Peak:8.28M | Scene, ViewLayer | Updating Integrator
Fra:5 Mem:30.12M (Peak 31.12M) | Time:00:00.68 | Mem:8.24M, Peak:8.28M | Scene, ViewLayer | Updating Film
Fra:5 Mem:30.13M (Peak 31.12M) | Time:00:00.68 | Mem:8.16M, Peak:8.28M | Scene, ViewLayer | Updating Lookup Tables
Fra:5 Mem:30.13M (Peak 31.12M) | Time:00:00.68 | Mem:8.25M, Peak:8.28M | Scene, ViewLayer | Updating Baking
Fra:5 Mem:30.13M (Peak 31.12M) | Time:00:00.68 | Mem:8.25M, Peak:8.28M | Scene, ViewLayer | Updating Device | Writing constant memory
Fra:5 Mem:30.13M (Peak 31.12M) | Time:00:00.68 | Mem:8.25M, Peak:8.28M | Scene, ViewLayer | Loading denoising kernels (may take a few minutes the first time)
Fra:5 Mem:30.13M (Peak 31.12M) | Time:00:00.68 | Mem:8.25M, Peak:8.28M | Scene, ViewLayer | Sample 0/12
Fra:5 Mem:44.40M (Peak 44.40M) | Time:00:00.85 | Remaining:00:01.82 | Mem:22.51M, Peak:22.51M | Scene, ViewLayer | Sample 1/12
Fra:5 Mem:50.40M (Peak 59.41M) | Time:00:04.70 | Mem:22.51M, Peak:22.51M | Scene, ViewLayer | Sample 12/12
Fra:5 Mem:50.40M (Peak 59.41M) | Time:00:04.70 | Mem:22.51M, Peak:22.51M | Scene, ViewLayer | Finished
Saved: '/home/lzzz/MyProjects/N-SIDE/output/characters/CHR-001/animation-r2/candidate-b/run/002.png'
Time: 00:04.72 (Saving: 00:00.01)

Fra:7 Mem:26.15M (Peak 26.15M) | Time:00:00.00 | Mem:0.00M, Peak:0.00M | Scene, ViewLayer | Synchronizing object | TShirt
Fra:7 Mem:26.31M (Peak 26.31M) | Time:00:00.00 | Mem:0.00M, Peak:0.00M | Scene, ViewLayer | Synchronizing object | TShirt_Collar
Fra:7 Mem:26.33M (Peak 26.33M) | Time:00:00.00 | Mem:0.00M, Peak:0.00M | Scene, ViewLayer | Synchronizing object | Hood
Fra:7 Mem:26.39M (Peak 26.39M) | Time:00:00.00 | Mem:0.00M, Peak:0.00M | Scene, ViewLayer | Synchronizing object | Sleeve_Cuff.L
Fra:7 Mem:26.39M (Peak 26.39M) | Time:00:00.00 | Mem:0.00M, Peak:0.00M | Scene, ViewLayer | Synchronizing object | Zip_Tape.L
Fra:7 Mem:26.40M (Peak 26.40M) | Time:00:00.00 | Mem:0.00M, Peak:0.00M | Scene, ViewLayer | Synchronizing object | Hood_Cord.L
Fra:7 Mem:26.44M (Peak 26.44M) | Time:00:00.02 | Mem:0.00M, Peak:0.00M | Scene, ViewLayer | Synchronizing object | Palm.L
Fra:7 Mem:26.49M (Peak 26.49M) | Time:00:00.02 | Mem:0.00M, Peak:0.00M | Scene, ViewLayer | Synchronizing object | Index_Mesh.L
Fra:7 Mem:26.49M (Peak 26.49M) | Time:00:00.02 | Mem:0.00M, Peak:0.00M | Scene, ViewLayer | Synchronizing object | Middle_Mesh.L
Fra:7 Mem:26.50M (Peak 26.50M) | Time:00:00.02 | Mem:0.00M, Peak:0.00M | Scene, ViewLayer | Synchronizing object | Ring_Mesh.L
Fra:7 Mem:26.54M (Peak 26.54M) | Time:00:00.02 | Mem:0.00M, Peak:0.00M | Scene, ViewLayer | Synchronizing object | Pinky_Mesh.L
Fra:7 Mem:26.52M (Peak 26.54M) | Time:00:00.02 | Mem:0.00M, Peak:0.00M | Scene, ViewLayer | Synchronizing object | Thumb_Mesh.L
Fra:7 Mem:26.69M (Peak 26.69M) | Time:00:00.05 | Mem:0.00M, Peak:0.00M | Scene, ViewLayer | Synchronizing object | Trousers.L
Fra:7 Mem:26.95M (Peak 26.95M) | Time:00:00.05 | Mem:0.00M, Peak:0.00M | Scene, ViewLayer | Synchronizing object | Sneaker_Sole.L
Fra:7 Mem:26.97M (Peak 26.97M) | Time:00:00.05 | Mem:0.00M, Peak:0.00M | Scene, ViewLayer | Synchronizing object | Sneaker_Upper.L
Fra:7 Mem:26.99M (Peak 26.99M) | Time:00:00.05 | Mem:0.00M, Peak:0.00M | Scene, ViewLayer | Synchronizing object | Sock.L
Fra:7 Mem:26.99M (Peak 26.99M) | Time:00:00.05 | Mem:0.00M, Peak:0.00M | Scene, ViewLayer | Synchronizing object | Lace_0.L
Fra:7 Mem:27.00M (Peak 27.00M) | Time:00:00.05 | Mem:0.00M, Peak:0.00M | Scene, ViewLayer | Synchronizing object | Lace_1.L
Fra:7 Mem:27.00M (Peak 27.00M) | Time:00:00.05 | Mem:0.00M, Peak:0.00M | Scene, ViewLayer | Synchronizing object | Lace_2.L
Fra:7 Mem:27.00M (Peak 27.00M) | Time:00:00.05 | Mem:0.00M, Peak:0.00M | Scene, ViewLayer | Synchronizing object | Lace_3.L
Fra:7 Mem:27.01M (Peak 27.01M) | Time:00:00.05 | Mem:0.00M, Peak:0.00M | Scene, ViewLayer | Synchronizing object | Heel_Tab.L
Fra:7 Mem:27.01M (Peak 27.01M) | Time:00:00.05 | Mem:0.00M, Peak:0.00M | Scene, ViewLayer | Synchronizing object | Sleeve_Cuff.R
Fra:7 Mem:27.01M (Peak 27.01M) | Time:00:00.05 | Mem:0.00M, Peak:0.00M | Scene, ViewLayer | Synchronizing object | Zip_Tape.R
Fra:7 Mem:27.02M (Peak 27.02M) | Time:00:00.05 | Mem:0.00M, Peak:0.00M | Scene, ViewLayer | Synchronizing object | Hood_Cord.R
Fra:7 Mem:27.06M (Peak 27.06M) | Time:00:00.06 | Mem:0.00M, Peak:0.00M | Scene, ViewLayer | Synchronizing object | Palm.R
Fra:7 Mem:27.11M (Peak 27.11M) | Time:00:00.06 | Mem:0.00M, Peak:0.00M | Scene, ViewLayer | Synchronizing object | Index_Mesh.R
Fra:7 Mem:27.11M (Peak 27.11M) | Time:00:00.06 | Mem:0.00M, Peak:0.00M | Scene, ViewLayer | Synchronizing object | Middle_Mesh.R
Fra:7 Mem:27.12M (Peak 27.12M) | Time:00:00.06 | Mem:0.00M, Peak:0.00M | Scene, ViewLayer | Synchronizing object | Ring_Mesh.R
Fra:7 Mem:27.15M (Peak 27.15M) | Time:00:00.06 | Mem:0.00M, Peak:0.00M | Scene, ViewLayer | Synchronizing object | Pinky_Mesh.R
Fra:7 Mem:27.13M (Peak 27.15M) | Time:00:00.06 | Mem:0.00M, Peak:0.00M | Scene, ViewLayer | Synchronizing object | Thumb_Mesh.R
Fra:7 Mem:27.31M (Peak 27.31M) | Time:00:00.10 | Mem:0.00M, Peak:0.00M | Scene, ViewLayer | Synchronizing object | Trousers.R
Fra:7 Mem:27.59M (Peak 27.59M) | Time:00:00.10 | Mem:0.00M, Peak:0.00M | Scene, ViewLayer | Synchronizing object | Sneaker_Sole.R
Fra:7 Mem:27.60M (Peak 27.60M) | Time:00:00.10 | Mem:0.00M, Peak:0.00M | Scene, ViewLayer | Synchronizing object | Sneaker_Upper.R
Fra:7 Mem:27.71M (Peak 27.71M) | Time:00:00.10 | Mem:0.00M, Peak:0.00M | Scene, ViewLayer | Synchronizing object | Sock.R
Fra:7 Mem:27.72M (Peak 27.72M) | Time:00:00.10 | Mem:0.00M, Peak:0.00M | Scene, ViewLayer | Synchronizing object | Lace_0.R
Fra:7 Mem:27.72M (Peak 27.72M) | Time:00:00.10 | Mem:0.00M, Peak:0.00M | Scene, ViewLayer | Synchronizing object | Lace_1.R
Fra:7 Mem:27.65M (Peak 27.72M) | Time:00:00.10 | Mem:0.00M, Peak:0.00M | Scene, ViewLayer | Synchronizing object | Lace_2.R
Fra:7 Mem:27.65M (Peak 27.72M) | Time:00:00.10 | Mem:0.00M, Peak:0.00M | Scene, ViewLayer | Synchronizing object | Lace_3.R
Fra:7 Mem:27.66M (Peak 27.72M) | Time:00:00.10 | Mem:0.00M, Peak:0.00M | Scene, ViewLayer | Synchronizing object | Heel_Tab.R
Fra:7 Mem:28.20M (Peak 28.20M) | Time:00:00.13 | Mem:0.00M, Peak:0.00M | Scene, ViewLayer | Synchronizing object | Jacket_ContinuousShoulders
Fra:7 Mem:29.43M (Peak 29.43M) | Time:00:00.54 | Mem:0.00M, Peak:0.00M | Scene, ViewLayer | Synchronizing object | Face_Head
Fra:7 Mem:30.09M (Peak 30.09M) | Time:00:00.55 | Mem:0.00M, Peak:0.00M | Scene, ViewLayer | Synchronizing object | Ear.L
Fra:7 Mem:30.15M (Peak 30.15M) | Time:00:00.55 | Mem:0.00M, Peak:0.00M | Scene, ViewLayer | Synchronizing object | Ear_Fold.L
Fra:7 Mem:30.20M (Peak 30.20M) | Time:00:00.56 | Mem:0.00M, Peak:0.00M | Scene, ViewLayer | Synchronizing object | Ear.R
Fra:7 Mem:30.26M (Peak 30.26M) | Time:00:00.56 | Mem:0.00M, Peak:0.00M | Scene, ViewLayer | Synchronizing object | Ear_Fold.R
Fra:7 Mem:30.27M (Peak 30.27M) | Time:00:00.56 | Mem:0.00M, Peak:0.00M | Scene, ViewLayer | Synchronizing object | Eye_White.L
Fra:7 Mem:30.28M (Peak 30.28M) | Time:00:00.56 | Mem:0.00M, Peak:0.00M | Scene, ViewLayer | Synchronizing object | Iris_hair.L
Fra:7 Mem:30.29M (Peak 30.29M) | Time:00:00.56 | Mem:0.00M, Peak:0.00M | Scene, ViewLayer | Synchronizing object | Iris_ink.L
Fra:7 Mem:30.30M (Peak 30.30M) | Time:00:00.56 | Mem:0.00M, Peak:0.00M | Scene, ViewLayer | Synchronizing object | Eye_Glint.L
Fra:7 Mem:30.29M (Peak 30.30M) | Time:00:00.56 | Mem:0.00M, Peak:0.00M | Scene, ViewLayer | Synchronizing object | Upper_Lid.L
Fra:7 Mem:30.31M (Peak 30.31M) | Time:00:00.56 | Mem:0.00M, Peak:0.00M | Scene, ViewLayer | Synchronizing object | Lower_Lid.L
Fra:7 Mem:30.31M (Peak 30.31M) | Time:00:00.56 | Mem:0.00M, Peak:0.00M | Scene, ViewLayer | Synchronizing object | Eyebrow.L
Fra:7 Mem:30.32M (Peak 30.32M) | Time:00:00.56 | Mem:0.00M, Peak:0.00M | Scene, ViewLayer | Synchronizing object | Eye_White.R
Fra:7 Mem:30.32M (Peak 30.32M) | Time:00:00.56 | Mem:0.00M, Peak:0.00M | Scene, ViewLayer | Synchronizing object | Iris_hair.R
Fra:7 Mem:30.33M (Peak 30.33M) | Time:00:00.56 | Mem:0.00M, Peak:0.00M | Scene, ViewLayer | Synchronizing object | Iris_ink.R
Fra:7 Mem:30.34M (Peak 30.34M) | Time:00:00.56 | Mem:0.00M, Peak:0.00M | Scene, ViewLayer | Synchronizing object | Eye_Glint.R
Fra:7 Mem:30.35M (Peak 30.35M) | Time:00:00.56 | Mem:0.00M, Peak:0.00M | Scene, ViewLayer | Synchronizing object | Upper_Lid.R
Fra:7 Mem:30.36M (Peak 30.36M) | Time:00:00.56 | Mem:0.00M, Peak:0.00M | Scene, ViewLayer | Synchronizing object | Lower_Lid.R
Fra:7 Mem:30.36M (Peak 30.36M) | Time:00:00.56 | Mem:0.00M, Peak:0.00M | Scene, ViewLayer | Synchronizing object | Eyebrow.R
Fra:7 Mem:30.37M (Peak 30.37M) | Time:00:00.56 | Mem:0.00M, Peak:0.00M | Scene, ViewLayer | Synchronizing object | Mouth
Fra:7 Mem:30.50M (Peak 30.50M) | Time:00:00.68 | Mem:0.00M, Peak:0.00M | Scene, ViewLayer | Synchronizing object | Hair_Cap
Fra:7 Mem:30.67M (Peak 30.67M) | Time:00:00.68 | Mem:0.00M, Peak:0.00M | Scene, ViewLayer | Synchronizing object | Review_Rim
Fra:7 Mem:30.69M (Peak 30.69M) | Time:00:00.68 | Mem:0.00M, Peak:0.00M | Scene, ViewLayer | Synchronizing object | Review_Fill
Fra:7 Mem:30.67M (Peak 30.69M) | Time:00:00.68 | Mem:0.00M, Peak:0.00M | Scene, ViewLayer | Synchronizing object | Review_Key
Fra:7 Mem:30.71M (Peak 30.71M) | Time:00:00.68 | Mem:0.00M, Peak:0.00M | Scene, ViewLayer | Synchronizing object | Review_Ground
Fra:7 Mem:30.71M (Peak 30.71M) | Time:00:00.68 | Mem:0.00M, Peak:0.00M | Scene, ViewLayer | Synchronizing object | Tee_Bar
Fra:7 Mem:30.68M (Peak 30.71M) | Time:00:00.68 | Mem:0.00M, Peak:0.00M | Scene, ViewLayer | Synchronizing object | Bangs_00
Fra:7 Mem:30.69M (Peak 30.71M) | Time:00:00.68 | Mem:0.00M, Peak:0.00M | Scene, ViewLayer | Synchronizing object | Tee_Dot_1.246
Fra:7 Mem:30.70M (Peak 30.71M) | Time:00:00.68 | Mem:0.00M, Peak:0.00M | Scene, ViewLayer | Synchronizing object | Tee_Dot_1.275
Fra:7 Mem:30.70M (Peak 30.71M) | Time:00:00.68 | Mem:0.00M, Peak:0.00M | Scene, ViewLayer | Synchronizing object | Bangs_01
Fra:7 Mem:30.71M (Peak 30.71M) | Time:00:00.68 | Mem:0.00M, Peak:0.00M | Scene, ViewLayer | Synchronizing object | Back_Lock_6
Fra:7 Mem:30.73M (Peak 30.73M) | Time:00:00.68 | Mem:0.00M, Peak:0.00M | Scene, ViewLayer | Synchronizing object | Bangs_02
Fra:7 Mem:30.75M (Peak 30.75M) | Time:00:00.68 | Mem:0.00M, Peak:0.00M | Scene, ViewLayer | Synchronizing object | Back_Lock_5
Fra:7 Mem:30.77M (Peak 30.77M) | Time:00:00.68 | Mem:0.00M, Peak:0.00M | Scene, ViewLayer | Synchronizing object | Bangs_03
Fra:7 Mem:30.79M (Peak 30.79M) | Time:00:00.68 | Mem:0.00M, Peak:0.00M | Scene, ViewLayer | Synchronizing object | Back_Lock_4
Fra:7 Mem:30.80M (Peak 30.80M) | Time:00:00.68 | Mem:0.00M, Peak:0.00M | Scene, ViewLayer | Synchronizing object | Bangs_04
Fra:7 Mem:30.82M (Peak 30.82M) | Time:00:00.68 | Mem:0.00M, Peak:0.00M | Scene, ViewLayer | Synchronizing object | Back_Lock_3
Fra:7 Mem:30.84M (Peak 30.84M) | Time:00:00.68 | Mem:0.00M, Peak:0.00M | Scene, ViewLayer | Synchronizing object | Bangs_05
Fra:7 Mem:30.85M (Peak 30.85M) | Time:00:00.68 | Mem:0.00M, Peak:0.00M | Scene, ViewLayer | Synchronizing object | Back_Lock_2
Fra:7 Mem:30.88M (Peak 30.88M) | Time:00:00.68 | Mem:0.00M, Peak:0.00M | Scene, ViewLayer | Synchronizing object | Temple_0.L
Fra:7 Mem:30.88M (Peak 30.88M) | Time:00:00.68 | Mem:0.00M, Peak:0.00M | Scene, ViewLayer | Synchronizing object | Back_Lock_1
Fra:7 Mem:30.91M (Peak 30.91M) | Time:00:00.68 | Mem:0.00M, Peak:0.00M | Scene, ViewLayer | Synchronizing object | Temple_1.L
Fra:7 Mem:30.92M (Peak 30.92M) | Time:00:00.68 | Mem:0.00M, Peak:0.00M | Scene, ViewLayer | Synchronizing object | Back_Lock_0
Fra:7 Mem:30.95M (Peak 30.95M) | Time:00:00.68 | Mem:0.00M, Peak:0.00M | Scene, ViewLayer | Synchronizing object | Temple_2.L
Fra:7 Mem:30.95M (Peak 30.95M) | Time:00:00.68 | Mem:0.00M, Peak:0.00M | Scene, ViewLayer | Synchronizing object | Crown_0.R
Fra:7 Mem:30.98M (Peak 30.98M) | Time:00:00.68 | Mem:0.00M, Peak:0.00M | Scene, ViewLayer | Synchronizing object | Nape_0.L
Fra:7 Mem:30.98M (Peak 30.98M) | Time:00:00.68 | Mem:0.00M, Peak:0.00M | Scene, ViewLayer | Synchronizing object | Crown_0.L
Fra:7 Mem:31.02M (Peak 31.02M) | Time:00:00.68 | Mem:0.00M, Peak:0.00M | Scene, ViewLayer | Synchronizing object | Nape_1.L
Fra:7 Mem:31.02M (Peak 31.02M) | Time:00:00.68 | Mem:0.00M, Peak:0.00M | Scene, ViewLayer | Synchronizing object | Nape_1.R
Fra:7 Mem:31.05M (Peak 31.05M) | Time:00:00.68 | Mem:0.00M, Peak:0.00M | Scene, ViewLayer | Synchronizing object | Temple_0.R
Fra:7 Mem:31.05M (Peak 31.05M) | Time:00:00.68 | Mem:0.00M, Peak:0.00M | Scene, ViewLayer | Synchronizing object | Nape_0.R
Fra:7 Mem:31.09M (Peak 31.09M) | Time:00:00.68 | Mem:0.00M, Peak:0.00M | Scene, ViewLayer | Synchronizing object | Temple_1.R
Fra:7 Mem:31.09M (Peak 31.09M) | Time:00:00.68 | Mem:0.00M, Peak:0.00M | Scene, ViewLayer | Synchronizing object | Temple_2.R
Fra:7 Mem:31.12M (Peak 31.12M) | Time:00:00.68 | Mem:0.00M, Peak:0.00M | Scene, ViewLayer | Initializing
Fra:7 Mem:27.03M (Peak 31.12M) | Time:00:00.68 | Mem:0.00M, Peak:0.00M | Scene, ViewLayer | Updating Images | Loading CHR001_GreyStudy_BaseColor
Fra:7 Mem:28.08M (Peak 31.12M) | Time:00:00.68 | Mem:4.00M, Peak:4.00M | Scene, ViewLayer | Waiting for render to start
Fra:7 Mem:28.08M (Peak 31.12M) | Time:00:00.68 | Mem:4.00M, Peak:4.00M | Scene, ViewLayer | Updating Scene
Fra:7 Mem:28.08M (Peak 31.12M) | Time:00:00.68 | Mem:4.00M, Peak:4.00M | Scene, ViewLayer | Updating Shaders
Fra:7 Mem:28.08M (Peak 31.12M) | Time:00:00.68 | Mem:4.00M, Peak:4.00M | Scene, ViewLayer | Loading render kernels (may take a few minutes the first time)
Fra:7 Mem:28.16M (Peak 31.12M) | Time:00:00.68 | Mem:4.00M, Peak:4.00M | Scene, ViewLayer | Updating Procedurals
Fra:7 Mem:28.16M (Peak 31.12M) | Time:00:00.68 | Mem:4.00M, Peak:4.00M | Scene, ViewLayer | Updating Background
Fra:7 Mem:28.16M (Peak 31.12M) | Time:00:00.68 | Mem:4.00M, Peak:4.00M | Scene, ViewLayer | Updating Camera
Fra:7 Mem:28.16M (Peak 31.12M) | Time:00:00.68 | Mem:4.00M, Peak:4.00M | Scene, ViewLayer | Updating Meshes Flags
Fra:7 Mem:28.16M (Peak 31.12M) | Time:00:00.68 | Mem:4.00M, Peak:4.00M | Scene, ViewLayer | Updating Objects
Fra:7 Mem:28.16M (Peak 31.12M) | Time:00:00.68 | Mem:4.00M, Peak:4.00M | Scene, ViewLayer | Updating Objects | Copying Transformations to device
Fra:7 Mem:28.19M (Peak 31.12M) | Time:00:00.68 | Mem:4.02M, Peak:4.02M | Scene, ViewLayer | Updating Particle Systems
Fra:7 Mem:28.19M (Peak 31.12M) | Time:00:00.68 | Mem:4.02M, Peak:4.02M | Scene, ViewLayer | Updating Particle Systems | Copying Particles to device
Fra:7 Mem:28.19M (Peak 31.12M) | Time:00:00.68 | Mem:4.02M, Peak:4.02M | Scene, ViewLayer | Updating Meshes
Fra:7 Mem:28.19M (Peak 31.12M) | Time:00:00.68 | Mem:4.02M, Peak:4.02M | Scene, ViewLayer | Updating Objects | Applying Static Transformations
Fra:7 Mem:28.19M (Peak 31.12M) | Time:00:00.68 | Mem:4.02M, Peak:4.02M | Scene, ViewLayer | Updating Mesh | Computing attributes
Fra:7 Mem:29.20M (Peak 31.12M) | Time:00:00.68 | Mem:4.03M, Peak:4.03M | Scene, ViewLayer | Updating Mesh | Copying Attributes to device
Fra:7 Mem:29.19M (Peak 31.12M) | Time:00:00.68 | Mem:5.02M, Peak:5.02M | Scene, ViewLayer | Updating Scene BVH | Building
Fra:7 Mem:29.19M (Peak 31.12M) | Time:00:00.68 | Mem:5.02M, Peak:5.02M | Scene, ViewLayer | Updating Scene BVH | Building BVH
Fra:7 Mem:29.19M (Peak 31.12M) | Time:00:00.68 | Mem:6.08M, Peak:6.08M | Scene, ViewLayer | Updating Scene BVH | Building BVH 0%
Fra:7 Mem:29.19M (Peak 31.12M) | Time:00:00.69 | Mem:7.23M, Peak:8.28M | Scene, ViewLayer | Updating Scene BVH | Copying BVH to device
Fra:7 Mem:29.19M (Peak 31.12M) | Time:00:00.69 | Mem:7.23M, Peak:8.28M | Scene, ViewLayer | Updating Mesh | Computing normals
Fra:7 Mem:30.12M (Peak 31.12M) | Time:00:00.69 | Mem:7.23M, Peak:8.28M | Scene, ViewLayer | Updating Mesh | Copying Mesh to device
Fra:7 Mem:30.12M (Peak 31.12M) | Time:00:00.69 | Mem:8.16M, Peak:8.28M | Scene, ViewLayer | Updating Objects Flags
Fra:7 Mem:30.12M (Peak 31.12M) | Time:00:00.69 | Mem:8.16M, Peak:8.28M | Scene, ViewLayer | Updating Primitive Offsets
Fra:7 Mem:30.12M (Peak 31.12M) | Time:00:00.69 | Mem:8.16M, Peak:8.28M | Scene, ViewLayer | Updating Images
Fra:7 Mem:30.12M (Peak 31.12M) | Time:00:00.69 | Mem:8.16M, Peak:8.28M | Scene, ViewLayer | Updating Camera Volume
Fra:7 Mem:30.12M (Peak 31.12M) | Time:00:00.69 | Mem:8.16M, Peak:8.28M | Scene, ViewLayer | Updating Lookup Tables
Fra:7 Mem:30.12M (Peak 31.12M) | Time:00:00.69 | Mem:8.24M, Peak:8.28M | Scene, ViewLayer | Updating Lights
Fra:7 Mem:30.12M (Peak 31.12M) | Time:00:00.69 | Mem:8.24M, Peak:8.28M | Scene, ViewLayer | Updating Lights | Computing tree
Fra:7 Mem:30.12M (Peak 31.12M) | Time:00:00.69 | Mem:8.24M, Peak:8.28M | Scene, ViewLayer | Updating Integrator
Fra:7 Mem:30.12M (Peak 31.12M) | Time:00:00.69 | Mem:8.24M, Peak:8.28M | Scene, ViewLayer | Updating Film
Fra:7 Mem:30.13M (Peak 31.12M) | Time:00:00.69 | Mem:8.16M, Peak:8.28M | Scene, ViewLayer | Updating Lookup Tables
Fra:7 Mem:30.13M (Peak 31.12M) | Time:00:00.69 | Mem:8.25M, Peak:8.28M | Scene, ViewLayer | Updating Baking
Fra:7 Mem:30.13M (Peak 31.12M) | Time:00:00.69 | Mem:8.25M, Peak:8.28M | Scene, ViewLayer | Updating Device | Writing constant memory
Fra:7 Mem:30.13M (Peak 31.12M) | Time:00:00.69 | Mem:8.25M, Peak:8.28M | Scene, ViewLayer | Loading denoising kernels (may take a few minutes the first time)
Fra:7 Mem:30.13M (Peak 31.12M) | Time:00:00.69 | Mem:8.25M, Peak:8.28M | Scene, ViewLayer | Sample 0/12
Fra:7 Mem:44.40M (Peak 44.40M) | Time:00:00.86 | Remaining:00:01.85 | Mem:22.51M, Peak:22.51M | Scene, ViewLayer | Sample 1/12
Fra:7 Mem:50.40M (Peak 59.41M) | Time:00:04.76 | Mem:22.51M, Peak:22.51M | Scene, ViewLayer | Sample 12/12
Fra:7 Mem:50.40M (Peak 59.41M) | Time:00:04.76 | Mem:22.51M, Peak:22.51M | Scene, ViewLayer | Finished
Saved: '/home/lzzz/MyProjects/N-SIDE/output/characters/CHR-001/animation-r2/candidate-b/run/003.png'
Time: 00:04.77 (Saving: 00:00.01)

Fra:9 Mem:26.15M (Peak 26.15M) | Time:00:00.00 | Mem:0.00M, Peak:0.00M | Scene, ViewLayer | Synchronizing object | TShirt
Fra:9 Mem:26.31M (Peak 26.31M) | Time:00:00.00 | Mem:0.00M, Peak:0.00M | Scene, ViewLayer | Synchronizing object | TShirt_Collar
Fra:9 Mem:26.34M (Peak 26.34M) | Time:00:00.00 | Mem:0.00M, Peak:0.00M | Scene, ViewLayer | Synchronizing object | Hood
Fra:9 Mem:26.39M (Peak 26.39M) | Time:00:00.00 | Mem:0.00M, Peak:0.00M | Scene, ViewLayer | Synchronizing object | Sleeve_Cuff.L
Fra:9 Mem:26.39M (Peak 26.39M) | Time:00:00.00 | Mem:0.00M, Peak:0.00M | Scene, ViewLayer | Synchronizing object | Zip_Tape.L
Fra:9 Mem:26.40M (Peak 26.40M) | Time:00:00.00 | Mem:0.00M, Peak:0.00M | Scene, ViewLayer | Synchronizing object | Hood_Cord.L
Fra:9 Mem:26.44M (Peak 26.44M) | Time:00:00.02 | Mem:0.00M, Peak:0.00M | Scene, ViewLayer | Synchronizing object | Palm.L
Fra:9 Mem:26.49M (Peak 26.49M) | Time:00:00.02 | Mem:0.00M, Peak:0.00M | Scene, ViewLayer | Synchronizing object | Index_Mesh.L
Fra:9 Mem:26.49M (Peak 26.49M) | Time:00:00.02 | Mem:0.00M, Peak:0.00M | Scene, ViewLayer | Synchronizing object | Middle_Mesh.L
Fra:9 Mem:26.50M (Peak 26.50M) | Time:00:00.02 | Mem:0.00M, Peak:0.00M | Scene, ViewLayer | Synchronizing object | Ring_Mesh.L
Fra:9 Mem:26.54M (Peak 26.54M) | Time:00:00.02 | Mem:0.00M, Peak:0.00M | Scene, ViewLayer | Synchronizing object | Pinky_Mesh.L
Fra:9 Mem:26.52M (Peak 26.54M) | Time:00:00.02 | Mem:0.00M, Peak:0.00M | Scene, ViewLayer | Synchronizing object | Thumb_Mesh.L
Fra:9 Mem:26.69M (Peak 26.69M) | Time:00:00.05 | Mem:0.00M, Peak:0.00M | Scene, ViewLayer | Synchronizing object | Trousers.L
Fra:9 Mem:26.95M (Peak 26.95M) | Time:00:00.05 | Mem:0.00M, Peak:0.00M | Scene, ViewLayer | Synchronizing object | Sneaker_Sole.L
Fra:9 Mem:26.97M (Peak 26.97M) | Time:00:00.05 | Mem:0.00M, Peak:0.00M | Scene, ViewLayer | Synchronizing object | Sneaker_Upper.L
Fra:9 Mem:26.99M (Peak 26.99M) | Time:00:00.05 | Mem:0.00M, Peak:0.00M | Scene, ViewLayer | Synchronizing object | Sock.L
Fra:9 Mem:26.99M (Peak 26.99M) | Time:00:00.05 | Mem:0.00M, Peak:0.00M | Scene, ViewLayer | Synchronizing object | Lace_0.L
Fra:9 Mem:27.00M (Peak 27.00M) | Time:00:00.05 | Mem:0.00M, Peak:0.00M | Scene, ViewLayer | Synchronizing object | Lace_1.L
Fra:9 Mem:27.00M (Peak 27.00M) | Time:00:00.05 | Mem:0.00M, Peak:0.00M | Scene, ViewLayer | Synchronizing object | Lace_2.L
Fra:9 Mem:27.00M (Peak 27.00M) | Time:00:00.05 | Mem:0.00M, Peak:0.00M | Scene, ViewLayer | Synchronizing object | Lace_3.L
Fra:9 Mem:27.01M (Peak 27.01M) | Time:00:00.05 | Mem:0.00M, Peak:0.00M | Scene, ViewLayer | Synchronizing object | Heel_Tab.L
Fra:9 Mem:27.01M (Peak 27.01M) | Time:00:00.05 | Mem:0.00M, Peak:0.00M | Scene, ViewLayer | Synchronizing object | Sleeve_Cuff.R
Fra:9 Mem:27.01M (Peak 27.01M) | Time:00:00.05 | Mem:0.00M, Peak:0.00M | Scene, ViewLayer | Synchronizing object | Zip_Tape.R
Fra:9 Mem:27.02M (Peak 27.02M) | Time:00:00.05 | Mem:0.00M, Peak:0.00M | Scene, ViewLayer | Synchronizing object | Hood_Cord.R
Fra:9 Mem:27.06M (Peak 27.06M) | Time:00:00.06 | Mem:0.00M, Peak:0.00M | Scene, ViewLayer | Synchronizing object | Palm.R
Fra:9 Mem:27.11M (Peak 27.11M) | Time:00:00.06 | Mem:0.00M, Peak:0.00M | Scene, ViewLayer | Synchronizing object | Index_Mesh.R
Fra:9 Mem:27.11M (Peak 27.11M) | Time:00:00.06 | Mem:0.00M, Peak:0.00M | Scene, ViewLayer | Synchronizing object | Middle_Mesh.R
Fra:9 Mem:27.12M (Peak 27.12M) | Time:00:00.06 | Mem:0.00M, Peak:0.00M | Scene, ViewLayer | Synchronizing object | Ring_Mesh.R
Fra:9 Mem:27.15M (Peak 27.15M) | Time:00:00.06 | Mem:0.00M, Peak:0.00M | Scene, ViewLayer | Synchronizing object | Pinky_Mesh.R
Fra:9 Mem:27.14M (Peak 27.15M) | Time:00:00.06 | Mem:0.00M, Peak:0.00M | Scene, ViewLayer | Synchronizing object | Thumb_Mesh.R
Fra:9 Mem:27.31M (Peak 27.31M) | Time:00:00.10 | Mem:0.00M, Peak:0.00M | Scene, ViewLayer | Synchronizing object | Trousers.R
Fra:9 Mem:27.59M (Peak 27.59M) | Time:00:00.10 | Mem:0.00M, Peak:0.00M | Scene, ViewLayer | Synchronizing object | Sneaker_Sole.R
Fra:9 Mem:27.60M (Peak 27.60M) | Time:00:00.10 | Mem:0.00M, Peak:0.00M | Scene, ViewLayer | Synchronizing object | Sneaker_Upper.R
Fra:9 Mem:27.62M (Peak 27.62M) | Time:00:00.10 | Mem:0.00M, Peak:0.00M | Scene, ViewLayer | Synchronizing object | Sock.R
Fra:9 Mem:27.72M (Peak 27.72M) | Time:00:00.10 | Mem:0.00M, Peak:0.00M | Scene, ViewLayer | Synchronizing object | Lace_0.R
Fra:9 Mem:27.72M (Peak 27.72M) | Time:00:00.10 | Mem:0.00M, Peak:0.00M | Scene, ViewLayer | Synchronizing object | Lace_1.R
Fra:9 Mem:27.72M (Peak 27.72M) | Time:00:00.10 | Mem:0.00M, Peak:0.00M | Scene, ViewLayer | Synchronizing object | Lace_2.R
Fra:9 Mem:27.65M (Peak 27.72M) | Time:00:00.10 | Mem:0.00M, Peak:0.00M | Scene, ViewLayer | Synchronizing object | Lace_3.R
Fra:9 Mem:27.66M (Peak 27.72M) | Time:00:00.10 | Mem:0.00M, Peak:0.00M | Scene, ViewLayer | Synchronizing object | Heel_Tab.R
Fra:9 Mem:28.20M (Peak 28.20M) | Time:00:00.13 | Mem:0.00M, Peak:0.00M | Scene, ViewLayer | Synchronizing object | Jacket_ContinuousShoulders
Fra:9 Mem:29.43M (Peak 29.43M) | Time:00:00.54 | Mem:0.00M, Peak:0.00M | Scene, ViewLayer | Synchronizing object | Face_Head
Fra:9 Mem:30.09M (Peak 30.09M) | Time:00:00.55 | Mem:0.00M, Peak:0.00M | Scene, ViewLayer | Synchronizing object | Ear.L
Fra:9 Mem:30.15M (Peak 30.15M) | Time:00:00.55 | Mem:0.00M, Peak:0.00M | Scene, ViewLayer | Synchronizing object | Ear_Fold.L
Fra:9 Mem:30.20M (Peak 30.20M) | Time:00:00.56 | Mem:0.00M, Peak:0.00M | Scene, ViewLayer | Synchronizing object | Ear.R
Fra:9 Mem:30.26M (Peak 30.26M) | Time:00:00.56 | Mem:0.00M, Peak:0.00M | Scene, ViewLayer | Synchronizing object | Ear_Fold.R
Fra:9 Mem:30.27M (Peak 30.27M) | Time:00:00.56 | Mem:0.00M, Peak:0.00M | Scene, ViewLayer | Synchronizing object | Eye_White.L
Fra:9 Mem:30.29M (Peak 30.29M) | Time:00:00.56 | Mem:0.00M, Peak:0.00M | Scene, ViewLayer | Synchronizing object | Iris_hair.L
Fra:9 Mem:30.28M (Peak 30.29M) | Time:00:00.56 | Mem:0.00M, Peak:0.00M | Scene, ViewLayer | Synchronizing object | Iris_ink.L
Fra:9 Mem:30.29M (Peak 30.29M) | Time:00:00.56 | Mem:0.00M, Peak:0.00M | Scene, ViewLayer | Synchronizing object | Eye_Glint.L
Fra:9 Mem:30.29M (Peak 30.29M) | Time:00:00.56 | Mem:0.00M, Peak:0.00M | Scene, ViewLayer | Synchronizing object | Upper_Lid.L
Fra:9 Mem:30.31M (Peak 30.31M) | Time:00:00.56 | Mem:0.00M, Peak:0.00M | Scene, ViewLayer | Synchronizing object | Lower_Lid.L
Fra:9 Mem:30.31M (Peak 30.31M) | Time:00:00.56 | Mem:0.00M, Peak:0.00M | Scene, ViewLayer | Synchronizing object | Eyebrow.L
Fra:9 Mem:30.32M (Peak 30.32M) | Time:00:00.56 | Mem:0.00M, Peak:0.00M | Scene, ViewLayer | Synchronizing object | Eye_White.R
Fra:9 Mem:30.32M (Peak 30.32M) | Time:00:00.56 | Mem:0.00M, Peak:0.00M | Scene, ViewLayer | Synchronizing object | Iris_hair.R
Fra:9 Mem:30.33M (Peak 30.33M) | Time:00:00.56 | Mem:0.00M, Peak:0.00M | Scene, ViewLayer | Synchronizing object | Iris_ink.R
Fra:9 Mem:30.34M (Peak 30.34M) | Time:00:00.56 | Mem:0.00M, Peak:0.00M | Scene, ViewLayer | Synchronizing object | Eye_Glint.R
Fra:9 Mem:30.35M (Peak 30.35M) | Time:00:00.56 | Mem:0.00M, Peak:0.00M | Scene, ViewLayer | Synchronizing object | Upper_Lid.R
Fra:9 Mem:30.36M (Peak 30.36M) | Time:00:00.56 | Mem:0.00M, Peak:0.00M | Scene, ViewLayer | Synchronizing object | Lower_Lid.R
Fra:9 Mem:30.36M (Peak 30.36M) | Time:00:00.56 | Mem:0.00M, Peak:0.00M | Scene, ViewLayer | Synchronizing object | Eyebrow.R
Fra:9 Mem:30.37M (Peak 30.37M) | Time:00:00.56 | Mem:0.00M, Peak:0.00M | Scene, ViewLayer | Synchronizing object | Mouth
Fra:9 Mem:30.50M (Peak 30.50M) | Time:00:00.68 | Mem:0.00M, Peak:0.00M | Scene, ViewLayer | Synchronizing object | Hair_Cap
Fra:9 Mem:30.67M (Peak 30.67M) | Time:00:00.68 | Mem:0.00M, Peak:0.00M | Scene, ViewLayer | Synchronizing object | Review_Rim
Fra:9 Mem:30.67M (Peak 30.67M) | Time:00:00.68 | Mem:0.00M, Peak:0.00M | Scene, ViewLayer | Synchronizing object | Review_Fill
Fra:9 Mem:30.67M (Peak 30.67M) | Time:00:00.68 | Mem:0.00M, Peak:0.00M | Scene, ViewLayer | Synchronizing object | Review_Key
Fra:9 Mem:30.68M (Peak 30.68M) | Time:00:00.68 | Mem:0.00M, Peak:0.00M | Scene, ViewLayer | Synchronizing object | Review_Ground
Fra:9 Mem:30.68M (Peak 30.68M) | Time:00:00.68 | Mem:0.00M, Peak:0.00M | Scene, ViewLayer | Synchronizing object | Tee_Bar
Fra:9 Mem:30.71M (Peak 30.71M) | Time:00:00.68 | Mem:0.00M, Peak:0.00M | Scene, ViewLayer | Synchronizing object | Tee_Dot_1.246
Fra:9 Mem:30.68M (Peak 30.71M) | Time:00:00.68 | Mem:0.00M, Peak:0.00M | Scene, ViewLayer | Synchronizing object | Bangs_00
Fra:9 Mem:30.68M (Peak 30.71M) | Time:00:00.68 | Mem:0.00M, Peak:0.00M | Scene, ViewLayer | Synchronizing object | Tee_Dot_1.275
Fra:9 Mem:30.70M (Peak 30.71M) | Time:00:00.68 | Mem:0.00M, Peak:0.00M | Scene, ViewLayer | Synchronizing object | Back_Lock_6
Fra:9 Mem:30.71M (Peak 30.71M) | Time:00:00.68 | Mem:0.00M, Peak:0.00M | Scene, ViewLayer | Synchronizing object | Bangs_01
Fra:9 Mem:30.73M (Peak 30.73M) | Time:00:00.68 | Mem:0.00M, Peak:0.00M | Scene, ViewLayer | Synchronizing object | Back_Lock_5
Fra:9 Mem:30.74M (Peak 30.74M) | Time:00:00.68 | Mem:0.00M, Peak:0.00M | Scene, ViewLayer | Synchronizing object | Bangs_02
Fra:9 Mem:30.77M (Peak 30.77M) | Time:00:00.68 | Mem:0.00M, Peak:0.00M | Scene, ViewLayer | Synchronizing object | Back_Lock_4
Fra:9 Mem:30.78M (Peak 30.78M) | Time:00:00.68 | Mem:0.00M, Peak:0.00M | Scene, ViewLayer | Synchronizing object | Bangs_03
Fra:9 Mem:30.80M (Peak 30.80M) | Time:00:00.68 | Mem:0.00M, Peak:0.00M | Scene, ViewLayer | Synchronizing object | Back_Lock_3
Fra:9 Mem:30.82M (Peak 30.82M) | Time:00:00.68 | Mem:0.00M, Peak:0.00M | Scene, ViewLayer | Synchronizing object | Bangs_04
Fra:9 Mem:30.83M (Peak 30.83M) | Time:00:00.68 | Mem:0.00M, Peak:0.00M | Scene, ViewLayer | Synchronizing object | Back_Lock_2
Fra:9 Mem:30.85M (Peak 30.85M) | Time:00:00.68 | Mem:0.00M, Peak:0.00M | Scene, ViewLayer | Synchronizing object | Bangs_05
Fra:9 Mem:30.86M (Peak 30.86M) | Time:00:00.68 | Mem:0.00M, Peak:0.00M | Scene, ViewLayer | Synchronizing object | Back_Lock_1
Fra:9 Mem:30.90M (Peak 30.90M) | Time:00:00.68 | Mem:0.00M, Peak:0.00M | Scene, ViewLayer | Synchronizing object | Temple_0.L
Fra:9 Mem:30.90M (Peak 30.90M) | Time:00:00.68 | Mem:0.00M, Peak:0.00M | Scene, ViewLayer | Synchronizing object | Back_Lock_0
Fra:9 Mem:30.93M (Peak 30.93M) | Time:00:00.68 | Mem:0.00M, Peak:0.00M | Scene, ViewLayer | Synchronizing object | Temple_1.L
Fra:9 Mem:30.93M (Peak 30.93M) | Time:00:00.68 | Mem:0.00M, Peak:0.00M | Scene, ViewLayer | Synchronizing object | Crown_0.R
Fra:9 Mem:30.96M (Peak 30.96M) | Time:00:00.68 | Mem:0.00M, Peak:0.00M | Scene, ViewLayer | Synchronizing object | Temple_2.L
Fra:9 Mem:30.97M (Peak 30.97M) | Time:00:00.68 | Mem:0.00M, Peak:0.00M | Scene, ViewLayer | Synchronizing object | Crown_0.L
Fra:9 Mem:31.00M (Peak 31.00M) | Time:00:00.68 | Mem:0.00M, Peak:0.00M | Scene, ViewLayer | Synchronizing object | Nape_0.L
Fra:9 Mem:31.00M (Peak 31.00M) | Time:00:00.68 | Mem:0.00M, Peak:0.00M | Scene, ViewLayer | Synchronizing object | Nape_1.R
Fra:9 Mem:31.04M (Peak 31.04M) | Time:00:00.68 | Mem:0.00M, Peak:0.00M | Scene, ViewLayer | Synchronizing object | Nape_1.L
Fra:9 Mem:31.04M (Peak 31.04M) | Time:00:00.68 | Mem:0.00M, Peak:0.00M | Scene, ViewLayer | Synchronizing object | Nape_0.R
Fra:9 Mem:31.06M (Peak 31.06M) | Time:00:00.68 | Mem:0.00M, Peak:0.00M | Scene, ViewLayer | Synchronizing object | Temple_0.R
Fra:9 Mem:31.07M (Peak 31.07M) | Time:00:00.68 | Mem:0.00M, Peak:0.00M | Scene, ViewLayer | Synchronizing object | Temple_2.R
Fra:9 Mem:31.10M (Peak 31.10M) | Time:00:00.68 | Mem:0.00M, Peak:0.00M | Scene, ViewLayer | Synchronizing object | Temple_1.R
Fra:9 Mem:31.12M (Peak 31.12M) | Time:00:00.68 | Mem:0.00M, Peak:0.00M | Scene, ViewLayer | Initializing
Fra:9 Mem:27.03M (Peak 31.12M) | Time:00:00.68 | Mem:0.00M, Peak:0.00M | Scene, ViewLayer | Updating Images | Loading CHR001_GreyStudy_BaseColor
Fra:9 Mem:28.08M (Peak 31.12M) | Time:00:00.68 | Mem:4.00M, Peak:4.00M | Scene, ViewLayer | Waiting for render to start
Fra:9 Mem:28.08M (Peak 31.12M) | Time:00:00.68 | Mem:4.00M, Peak:4.00M | Scene, ViewLayer | Updating Scene
Fra:9 Mem:28.08M (Peak 31.12M) | Time:00:00.68 | Mem:4.00M, Peak:4.00M | Scene, ViewLayer | Updating Shaders
Fra:9 Mem:28.08M (Peak 31.12M) | Time:00:00.68 | Mem:4.00M, Peak:4.00M | Scene, ViewLayer | Loading render kernels (may take a few minutes the first time)
Fra:9 Mem:28.16M (Peak 31.12M) | Time:00:00.68 | Mem:4.00M, Peak:4.00M | Scene, ViewLayer | Updating Procedurals
Fra:9 Mem:28.16M (Peak 31.12M) | Time:00:00.68 | Mem:4.00M, Peak:4.00M | Scene, ViewLayer | Updating Background
Fra:9 Mem:28.16M (Peak 31.12M) | Time:00:00.68 | Mem:4.00M, Peak:4.00M | Scene, ViewLayer | Updating Camera
Fra:9 Mem:28.16M (Peak 31.12M) | Time:00:00.68 | Mem:4.00M, Peak:4.00M | Scene, ViewLayer | Updating Meshes Flags
Fra:9 Mem:28.16M (Peak 31.12M) | Time:00:00.68 | Mem:4.00M, Peak:4.00M | Scene, ViewLayer | Updating Objects
Fra:9 Mem:28.16M (Peak 31.12M) | Time:00:00.68 | Mem:4.00M, Peak:4.00M | Scene, ViewLayer | Updating Objects | Copying Transformations to device
Fra:9 Mem:28.19M (Peak 31.12M) | Time:00:00.68 | Mem:4.02M, Peak:4.02M | Scene, ViewLayer | Updating Particle Systems
Fra:9 Mem:28.19M (Peak 31.12M) | Time:00:00.68 | Mem:4.02M, Peak:4.02M | Scene, ViewLayer | Updating Particle Systems | Copying Particles to device
Fra:9 Mem:28.19M (Peak 31.12M) | Time:00:00.68 | Mem:4.02M, Peak:4.02M | Scene, ViewLayer | Updating Meshes
Fra:9 Mem:28.19M (Peak 31.12M) | Time:00:00.68 | Mem:4.02M, Peak:4.02M | Scene, ViewLayer | Updating Objects | Applying Static Transformations
Fra:9 Mem:28.19M (Peak 31.12M) | Time:00:00.68 | Mem:4.02M, Peak:4.02M | Scene, ViewLayer | Updating Mesh | Computing attributes
Fra:9 Mem:29.20M (Peak 31.12M) | Time:00:00.68 | Mem:4.03M, Peak:4.03M | Scene, ViewLayer | Updating Mesh | Copying Attributes to device
Fra:9 Mem:29.19M (Peak 31.12M) | Time:00:00.68 | Mem:5.02M, Peak:5.02M | Scene, ViewLayer | Updating Scene BVH | Building
Fra:9 Mem:29.19M (Peak 31.12M) | Time:00:00.68 | Mem:5.02M, Peak:5.02M | Scene, ViewLayer | Updating Scene BVH | Building BVH
Fra:9 Mem:29.19M (Peak 31.12M) | Time:00:00.68 | Mem:6.08M, Peak:6.08M | Scene, ViewLayer | Updating Scene BVH | Building BVH 0%
Fra:9 Mem:29.19M (Peak 31.12M) | Time:00:00.69 | Mem:7.23M, Peak:8.28M | Scene, ViewLayer | Updating Scene BVH | Copying BVH to device
Fra:9 Mem:29.19M (Peak 31.12M) | Time:00:00.69 | Mem:7.23M, Peak:8.28M | Scene, ViewLayer | Updating Mesh | Computing normals
Fra:9 Mem:30.12M (Peak 31.12M) | Time:00:00.69 | Mem:7.23M, Peak:8.28M | Scene, ViewLayer | Updating Mesh | Copying Mesh to device
Fra:9 Mem:30.12M (Peak 31.12M) | Time:00:00.69 | Mem:8.16M, Peak:8.28M | Scene, ViewLayer | Updating Objects Flags
Fra:9 Mem:30.12M (Peak 31.12M) | Time:00:00.69 | Mem:8.16M, Peak:8.28M | Scene, ViewLayer | Updating Primitive Offsets
Fra:9 Mem:30.12M (Peak 31.12M) | Time:00:00.69 | Mem:8.16M, Peak:8.28M | Scene, ViewLayer | Updating Images
Fra:9 Mem:30.12M (Peak 31.12M) | Time:00:00.69 | Mem:8.16M, Peak:8.28M | Scene, ViewLayer | Updating Camera Volume
Fra:9 Mem:30.12M (Peak 31.12M) | Time:00:00.69 | Mem:8.16M, Peak:8.28M | Scene, ViewLayer | Updating Lookup Tables
Fra:9 Mem:30.12M (Peak 31.12M) | Time:00:00.69 | Mem:8.24M, Peak:8.28M | Scene, ViewLayer | Updating Lights
Fra:9 Mem:30.12M (Peak 31.12M) | Time:00:00.69 | Mem:8.24M, Peak:8.28M | Scene, ViewLayer | Updating Lights | Computing tree
Fra:9 Mem:30.12M (Peak 31.12M) | Time:00:00.69 | Mem:8.24M, Peak:8.28M | Scene, ViewLayer | Updating Integrator
Fra:9 Mem:30.12M (Peak 31.12M) | Time:00:00.69 | Mem:8.24M, Peak:8.28M | Scene, ViewLayer | Updating Film
Fra:9 Mem:30.13M (Peak 31.12M) | Time:00:00.69 | Mem:8.16M, Peak:8.28M | Scene, ViewLayer | Updating Lookup Tables
Fra:9 Mem:30.13M (Peak 31.12M) | Time:00:00.69 | Mem:8.25M, Peak:8.28M | Scene, ViewLayer | Updating Baking
Fra:9 Mem:30.13M (Peak 31.12M) | Time:00:00.69 | Mem:8.25M, Peak:8.28M | Scene, ViewLayer | Updating Device | Writing constant memory
Fra:9 Mem:30.13M (Peak 31.12M) | Time:00:00.69 | Mem:8.25M, Peak:8.28M | Scene, ViewLayer | Loading denoising kernels (may take a few minutes the first time)
Fra:9 Mem:30.13M (Peak 31.12M) | Time:00:00.69 | Mem:8.25M, Peak:8.28M | Scene, ViewLayer | Sample 0/12
Fra:9 Mem:44.40M (Peak 44.40M) | Time:00:00.86 | Remaining:00:01.86 | Mem:22.51M, Peak:22.51M | Scene, ViewLayer | Sample 1/12
Fra:9 Mem:50.40M (Peak 59.41M) | Time:00:04.75 | Mem:22.51M, Peak:22.51M | Scene, ViewLayer | Sample 12/12
Fra:9 Mem:50.40M (Peak 59.41M) | Time:00:04.75 | Mem:22.51M, Peak:22.51M | Scene, ViewLayer | Finished
Saved: '/home/lzzz/MyProjects/N-SIDE/output/characters/CHR-001/animation-r2/candidate-b/run/004.png'
Time: 00:04.77 (Saving: 00:00.01)

Fra:11 Mem:26.15M (Peak 26.15M) | Time:00:00.00 | Mem:0.00M, Peak:0.00M | Scene, ViewLayer | Synchronizing object | TShirt
Fra:11 Mem:26.31M (Peak 26.31M) | Time:00:00.01 | Mem:0.00M, Peak:0.00M | Scene, ViewLayer | Synchronizing object | TShirt_Collar
Fra:11 Mem:26.33M (Peak 26.33M) | Time:00:00.01 | Mem:0.00M, Peak:0.00M | Scene, ViewLayer | Synchronizing object | Hood
Fra:11 Mem:26.39M (Peak 26.39M) | Time:00:00.01 | Mem:0.00M, Peak:0.00M | Scene, ViewLayer | Synchronizing object | Sleeve_Cuff.L
Fra:11 Mem:26.39M (Peak 26.39M) | Time:00:00.01 | Mem:0.00M, Peak:0.00M | Scene, ViewLayer | Synchronizing object | Zip_Tape.L
Fra:11 Mem:26.40M (Peak 26.40M) | Time:00:00.01 | Mem:0.00M, Peak:0.00M | Scene, ViewLayer | Synchronizing object | Hood_Cord.L
Fra:11 Mem:26.44M (Peak 26.44M) | Time:00:00.02 | Mem:0.00M, Peak:0.00M | Scene, ViewLayer | Synchronizing object | Palm.L
Fra:11 Mem:26.49M (Peak 26.49M) | Time:00:00.02 | Mem:0.00M, Peak:0.00M | Scene, ViewLayer | Synchronizing object | Index_Mesh.L
Fra:11 Mem:26.49M (Peak 26.49M) | Time:00:00.02 | Mem:0.00M, Peak:0.00M | Scene, ViewLayer | Synchronizing object | Middle_Mesh.L
Fra:11 Mem:26.53M (Peak 26.53M) | Time:00:00.02 | Mem:0.00M, Peak:0.00M | Scene, ViewLayer | Synchronizing object | Ring_Mesh.L
Fra:11 Mem:26.51M (Peak 26.53M) | Time:00:00.02 | Mem:0.00M, Peak:0.00M | Scene, ViewLayer | Synchronizing object | Pinky_Mesh.L
Fra:11 Mem:26.51M (Peak 26.53M) | Time:00:00.02 | Mem:0.00M, Peak:0.00M | Scene, ViewLayer | Synchronizing object | Thumb_Mesh.L
Fra:11 Mem:26.69M (Peak 26.69M) | Time:00:00.05 | Mem:0.00M, Peak:0.00M | Scene, ViewLayer | Synchronizing object | Trousers.L
Fra:11 Mem:26.95M (Peak 26.95M) | Time:00:00.05 | Mem:0.00M, Peak:0.00M | Scene, ViewLayer | Synchronizing object | Sneaker_Sole.L
Fra:11 Mem:26.97M (Peak 26.97M) | Time:00:00.05 | Mem:0.00M, Peak:0.00M | Scene, ViewLayer | Synchronizing object | Sneaker_Upper.L
Fra:11 Mem:26.99M (Peak 26.99M) | Time:00:00.05 | Mem:0.00M, Peak:0.00M | Scene, ViewLayer | Synchronizing object | Sock.L
Fra:11 Mem:26.99M (Peak 26.99M) | Time:00:00.05 | Mem:0.00M, Peak:0.00M | Scene, ViewLayer | Synchronizing object | Lace_0.L
Fra:11 Mem:27.00M (Peak 27.00M) | Time:00:00.05 | Mem:0.00M, Peak:0.00M | Scene, ViewLayer | Synchronizing object | Lace_1.L
Fra:11 Mem:27.00M (Peak 27.00M) | Time:00:00.05 | Mem:0.00M, Peak:0.00M | Scene, ViewLayer | Synchronizing object | Lace_2.L
Fra:11 Mem:27.00M (Peak 27.00M) | Time:00:00.05 | Mem:0.00M, Peak:0.00M | Scene, ViewLayer | Synchronizing object | Lace_3.L
Fra:11 Mem:27.01M (Peak 27.01M) | Time:00:00.05 | Mem:0.00M, Peak:0.00M | Scene, ViewLayer | Synchronizing object | Heel_Tab.L
Fra:11 Mem:27.01M (Peak 27.01M) | Time:00:00.05 | Mem:0.00M, Peak:0.00M | Scene, ViewLayer | Synchronizing object | Sleeve_Cuff.R
Fra:11 Mem:27.01M (Peak 27.01M) | Time:00:00.05 | Mem:0.00M, Peak:0.00M | Scene, ViewLayer | Synchronizing object | Zip_Tape.R
Fra:11 Mem:27.02M (Peak 27.02M) | Time:00:00.05 | Mem:0.00M, Peak:0.00M | Scene, ViewLayer | Synchronizing object | Hood_Cord.R
Fra:11 Mem:27.06M (Peak 27.06M) | Time:00:00.06 | Mem:0.00M, Peak:0.00M | Scene, ViewLayer | Synchronizing object | Palm.R
Fra:11 Mem:27.11M (Peak 27.11M) | Time:00:00.06 | Mem:0.00M, Peak:0.00M | Scene, ViewLayer | Synchronizing object | Index_Mesh.R
Fra:11 Mem:27.11M (Peak 27.11M) | Time:00:00.06 | Mem:0.00M, Peak:0.00M | Scene, ViewLayer | Synchronizing object | Middle_Mesh.R
Fra:11 Mem:27.12M (Peak 27.12M) | Time:00:00.06 | Mem:0.00M, Peak:0.00M | Scene, ViewLayer | Synchronizing object | Ring_Mesh.R
Fra:11 Mem:27.13M (Peak 27.13M) | Time:00:00.06 | Mem:0.00M, Peak:0.00M | Scene, ViewLayer | Synchronizing object | Pinky_Mesh.R
Fra:11 Mem:27.14M (Peak 27.14M) | Time:00:00.06 | Mem:0.00M, Peak:0.00M | Scene, ViewLayer | Synchronizing object | Thumb_Mesh.R
Fra:11 Mem:27.31M (Peak 27.31M) | Time:00:00.09 | Mem:0.00M, Peak:0.00M | Scene, ViewLayer | Synchronizing object | Trousers.R
Fra:11 Mem:27.59M (Peak 27.59M) | Time:00:00.09 | Mem:0.00M, Peak:0.00M | Scene, ViewLayer | Synchronizing object | Sneaker_Sole.R
Fra:11 Mem:27.60M (Peak 27.60M) | Time:00:00.09 | Mem:0.00M, Peak:0.00M | Scene, ViewLayer | Synchronizing object | Sneaker_Upper.R
Fra:11 Mem:27.64M (Peak 27.64M) | Time:00:00.09 | Mem:0.00M, Peak:0.00M | Scene, ViewLayer | Synchronizing object | Sock.R
Fra:11 Mem:27.72M (Peak 27.72M) | Time:00:00.09 | Mem:0.00M, Peak:0.00M | Scene, ViewLayer | Synchronizing object | Lace_0.R
Fra:11 Mem:27.72M (Peak 27.72M) | Time:00:00.09 | Mem:0.00M, Peak:0.00M | Scene, ViewLayer | Synchronizing object | Lace_1.R
Fra:11 Mem:27.65M (Peak 27.72M) | Time:00:00.09 | Mem:0.00M, Peak:0.00M | Scene, ViewLayer | Synchronizing object | Lace_2.R
Fra:11 Mem:27.65M (Peak 27.72M) | Time:00:00.09 | Mem:0.00M, Peak:0.00M | Scene, ViewLayer | Synchronizing object | Lace_3.R
Fra:11 Mem:27.66M (Peak 27.72M) | Time:00:00.09 | Mem:0.00M, Peak:0.00M | Scene, ViewLayer | Synchronizing object | Heel_Tab.R
Fra:11 Mem:28.20M (Peak 28.20M) | Time:00:00.12 | Mem:0.00M, Peak:0.00M | Scene, ViewLayer | Synchronizing object | Jacket_ContinuousShoulders
Fra:11 Mem:29.43M (Peak 29.43M) | Time:00:00.52 | Mem:0.00M, Peak:0.00M | Scene, ViewLayer | Synchronizing object | Face_Head
Fra:11 Mem:30.09M (Peak 30.09M) | Time:00:00.54 | Mem:0.00M, Peak:0.00M | Scene, ViewLayer | Synchronizing object | Ear.L
Fra:11 Mem:30.15M (Peak 30.15M) | Time:00:00.54 | Mem:0.00M, Peak:0.00M | Scene, ViewLayer | Synchronizing object | Ear_Fold.L
Fra:11 Mem:30.20M (Peak 30.20M) | Time:00:00.55 | Mem:0.00M, Peak:0.00M | Scene, ViewLayer | Synchronizing object | Ear.R
Fra:11 Mem:30.26M (Peak 30.26M) | Time:00:00.55 | Mem:0.00M, Peak:0.00M | Scene, ViewLayer | Synchronizing object | Ear_Fold.R
Fra:11 Mem:30.27M (Peak 30.27M) | Time:00:00.55 | Mem:0.00M, Peak:0.00M | Scene, ViewLayer | Synchronizing object | Eye_White.L
Fra:11 Mem:30.29M (Peak 30.29M) | Time:00:00.55 | Mem:0.00M, Peak:0.00M | Scene, ViewLayer | Synchronizing object | Iris_hair.L
Fra:11 Mem:30.28M (Peak 30.29M) | Time:00:00.55 | Mem:0.00M, Peak:0.00M | Scene, ViewLayer | Synchronizing object | Iris_ink.L
Fra:11 Mem:30.29M (Peak 30.29M) | Time:00:00.55 | Mem:0.00M, Peak:0.00M | Scene, ViewLayer | Synchronizing object | Eye_Glint.L
Fra:11 Mem:30.29M (Peak 30.29M) | Time:00:00.55 | Mem:0.00M, Peak:0.00M | Scene, ViewLayer | Synchronizing object | Upper_Lid.L
Fra:11 Mem:30.31M (Peak 30.31M) | Time:00:00.55 | Mem:0.00M, Peak:0.00M | Scene, ViewLayer | Synchronizing object | Lower_Lid.L
Fra:11 Mem:30.31M (Peak 30.31M) | Time:00:00.55 | Mem:0.00M, Peak:0.00M | Scene, ViewLayer | Synchronizing object | Eyebrow.L
Fra:11 Mem:30.32M (Peak 30.32M) | Time:00:00.55 | Mem:0.00M, Peak:0.00M | Scene, ViewLayer | Synchronizing object | Eye_White.R
Fra:11 Mem:30.32M (Peak 30.32M) | Time:00:00.55 | Mem:0.00M, Peak:0.00M | Scene, ViewLayer | Synchronizing object | Iris_hair.R
Fra:11 Mem:30.33M (Peak 30.33M) | Time:00:00.55 | Mem:0.00M, Peak:0.00M | Scene, ViewLayer | Synchronizing object | Iris_ink.R
Fra:11 Mem:30.34M (Peak 30.34M) | Time:00:00.55 | Mem:0.00M, Peak:0.00M | Scene, ViewLayer | Synchronizing object | Eye_Glint.R
Fra:11 Mem:30.35M (Peak 30.35M) | Time:00:00.55 | Mem:0.00M, Peak:0.00M | Scene, ViewLayer | Synchronizing object | Upper_Lid.R
Fra:11 Mem:30.36M (Peak 30.36M) | Time:00:00.55 | Mem:0.00M, Peak:0.00M | Scene, ViewLayer | Synchronizing object | Lower_Lid.R
Fra:11 Mem:30.36M (Peak 30.36M) | Time:00:00.55 | Mem:0.00M, Peak:0.00M | Scene, ViewLayer | Synchronizing object | Eyebrow.R
Fra:11 Mem:30.37M (Peak 30.37M) | Time:00:00.55 | Mem:0.00M, Peak:0.00M | Scene, ViewLayer | Synchronizing object | Mouth
Fra:11 Mem:30.50M (Peak 30.50M) | Time:00:00.66 | Mem:0.00M, Peak:0.00M | Scene, ViewLayer | Synchronizing object | Hair_Cap
Fra:11 Mem:30.67M (Peak 30.67M) | Time:00:00.66 | Mem:0.00M, Peak:0.00M | Scene, ViewLayer | Synchronizing object | Review_Rim
Fra:11 Mem:30.67M (Peak 30.67M) | Time:00:00.66 | Mem:0.00M, Peak:0.00M | Scene, ViewLayer | Synchronizing object | Review_Fill
Fra:11 Mem:30.67M (Peak 30.67M) | Time:00:00.66 | Mem:0.00M, Peak:0.00M | Scene, ViewLayer | Synchronizing object | Review_Key
Fra:11 Mem:30.68M (Peak 30.68M) | Time:00:00.66 | Mem:0.00M, Peak:0.00M | Scene, ViewLayer | Synchronizing object | Review_Ground
Fra:11 Mem:30.71M (Peak 30.71M) | Time:00:00.66 | Mem:0.00M, Peak:0.00M | Scene, ViewLayer | Synchronizing object | Tee_Bar
Fra:11 Mem:30.71M (Peak 30.71M) | Time:00:00.66 | Mem:0.00M, Peak:0.00M | Scene, ViewLayer | Synchronizing object | Tee_Dot_1.246
Fra:11 Mem:30.68M (Peak 30.71M) | Time:00:00.66 | Mem:0.00M, Peak:0.00M | Scene, ViewLayer | Synchronizing object | Bangs_00
Fra:11 Mem:30.70M (Peak 30.71M) | Time:00:00.66 | Mem:0.00M, Peak:0.00M | Scene, ViewLayer | Synchronizing object | Tee_Dot_1.275
Fra:11 Mem:30.70M (Peak 30.71M) | Time:00:00.66 | Mem:0.00M, Peak:0.00M | Scene, ViewLayer | Synchronizing object | Back_Lock_6
Fra:11 Mem:30.71M (Peak 30.71M) | Time:00:00.66 | Mem:0.00M, Peak:0.00M | Scene, ViewLayer | Synchronizing object | Bangs_01
Fra:11 Mem:30.74M (Peak 30.74M) | Time:00:00.66 | Mem:0.00M, Peak:0.00M | Scene, ViewLayer | Synchronizing object | Back_Lock_5
Fra:11 Mem:30.74M (Peak 30.74M) | Time:00:00.66 | Mem:0.00M, Peak:0.00M | Scene, ViewLayer | Synchronizing object | Bangs_02
Fra:11 Mem:30.77M (Peak 30.77M) | Time:00:00.66 | Mem:0.00M, Peak:0.00M | Scene, ViewLayer | Synchronizing object | Back_Lock_4
Fra:11 Mem:30.78M (Peak 30.78M) | Time:00:00.66 | Mem:0.00M, Peak:0.00M | Scene, ViewLayer | Synchronizing object | Bangs_03
Fra:11 Mem:30.80M (Peak 30.80M) | Time:00:00.66 | Mem:0.00M, Peak:0.00M | Scene, ViewLayer | Synchronizing object | Back_Lock_3
Fra:11 Mem:30.82M (Peak 30.82M) | Time:00:00.66 | Mem:0.00M, Peak:0.00M | Scene, ViewLayer | Synchronizing object | Bangs_04
Fra:11 Mem:30.84M (Peak 30.84M) | Time:00:00.66 | Mem:0.00M, Peak:0.00M | Scene, ViewLayer | Synchronizing object | Back_Lock_2
Fra:11 Mem:30.85M (Peak 30.85M) | Time:00:00.66 | Mem:0.00M, Peak:0.00M | Scene, ViewLayer | Synchronizing object | Bangs_05
Fra:11 Mem:30.87M (Peak 30.87M) | Time:00:00.66 | Mem:0.00M, Peak:0.00M | Scene, ViewLayer | Synchronizing object | Back_Lock_1
Fra:11 Mem:30.89M (Peak 30.89M) | Time:00:00.66 | Mem:0.00M, Peak:0.00M | Scene, ViewLayer | Synchronizing object | Temple_0.L
Fra:11 Mem:30.90M (Peak 30.90M) | Time:00:00.66 | Mem:0.00M, Peak:0.00M | Scene, ViewLayer | Synchronizing object | Back_Lock_0
Fra:11 Mem:30.93M (Peak 30.93M) | Time:00:00.66 | Mem:0.00M, Peak:0.00M | Scene, ViewLayer | Synchronizing object | Temple_1.L
Fra:11 Mem:30.94M (Peak 30.94M) | Time:00:00.66 | Mem:0.00M, Peak:0.00M | Scene, ViewLayer | Synchronizing object | Crown_0.R
Fra:11 Mem:30.96M (Peak 30.96M) | Time:00:00.66 | Mem:0.00M, Peak:0.00M | Scene, ViewLayer | Synchronizing object | Temple_2.L
Fra:11 Mem:30.97M (Peak 30.97M) | Time:00:00.66 | Mem:0.00M, Peak:0.00M | Scene, ViewLayer | Synchronizing object | Crown_0.L
Fra:11 Mem:31.00M (Peak 31.00M) | Time:00:00.66 | Mem:0.00M, Peak:0.00M | Scene, ViewLayer | Synchronizing object | Nape_0.L
Fra:11 Mem:31.00M (Peak 31.00M) | Time:00:00.66 | Mem:0.00M, Peak:0.00M | Scene, ViewLayer | Synchronizing object | Nape_1.R
Fra:11 Mem:31.03M (Peak 31.03M) | Time:00:00.66 | Mem:0.00M, Peak:0.00M | Scene, ViewLayer | Synchronizing object | Nape_0.R
Fra:11 Mem:31.03M (Peak 31.03M) | Time:00:00.66 | Mem:0.00M, Peak:0.00M | Scene, ViewLayer | Synchronizing object | Nape_1.L
Fra:11 Mem:31.06M (Peak 31.06M) | Time:00:00.66 | Mem:0.00M, Peak:0.00M | Scene, ViewLayer | Synchronizing object | Temple_2.R
Fra:11 Mem:31.08M (Peak 31.08M) | Time:00:00.66 | Mem:0.00M, Peak:0.00M | Scene, ViewLayer | Synchronizing object | Temple_0.R
Fra:11 Mem:31.10M (Peak 31.10M) | Time:00:00.66 | Mem:0.00M, Peak:0.00M | Scene, ViewLayer | Synchronizing object | Temple_1.R
Fra:11 Mem:31.12M (Peak 31.12M) | Time:00:00.66 | Mem:0.00M, Peak:0.00M | Scene, ViewLayer | Initializing
Fra:11 Mem:27.03M (Peak 31.12M) | Time:00:00.66 | Mem:0.00M, Peak:0.00M | Scene, ViewLayer | Updating Images | Loading CHR001_GreyStudy_BaseColor
Fra:11 Mem:28.08M (Peak 31.12M) | Time:00:00.67 | Mem:4.00M, Peak:4.00M | Scene, ViewLayer | Waiting for render to start
Fra:11 Mem:28.08M (Peak 31.12M) | Time:00:00.67 | Mem:4.00M, Peak:4.00M | Scene, ViewLayer | Updating Scene
Fra:11 Mem:28.08M (Peak 31.12M) | Time:00:00.67 | Mem:4.00M, Peak:4.00M | Scene, ViewLayer | Updating Shaders
Fra:11 Mem:28.08M (Peak 31.12M) | Time:00:00.67 | Mem:4.00M, Peak:4.00M | Scene, ViewLayer | Loading render kernels (may take a few minutes the first time)
Fra:11 Mem:28.16M (Peak 31.12M) | Time:00:00.67 | Mem:4.00M, Peak:4.00M | Scene, ViewLayer | Updating Procedurals
Fra:11 Mem:28.16M (Peak 31.12M) | Time:00:00.67 | Mem:4.00M, Peak:4.00M | Scene, ViewLayer | Updating Background
Fra:11 Mem:28.16M (Peak 31.12M) | Time:00:00.67 | Mem:4.00M, Peak:4.00M | Scene, ViewLayer | Updating Camera
Fra:11 Mem:28.16M (Peak 31.12M) | Time:00:00.67 | Mem:4.00M, Peak:4.00M | Scene, ViewLayer | Updating Meshes Flags
Fra:11 Mem:28.16M (Peak 31.12M) | Time:00:00.67 | Mem:4.00M, Peak:4.00M | Scene, ViewLayer | Updating Objects
Fra:11 Mem:28.16M (Peak 31.12M) | Time:00:00.67 | Mem:4.00M, Peak:4.00M | Scene, ViewLayer | Updating Objects | Copying Transformations to device
Fra:11 Mem:28.19M (Peak 31.12M) | Time:00:00.67 | Mem:4.02M, Peak:4.02M | Scene, ViewLayer | Updating Particle Systems
Fra:11 Mem:28.19M (Peak 31.12M) | Time:00:00.67 | Mem:4.02M, Peak:4.02M | Scene, ViewLayer | Updating Particle Systems | Copying Particles to device
Fra:11 Mem:28.19M (Peak 31.12M) | Time:00:00.67 | Mem:4.02M, Peak:4.02M | Scene, ViewLayer | Updating Meshes
Fra:11 Mem:28.19M (Peak 31.12M) | Time:00:00.67 | Mem:4.02M, Peak:4.02M | Scene, ViewLayer | Updating Objects | Applying Static Transformations
Fra:11 Mem:28.19M (Peak 31.12M) | Time:00:00.67 | Mem:4.02M, Peak:4.02M | Scene, ViewLayer | Updating Mesh | Computing attributes
Fra:11 Mem:29.20M (Peak 31.12M) | Time:00:00.67 | Mem:4.03M, Peak:4.03M | Scene, ViewLayer | Updating Mesh | Copying Attributes to device
Fra:11 Mem:29.19M (Peak 31.12M) | Time:00:00.67 | Mem:5.02M, Peak:5.02M | Scene, ViewLayer | Updating Scene BVH | Building
Fra:11 Mem:29.19M (Peak 31.12M) | Time:00:00.67 | Mem:5.02M, Peak:5.02M | Scene, ViewLayer | Updating Scene BVH | Building BVH
Fra:11 Mem:29.19M (Peak 31.12M) | Time:00:00.67 | Mem:6.08M, Peak:6.08M | Scene, ViewLayer | Updating Scene BVH | Building BVH 0%
Fra:11 Mem:29.19M (Peak 31.12M) | Time:00:00.67 | Mem:7.23M, Peak:8.28M | Scene, ViewLayer | Updating Scene BVH | Copying BVH to device
Fra:11 Mem:29.19M (Peak 31.12M) | Time:00:00.67 | Mem:7.23M, Peak:8.28M | Scene, ViewLayer | Updating Mesh | Computing normals
Fra:11 Mem:30.12M (Peak 31.12M) | Time:00:00.67 | Mem:7.23M, Peak:8.28M | Scene, ViewLayer | Updating Mesh | Copying Mesh to device
Fra:11 Mem:30.12M (Peak 31.12M) | Time:00:00.67 | Mem:8.16M, Peak:8.28M | Scene, ViewLayer | Updating Objects Flags
Fra:11 Mem:30.12M (Peak 31.12M) | Time:00:00.67 | Mem:8.16M, Peak:8.28M | Scene, ViewLayer | Updating Primitive Offsets
Fra:11 Mem:30.12M (Peak 31.12M) | Time:00:00.67 | Mem:8.16M, Peak:8.28M | Scene, ViewLayer | Updating Images
Fra:11 Mem:30.12M (Peak 31.12M) | Time:00:00.67 | Mem:8.16M, Peak:8.28M | Scene, ViewLayer | Updating Camera Volume
Fra:11 Mem:30.12M (Peak 31.12M) | Time:00:00.67 | Mem:8.16M, Peak:8.28M | Scene, ViewLayer | Updating Lookup Tables
Fra:11 Mem:30.12M (Peak 31.12M) | Time:00:00.67 | Mem:8.24M, Peak:8.28M | Scene, ViewLayer | Updating Lights
Fra:11 Mem:30.12M (Peak 31.12M) | Time:00:00.67 | Mem:8.24M, Peak:8.28M | Scene, ViewLayer | Updating Lights | Computing tree
Fra:11 Mem:30.12M (Peak 31.12M) | Time:00:00.67 | Mem:8.24M, Peak:8.28M | Scene, ViewLayer | Updating Integrator
Fra:11 Mem:30.12M (Peak 31.12M) | Time:00:00.67 | Mem:8.24M, Peak:8.28M | Scene, ViewLayer | Updating Film
Fra:11 Mem:30.13M (Peak 31.12M) | Time:00:00.67 | Mem:8.16M, Peak:8.28M | Scene, ViewLayer | Updating Lookup Tables
Fra:11 Mem:30.13M (Peak 31.12M) | Time:00:00.67 | Mem:8.25M, Peak:8.28M | Scene, ViewLayer | Updating Baking
Fra:11 Mem:30.13M (Peak 31.12M) | Time:00:00.67 | Mem:8.25M, Peak:8.28M | Scene, ViewLayer | Updating Device | Writing constant memory
Fra:11 Mem:30.13M (Peak 31.12M) | Time:00:00.67 | Mem:8.25M, Peak:8.28M | Scene, ViewLayer | Loading denoising kernels (may take a few minutes the first time)
Fra:11 Mem:30.13M (Peak 31.12M) | Time:00:00.67 | Mem:8.25M, Peak:8.28M | Scene, ViewLayer | Sample 0/12
Fra:11 Mem:44.40M (Peak 44.40M) | Time:00:00.84 | Remaining:00:01.87 | Mem:22.51M, Peak:22.51M | Scene, ViewLayer | Sample 1/12
Fra:11 Mem:50.40M (Peak 59.41M) | Time:00:04.75 | Mem:22.51M, Peak:22.51M | Scene, ViewLayer | Sample 12/12
Fra:11 Mem:50.40M (Peak 59.41M) | Time:00:04.75 | Mem:22.51M, Peak:22.51M | Scene, ViewLayer | Finished
Saved: '/home/lzzz/MyProjects/N-SIDE/output/characters/CHR-001/animation-r2/candidate-b/run/005.png'
Time: 00:04.77 (Saving: 00:00.01)

Fra:13 Mem:26.15M (Peak 26.15M) | Time:00:00.00 | Mem:0.00M, Peak:0.00M | Scene, ViewLayer | Synchronizing object | TShirt
Fra:13 Mem:26.31M (Peak 26.31M) | Time:00:00.01 | Mem:0.00M, Peak:0.00M | Scene, ViewLayer | Synchronizing object | TShirt_Collar
Fra:13 Mem:26.34M (Peak 26.34M) | Time:00:00.01 | Mem:0.00M, Peak:0.00M | Scene, ViewLayer | Synchronizing object | Hood
Fra:13 Mem:26.39M (Peak 26.39M) | Time:00:00.01 | Mem:0.00M, Peak:0.00M | Scene, ViewLayer | Synchronizing object | Sleeve_Cuff.L
Fra:13 Mem:26.39M (Peak 26.39M) | Time:00:00.01 | Mem:0.00M, Peak:0.00M | Scene, ViewLayer | Synchronizing object | Zip_Tape.L
Fra:13 Mem:26.40M (Peak 26.40M) | Time:00:00.01 | Mem:0.00M, Peak:0.00M | Scene, ViewLayer | Synchronizing object | Hood_Cord.L
Fra:13 Mem:26.44M (Peak 26.44M) | Time:00:00.02 | Mem:0.00M, Peak:0.00M | Scene, ViewLayer | Synchronizing object | Palm.L
Fra:13 Mem:26.49M (Peak 26.49M) | Time:00:00.02 | Mem:0.00M, Peak:0.00M | Scene, ViewLayer | Synchronizing object | Index_Mesh.L
Fra:13 Mem:26.49M (Peak 26.49M) | Time:00:00.02 | Mem:0.00M, Peak:0.00M | Scene, ViewLayer | Synchronizing object | Middle_Mesh.L
Fra:13 Mem:26.53M (Peak 26.53M) | Time:00:00.02 | Mem:0.00M, Peak:0.00M | Scene, ViewLayer | Synchronizing object | Ring_Mesh.L
Fra:13 Mem:26.51M (Peak 26.53M) | Time:00:00.02 | Mem:0.00M, Peak:0.00M | Scene, ViewLayer | Synchronizing object | Pinky_Mesh.L
Fra:13 Mem:26.51M (Peak 26.53M) | Time:00:00.02 | Mem:0.00M, Peak:0.00M | Scene, ViewLayer | Synchronizing object | Thumb_Mesh.L
Fra:13 Mem:26.69M (Peak 26.69M) | Time:00:00.05 | Mem:0.00M, Peak:0.00M | Scene, ViewLayer | Synchronizing object | Trousers.L
Fra:13 Mem:26.95M (Peak 26.95M) | Time:00:00.05 | Mem:0.00M, Peak:0.00M | Scene, ViewLayer | Synchronizing object | Sneaker_Sole.L
Fra:13 Mem:26.97M (Peak 26.97M) | Time:00:00.05 | Mem:0.00M, Peak:0.00M | Scene, ViewLayer | Synchronizing object | Sneaker_Upper.L
Fra:13 Mem:26.99M (Peak 26.99M) | Time:00:00.05 | Mem:0.00M, Peak:0.00M | Scene, ViewLayer | Synchronizing object | Sock.L
Fra:13 Mem:26.99M (Peak 26.99M) | Time:00:00.05 | Mem:0.00M, Peak:0.00M | Scene, ViewLayer | Synchronizing object | Lace_0.L
Fra:13 Mem:27.00M (Peak 27.00M) | Time:00:00.05 | Mem:0.00M, Peak:0.00M | Scene, ViewLayer | Synchronizing object | Lace_1.L
Fra:13 Mem:27.00M (Peak 27.00M) | Time:00:00.05 | Mem:0.00M, Peak:0.00M | Scene, ViewLayer | Synchronizing object | Lace_2.L
Fra:13 Mem:27.00M (Peak 27.00M) | Time:00:00.05 | Mem:0.00M, Peak:0.00M | Scene, ViewLayer | Synchronizing object | Lace_3.L
Fra:13 Mem:27.01M (Peak 27.01M) | Time:00:00.05 | Mem:0.00M, Peak:0.00M | Scene, ViewLayer | Synchronizing object | Heel_Tab.L
Fra:13 Mem:27.01M (Peak 27.01M) | Time:00:00.05 | Mem:0.00M, Peak:0.00M | Scene, ViewLayer | Synchronizing object | Sleeve_Cuff.R
Fra:13 Mem:27.01M (Peak 27.01M) | Time:00:00.05 | Mem:0.00M, Peak:0.00M | Scene, ViewLayer | Synchronizing object | Zip_Tape.R
Fra:13 Mem:27.02M (Peak 27.02M) | Time:00:00.05 | Mem:0.00M, Peak:0.00M | Scene, ViewLayer | Synchronizing object | Hood_Cord.R
Fra:13 Mem:27.06M (Peak 27.06M) | Time:00:00.06 | Mem:0.00M, Peak:0.00M | Scene, ViewLayer | Synchronizing object | Palm.R
Fra:13 Mem:27.11M (Peak 27.11M) | Time:00:00.06 | Mem:0.00M, Peak:0.00M | Scene, ViewLayer | Synchronizing object | Index_Mesh.R
Fra:13 Mem:27.11M (Peak 27.11M) | Time:00:00.06 | Mem:0.00M, Peak:0.00M | Scene, ViewLayer | Synchronizing object | Middle_Mesh.R
Fra:13 Mem:27.12M (Peak 27.12M) | Time:00:00.06 | Mem:0.00M, Peak:0.00M | Scene, ViewLayer | Synchronizing object | Ring_Mesh.R
Fra:13 Mem:27.15M (Peak 27.15M) | Time:00:00.06 | Mem:0.00M, Peak:0.00M | Scene, ViewLayer | Synchronizing object | Pinky_Mesh.R
Fra:13 Mem:27.13M (Peak 27.15M) | Time:00:00.06 | Mem:0.00M, Peak:0.00M | Scene, ViewLayer | Synchronizing object | Thumb_Mesh.R
Fra:13 Mem:27.31M (Peak 27.31M) | Time:00:00.10 | Mem:0.00M, Peak:0.00M | Scene, ViewLayer | Synchronizing object | Trousers.R
Fra:13 Mem:27.59M (Peak 27.59M) | Time:00:00.10 | Mem:0.00M, Peak:0.00M | Scene, ViewLayer | Synchronizing object | Sneaker_Sole.R
Fra:13 Mem:27.60M (Peak 27.60M) | Time:00:00.10 | Mem:0.00M, Peak:0.00M | Scene, ViewLayer | Synchronizing object | Sneaker_Upper.R
Fra:13 Mem:27.62M (Peak 27.62M) | Time:00:00.10 | Mem:0.00M, Peak:0.00M | Scene, ViewLayer | Synchronizing object | Sock.R
Fra:13 Mem:27.72M (Peak 27.72M) | Time:00:00.10 | Mem:0.00M, Peak:0.00M | Scene, ViewLayer | Synchronizing object | Lace_0.R
Fra:13 Mem:27.72M (Peak 27.72M) | Time:00:00.10 | Mem:0.00M, Peak:0.00M | Scene, ViewLayer | Synchronizing object | Lace_1.R
Fra:13 Mem:27.72M (Peak 27.72M) | Time:00:00.10 | Mem:0.00M, Peak:0.00M | Scene, ViewLayer | Synchronizing object | Lace_2.R
Fra:13 Mem:27.65M (Peak 27.72M) | Time:00:00.10 | Mem:0.00M, Peak:0.00M | Scene, ViewLayer | Synchronizing object | Lace_3.R
Fra:13 Mem:27.66M (Peak 27.72M) | Time:00:00.10 | Mem:0.00M, Peak:0.00M | Scene, ViewLayer | Synchronizing object | Heel_Tab.R
Fra:13 Mem:28.20M (Peak 28.20M) | Time:00:00.14 | Mem:0.00M, Peak:0.00M | Scene, ViewLayer | Synchronizing object | Jacket_ContinuousShoulders
Fra:13 Mem:29.43M (Peak 29.43M) | Time:00:00.54 | Mem:0.00M, Peak:0.00M | Scene, ViewLayer | Synchronizing object | Face_Head
Fra:13 Mem:30.09M (Peak 30.09M) | Time:00:00.55 | Mem:0.00M, Peak:0.00M | Scene, ViewLayer | Synchronizing object | Ear.L
Fra:13 Mem:30.15M (Peak 30.15M) | Time:00:00.55 | Mem:0.00M, Peak:0.00M | Scene, ViewLayer | Synchronizing object | Ear_Fold.L
Fra:13 Mem:30.20M (Peak 30.20M) | Time:00:00.57 | Mem:0.00M, Peak:0.00M | Scene, ViewLayer | Synchronizing object | Ear.R
Fra:13 Mem:30.26M (Peak 30.26M) | Time:00:00.57 | Mem:0.00M, Peak:0.00M | Scene, ViewLayer | Synchronizing object | Ear_Fold.R
Fra:13 Mem:30.27M (Peak 30.27M) | Time:00:00.57 | Mem:0.00M, Peak:0.00M | Scene, ViewLayer | Synchronizing object | Eye_White.L
Fra:13 Mem:30.28M (Peak 30.28M) | Time:00:00.57 | Mem:0.00M, Peak:0.00M | Scene, ViewLayer | Synchronizing object | Iris_hair.L
Fra:13 Mem:30.29M (Peak 30.29M) | Time:00:00.57 | Mem:0.00M, Peak:0.00M | Scene, ViewLayer | Synchronizing object | Iris_ink.L
Fra:13 Mem:30.29M (Peak 30.29M) | Time:00:00.57 | Mem:0.00M, Peak:0.00M | Scene, ViewLayer | Synchronizing object | Eye_Glint.L
Fra:13 Mem:30.29M (Peak 30.29M) | Time:00:00.57 | Mem:0.00M, Peak:0.00M | Scene, ViewLayer | Synchronizing object | Upper_Lid.L
Fra:13 Mem:30.31M (Peak 30.31M) | Time:00:00.57 | Mem:0.00M, Peak:0.00M | Scene, ViewLayer | Synchronizing object | Lower_Lid.L
Fra:13 Mem:30.31M (Peak 30.31M) | Time:00:00.57 | Mem:0.00M, Peak:0.00M | Scene, ViewLayer | Synchronizing object | Eyebrow.L
Fra:13 Mem:30.32M (Peak 30.32M) | Time:00:00.57 | Mem:0.00M, Peak:0.00M | Scene, ViewLayer | Synchronizing object | Eye_White.R
Fra:13 Mem:30.32M (Peak 30.32M) | Time:00:00.57 | Mem:0.00M, Peak:0.00M | Scene, ViewLayer | Synchronizing object | Iris_hair.R
Fra:13 Mem:30.33M (Peak 30.33M) | Time:00:00.57 | Mem:0.00M, Peak:0.00M | Scene, ViewLayer | Synchronizing object | Iris_ink.R
Fra:13 Mem:30.34M (Peak 30.34M) | Time:00:00.57 | Mem:0.00M, Peak:0.00M | Scene, ViewLayer | Synchronizing object | Eye_Glint.R
Fra:13 Mem:30.35M (Peak 30.35M) | Time:00:00.57 | Mem:0.00M, Peak:0.00M | Scene, ViewLayer | Synchronizing object | Upper_Lid.R
Fra:13 Mem:30.36M (Peak 30.36M) | Time:00:00.57 | Mem:0.00M, Peak:0.00M | Scene, ViewLayer | Synchronizing object | Lower_Lid.R
Fra:13 Mem:30.36M (Peak 30.36M) | Time:00:00.57 | Mem:0.00M, Peak:0.00M | Scene, ViewLayer | Synchronizing object | Eyebrow.R
Fra:13 Mem:30.37M (Peak 30.37M) | Time:00:00.57 | Mem:0.00M, Peak:0.00M | Scene, ViewLayer | Synchronizing object | Mouth
Fra:13 Mem:30.50M (Peak 30.50M) | Time:00:00.68 | Mem:0.00M, Peak:0.00M | Scene, ViewLayer | Synchronizing object | Hair_Cap
Fra:13 Mem:30.67M (Peak 30.67M) | Time:00:00.68 | Mem:0.00M, Peak:0.00M | Scene, ViewLayer | Synchronizing object | Review_Rim
Fra:13 Mem:30.67M (Peak 30.67M) | Time:00:00.68 | Mem:0.00M, Peak:0.00M | Scene, ViewLayer | Synchronizing object | Review_Fill
Fra:13 Mem:30.67M (Peak 30.67M) | Time:00:00.68 | Mem:0.00M, Peak:0.00M | Scene, ViewLayer | Synchronizing object | Review_Key
Fra:13 Mem:30.69M (Peak 30.69M) | Time:00:00.68 | Mem:0.00M, Peak:0.00M | Scene, ViewLayer | Synchronizing object | Review_Ground
Fra:13 Mem:30.71M (Peak 30.71M) | Time:00:00.68 | Mem:0.00M, Peak:0.00M | Scene, ViewLayer | Synchronizing object | Tee_Bar
Fra:13 Mem:30.68M (Peak 30.71M) | Time:00:00.68 | Mem:0.00M, Peak:0.00M | Scene, ViewLayer | Synchronizing object | Bangs_00
Fra:13 Mem:30.68M (Peak 30.71M) | Time:00:00.68 | Mem:0.00M, Peak:0.00M | Scene, ViewLayer | Synchronizing object | Tee_Dot_1.246
Fra:13 Mem:30.70M (Peak 30.71M) | Time:00:00.68 | Mem:0.00M, Peak:0.00M | Scene, ViewLayer | Synchronizing object | Tee_Dot_1.275
Fra:13 Mem:30.70M (Peak 30.71M) | Time:00:00.68 | Mem:0.00M, Peak:0.00M | Scene, ViewLayer | Synchronizing object | Bangs_01
Fra:13 Mem:30.71M (Peak 30.71M) | Time:00:00.68 | Mem:0.00M, Peak:0.00M | Scene, ViewLayer | Synchronizing object | Back_Lock_6
Fra:13 Mem:30.73M (Peak 30.73M) | Time:00:00.68 | Mem:0.00M, Peak:0.00M | Scene, ViewLayer | Synchronizing object | Bangs_02
Fra:13 Mem:30.75M (Peak 30.75M) | Time:00:00.68 | Mem:0.00M, Peak:0.00M | Scene, ViewLayer | Synchronizing object | Back_Lock_5
Fra:13 Mem:30.77M (Peak 30.77M) | Time:00:00.68 | Mem:0.00M, Peak:0.00M | Scene, ViewLayer | Synchronizing object | Bangs_03
Fra:13 Mem:30.78M (Peak 30.78M) | Time:00:00.68 | Mem:0.00M, Peak:0.00M | Scene, ViewLayer | Synchronizing object | Back_Lock_4
Fra:13 Mem:30.80M (Peak 30.80M) | Time:00:00.68 | Mem:0.00M, Peak:0.00M | Scene, ViewLayer | Synchronizing object | Bangs_04
Fra:13 Mem:30.82M (Peak 30.82M) | Time:00:00.68 | Mem:0.00M, Peak:0.00M | Scene, ViewLayer | Synchronizing object | Back_Lock_3
Fra:13 Mem:30.84M (Peak 30.84M) | Time:00:00.68 | Mem:0.00M, Peak:0.00M | Scene, ViewLayer | Synchronizing object | Bangs_05
Fra:13 Mem:30.85M (Peak 30.85M) | Time:00:00.68 | Mem:0.00M, Peak:0.00M | Scene, ViewLayer | Synchronizing object | Back_Lock_2
Fra:13 Mem:30.88M (Peak 30.88M) | Time:00:00.68 | Mem:0.00M, Peak:0.00M | Scene, ViewLayer | Synchronizing object | Temple_0.L
Fra:13 Mem:30.88M (Peak 30.88M) | Time:00:00.68 | Mem:0.00M, Peak:0.00M | Scene, ViewLayer | Synchronizing object | Back_Lock_1
Fra:13 Mem:30.91M (Peak 30.91M) | Time:00:00.68 | Mem:0.00M, Peak:0.00M | Scene, ViewLayer | Synchronizing object | Temple_1.L
Fra:13 Mem:30.91M (Peak 30.91M) | Time:00:00.68 | Mem:0.00M, Peak:0.00M | Scene, ViewLayer | Synchronizing object | Back_Lock_0
Fra:13 Mem:30.95M (Peak 30.95M) | Time:00:00.68 | Mem:0.00M, Peak:0.00M | Scene, ViewLayer | Synchronizing object | Temple_2.L
Fra:13 Mem:30.95M (Peak 30.95M) | Time:00:00.68 | Mem:0.00M, Peak:0.00M | Scene, ViewLayer | Synchronizing object | Crown_0.R
Fra:13 Mem:30.98M (Peak 30.98M) | Time:00:00.68 | Mem:0.00M, Peak:0.00M | Scene, ViewLayer | Synchronizing object | Nape_0.L
Fra:13 Mem:30.99M (Peak 30.99M) | Time:00:00.68 | Mem:0.00M, Peak:0.00M | Scene, ViewLayer | Synchronizing object | Crown_0.L
Fra:13 Mem:31.02M (Peak 31.02M) | Time:00:00.68 | Mem:0.00M, Peak:0.00M | Scene, ViewLayer | Synchronizing object | Nape_1.L
Fra:13 Mem:31.02M (Peak 31.02M) | Time:00:00.68 | Mem:0.00M, Peak:0.00M | Scene, ViewLayer | Synchronizing object | Nape_1.R
Fra:13 Mem:31.06M (Peak 31.06M) | Time:00:00.68 | Mem:0.00M, Peak:0.00M | Scene, ViewLayer | Synchronizing object | Temple_0.R
Fra:13 Mem:31.05M (Peak 31.06M) | Time:00:00.68 | Mem:0.00M, Peak:0.00M | Scene, ViewLayer | Synchronizing object | Nape_0.R
Fra:13 Mem:31.09M (Peak 31.09M) | Time:00:00.68 | Mem:0.00M, Peak:0.00M | Scene, ViewLayer | Synchronizing object | Temple_1.R
Fra:13 Mem:31.09M (Peak 31.09M) | Time:00:00.68 | Mem:0.00M, Peak:0.00M | Scene, ViewLayer | Synchronizing object | Temple_2.R
Fra:13 Mem:31.12M (Peak 31.12M) | Time:00:00.68 | Mem:0.00M, Peak:0.00M | Scene, ViewLayer | Initializing
Fra:13 Mem:27.03M (Peak 31.12M) | Time:00:00.68 | Mem:0.00M, Peak:0.00M | Scene, ViewLayer | Updating Images | Loading CHR001_GreyStudy_BaseColor
Fra:13 Mem:28.08M (Peak 31.12M) | Time:00:00.69 | Mem:4.00M, Peak:4.00M | Scene, ViewLayer | Waiting for render to start
Fra:13 Mem:28.08M (Peak 31.12M) | Time:00:00.69 | Mem:4.00M, Peak:4.00M | Scene, ViewLayer | Updating Scene
Fra:13 Mem:28.08M (Peak 31.12M) | Time:00:00.69 | Mem:4.00M, Peak:4.00M | Scene, ViewLayer | Updating Shaders
Fra:13 Mem:28.08M (Peak 31.12M) | Time:00:00.69 | Mem:4.00M, Peak:4.00M | Scene, ViewLayer | Loading render kernels (may take a few minutes the first time)
Fra:13 Mem:28.16M (Peak 31.12M) | Time:00:00.69 | Mem:4.00M, Peak:4.00M | Scene, ViewLayer | Updating Procedurals
Fra:13 Mem:28.16M (Peak 31.12M) | Time:00:00.69 | Mem:4.00M, Peak:4.00M | Scene, ViewLayer | Updating Background
Fra:13 Mem:28.16M (Peak 31.12M) | Time:00:00.69 | Mem:4.00M, Peak:4.00M | Scene, ViewLayer | Updating Camera
Fra:13 Mem:28.16M (Peak 31.12M) | Time:00:00.69 | Mem:4.00M, Peak:4.00M | Scene, ViewLayer | Updating Meshes Flags
Fra:13 Mem:28.16M (Peak 31.12M) | Time:00:00.69 | Mem:4.00M, Peak:4.00M | Scene, ViewLayer | Updating Objects
Fra:13 Mem:28.16M (Peak 31.12M) | Time:00:00.69 | Mem:4.00M, Peak:4.00M | Scene, ViewLayer | Updating Objects | Copying Transformations to device
Fra:13 Mem:28.19M (Peak 31.12M) | Time:00:00.69 | Mem:4.02M, Peak:4.02M | Scene, ViewLayer | Updating Particle Systems
Fra:13 Mem:28.19M (Peak 31.12M) | Time:00:00.69 | Mem:4.02M, Peak:4.02M | Scene, ViewLayer | Updating Particle Systems | Copying Particles to device
Fra:13 Mem:28.19M (Peak 31.12M) | Time:00:00.69 | Mem:4.02M, Peak:4.02M | Scene, ViewLayer | Updating Meshes
Fra:13 Mem:28.19M (Peak 31.12M) | Time:00:00.69 | Mem:4.02M, Peak:4.02M | Scene, ViewLayer | Updating Objects | Applying Static Transformations
Fra:13 Mem:28.19M (Peak 31.12M) | Time:00:00.69 | Mem:4.02M, Peak:4.02M | Scene, ViewLayer | Updating Mesh | Computing attributes
Fra:13 Mem:29.20M (Peak 31.12M) | Time:00:00.69 | Mem:4.03M, Peak:4.03M | Scene, ViewLayer | Updating Mesh | Copying Attributes to device
Fra:13 Mem:29.19M (Peak 31.12M) | Time:00:00.69 | Mem:5.02M, Peak:5.02M | Scene, ViewLayer | Updating Scene BVH | Building
Fra:13 Mem:29.19M (Peak 31.12M) | Time:00:00.69 | Mem:5.02M, Peak:5.02M | Scene, ViewLayer | Updating Scene BVH | Building BVH
Fra:13 Mem:29.19M (Peak 31.12M) | Time:00:00.69 | Mem:6.08M, Peak:6.08M | Scene, ViewLayer | Updating Scene BVH | Building BVH 0%
Fra:13 Mem:29.19M (Peak 31.12M) | Time:00:00.69 | Mem:7.23M, Peak:8.28M | Scene, ViewLayer | Updating Scene BVH | Copying BVH to device
Fra:13 Mem:29.19M (Peak 31.12M) | Time:00:00.69 | Mem:7.23M, Peak:8.28M | Scene, ViewLayer | Updating Mesh | Computing normals
Fra:13 Mem:30.12M (Peak 31.12M) | Time:00:00.69 | Mem:7.23M, Peak:8.28M | Scene, ViewLayer | Updating Mesh | Copying Mesh to device
Fra:13 Mem:30.12M (Peak 31.12M) | Time:00:00.69 | Mem:8.16M, Peak:8.28M | Scene, ViewLayer | Updating Objects Flags
Fra:13 Mem:30.12M (Peak 31.12M) | Time:00:00.69 | Mem:8.16M, Peak:8.28M | Scene, ViewLayer | Updating Primitive Offsets
Fra:13 Mem:30.12M (Peak 31.12M) | Time:00:00.69 | Mem:8.16M, Peak:8.28M | Scene, ViewLayer | Updating Images
Fra:13 Mem:30.12M (Peak 31.12M) | Time:00:00.69 | Mem:8.16M, Peak:8.28M | Scene, ViewLayer | Updating Camera Volume
Fra:13 Mem:30.12M (Peak 31.12M) | Time:00:00.69 | Mem:8.16M, Peak:8.28M | Scene, ViewLayer | Updating Lookup Tables
Fra:13 Mem:30.12M (Peak 31.12M) | Time:00:00.69 | Mem:8.24M, Peak:8.28M | Scene, ViewLayer | Updating Lights
Fra:13 Mem:30.12M (Peak 31.12M) | Time:00:00.69 | Mem:8.24M, Peak:8.28M | Scene, ViewLayer | Updating Lights | Computing tree
Fra:13 Mem:30.12M (Peak 31.12M) | Time:00:00.69 | Mem:8.24M, Peak:8.28M | Scene, ViewLayer | Updating Integrator
Fra:13 Mem:30.12M (Peak 31.12M) | Time:00:00.69 | Mem:8.24M, Peak:8.28M | Scene, ViewLayer | Updating Film
Fra:13 Mem:30.13M (Peak 31.12M) | Time:00:00.69 | Mem:8.16M, Peak:8.28M | Scene, ViewLayer | Updating Lookup Tables
Fra:13 Mem:30.13M (Peak 31.12M) | Time:00:00.69 | Mem:8.25M, Peak:8.28M | Scene, ViewLayer | Updating Baking
Fra:13 Mem:30.13M (Peak 31.12M) | Time:00:00.69 | Mem:8.25M, Peak:8.28M | Scene, ViewLayer | Updating Device | Writing constant memory
Fra:13 Mem:30.13M (Peak 31.12M) | Time:00:00.69 | Mem:8.25M, Peak:8.28M | Scene, ViewLayer | Loading denoising kernels (may take a few minutes the first time)
Fra:13 Mem:30.13M (Peak 31.12M) | Time:00:00.69 | Mem:8.25M, Peak:8.28M | Scene, ViewLayer | Sample 0/12
Fra:13 Mem:44.40M (Peak 44.40M) | Time:00:00.86 | Remaining:00:01.87 | Mem:22.51M, Peak:22.51M | Scene, ViewLayer | Sample 1/12
Fra:13 Mem:50.40M (Peak 59.41M) | Time:00:04.78 | Mem:22.51M, Peak:22.51M | Scene, ViewLayer | Sample 12/12
Fra:13 Mem:50.40M (Peak 59.41M) | Time:00:04.78 | Mem:22.51M, Peak:22.51M | Scene, ViewLayer | Finished
Saved: '/home/lzzz/MyProjects/N-SIDE/output/characters/CHR-001/animation-r2/candidate-b/run/006.png'
Time: 00:04.79 (Saving: 00:00.01)

Fra:15 Mem:26.15M (Peak 26.15M) | Time:00:00.00 | Mem:0.00M, Peak:0.00M | Scene, ViewLayer | Synchronizing object | TShirt
Fra:15 Mem:26.31M (Peak 26.31M) | Time:00:00.00 | Mem:0.00M, Peak:0.00M | Scene, ViewLayer | Synchronizing object | TShirt_Collar
Fra:15 Mem:26.33M (Peak 26.33M) | Time:00:00.00 | Mem:0.00M, Peak:0.00M | Scene, ViewLayer | Synchronizing object | Hood
Fra:15 Mem:26.39M (Peak 26.39M) | Time:00:00.00 | Mem:0.00M, Peak:0.00M | Scene, ViewLayer | Synchronizing object | Sleeve_Cuff.L
Fra:15 Mem:26.39M (Peak 26.39M) | Time:00:00.00 | Mem:0.00M, Peak:0.00M | Scene, ViewLayer | Synchronizing object | Zip_Tape.L
Fra:15 Mem:26.40M (Peak 26.40M) | Time:00:00.00 | Mem:0.00M, Peak:0.00M | Scene, ViewLayer | Synchronizing object | Hood_Cord.L
Fra:15 Mem:26.44M (Peak 26.44M) | Time:00:00.02 | Mem:0.00M, Peak:0.00M | Scene, ViewLayer | Synchronizing object | Palm.L
Fra:15 Mem:26.49M (Peak 26.49M) | Time:00:00.02 | Mem:0.00M, Peak:0.00M | Scene, ViewLayer | Synchronizing object | Index_Mesh.L
Fra:15 Mem:26.49M (Peak 26.49M) | Time:00:00.02 | Mem:0.00M, Peak:0.00M | Scene, ViewLayer | Synchronizing object | Middle_Mesh.L
Fra:15 Mem:26.50M (Peak 26.50M) | Time:00:00.02 | Mem:0.00M, Peak:0.00M | Scene, ViewLayer | Synchronizing object | Ring_Mesh.L
Fra:15 Mem:26.54M (Peak 26.54M) | Time:00:00.02 | Mem:0.00M, Peak:0.00M | Scene, ViewLayer | Synchronizing object | Pinky_Mesh.L
Fra:15 Mem:26.51M (Peak 26.54M) | Time:00:00.02 | Mem:0.00M, Peak:0.00M | Scene, ViewLayer | Synchronizing object | Thumb_Mesh.L
Fra:15 Mem:26.69M (Peak 26.69M) | Time:00:00.05 | Mem:0.00M, Peak:0.00M | Scene, ViewLayer | Synchronizing object | Trousers.L
Fra:15 Mem:26.95M (Peak 26.95M) | Time:00:00.05 | Mem:0.00M, Peak:0.00M | Scene, ViewLayer | Synchronizing object | Sneaker_Sole.L
Fra:15 Mem:26.97M (Peak 26.97M) | Time:00:00.05 | Mem:0.00M, Peak:0.00M | Scene, ViewLayer | Synchronizing object | Sneaker_Upper.L
Fra:15 Mem:26.99M (Peak 26.99M) | Time:00:00.05 | Mem:0.00M, Peak:0.00M | Scene, ViewLayer | Synchronizing object | Sock.L
Fra:15 Mem:26.99M (Peak 26.99M) | Time:00:00.05 | Mem:0.00M, Peak:0.00M | Scene, ViewLayer | Synchronizing object | Lace_0.L
Fra:15 Mem:27.00M (Peak 27.00M) | Time:00:00.05 | Mem:0.00M, Peak:0.00M | Scene, ViewLayer | Synchronizing object | Lace_1.L
Fra:15 Mem:27.00M (Peak 27.00M) | Time:00:00.05 | Mem:0.00M, Peak:0.00M | Scene, ViewLayer | Synchronizing object | Lace_2.L
Fra:15 Mem:27.00M (Peak 27.00M) | Time:00:00.05 | Mem:0.00M, Peak:0.00M | Scene, ViewLayer | Synchronizing object | Lace_3.L
Fra:15 Mem:27.01M (Peak 27.01M) | Time:00:00.05 | Mem:0.00M, Peak:0.00M | Scene, ViewLayer | Synchronizing object | Heel_Tab.L
Fra:15 Mem:27.01M (Peak 27.01M) | Time:00:00.05 | Mem:0.00M, Peak:0.00M | Scene, ViewLayer | Synchronizing object | Sleeve_Cuff.R
Fra:15 Mem:27.01M (Peak 27.01M) | Time:00:00.05 | Mem:0.00M, Peak:0.00M | Scene, ViewLayer | Synchronizing object | Zip_Tape.R
Fra:15 Mem:27.02M (Peak 27.02M) | Time:00:00.05 | Mem:0.00M, Peak:0.00M | Scene, ViewLayer | Synchronizing object | Hood_Cord.R
Fra:15 Mem:27.06M (Peak 27.06M) | Time:00:00.06 | Mem:0.00M, Peak:0.00M | Scene, ViewLayer | Synchronizing object | Palm.R
Fra:15 Mem:27.11M (Peak 27.11M) | Time:00:00.06 | Mem:0.00M, Peak:0.00M | Scene, ViewLayer | Synchronizing object | Index_Mesh.R
Fra:15 Mem:27.11M (Peak 27.11M) | Time:00:00.06 | Mem:0.00M, Peak:0.00M | Scene, ViewLayer | Synchronizing object | Middle_Mesh.R
Fra:15 Mem:27.12M (Peak 27.12M) | Time:00:00.06 | Mem:0.00M, Peak:0.00M | Scene, ViewLayer | Synchronizing object | Ring_Mesh.R
Fra:15 Mem:27.15M (Peak 27.15M) | Time:00:00.06 | Mem:0.00M, Peak:0.00M | Scene, ViewLayer | Synchronizing object | Pinky_Mesh.R
Fra:15 Mem:27.14M (Peak 27.15M) | Time:00:00.06 | Mem:0.00M, Peak:0.00M | Scene, ViewLayer | Synchronizing object | Thumb_Mesh.R
Fra:15 Mem:27.31M (Peak 27.31M) | Time:00:00.10 | Mem:0.00M, Peak:0.00M | Scene, ViewLayer | Synchronizing object | Trousers.R
Fra:15 Mem:27.59M (Peak 27.59M) | Time:00:00.10 | Mem:0.00M, Peak:0.00M | Scene, ViewLayer | Synchronizing object | Sneaker_Sole.R
Fra:15 Mem:27.60M (Peak 27.60M) | Time:00:00.10 | Mem:0.00M, Peak:0.00M | Scene, ViewLayer | Synchronizing object | Sneaker_Upper.R
Fra:15 Mem:27.71M (Peak 27.71M) | Time:00:00.10 | Mem:0.00M, Peak:0.00M | Scene, ViewLayer | Synchronizing object | Sock.R
Fra:15 Mem:27.71M (Peak 27.71M) | Time:00:00.10 | Mem:0.00M, Peak:0.00M | Scene, ViewLayer | Synchronizing object | Lace_0.R
Fra:15 Mem:27.65M (Peak 27.71M) | Time:00:00.10 | Mem:0.00M, Peak:0.00M | Scene, ViewLayer | Synchronizing object | Lace_1.R
Fra:15 Mem:27.65M (Peak 27.71M) | Time:00:00.10 | Mem:0.00M, Peak:0.00M | Scene, ViewLayer | Synchronizing object | Lace_2.R
Fra:15 Mem:27.65M (Peak 27.71M) | Time:00:00.10 | Mem:0.00M, Peak:0.00M | Scene, ViewLayer | Synchronizing object | Lace_3.R
Fra:15 Mem:27.62M (Peak 27.71M) | Time:00:00.10 | Mem:0.00M, Peak:0.00M | Scene, ViewLayer | Synchronizing object | Heel_Tab.R
Fra:15 Mem:28.20M (Peak 28.20M) | Time:00:00.13 | Mem:0.00M, Peak:0.00M | Scene, ViewLayer | Synchronizing object | Jacket_ContinuousShoulders
Fra:15 Mem:29.43M (Peak 29.43M) | Time:00:00.54 | Mem:0.00M, Peak:0.00M | Scene, ViewLayer | Synchronizing object | Face_Head
Fra:15 Mem:30.09M (Peak 30.09M) | Time:00:00.55 | Mem:0.00M, Peak:0.00M | Scene, ViewLayer | Synchronizing object | Ear.L
Fra:15 Mem:30.15M (Peak 30.15M) | Time:00:00.55 | Mem:0.00M, Peak:0.00M | Scene, ViewLayer | Synchronizing object | Ear_Fold.L
Fra:15 Mem:30.20M (Peak 30.20M) | Time:00:00.56 | Mem:0.00M, Peak:0.00M | Scene, ViewLayer | Synchronizing object | Ear.R
Fra:15 Mem:30.26M (Peak 30.26M) | Time:00:00.56 | Mem:0.00M, Peak:0.00M | Scene, ViewLayer | Synchronizing object | Ear_Fold.R
Fra:15 Mem:30.27M (Peak 30.27M) | Time:00:00.56 | Mem:0.00M, Peak:0.00M | Scene, ViewLayer | Synchronizing object | Eye_White.L
Fra:15 Mem:30.28M (Peak 30.28M) | Time:00:00.56 | Mem:0.00M, Peak:0.00M | Scene, ViewLayer | Synchronizing object | Iris_hair.L
Fra:15 Mem:30.30M (Peak 30.30M) | Time:00:00.56 | Mem:0.00M, Peak:0.00M | Scene, ViewLayer | Synchronizing object | Iris_ink.L
Fra:15 Mem:30.29M (Peak 30.30M) | Time:00:00.56 | Mem:0.00M, Peak:0.00M | Scene, ViewLayer | Synchronizing object | Eye_Glint.L
Fra:15 Mem:30.29M (Peak 30.30M) | Time:00:00.56 | Mem:0.00M, Peak:0.00M | Scene, ViewLayer | Synchronizing object | Upper_Lid.L
Fra:15 Mem:30.31M (Peak 30.31M) | Time:00:00.56 | Mem:0.00M, Peak:0.00M | Scene, ViewLayer | Synchronizing object | Lower_Lid.L
Fra:15 Mem:30.31M (Peak 30.31M) | Time:00:00.56 | Mem:0.00M, Peak:0.00M | Scene, ViewLayer | Synchronizing object | Eyebrow.L
Fra:15 Mem:30.32M (Peak 30.32M) | Time:00:00.56 | Mem:0.00M, Peak:0.00M | Scene, ViewLayer | Synchronizing object | Eye_White.R
Fra:15 Mem:30.32M (Peak 30.32M) | Time:00:00.56 | Mem:0.00M, Peak:0.00M | Scene, ViewLayer | Synchronizing object | Iris_hair.R
Fra:15 Mem:30.33M (Peak 30.33M) | Time:00:00.56 | Mem:0.00M, Peak:0.00M | Scene, ViewLayer | Synchronizing object | Iris_ink.R
Fra:15 Mem:30.34M (Peak 30.34M) | Time:00:00.56 | Mem:0.00M, Peak:0.00M | Scene, ViewLayer | Synchronizing object | Eye_Glint.R
Fra:15 Mem:30.35M (Peak 30.35M) | Time:00:00.56 | Mem:0.00M, Peak:0.00M | Scene, ViewLayer | Synchronizing object | Upper_Lid.R
Fra:15 Mem:30.36M (Peak 30.36M) | Time:00:00.56 | Mem:0.00M, Peak:0.00M | Scene, ViewLayer | Synchronizing object | Lower_Lid.R
Fra:15 Mem:30.36M (Peak 30.36M) | Time:00:00.56 | Mem:0.00M, Peak:0.00M | Scene, ViewLayer | Synchronizing object | Eyebrow.R
Fra:15 Mem:30.37M (Peak 30.37M) | Time:00:00.56 | Mem:0.00M, Peak:0.00M | Scene, ViewLayer | Synchronizing object | Mouth
Fra:15 Mem:30.50M (Peak 30.50M) | Time:00:00.68 | Mem:0.00M, Peak:0.00M | Scene, ViewLayer | Synchronizing object | Hair_Cap
Fra:15 Mem:30.67M (Peak 30.67M) | Time:00:00.68 | Mem:0.00M, Peak:0.00M | Scene, ViewLayer | Synchronizing object | Review_Rim
Fra:15 Mem:30.71M (Peak 30.71M) | Time:00:00.68 | Mem:0.00M, Peak:0.00M | Scene, ViewLayer | Synchronizing object | Review_Fill
Fra:15 Mem:30.67M (Peak 30.71M) | Time:00:00.68 | Mem:0.00M, Peak:0.00M | Scene, ViewLayer | Synchronizing object | Review_Key
Fra:15 Mem:30.68M (Peak 30.71M) | Time:00:00.68 | Mem:0.00M, Peak:0.00M | Scene, ViewLayer | Synchronizing object | Review_Ground
Fra:15 Mem:30.68M (Peak 30.71M) | Time:00:00.68 | Mem:0.00M, Peak:0.00M | Scene, ViewLayer | Synchronizing object | Tee_Bar
Fra:15 Mem:30.69M (Peak 30.71M) | Time:00:00.68 | Mem:0.00M, Peak:0.00M | Scene, ViewLayer | Synchronizing object | Tee_Dot_1.246
Fra:15 Mem:30.69M (Peak 30.71M) | Time:00:00.68 | Mem:0.00M, Peak:0.00M | Scene, ViewLayer | Synchronizing object | Bangs_01
Fra:15 Mem:30.71M (Peak 30.71M) | Time:00:00.68 | Mem:0.00M, Peak:0.00M | Scene, ViewLayer | Synchronizing object | Tee_Dot_1.275
Fra:15 Mem:30.72M (Peak 30.72M) | Time:00:00.68 | Mem:0.00M, Peak:0.00M | Scene, ViewLayer | Synchronizing object | Bangs_02
Fra:15 Mem:30.74M (Peak 30.74M) | Time:00:00.68 | Mem:0.00M, Peak:0.00M | Scene, ViewLayer | Synchronizing object | Back_Lock_6
Fra:15 Mem:30.74M (Peak 30.74M) | Time:00:00.68 | Mem:0.00M, Peak:0.00M | Scene, ViewLayer | Synchronizing object | Bangs_03
Fra:15 Mem:30.77M (Peak 30.77M) | Time:00:00.68 | Mem:0.00M, Peak:0.00M | Scene, ViewLayer | Synchronizing object | Bangs_04
Fra:15 Mem:30.78M (Peak 30.78M) | Time:00:00.68 | Mem:0.00M, Peak:0.00M | Scene, ViewLayer | Synchronizing object | Back_Lock_5
Fra:15 Mem:30.80M (Peak 30.80M) | Time:00:00.68 | Mem:0.00M, Peak:0.00M | Scene, ViewLayer | Synchronizing object | Bangs_05
Fra:15 Mem:30.81M (Peak 30.81M) | Time:00:00.68 | Mem:0.00M, Peak:0.00M | Scene, ViewLayer | Synchronizing object | Back_Lock_4
Fra:15 Mem:30.84M (Peak 30.84M) | Time:00:00.68 | Mem:0.00M, Peak:0.00M | Scene, ViewLayer | Synchronizing object | Temple_0.L
Fra:15 Mem:30.85M (Peak 30.85M) | Time:00:00.68 | Mem:0.00M, Peak:0.00M | Scene, ViewLayer | Synchronizing object | Back_Lock_3
Fra:15 Mem:30.87M (Peak 30.87M) | Time:00:00.68 | Mem:0.00M, Peak:0.00M | Scene, ViewLayer | Synchronizing object | Temple_1.L
Fra:15 Mem:30.89M (Peak 30.89M) | Time:00:00.68 | Mem:0.00M, Peak:0.00M | Scene, ViewLayer | Synchronizing object | Back_Lock_2
Fra:15 Mem:30.91M (Peak 30.91M) | Time:00:00.68 | Mem:0.00M, Peak:0.00M | Scene, ViewLayer | Synchronizing object | Temple_2.L
Fra:15 Mem:30.92M (Peak 30.92M) | Time:00:00.68 | Mem:0.00M, Peak:0.00M | Scene, ViewLayer | Synchronizing object | Back_Lock_1
Fra:15 Mem:30.94M (Peak 30.94M) | Time:00:00.68 | Mem:0.00M, Peak:0.00M | Scene, ViewLayer | Synchronizing object | Nape_0.L
Fra:15 Mem:30.96M (Peak 30.96M) | Time:00:00.68 | Mem:0.00M, Peak:0.00M | Scene, ViewLayer | Synchronizing object | Back_Lock_0
Fra:15 Mem:30.98M (Peak 30.98M) | Time:00:00.68 | Mem:0.00M, Peak:0.00M | Scene, ViewLayer | Synchronizing object | Nape_1.L
Fra:15 Mem:30.99M (Peak 30.99M) | Time:00:00.68 | Mem:0.00M, Peak:0.00M | Scene, ViewLayer | Synchronizing object | Crown_0.R
Fra:15 Mem:31.01M (Peak 31.01M) | Time:00:00.68 | Mem:0.00M, Peak:0.00M | Scene, ViewLayer | Synchronizing object | Temple_0.R
Fra:15 Mem:31.03M (Peak 31.03M) | Time:00:00.68 | Mem:0.00M, Peak:0.00M | Scene, ViewLayer | Synchronizing object | Crown_0.L
Fra:15 Mem:31.05M (Peak 31.05M) | Time:00:00.68 | Mem:0.00M, Peak:0.00M | Scene, ViewLayer | Synchronizing object | Temple_1.R
Fra:15 Mem:31.06M (Peak 31.06M) | Time:00:00.68 | Mem:0.00M, Peak:0.00M | Scene, ViewLayer | Synchronizing object | Nape_1.R
Fra:15 Mem:31.08M (Peak 31.08M) | Time:00:00.68 | Mem:0.00M, Peak:0.00M | Scene, ViewLayer | Synchronizing object | Temple_2.R
Fra:15 Mem:31.10M (Peak 31.10M) | Time:00:00.68 | Mem:0.00M, Peak:0.00M | Scene, ViewLayer | Synchronizing object | Nape_0.R
Fra:15 Mem:31.12M (Peak 31.12M) | Time:00:00.68 | Mem:0.00M, Peak:0.00M | Scene, ViewLayer | Initializing
Fra:15 Mem:27.03M (Peak 31.12M) | Time:00:00.68 | Mem:0.00M, Peak:0.00M | Scene, ViewLayer | Updating Images | Loading CHR001_GreyStudy_BaseColor
Fra:15 Mem:28.08M (Peak 31.12M) | Time:00:00.69 | Mem:4.00M, Peak:4.00M | Scene, ViewLayer | Waiting for render to start
Fra:15 Mem:28.08M (Peak 31.12M) | Time:00:00.69 | Mem:4.00M, Peak:4.00M | Scene, ViewLayer | Updating Scene
Fra:15 Mem:28.08M (Peak 31.12M) | Time:00:00.69 | Mem:4.00M, Peak:4.00M | Scene, ViewLayer | Updating Shaders
Fra:15 Mem:28.08M (Peak 31.12M) | Time:00:00.69 | Mem:4.00M, Peak:4.00M | Scene, ViewLayer | Loading render kernels (may take a few minutes the first time)
Fra:15 Mem:28.16M (Peak 31.12M) | Time:00:00.69 | Mem:4.00M, Peak:4.00M | Scene, ViewLayer | Updating Procedurals
Fra:15 Mem:28.16M (Peak 31.12M) | Time:00:00.69 | Mem:4.00M, Peak:4.00M | Scene, ViewLayer | Updating Background
Fra:15 Mem:28.16M (Peak 31.12M) | Time:00:00.69 | Mem:4.00M, Peak:4.00M | Scene, ViewLayer | Updating Camera
Fra:15 Mem:28.16M (Peak 31.12M) | Time:00:00.69 | Mem:4.00M, Peak:4.00M | Scene, ViewLayer | Updating Meshes Flags
Fra:15 Mem:28.16M (Peak 31.12M) | Time:00:00.69 | Mem:4.00M, Peak:4.00M | Scene, ViewLayer | Updating Objects
Fra:15 Mem:28.16M (Peak 31.12M) | Time:00:00.69 | Mem:4.00M, Peak:4.00M | Scene, ViewLayer | Updating Objects | Copying Transformations to device
Fra:15 Mem:28.19M (Peak 31.12M) | Time:00:00.69 | Mem:4.02M, Peak:4.02M | Scene, ViewLayer | Updating Particle Systems
Fra:15 Mem:28.19M (Peak 31.12M) | Time:00:00.69 | Mem:4.02M, Peak:4.02M | Scene, ViewLayer | Updating Particle Systems | Copying Particles to device
Fra:15 Mem:28.19M (Peak 31.12M) | Time:00:00.69 | Mem:4.02M, Peak:4.02M | Scene, ViewLayer | Updating Meshes
Fra:15 Mem:28.19M (Peak 31.12M) | Time:00:00.69 | Mem:4.02M, Peak:4.02M | Scene, ViewLayer | Updating Objects | Applying Static Transformations
Fra:15 Mem:28.19M (Peak 31.12M) | Time:00:00.69 | Mem:4.02M, Peak:4.02M | Scene, ViewLayer | Updating Mesh | Computing attributes
Fra:15 Mem:29.20M (Peak 31.12M) | Time:00:00.69 | Mem:4.03M, Peak:4.03M | Scene, ViewLayer | Updating Mesh | Copying Attributes to device
Fra:15 Mem:29.19M (Peak 31.12M) | Time:00:00.69 | Mem:5.02M, Peak:5.02M | Scene, ViewLayer | Updating Scene BVH | Building
Fra:15 Mem:29.19M (Peak 31.12M) | Time:00:00.69 | Mem:5.02M, Peak:5.02M | Scene, ViewLayer | Updating Scene BVH | Building BVH
Fra:15 Mem:29.19M (Peak 31.12M) | Time:00:00.69 | Mem:6.08M, Peak:6.08M | Scene, ViewLayer | Updating Scene BVH | Building BVH 0%
Fra:15 Mem:29.19M (Peak 31.12M) | Time:00:00.69 | Mem:7.23M, Peak:8.28M | Scene, ViewLayer | Updating Scene BVH | Copying BVH to device
Fra:15 Mem:29.19M (Peak 31.12M) | Time:00:00.69 | Mem:7.23M, Peak:8.28M | Scene, ViewLayer | Updating Mesh | Computing normals
Fra:15 Mem:30.12M (Peak 31.12M) | Time:00:00.69 | Mem:7.23M, Peak:8.28M | Scene, ViewLayer | Updating Mesh | Copying Mesh to device
Fra:15 Mem:30.12M (Peak 31.12M) | Time:00:00.69 | Mem:8.16M, Peak:8.28M | Scene, ViewLayer | Updating Objects Flags
Fra:15 Mem:30.12M (Peak 31.12M) | Time:00:00.69 | Mem:8.16M, Peak:8.28M | Scene, ViewLayer | Updating Primitive Offsets
Fra:15 Mem:30.12M (Peak 31.12M) | Time:00:00.69 | Mem:8.16M, Peak:8.28M | Scene, ViewLayer | Updating Images
Fra:15 Mem:30.12M (Peak 31.12M) | Time:00:00.69 | Mem:8.16M, Peak:8.28M | Scene, ViewLayer | Updating Camera Volume
Fra:15 Mem:30.12M (Peak 31.12M) | Time:00:00.69 | Mem:8.16M, Peak:8.28M | Scene, ViewLayer | Updating Lookup Tables
Fra:15 Mem:30.12M (Peak 31.12M) | Time:00:00.69 | Mem:8.24M, Peak:8.28M | Scene, ViewLayer | Updating Lights
Fra:15 Mem:30.12M (Peak 31.12M) | Time:00:00.69 | Mem:8.24M, Peak:8.28M | Scene, ViewLayer | Updating Lights | Computing tree
Fra:15 Mem:30.12M (Peak 31.12M) | Time:00:00.69 | Mem:8.24M, Peak:8.28M | Scene, ViewLayer | Updating Integrator
Fra:15 Mem:30.12M (Peak 31.12M) | Time:00:00.69 | Mem:8.24M, Peak:8.28M | Scene, ViewLayer | Updating Film
Fra:15 Mem:30.13M (Peak 31.12M) | Time:00:00.69 | Mem:8.16M, Peak:8.28M | Scene, ViewLayer | Updating Lookup Tables
Fra:15 Mem:30.13M (Peak 31.12M) | Time:00:00.69 | Mem:8.25M, Peak:8.28M | Scene, ViewLayer | Updating Baking
Fra:15 Mem:30.13M (Peak 31.12M) | Time:00:00.69 | Mem:8.25M, Peak:8.28M | Scene, ViewLayer | Updating Device | Writing constant memory
Fra:15 Mem:30.13M (Peak 31.12M) | Time:00:00.69 | Mem:8.25M, Peak:8.28M | Scene, ViewLayer | Loading denoising kernels (may take a few minutes the first time)
Fra:15 Mem:30.13M (Peak 31.12M) | Time:00:00.69 | Mem:8.25M, Peak:8.28M | Scene, ViewLayer | Sample 0/12
Fra:15 Mem:44.40M (Peak 44.40M) | Time:00:00.86 | Remaining:00:01.87 | Mem:22.51M, Peak:22.51M | Scene, ViewLayer | Sample 1/12
Fra:15 Mem:50.40M (Peak 59.41M) | Time:00:04.77 | Mem:22.51M, Peak:22.51M | Scene, ViewLayer | Sample 12/12
Fra:15 Mem:50.40M (Peak 59.41M) | Time:00:04.77 | Mem:22.51M, Peak:22.51M | Scene, ViewLayer | Finished
Saved: '/home/lzzz/MyProjects/N-SIDE/output/characters/CHR-001/animation-r2/candidate-b/run/007.png'
Time: 00:04.79 (Saving: 00:00.01)

Fra:17 Mem:26.15M (Peak 26.15M) | Time:00:00.00 | Mem:0.00M, Peak:0.00M | Scene, ViewLayer | Synchronizing object | TShirt
Fra:17 Mem:26.31M (Peak 26.31M) | Time:00:00.01 | Mem:0.00M, Peak:0.00M | Scene, ViewLayer | Synchronizing object | TShirt_Collar
Fra:17 Mem:26.33M (Peak 26.33M) | Time:00:00.01 | Mem:0.00M, Peak:0.00M | Scene, ViewLayer | Synchronizing object | Hood
Fra:17 Mem:26.39M (Peak 26.39M) | Time:00:00.01 | Mem:0.00M, Peak:0.00M | Scene, ViewLayer | Synchronizing object | Sleeve_Cuff.L
Fra:17 Mem:26.39M (Peak 26.39M) | Time:00:00.01 | Mem:0.00M, Peak:0.00M | Scene, ViewLayer | Synchronizing object | Zip_Tape.L
Fra:17 Mem:26.40M (Peak 26.40M) | Time:00:00.01 | Mem:0.00M, Peak:0.00M | Scene, ViewLayer | Synchronizing object | Hood_Cord.L
Fra:17 Mem:26.44M (Peak 26.44M) | Time:00:00.02 | Mem:0.00M, Peak:0.00M | Scene, ViewLayer | Synchronizing object | Palm.L
Fra:17 Mem:26.49M (Peak 26.49M) | Time:00:00.02 | Mem:0.00M, Peak:0.00M | Scene, ViewLayer | Synchronizing object | Index_Mesh.L
Fra:17 Mem:26.49M (Peak 26.49M) | Time:00:00.02 | Mem:0.00M, Peak:0.00M | Scene, ViewLayer | Synchronizing object | Middle_Mesh.L
Fra:17 Mem:26.50M (Peak 26.50M) | Time:00:00.02 | Mem:0.00M, Peak:0.00M | Scene, ViewLayer | Synchronizing object | Ring_Mesh.L
Fra:17 Mem:26.51M (Peak 26.51M) | Time:00:00.02 | Mem:0.00M, Peak:0.00M | Scene, ViewLayer | Synchronizing object | Pinky_Mesh.L
Fra:17 Mem:26.51M (Peak 26.51M) | Time:00:00.02 | Mem:0.00M, Peak:0.00M | Scene, ViewLayer | Synchronizing object | Thumb_Mesh.L
Fra:17 Mem:26.70M (Peak 26.70M) | Time:00:00.05 | Mem:0.00M, Peak:0.00M | Scene, ViewLayer | Synchronizing object | Trousers.L
Fra:17 Mem:26.95M (Peak 26.95M) | Time:00:00.05 | Mem:0.00M, Peak:0.00M | Scene, ViewLayer | Synchronizing object | Sneaker_Sole.L
Fra:17 Mem:26.97M (Peak 26.97M) | Time:00:00.05 | Mem:0.00M, Peak:0.00M | Scene, ViewLayer | Synchronizing object | Sneaker_Upper.L
Fra:17 Mem:26.99M (Peak 26.99M) | Time:00:00.05 | Mem:0.00M, Peak:0.00M | Scene, ViewLayer | Synchronizing object | Sock.L
Fra:17 Mem:26.99M (Peak 26.99M) | Time:00:00.05 | Mem:0.00M, Peak:0.00M | Scene, ViewLayer | Synchronizing object | Lace_0.L
Fra:17 Mem:27.00M (Peak 27.00M) | Time:00:00.05 | Mem:0.00M, Peak:0.00M | Scene, ViewLayer | Synchronizing object | Lace_1.L
Fra:17 Mem:27.00M (Peak 27.00M) | Time:00:00.05 | Mem:0.00M, Peak:0.00M | Scene, ViewLayer | Synchronizing object | Lace_2.L
Fra:17 Mem:27.00M (Peak 27.00M) | Time:00:00.05 | Mem:0.00M, Peak:0.00M | Scene, ViewLayer | Synchronizing object | Lace_3.L
Fra:17 Mem:27.01M (Peak 27.01M) | Time:00:00.05 | Mem:0.00M, Peak:0.00M | Scene, ViewLayer | Synchronizing object | Heel_Tab.L
Fra:17 Mem:27.01M (Peak 27.01M) | Time:00:00.05 | Mem:0.00M, Peak:0.00M | Scene, ViewLayer | Synchronizing object | Sleeve_Cuff.R
Fra:17 Mem:27.01M (Peak 27.01M) | Time:00:00.05 | Mem:0.00M, Peak:0.00M | Scene, ViewLayer | Synchronizing object | Zip_Tape.R
Fra:17 Mem:27.02M (Peak 27.02M) | Time:00:00.05 | Mem:0.00M, Peak:0.00M | Scene, ViewLayer | Synchronizing object | Hood_Cord.R
Fra:17 Mem:27.06M (Peak 27.06M) | Time:00:00.06 | Mem:0.00M, Peak:0.00M | Scene, ViewLayer | Synchronizing object | Palm.R
Fra:17 Mem:27.11M (Peak 27.11M) | Time:00:00.06 | Mem:0.00M, Peak:0.00M | Scene, ViewLayer | Synchronizing object | Index_Mesh.R
Fra:17 Mem:27.11M (Peak 27.11M) | Time:00:00.06 | Mem:0.00M, Peak:0.00M | Scene, ViewLayer | Synchronizing object | Middle_Mesh.R
Fra:17 Mem:27.12M (Peak 27.12M) | Time:00:00.06 | Mem:0.00M, Peak:0.00M | Scene, ViewLayer | Synchronizing object | Ring_Mesh.R
Fra:17 Mem:27.15M (Peak 27.15M) | Time:00:00.06 | Mem:0.00M, Peak:0.00M | Scene, ViewLayer | Synchronizing object | Pinky_Mesh.R
Fra:17 Mem:27.13M (Peak 27.15M) | Time:00:00.06 | Mem:0.00M, Peak:0.00M | Scene, ViewLayer | Synchronizing object | Thumb_Mesh.R
Fra:17 Mem:27.31M (Peak 27.31M) | Time:00:00.09 | Mem:0.00M, Peak:0.00M | Scene, ViewLayer | Synchronizing object | Trousers.R
Fra:17 Mem:27.59M (Peak 27.59M) | Time:00:00.09 | Mem:0.00M, Peak:0.00M | Scene, ViewLayer | Synchronizing object | Sneaker_Sole.R
Fra:17 Mem:27.60M (Peak 27.60M) | Time:00:00.09 | Mem:0.00M, Peak:0.00M | Scene, ViewLayer | Synchronizing object | Sneaker_Upper.R
Fra:17 Mem:27.71M (Peak 27.71M) | Time:00:00.09 | Mem:0.00M, Peak:0.00M | Scene, ViewLayer | Synchronizing object | Sock.R
Fra:17 Mem:27.71M (Peak 27.71M) | Time:00:00.09 | Mem:0.00M, Peak:0.00M | Scene, ViewLayer | Synchronizing object | Lace_0.R
Fra:17 Mem:27.65M (Peak 27.71M) | Time:00:00.09 | Mem:0.00M, Peak:0.00M | Scene, ViewLayer | Synchronizing object | Lace_1.R
Fra:17 Mem:27.65M (Peak 27.71M) | Time:00:00.09 | Mem:0.00M, Peak:0.00M | Scene, ViewLayer | Synchronizing object | Lace_2.R
Fra:17 Mem:27.65M (Peak 27.71M) | Time:00:00.09 | Mem:0.00M, Peak:0.00M | Scene, ViewLayer | Synchronizing object | Lace_3.R
Fra:17 Mem:27.62M (Peak 27.71M) | Time:00:00.09 | Mem:0.00M, Peak:0.00M | Scene, ViewLayer | Synchronizing object | Heel_Tab.R
Fra:17 Mem:28.20M (Peak 28.20M) | Time:00:00.12 | Mem:0.00M, Peak:0.00M | Scene, ViewLayer | Synchronizing object | Jacket_ContinuousShoulders
Fra:17 Mem:29.43M (Peak 29.43M) | Time:00:00.53 | Mem:0.00M, Peak:0.00M | Scene, ViewLayer | Synchronizing object | Face_Head
Fra:17 Mem:30.09M (Peak 30.09M) | Time:00:00.54 | Mem:0.00M, Peak:0.00M | Scene, ViewLayer | Synchronizing object | Ear.L
Fra:17 Mem:30.15M (Peak 30.15M) | Time:00:00.54 | Mem:0.00M, Peak:0.00M | Scene, ViewLayer | Synchronizing object | Ear_Fold.L
Fra:17 Mem:30.20M (Peak 30.20M) | Time:00:00.55 | Mem:0.00M, Peak:0.00M | Scene, ViewLayer | Synchronizing object | Ear.R
Fra:17 Mem:30.26M (Peak 30.26M) | Time:00:00.55 | Mem:0.00M, Peak:0.00M | Scene, ViewLayer | Synchronizing object | Ear_Fold.R
Fra:17 Mem:30.27M (Peak 30.27M) | Time:00:00.55 | Mem:0.00M, Peak:0.00M | Scene, ViewLayer | Synchronizing object | Eye_White.L
Fra:17 Mem:30.28M (Peak 30.28M) | Time:00:00.55 | Mem:0.00M, Peak:0.00M | Scene, ViewLayer | Synchronizing object | Iris_hair.L
Fra:17 Mem:30.29M (Peak 30.29M) | Time:00:00.55 | Mem:0.00M, Peak:0.00M | Scene, ViewLayer | Synchronizing object | Iris_ink.L
Fra:17 Mem:30.29M (Peak 30.29M) | Time:00:00.55 | Mem:0.00M, Peak:0.00M | Scene, ViewLayer | Synchronizing object | Eye_Glint.L
Fra:17 Mem:30.29M (Peak 30.29M) | Time:00:00.55 | Mem:0.00M, Peak:0.00M | Scene, ViewLayer | Synchronizing object | Upper_Lid.L
Fra:17 Mem:30.31M (Peak 30.31M) | Time:00:00.55 | Mem:0.00M, Peak:0.00M | Scene, ViewLayer | Synchronizing object | Lower_Lid.L
Fra:17 Mem:30.31M (Peak 30.31M) | Time:00:00.55 | Mem:0.00M, Peak:0.00M | Scene, ViewLayer | Synchronizing object | Eyebrow.L
Fra:17 Mem:30.32M (Peak 30.32M) | Time:00:00.55 | Mem:0.00M, Peak:0.00M | Scene, ViewLayer | Synchronizing object | Eye_White.R
Fra:17 Mem:30.32M (Peak 30.32M) | Time:00:00.55 | Mem:0.00M, Peak:0.00M | Scene, ViewLayer | Synchronizing object | Iris_hair.R
Fra:17 Mem:30.33M (Peak 30.33M) | Time:00:00.55 | Mem:0.00M, Peak:0.00M | Scene, ViewLayer | Synchronizing object | Iris_ink.R
Fra:17 Mem:30.34M (Peak 30.34M) | Time:00:00.55 | Mem:0.00M, Peak:0.00M | Scene, ViewLayer | Synchronizing object | Eye_Glint.R
Fra:17 Mem:30.35M (Peak 30.35M) | Time:00:00.55 | Mem:0.00M, Peak:0.00M | Scene, ViewLayer | Synchronizing object | Upper_Lid.R
Fra:17 Mem:30.36M (Peak 30.36M) | Time:00:00.55 | Mem:0.00M, Peak:0.00M | Scene, ViewLayer | Synchronizing object | Lower_Lid.R
Fra:17 Mem:30.36M (Peak 30.36M) | Time:00:00.55 | Mem:0.00M, Peak:0.00M | Scene, ViewLayer | Synchronizing object | Eyebrow.R
Fra:17 Mem:30.37M (Peak 30.37M) | Time:00:00.55 | Mem:0.00M, Peak:0.00M | Scene, ViewLayer | Synchronizing object | Mouth
Fra:17 Mem:30.50M (Peak 30.50M) | Time:00:00.67 | Mem:0.00M, Peak:0.00M | Scene, ViewLayer | Synchronizing object | Hair_Cap
Fra:17 Mem:30.67M (Peak 30.67M) | Time:00:00.67 | Mem:0.00M, Peak:0.00M | Scene, ViewLayer | Synchronizing object | Review_Rim
Fra:17 Mem:30.71M (Peak 30.71M) | Time:00:00.67 | Mem:0.00M, Peak:0.00M | Scene, ViewLayer | Synchronizing object | Review_Fill
Fra:17 Mem:30.71M (Peak 30.71M) | Time:00:00.67 | Mem:0.00M, Peak:0.00M | Scene, ViewLayer | Synchronizing object | Review_Key
Fra:17 Mem:30.68M (Peak 30.71M) | Time:00:00.67 | Mem:0.00M, Peak:0.00M | Scene, ViewLayer | Synchronizing object | Review_Ground
Fra:17 Mem:30.68M (Peak 30.71M) | Time:00:00.67 | Mem:0.00M, Peak:0.00M | Scene, ViewLayer | Synchronizing object | Bangs_00
Fra:17 Mem:30.69M (Peak 30.71M) | Time:00:00.67 | Mem:0.00M, Peak:0.00M | Scene, ViewLayer | Synchronizing object | Tee_Bar
Fra:17 Mem:30.70M (Peak 30.71M) | Time:00:00.67 | Mem:0.00M, Peak:0.00M | Scene, ViewLayer | Synchronizing object | Tee_Dot_1.246
Fra:17 Mem:30.69M (Peak 30.71M) | Time:00:00.67 | Mem:0.00M, Peak:0.00M | Scene, ViewLayer | Synchronizing object | Bangs_01
Fra:17 Mem:30.71M (Peak 30.71M) | Time:00:00.67 | Mem:0.00M, Peak:0.00M | Scene, ViewLayer | Synchronizing object | Tee_Dot_1.275
Fra:17 Mem:30.73M (Peak 30.73M) | Time:00:00.67 | Mem:0.00M, Peak:0.00M | Scene, ViewLayer | Synchronizing object | Back_Lock_6
Fra:17 Mem:30.72M (Peak 30.73M) | Time:00:00.67 | Mem:0.00M, Peak:0.00M | Scene, ViewLayer | Synchronizing object | Bangs_02
Fra:17 Mem:30.76M (Peak 30.76M) | Time:00:00.67 | Mem:0.00M, Peak:0.00M | Scene, ViewLayer | Synchronizing object | Back_Lock_5
Fra:17 Mem:30.76M (Peak 30.76M) | Time:00:00.67 | Mem:0.00M, Peak:0.00M | Scene, ViewLayer | Synchronizing object | Bangs_03
Fra:17 Mem:30.79M (Peak 30.79M) | Time:00:00.67 | Mem:0.00M, Peak:0.00M | Scene, ViewLayer | Synchronizing object | Back_Lock_4
Fra:17 Mem:30.79M (Peak 30.79M) | Time:00:00.67 | Mem:0.00M, Peak:0.00M | Scene, ViewLayer | Synchronizing object | Bangs_04
Fra:17 Mem:30.82M (Peak 30.82M) | Time:00:00.67 | Mem:0.00M, Peak:0.00M | Scene, ViewLayer | Synchronizing object | Back_Lock_3
Fra:17 Mem:30.83M (Peak 30.83M) | Time:00:00.67 | Mem:0.00M, Peak:0.00M | Scene, ViewLayer | Synchronizing object | Bangs_05
Fra:17 Mem:30.86M (Peak 30.86M) | Time:00:00.67 | Mem:0.00M, Peak:0.00M | Scene, ViewLayer | Synchronizing object | Back_Lock_2
Fra:17 Mem:30.86M (Peak 30.86M) | Time:00:00.67 | Mem:0.00M, Peak:0.00M | Scene, ViewLayer | Synchronizing object | Temple_0.L
Fra:17 Mem:30.90M (Peak 30.90M) | Time:00:00.67 | Mem:0.00M, Peak:0.00M | Scene, ViewLayer | Synchronizing object | Back_Lock_1
Fra:17 Mem:30.90M (Peak 30.90M) | Time:00:00.67 | Mem:0.00M, Peak:0.00M | Scene, ViewLayer | Synchronizing object | Temple_1.L
Fra:17 Mem:30.93M (Peak 30.93M) | Time:00:00.67 | Mem:0.00M, Peak:0.00M | Scene, ViewLayer | Synchronizing object | Back_Lock_0
Fra:17 Mem:30.93M (Peak 30.93M) | Time:00:00.67 | Mem:0.00M, Peak:0.00M | Scene, ViewLayer | Synchronizing object | Temple_2.L
Fra:17 Mem:30.97M (Peak 30.97M) | Time:00:00.67 | Mem:0.00M, Peak:0.00M | Scene, ViewLayer | Synchronizing object | Crown_0.R
Fra:17 Mem:30.97M (Peak 30.97M) | Time:00:00.67 | Mem:0.00M, Peak:0.00M | Scene, ViewLayer | Synchronizing object | Nape_0.L
Fra:17 Mem:31.00M (Peak 31.00M) | Time:00:00.67 | Mem:0.00M, Peak:0.00M | Scene, ViewLayer | Synchronizing object | Crown_0.L
Fra:17 Mem:31.00M (Peak 31.00M) | Time:00:00.67 | Mem:0.00M, Peak:0.00M | Scene, ViewLayer | Synchronizing object | Nape_1.L
Fra:17 Mem:31.03M (Peak 31.03M) | Time:00:00.67 | Mem:0.00M, Peak:0.00M | Scene, ViewLayer | Synchronizing object | Temple_0.R
Fra:17 Mem:31.04M (Peak 31.04M) | Time:00:00.67 | Mem:0.00M, Peak:0.00M | Scene, ViewLayer | Synchronizing object | Nape_1.R
Fra:17 Mem:31.06M (Peak 31.06M) | Time:00:00.67 | Mem:0.00M, Peak:0.00M | Scene, ViewLayer | Synchronizing object | Temple_1.R
Fra:17 Mem:31.09M (Peak 31.09M) | Time:00:00.67 | Mem:0.00M, Peak:0.00M | Scene, ViewLayer | Synchronizing object | Nape_0.R
Fra:17 Mem:31.09M (Peak 31.09M) | Time:00:00.67 | Mem:0.00M, Peak:0.00M | Scene, ViewLayer | Synchronizing object | Temple_2.R
Fra:17 Mem:31.12M (Peak 31.12M) | Time:00:00.67 | Mem:0.00M, Peak:0.00M | Scene, ViewLayer | Initializing
Fra:17 Mem:27.03M (Peak 31.12M) | Time:00:00.67 | Mem:0.00M, Peak:0.00M | Scene, ViewLayer | Updating Images | Loading CHR001_GreyStudy_BaseColor
Fra:17 Mem:28.08M (Peak 31.12M) | Time:00:00.67 | Mem:4.00M, Peak:4.00M | Scene, ViewLayer | Waiting for render to start
Fra:17 Mem:28.08M (Peak 31.12M) | Time:00:00.67 | Mem:4.00M, Peak:4.00M | Scene, ViewLayer | Updating Scene
Fra:17 Mem:28.08M (Peak 31.12M) | Time:00:00.67 | Mem:4.00M, Peak:4.00M | Scene, ViewLayer | Updating Shaders
Fra:17 Mem:28.08M (Peak 31.12M) | Time:00:00.67 | Mem:4.00M, Peak:4.00M | Scene, ViewLayer | Loading render kernels (may take a few minutes the first time)
Fra:17 Mem:28.16M (Peak 31.12M) | Time:00:00.67 | Mem:4.00M, Peak:4.00M | Scene, ViewLayer | Updating Procedurals
Fra:17 Mem:28.16M (Peak 31.12M) | Time:00:00.67 | Mem:4.00M, Peak:4.00M | Scene, ViewLayer | Updating Background
Fra:17 Mem:28.16M (Peak 31.12M) | Time:00:00.67 | Mem:4.00M, Peak:4.00M | Scene, ViewLayer | Updating Camera
Fra:17 Mem:28.16M (Peak 31.12M) | Time:00:00.67 | Mem:4.00M, Peak:4.00M | Scene, ViewLayer | Updating Meshes Flags
Fra:17 Mem:28.16M (Peak 31.12M) | Time:00:00.67 | Mem:4.00M, Peak:4.00M | Scene, ViewLayer | Updating Objects
Fra:17 Mem:28.16M (Peak 31.12M) | Time:00:00.67 | Mem:4.00M, Peak:4.00M | Scene, ViewLayer | Updating Objects | Copying Transformations to device
Fra:17 Mem:28.19M (Peak 31.12M) | Time:00:00.67 | Mem:4.02M, Peak:4.02M | Scene, ViewLayer | Updating Particle Systems
Fra:17 Mem:28.19M (Peak 31.12M) | Time:00:00.67 | Mem:4.02M, Peak:4.02M | Scene, ViewLayer | Updating Particle Systems | Copying Particles to device
Fra:17 Mem:28.19M (Peak 31.12M) | Time:00:00.67 | Mem:4.02M, Peak:4.02M | Scene, ViewLayer | Updating Meshes
Fra:17 Mem:28.19M (Peak 31.12M) | Time:00:00.67 | Mem:4.02M, Peak:4.02M | Scene, ViewLayer | Updating Objects | Applying Static Transformations
Fra:17 Mem:28.19M (Peak 31.12M) | Time:00:00.67 | Mem:4.02M, Peak:4.02M | Scene, ViewLayer | Updating Mesh | Computing attributes
Fra:17 Mem:29.20M (Peak 31.12M) | Time:00:00.67 | Mem:4.03M, Peak:4.03M | Scene, ViewLayer | Updating Mesh | Copying Attributes to device
Fra:17 Mem:29.19M (Peak 31.12M) | Time:00:00.67 | Mem:5.02M, Peak:5.02M | Scene, ViewLayer | Updating Scene BVH | Building
Fra:17 Mem:29.19M (Peak 31.12M) | Time:00:00.67 | Mem:5.02M, Peak:5.02M | Scene, ViewLayer | Updating Scene BVH | Building BVH
Fra:17 Mem:29.19M (Peak 31.12M) | Time:00:00.67 | Mem:6.08M, Peak:6.08M | Scene, ViewLayer | Updating Scene BVH | Building BVH 0%
Fra:17 Mem:29.19M (Peak 31.12M) | Time:00:00.68 | Mem:7.23M, Peak:8.28M | Scene, ViewLayer | Updating Scene BVH | Copying BVH to device
Fra:17 Mem:29.19M (Peak 31.12M) | Time:00:00.68 | Mem:7.23M, Peak:8.28M | Scene, ViewLayer | Updating Mesh | Computing normals
Fra:17 Mem:30.12M (Peak 31.12M) | Time:00:00.68 | Mem:7.23M, Peak:8.28M | Scene, ViewLayer | Updating Mesh | Copying Mesh to device
Fra:17 Mem:30.12M (Peak 31.12M) | Time:00:00.68 | Mem:8.16M, Peak:8.28M | Scene, ViewLayer | Updating Objects Flags
Fra:17 Mem:30.12M (Peak 31.12M) | Time:00:00.68 | Mem:8.16M, Peak:8.28M | Scene, ViewLayer | Updating Primitive Offsets
Fra:17 Mem:30.12M (Peak 31.12M) | Time:00:00.68 | Mem:8.16M, Peak:8.28M | Scene, ViewLayer | Updating Images
Fra:17 Mem:30.12M (Peak 31.12M) | Time:00:00.68 | Mem:8.16M, Peak:8.28M | Scene, ViewLayer | Updating Camera Volume
Fra:17 Mem:30.12M (Peak 31.12M) | Time:00:00.68 | Mem:8.16M, Peak:8.28M | Scene, ViewLayer | Updating Lookup Tables
Fra:17 Mem:30.12M (Peak 31.12M) | Time:00:00.68 | Mem:8.24M, Peak:8.28M | Scene, ViewLayer | Updating Lights
Fra:17 Mem:30.12M (Peak 31.12M) | Time:00:00.68 | Mem:8.24M, Peak:8.28M | Scene, ViewLayer | Updating Lights | Computing tree
Fra:17 Mem:30.12M (Peak 31.12M) | Time:00:00.68 | Mem:8.24M, Peak:8.28M | Scene, ViewLayer | Updating Integrator
Fra:17 Mem:30.12M (Peak 31.12M) | Time:00:00.68 | Mem:8.24M, Peak:8.28M | Scene, ViewLayer | Updating Film
Fra:17 Mem:30.13M (Peak 31.12M) | Time:00:00.68 | Mem:8.16M, Peak:8.28M | Scene, ViewLayer | Updating Lookup Tables
Fra:17 Mem:30.13M (Peak 31.12M) | Time:00:00.68 | Mem:8.25M, Peak:8.28M | Scene, ViewLayer | Updating Baking
Fra:17 Mem:30.13M (Peak 31.12M) | Time:00:00.68 | Mem:8.25M, Peak:8.28M | Scene, ViewLayer | Updating Device | Writing constant memory
Fra:17 Mem:30.13M (Peak 31.12M) | Time:00:00.68 | Mem:8.25M, Peak:8.28M | Scene, ViewLayer | Loading denoising kernels (may take a few minutes the first time)
Fra:17 Mem:30.13M (Peak 31.12M) | Time:00:00.68 | Mem:8.25M, Peak:8.28M | Scene, ViewLayer | Sample 0/12
Fra:17 Mem:44.40M (Peak 44.40M) | Time:00:00.85 | Remaining:00:01.87 | Mem:22.51M, Peak:22.51M | Scene, ViewLayer | Sample 1/12
Fra:17 Mem:50.40M (Peak 59.41M) | Time:00:04.75 | Mem:22.51M, Peak:22.51M | Scene, ViewLayer | Sample 12/12
Fra:17 Mem:50.40M (Peak 59.41M) | Time:00:04.75 | Mem:22.51M, Peak:22.51M | Scene, ViewLayer | Finished
Saved: '/home/lzzz/MyProjects/N-SIDE/output/characters/CHR-001/animation-r2/candidate-b/run/008.png'
Time: 00:04.77 (Saving: 00:00.01)

Fra:19 Mem:26.15M (Peak 26.15M) | Time:00:00.00 | Mem:0.00M, Peak:0.00M | Scene, ViewLayer | Synchronizing object | TShirt
Fra:19 Mem:26.31M (Peak 26.31M) | Time:00:00.00 | Mem:0.00M, Peak:0.00M | Scene, ViewLayer | Synchronizing object | TShirt_Collar
Fra:19 Mem:26.33M (Peak 26.33M) | Time:00:00.00 | Mem:0.00M, Peak:0.00M | Scene, ViewLayer | Synchronizing object | Hood
Fra:19 Mem:26.39M (Peak 26.39M) | Time:00:00.00 | Mem:0.00M, Peak:0.00M | Scene, ViewLayer | Synchronizing object | Sleeve_Cuff.L
Fra:19 Mem:26.39M (Peak 26.39M) | Time:00:00.00 | Mem:0.00M, Peak:0.00M | Scene, ViewLayer | Synchronizing object | Zip_Tape.L
Fra:19 Mem:26.40M (Peak 26.40M) | Time:00:00.00 | Mem:0.00M, Peak:0.00M | Scene, ViewLayer | Synchronizing object | Hood_Cord.L
Fra:19 Mem:26.44M (Peak 26.44M) | Time:00:00.02 | Mem:0.00M, Peak:0.00M | Scene, ViewLayer | Synchronizing object | Palm.L
Fra:19 Mem:26.49M (Peak 26.49M) | Time:00:00.02 | Mem:0.00M, Peak:0.00M | Scene, ViewLayer | Synchronizing object | Index_Mesh.L
Fra:19 Mem:26.49M (Peak 26.49M) | Time:00:00.02 | Mem:0.00M, Peak:0.00M | Scene, ViewLayer | Synchronizing object | Middle_Mesh.L
Fra:19 Mem:26.50M (Peak 26.50M) | Time:00:00.02 | Mem:0.00M, Peak:0.00M | Scene, ViewLayer | Synchronizing object | Ring_Mesh.L
Fra:19 Mem:26.54M (Peak 26.54M) | Time:00:00.02 | Mem:0.00M, Peak:0.00M | Scene, ViewLayer | Synchronizing object | Pinky_Mesh.L
Fra:19 Mem:26.51M (Peak 26.54M) | Time:00:00.02 | Mem:0.00M, Peak:0.00M | Scene, ViewLayer | Synchronizing object | Thumb_Mesh.L
Fra:19 Mem:26.69M (Peak 26.69M) | Time:00:00.05 | Mem:0.00M, Peak:0.00M | Scene, ViewLayer | Synchronizing object | Trousers.L
Fra:19 Mem:26.95M (Peak 26.95M) | Time:00:00.05 | Mem:0.00M, Peak:0.00M | Scene, ViewLayer | Synchronizing object | Sneaker_Sole.L
Fra:19 Mem:26.97M (Peak 26.97M) | Time:00:00.05 | Mem:0.00M, Peak:0.00M | Scene, ViewLayer | Synchronizing object | Sneaker_Upper.L
Fra:19 Mem:26.99M (Peak 26.99M) | Time:00:00.05 | Mem:0.00M, Peak:0.00M | Scene, ViewLayer | Synchronizing object | Sock.L
Fra:19 Mem:26.99M (Peak 26.99M) | Time:00:00.05 | Mem:0.00M, Peak:0.00M | Scene, ViewLayer | Synchronizing object | Lace_0.L
Fra:19 Mem:27.00M (Peak 27.00M) | Time:00:00.05 | Mem:0.00M, Peak:0.00M | Scene, ViewLayer | Synchronizing object | Lace_1.L
Fra:19 Mem:27.00M (Peak 27.00M) | Time:00:00.05 | Mem:0.00M, Peak:0.00M | Scene, ViewLayer | Synchronizing object | Lace_2.L
Fra:19 Mem:27.00M (Peak 27.00M) | Time:00:00.05 | Mem:0.00M, Peak:0.00M | Scene, ViewLayer | Synchronizing object | Lace_3.L
Fra:19 Mem:27.01M (Peak 27.01M) | Time:00:00.05 | Mem:0.00M, Peak:0.00M | Scene, ViewLayer | Synchronizing object | Heel_Tab.L
Fra:19 Mem:27.01M (Peak 27.01M) | Time:00:00.05 | Mem:0.00M, Peak:0.00M | Scene, ViewLayer | Synchronizing object | Sleeve_Cuff.R
Fra:19 Mem:27.01M (Peak 27.01M) | Time:00:00.05 | Mem:0.00M, Peak:0.00M | Scene, ViewLayer | Synchronizing object | Zip_Tape.R
Fra:19 Mem:27.02M (Peak 27.02M) | Time:00:00.05 | Mem:0.00M, Peak:0.00M | Scene, ViewLayer | Synchronizing object | Hood_Cord.R
Fra:19 Mem:27.06M (Peak 27.06M) | Time:00:00.06 | Mem:0.00M, Peak:0.00M | Scene, ViewLayer | Synchronizing object | Palm.R
Fra:19 Mem:27.11M (Peak 27.11M) | Time:00:00.06 | Mem:0.00M, Peak:0.00M | Scene, ViewLayer | Synchronizing object | Index_Mesh.R
Fra:19 Mem:27.11M (Peak 27.11M) | Time:00:00.06 | Mem:0.00M, Peak:0.00M | Scene, ViewLayer | Synchronizing object | Middle_Mesh.R
Fra:19 Mem:27.12M (Peak 27.12M) | Time:00:00.06 | Mem:0.00M, Peak:0.00M | Scene, ViewLayer | Synchronizing object | Ring_Mesh.R
Fra:19 Mem:27.15M (Peak 27.15M) | Time:00:00.06 | Mem:0.00M, Peak:0.00M | Scene, ViewLayer | Synchronizing object | Pinky_Mesh.R
Fra:19 Mem:27.14M (Peak 27.15M) | Time:00:00.06 | Mem:0.00M, Peak:0.00M | Scene, ViewLayer | Synchronizing object | Thumb_Mesh.R
Fra:19 Mem:27.31M (Peak 27.31M) | Time:00:00.10 | Mem:0.00M, Peak:0.00M | Scene, ViewLayer | Synchronizing object | Trousers.R
Fra:19 Mem:27.59M (Peak 27.59M) | Time:00:00.10 | Mem:0.00M, Peak:0.00M | Scene, ViewLayer | Synchronizing object | Sneaker_Sole.R
Fra:19 Mem:27.60M (Peak 27.60M) | Time:00:00.10 | Mem:0.00M, Peak:0.00M | Scene, ViewLayer | Synchronizing object | Sneaker_Upper.R
Fra:19 Mem:27.62M (Peak 27.62M) | Time:00:00.10 | Mem:0.00M, Peak:0.00M | Scene, ViewLayer | Synchronizing object | Sock.R
Fra:19 Mem:27.72M (Peak 27.72M) | Time:00:00.10 | Mem:0.00M, Peak:0.00M | Scene, ViewLayer | Synchronizing object | Lace_0.R
Fra:19 Mem:27.72M (Peak 27.72M) | Time:00:00.10 | Mem:0.00M, Peak:0.00M | Scene, ViewLayer | Synchronizing object | Lace_1.R
Fra:19 Mem:27.65M (Peak 27.72M) | Time:00:00.10 | Mem:0.00M, Peak:0.00M | Scene, ViewLayer | Synchronizing object | Lace_2.R
Fra:19 Mem:27.65M (Peak 27.72M) | Time:00:00.10 | Mem:0.00M, Peak:0.00M | Scene, ViewLayer | Synchronizing object | Lace_3.R
Fra:19 Mem:27.66M (Peak 27.72M) | Time:00:00.10 | Mem:0.00M, Peak:0.00M | Scene, ViewLayer | Synchronizing object | Heel_Tab.R
Fra:19 Mem:28.20M (Peak 28.20M) | Time:00:00.14 | Mem:0.00M, Peak:0.00M | Scene, ViewLayer | Synchronizing object | Jacket_ContinuousShoulders
Fra:19 Mem:29.43M (Peak 29.43M) | Time:00:00.54 | Mem:0.00M, Peak:0.00M | Scene, ViewLayer | Synchronizing object | Face_Head
Fra:19 Mem:30.09M (Peak 30.09M) | Time:00:00.55 | Mem:0.00M, Peak:0.00M | Scene, ViewLayer | Synchronizing object | Ear.L
Fra:19 Mem:30.15M (Peak 30.15M) | Time:00:00.55 | Mem:0.00M, Peak:0.00M | Scene, ViewLayer | Synchronizing object | Ear_Fold.L
Fra:19 Mem:30.20M (Peak 30.20M) | Time:00:00.57 | Mem:0.00M, Peak:0.00M | Scene, ViewLayer | Synchronizing object | Ear.R
Fra:19 Mem:30.26M (Peak 30.26M) | Time:00:00.57 | Mem:0.00M, Peak:0.00M | Scene, ViewLayer | Synchronizing object | Ear_Fold.R
Fra:19 Mem:30.27M (Peak 30.27M) | Time:00:00.57 | Mem:0.00M, Peak:0.00M | Scene, ViewLayer | Synchronizing object | Eye_White.L
Fra:19 Mem:30.28M (Peak 30.28M) | Time:00:00.57 | Mem:0.00M, Peak:0.00M | Scene, ViewLayer | Synchronizing object | Iris_hair.L
Fra:19 Mem:30.30M (Peak 30.30M) | Time:00:00.57 | Mem:0.00M, Peak:0.00M | Scene, ViewLayer | Synchronizing object | Iris_ink.L
Fra:19 Mem:30.29M (Peak 30.30M) | Time:00:00.57 | Mem:0.00M, Peak:0.00M | Scene, ViewLayer | Synchronizing object | Eye_Glint.L
Fra:19 Mem:30.29M (Peak 30.30M) | Time:00:00.57 | Mem:0.00M, Peak:0.00M | Scene, ViewLayer | Synchronizing object | Upper_Lid.L
Fra:19 Mem:30.31M (Peak 30.31M) | Time:00:00.57 | Mem:0.00M, Peak:0.00M | Scene, ViewLayer | Synchronizing object | Lower_Lid.L
Fra:19 Mem:30.31M (Peak 30.31M) | Time:00:00.57 | Mem:0.00M, Peak:0.00M | Scene, ViewLayer | Synchronizing object | Eyebrow.L
Fra:19 Mem:30.32M (Peak 30.32M) | Time:00:00.57 | Mem:0.00M, Peak:0.00M | Scene, ViewLayer | Synchronizing object | Eye_White.R
Fra:19 Mem:30.32M (Peak 30.32M) | Time:00:00.57 | Mem:0.00M, Peak:0.00M | Scene, ViewLayer | Synchronizing object | Iris_hair.R
Fra:19 Mem:30.33M (Peak 30.33M) | Time:00:00.57 | Mem:0.00M, Peak:0.00M | Scene, ViewLayer | Synchronizing object | Iris_ink.R
Fra:19 Mem:30.34M (Peak 30.34M) | Time:00:00.57 | Mem:0.00M, Peak:0.00M | Scene, ViewLayer | Synchronizing object | Eye_Glint.R
Fra:19 Mem:30.35M (Peak 30.35M) | Time:00:00.57 | Mem:0.00M, Peak:0.00M | Scene, ViewLayer | Synchronizing object | Upper_Lid.R
Fra:19 Mem:30.36M (Peak 30.36M) | Time:00:00.57 | Mem:0.00M, Peak:0.00M | Scene, ViewLayer | Synchronizing object | Lower_Lid.R
Fra:19 Mem:30.36M (Peak 30.36M) | Time:00:00.57 | Mem:0.00M, Peak:0.00M | Scene, ViewLayer | Synchronizing object | Eyebrow.R
Fra:19 Mem:30.37M (Peak 30.37M) | Time:00:00.57 | Mem:0.00M, Peak:0.00M | Scene, ViewLayer | Synchronizing object | Mouth
Fra:19 Mem:30.50M (Peak 30.50M) | Time:00:00.68 | Mem:0.00M, Peak:0.00M | Scene, ViewLayer | Synchronizing object | Hair_Cap
Fra:19 Mem:30.67M (Peak 30.67M) | Time:00:00.68 | Mem:0.00M, Peak:0.00M | Scene, ViewLayer | Synchronizing object | Review_Rim
Fra:19 Mem:30.71M (Peak 30.71M) | Time:00:00.68 | Mem:0.00M, Peak:0.00M | Scene, ViewLayer | Synchronizing object | Review_Fill
Fra:19 Mem:30.67M (Peak 30.71M) | Time:00:00.68 | Mem:0.00M, Peak:0.00M | Scene, ViewLayer | Synchronizing object | Bangs_00
Fra:19 Mem:30.69M (Peak 30.71M) | Time:00:00.68 | Mem:0.00M, Peak:0.00M | Scene, ViewLayer | Synchronizing object | Review_Key
Fra:19 Mem:30.69M (Peak 30.71M) | Time:00:00.68 | Mem:0.00M, Peak:0.00M | Scene, ViewLayer | Synchronizing object | Review_Ground
Fra:19 Mem:30.69M (Peak 30.71M) | Time:00:00.68 | Mem:0.00M, Peak:0.00M | Scene, ViewLayer | Synchronizing object | Bangs_01
Fra:19 Mem:30.69M (Peak 30.71M) | Time:00:00.68 | Mem:0.00M, Peak:0.00M | Scene, ViewLayer | Synchronizing object | Tee_Bar
Fra:19 Mem:30.71M (Peak 30.71M) | Time:00:00.68 | Mem:0.00M, Peak:0.00M | Scene, ViewLayer | Synchronizing object | Tee_Dot_1.246
Fra:19 Mem:30.71M (Peak 30.71M) | Time:00:00.68 | Mem:0.00M, Peak:0.00M | Scene, ViewLayer | Synchronizing object | Bangs_02
Fra:19 Mem:30.73M (Peak 30.73M) | Time:00:00.68 | Mem:0.00M, Peak:0.00M | Scene, ViewLayer | Synchronizing object | Tee_Dot_1.275
Fra:19 Mem:30.74M (Peak 30.74M) | Time:00:00.68 | Mem:0.00M, Peak:0.00M | Scene, ViewLayer | Synchronizing object | Bangs_03
Fra:19 Mem:30.74M (Peak 30.74M) | Time:00:00.68 | Mem:0.00M, Peak:0.00M | Scene, ViewLayer | Synchronizing object | Back_Lock_6
Fra:19 Mem:30.77M (Peak 30.77M) | Time:00:00.68 | Mem:0.00M, Peak:0.00M | Scene, ViewLayer | Synchronizing object | Bangs_04
Fra:19 Mem:30.79M (Peak 30.79M) | Time:00:00.68 | Mem:0.00M, Peak:0.00M | Scene, ViewLayer | Synchronizing object | Back_Lock_5
Fra:19 Mem:30.79M (Peak 30.79M) | Time:00:00.68 | Mem:0.00M, Peak:0.00M | Scene, ViewLayer | Synchronizing object | Bangs_05
Fra:19 Mem:30.83M (Peak 30.83M) | Time:00:00.68 | Mem:0.00M, Peak:0.00M | Scene, ViewLayer | Synchronizing object | Back_Lock_4
Fra:19 Mem:30.83M (Peak 30.83M) | Time:00:00.68 | Mem:0.00M, Peak:0.00M | Scene, ViewLayer | Synchronizing object | Temple_0.L
Fra:19 Mem:30.85M (Peak 30.85M) | Time:00:00.68 | Mem:0.00M, Peak:0.00M | Scene, ViewLayer | Synchronizing object | Back_Lock_3
Fra:19 Mem:30.87M (Peak 30.87M) | Time:00:00.68 | Mem:0.00M, Peak:0.00M | Scene, ViewLayer | Synchronizing object | Temple_1.L
Fra:19 Mem:30.89M (Peak 30.89M) | Time:00:00.68 | Mem:0.00M, Peak:0.00M | Scene, ViewLayer | Synchronizing object | Back_Lock_2
Fra:19 Mem:30.91M (Peak 30.91M) | Time:00:00.68 | Mem:0.00M, Peak:0.00M | Scene, ViewLayer | Synchronizing object | Temple_2.L
Fra:19 Mem:30.92M (Peak 30.92M) | Time:00:00.68 | Mem:0.00M, Peak:0.00M | Scene, ViewLayer | Synchronizing object | Back_Lock_1
Fra:19 Mem:30.94M (Peak 30.94M) | Time:00:00.68 | Mem:0.00M, Peak:0.00M | Scene, ViewLayer | Synchronizing object | Nape_0.L
Fra:19 Mem:30.96M (Peak 30.96M) | Time:00:00.68 | Mem:0.00M, Peak:0.00M | Scene, ViewLayer | Synchronizing object | Back_Lock_0
Fra:19 Mem:30.97M (Peak 30.97M) | Time:00:00.68 | Mem:0.00M, Peak:0.00M | Scene, ViewLayer | Synchronizing object | Nape_1.L
Fra:19 Mem:30.99M (Peak 30.99M) | Time:00:00.68 | Mem:0.00M, Peak:0.00M | Scene, ViewLayer | Synchronizing object | Crown_0.R
Fra:19 Mem:31.01M (Peak 31.01M) | Time:00:00.68 | Mem:0.00M, Peak:0.00M | Scene, ViewLayer | Synchronizing object | Temple_0.R
Fra:19 Mem:31.03M (Peak 31.03M) | Time:00:00.68 | Mem:0.00M, Peak:0.00M | Scene, ViewLayer | Synchronizing object | Crown_0.L
Fra:19 Mem:31.05M (Peak 31.05M) | Time:00:00.68 | Mem:0.00M, Peak:0.00M | Scene, ViewLayer | Synchronizing object | Temple_1.R
Fra:19 Mem:31.06M (Peak 31.06M) | Time:00:00.68 | Mem:0.00M, Peak:0.00M | Scene, ViewLayer | Synchronizing object | Nape_1.R
Fra:19 Mem:31.08M (Peak 31.08M) | Time:00:00.68 | Mem:0.00M, Peak:0.00M | Scene, ViewLayer | Synchronizing object | Temple_2.R
Fra:19 Mem:31.10M (Peak 31.10M) | Time:00:00.68 | Mem:0.00M, Peak:0.00M | Scene, ViewLayer | Synchronizing object | Nape_0.R
Fra:19 Mem:31.12M (Peak 31.12M) | Time:00:00.68 | Mem:0.00M, Peak:0.00M | Scene, ViewLayer | Initializing
Fra:19 Mem:27.03M (Peak 31.12M) | Time:00:00.68 | Mem:0.00M, Peak:0.00M | Scene, ViewLayer | Updating Images | Loading CHR001_GreyStudy_BaseColor
Fra:19 Mem:28.08M (Peak 31.12M) | Time:00:00.69 | Mem:4.00M, Peak:4.00M | Scene, ViewLayer | Waiting for render to start
Fra:19 Mem:28.08M (Peak 31.12M) | Time:00:00.69 | Mem:4.00M, Peak:4.00M | Scene, ViewLayer | Updating Scene
Fra:19 Mem:28.08M (Peak 31.12M) | Time:00:00.69 | Mem:4.00M, Peak:4.00M | Scene, ViewLayer | Updating Shaders
Fra:19 Mem:28.08M (Peak 31.12M) | Time:00:00.69 | Mem:4.00M, Peak:4.00M | Scene, ViewLayer | Loading render kernels (may take a few minutes the first time)
Fra:19 Mem:28.16M (Peak 31.12M) | Time:00:00.69 | Mem:4.00M, Peak:4.00M | Scene, ViewLayer | Updating Procedurals
Fra:19 Mem:28.16M (Peak 31.12M) | Time:00:00.69 | Mem:4.00M, Peak:4.00M | Scene, ViewLayer | Updating Background
Fra:19 Mem:28.16M (Peak 31.12M) | Time:00:00.69 | Mem:4.00M, Peak:4.00M | Scene, ViewLayer | Updating Camera
Fra:19 Mem:28.16M (Peak 31.12M) | Time:00:00.69 | Mem:4.00M, Peak:4.00M | Scene, ViewLayer | Updating Meshes Flags
Fra:19 Mem:28.16M (Peak 31.12M) | Time:00:00.69 | Mem:4.00M, Peak:4.00M | Scene, ViewLayer | Updating Objects
Fra:19 Mem:28.16M (Peak 31.12M) | Time:00:00.69 | Mem:4.00M, Peak:4.00M | Scene, ViewLayer | Updating Objects | Copying Transformations to device
Fra:19 Mem:28.19M (Peak 31.12M) | Time:00:00.69 | Mem:4.02M, Peak:4.02M | Scene, ViewLayer | Updating Particle Systems
Fra:19 Mem:28.19M (Peak 31.12M) | Time:00:00.69 | Mem:4.02M, Peak:4.02M | Scene, ViewLayer | Updating Particle Systems | Copying Particles to device
Fra:19 Mem:28.19M (Peak 31.12M) | Time:00:00.69 | Mem:4.02M, Peak:4.02M | Scene, ViewLayer | Updating Meshes
Fra:19 Mem:28.19M (Peak 31.12M) | Time:00:00.69 | Mem:4.02M, Peak:4.02M | Scene, ViewLayer | Updating Objects | Applying Static Transformations
Fra:19 Mem:28.19M (Peak 31.12M) | Time:00:00.69 | Mem:4.02M, Peak:4.02M | Scene, ViewLayer | Updating Mesh | Computing attributes
Fra:19 Mem:29.20M (Peak 31.12M) | Time:00:00.69 | Mem:4.03M, Peak:4.03M | Scene, ViewLayer | Updating Mesh | Copying Attributes to device
Fra:19 Mem:29.19M (Peak 31.12M) | Time:00:00.69 | Mem:5.02M, Peak:5.02M | Scene, ViewLayer | Updating Scene BVH | Building
Fra:19 Mem:29.19M (Peak 31.12M) | Time:00:00.69 | Mem:5.02M, Peak:5.02M | Scene, ViewLayer | Updating Scene BVH | Building BVH
Fra:19 Mem:29.19M (Peak 31.12M) | Time:00:00.69 | Mem:6.08M, Peak:6.08M | Scene, ViewLayer | Updating Scene BVH | Building BVH 0%
Fra:19 Mem:29.19M (Peak 31.12M) | Time:00:00.69 | Mem:7.23M, Peak:8.28M | Scene, ViewLayer | Updating Scene BVH | Copying BVH to device
Fra:19 Mem:29.19M (Peak 31.12M) | Time:00:00.69 | Mem:7.23M, Peak:8.28M | Scene, ViewLayer | Updating Mesh | Computing normals
Fra:19 Mem:30.12M (Peak 31.12M) | Time:00:00.69 | Mem:7.23M, Peak:8.28M | Scene, ViewLayer | Updating Mesh | Copying Mesh to device
Fra:19 Mem:30.12M (Peak 31.12M) | Time:00:00.69 | Mem:8.16M, Peak:8.28M | Scene, ViewLayer | Updating Objects Flags
Fra:19 Mem:30.12M (Peak 31.12M) | Time:00:00.69 | Mem:8.16M, Peak:8.28M | Scene, ViewLayer | Updating Primitive Offsets
Fra:19 Mem:30.12M (Peak 31.12M) | Time:00:00.69 | Mem:8.16M, Peak:8.28M | Scene, ViewLayer | Updating Images
Fra:19 Mem:30.12M (Peak 31.12M) | Time:00:00.69 | Mem:8.16M, Peak:8.28M | Scene, ViewLayer | Updating Camera Volume
Fra:19 Mem:30.12M (Peak 31.12M) | Time:00:00.69 | Mem:8.16M, Peak:8.28M | Scene, ViewLayer | Updating Lookup Tables
Fra:19 Mem:30.12M (Peak 31.12M) | Time:00:00.69 | Mem:8.24M, Peak:8.28M | Scene, ViewLayer | Updating Lights
Fra:19 Mem:30.12M (Peak 31.12M) | Time:00:00.69 | Mem:8.24M, Peak:8.28M | Scene, ViewLayer | Updating Lights | Computing tree
Fra:19 Mem:30.12M (Peak 31.12M) | Time:00:00.69 | Mem:8.24M, Peak:8.28M | Scene, ViewLayer | Updating Integrator
Fra:19 Mem:30.12M (Peak 31.12M) | Time:00:00.69 | Mem:8.24M, Peak:8.28M | Scene, ViewLayer | Updating Film
Fra:19 Mem:30.13M (Peak 31.12M) | Time:00:00.69 | Mem:8.16M, Peak:8.28M | Scene, ViewLayer | Updating Lookup Tables
Fra:19 Mem:30.13M (Peak 31.12M) | Time:00:00.69 | Mem:8.25M, Peak:8.28M | Scene, ViewLayer | Updating Baking
Fra:19 Mem:30.13M (Peak 31.12M) | Time:00:00.69 | Mem:8.25M, Peak:8.28M | Scene, ViewLayer | Updating Device | Writing constant memory
Fra:19 Mem:30.13M (Peak 31.12M) | Time:00:00.69 | Mem:8.25M, Peak:8.28M | Scene, ViewLayer | Loading denoising kernels (may take a few minutes the first time)
Fra:19 Mem:30.13M (Peak 31.12M) | Time:00:00.69 | Mem:8.25M, Peak:8.28M | Scene, ViewLayer | Sample 0/12
Fra:19 Mem:44.40M (Peak 44.40M) | Time:00:00.86 | Remaining:00:01.86 | Mem:22.51M, Peak:22.51M | Scene, ViewLayer | Sample 1/12
Fra:19 Mem:50.40M (Peak 59.41M) | Time:00:04.75 | Mem:22.51M, Peak:22.51M | Scene, ViewLayer | Sample 12/12
Fra:19 Mem:50.40M (Peak 59.41M) | Time:00:04.75 | Mem:22.51M, Peak:22.51M | Scene, ViewLayer | Finished
Saved: '/home/lzzz/MyProjects/N-SIDE/output/characters/CHR-001/animation-r2/candidate-b/run/009.png'
Time: 00:04.77 (Saving: 00:00.01)

Fra:21 Mem:26.15M (Peak 26.15M) | Time:00:00.00 | Mem:0.00M, Peak:0.00M | Scene, ViewLayer | Synchronizing object | TShirt
Fra:21 Mem:26.31M (Peak 26.31M) | Time:00:00.00 | Mem:0.00M, Peak:0.00M | Scene, ViewLayer | Synchronizing object | TShirt_Collar
Fra:21 Mem:26.34M (Peak 26.34M) | Time:00:00.00 | Mem:0.00M, Peak:0.00M | Scene, ViewLayer | Synchronizing object | Hood
Fra:21 Mem:26.39M (Peak 26.39M) | Time:00:00.00 | Mem:0.00M, Peak:0.00M | Scene, ViewLayer | Synchronizing object | Sleeve_Cuff.L
Fra:21 Mem:26.39M (Peak 26.39M) | Time:00:00.00 | Mem:0.00M, Peak:0.00M | Scene, ViewLayer | Synchronizing object | Zip_Tape.L
Fra:21 Mem:26.40M (Peak 26.40M) | Time:00:00.01 | Mem:0.00M, Peak:0.00M | Scene, ViewLayer | Synchronizing object | Hood_Cord.L
Fra:21 Mem:26.44M (Peak 26.44M) | Time:00:00.02 | Mem:0.00M, Peak:0.00M | Scene, ViewLayer | Synchronizing object | Palm.L
Fra:21 Mem:26.49M (Peak 26.49M) | Time:00:00.02 | Mem:0.00M, Peak:0.00M | Scene, ViewLayer | Synchronizing object | Index_Mesh.L
Fra:21 Mem:26.49M (Peak 26.49M) | Time:00:00.02 | Mem:0.00M, Peak:0.00M | Scene, ViewLayer | Synchronizing object | Middle_Mesh.L
Fra:21 Mem:26.50M (Peak 26.50M) | Time:00:00.02 | Mem:0.00M, Peak:0.00M | Scene, ViewLayer | Synchronizing object | Ring_Mesh.L
Fra:21 Mem:26.54M (Peak 26.54M) | Time:00:00.02 | Mem:0.00M, Peak:0.00M | Scene, ViewLayer | Synchronizing object | Pinky_Mesh.L
Fra:21 Mem:26.51M (Peak 26.54M) | Time:00:00.02 | Mem:0.00M, Peak:0.00M | Scene, ViewLayer | Synchronizing object | Thumb_Mesh.L
Fra:21 Mem:26.69M (Peak 26.69M) | Time:00:00.05 | Mem:0.00M, Peak:0.00M | Scene, ViewLayer | Synchronizing object | Trousers.L
Fra:21 Mem:26.95M (Peak 26.95M) | Time:00:00.05 | Mem:0.00M, Peak:0.00M | Scene, ViewLayer | Synchronizing object | Sneaker_Sole.L
Fra:21 Mem:26.97M (Peak 26.97M) | Time:00:00.05 | Mem:0.00M, Peak:0.00M | Scene, ViewLayer | Synchronizing object | Sneaker_Upper.L
Fra:21 Mem:26.99M (Peak 26.99M) | Time:00:00.05 | Mem:0.00M, Peak:0.00M | Scene, ViewLayer | Synchronizing object | Sock.L
Fra:21 Mem:26.99M (Peak 26.99M) | Time:00:00.05 | Mem:0.00M, Peak:0.00M | Scene, ViewLayer | Synchronizing object | Lace_0.L
Fra:21 Mem:27.00M (Peak 27.00M) | Time:00:00.05 | Mem:0.00M, Peak:0.00M | Scene, ViewLayer | Synchronizing object | Lace_1.L
Fra:21 Mem:27.00M (Peak 27.00M) | Time:00:00.05 | Mem:0.00M, Peak:0.00M | Scene, ViewLayer | Synchronizing object | Lace_2.L
Fra:21 Mem:27.00M (Peak 27.00M) | Time:00:00.05 | Mem:0.00M, Peak:0.00M | Scene, ViewLayer | Synchronizing object | Lace_3.L
Fra:21 Mem:27.01M (Peak 27.01M) | Time:00:00.05 | Mem:0.00M, Peak:0.00M | Scene, ViewLayer | Synchronizing object | Heel_Tab.L
Fra:21 Mem:27.01M (Peak 27.01M) | Time:00:00.05 | Mem:0.00M, Peak:0.00M | Scene, ViewLayer | Synchronizing object | Sleeve_Cuff.R
Fra:21 Mem:27.01M (Peak 27.01M) | Time:00:00.05 | Mem:0.00M, Peak:0.00M | Scene, ViewLayer | Synchronizing object | Zip_Tape.R
Fra:21 Mem:27.02M (Peak 27.02M) | Time:00:00.05 | Mem:0.00M, Peak:0.00M | Scene, ViewLayer | Synchronizing object | Hood_Cord.R
Fra:21 Mem:27.06M (Peak 27.06M) | Time:00:00.06 | Mem:0.00M, Peak:0.00M | Scene, ViewLayer | Synchronizing object | Palm.R
Fra:21 Mem:27.11M (Peak 27.11M) | Time:00:00.06 | Mem:0.00M, Peak:0.00M | Scene, ViewLayer | Synchronizing object | Index_Mesh.R
Fra:21 Mem:27.11M (Peak 27.11M) | Time:00:00.06 | Mem:0.00M, Peak:0.00M | Scene, ViewLayer | Synchronizing object | Middle_Mesh.R
Fra:21 Mem:27.15M (Peak 27.15M) | Time:00:00.06 | Mem:0.00M, Peak:0.00M | Scene, ViewLayer | Synchronizing object | Ring_Mesh.R
Fra:21 Mem:27.13M (Peak 27.15M) | Time:00:00.06 | Mem:0.00M, Peak:0.00M | Scene, ViewLayer | Synchronizing object | Pinky_Mesh.R
Fra:21 Mem:27.13M (Peak 27.15M) | Time:00:00.06 | Mem:0.00M, Peak:0.00M | Scene, ViewLayer | Synchronizing object | Thumb_Mesh.R
Fra:21 Mem:27.31M (Peak 27.31M) | Time:00:00.10 | Mem:0.00M, Peak:0.00M | Scene, ViewLayer | Synchronizing object | Trousers.R
Fra:21 Mem:27.59M (Peak 27.59M) | Time:00:00.10 | Mem:0.00M, Peak:0.00M | Scene, ViewLayer | Synchronizing object | Sneaker_Sole.R
Fra:21 Mem:27.60M (Peak 27.60M) | Time:00:00.10 | Mem:0.00M, Peak:0.00M | Scene, ViewLayer | Synchronizing object | Sneaker_Upper.R
Fra:21 Mem:27.71M (Peak 27.71M) | Time:00:00.10 | Mem:0.00M, Peak:0.00M | Scene, ViewLayer | Synchronizing object | Sock.R
Fra:21 Mem:27.71M (Peak 27.71M) | Time:00:00.10 | Mem:0.00M, Peak:0.00M | Scene, ViewLayer | Synchronizing object | Lace_0.R
Fra:21 Mem:27.65M (Peak 27.71M) | Time:00:00.10 | Mem:0.00M, Peak:0.00M | Scene, ViewLayer | Synchronizing object | Lace_1.R
Fra:21 Mem:27.65M (Peak 27.71M) | Time:00:00.10 | Mem:0.00M, Peak:0.00M | Scene, ViewLayer | Synchronizing object | Lace_2.R
Fra:21 Mem:27.65M (Peak 27.71M) | Time:00:00.10 | Mem:0.00M, Peak:0.00M | Scene, ViewLayer | Synchronizing object | Lace_3.R
Fra:21 Mem:27.62M (Peak 27.71M) | Time:00:00.10 | Mem:0.00M, Peak:0.00M | Scene, ViewLayer | Synchronizing object | Heel_Tab.R
Fra:21 Mem:28.20M (Peak 28.20M) | Time:00:00.13 | Mem:0.00M, Peak:0.00M | Scene, ViewLayer | Synchronizing object | Jacket_ContinuousShoulders
Fra:21 Mem:29.43M (Peak 29.43M) | Time:00:00.54 | Mem:0.00M, Peak:0.00M | Scene, ViewLayer | Synchronizing object | Face_Head
Fra:21 Mem:30.09M (Peak 30.09M) | Time:00:00.55 | Mem:0.00M, Peak:0.00M | Scene, ViewLayer | Synchronizing object | Ear.L
Fra:21 Mem:30.15M (Peak 30.15M) | Time:00:00.55 | Mem:0.00M, Peak:0.00M | Scene, ViewLayer | Synchronizing object | Ear_Fold.L
Fra:21 Mem:30.20M (Peak 30.20M) | Time:00:00.56 | Mem:0.00M, Peak:0.00M | Scene, ViewLayer | Synchronizing object | Ear.R
Fra:21 Mem:30.26M (Peak 30.26M) | Time:00:00.56 | Mem:0.00M, Peak:0.00M | Scene, ViewLayer | Synchronizing object | Ear_Fold.R
Fra:21 Mem:30.27M (Peak 30.27M) | Time:00:00.56 | Mem:0.00M, Peak:0.00M | Scene, ViewLayer | Synchronizing object | Eye_White.L
Fra:21 Mem:30.28M (Peak 30.28M) | Time:00:00.56 | Mem:0.00M, Peak:0.00M | Scene, ViewLayer | Synchronizing object | Iris_hair.L
Fra:21 Mem:30.29M (Peak 30.29M) | Time:00:00.56 | Mem:0.00M, Peak:0.00M | Scene, ViewLayer | Synchronizing object | Iris_ink.L
Fra:21 Mem:30.29M (Peak 30.29M) | Time:00:00.56 | Mem:0.00M, Peak:0.00M | Scene, ViewLayer | Synchronizing object | Eye_Glint.L
Fra:21 Mem:30.29M (Peak 30.29M) | Time:00:00.56 | Mem:0.00M, Peak:0.00M | Scene, ViewLayer | Synchronizing object | Upper_Lid.L
Fra:21 Mem:30.31M (Peak 30.31M) | Time:00:00.56 | Mem:0.00M, Peak:0.00M | Scene, ViewLayer | Synchronizing object | Lower_Lid.L
Fra:21 Mem:30.31M (Peak 30.31M) | Time:00:00.56 | Mem:0.00M, Peak:0.00M | Scene, ViewLayer | Synchronizing object | Eyebrow.L
Fra:21 Mem:30.32M (Peak 30.32M) | Time:00:00.56 | Mem:0.00M, Peak:0.00M | Scene, ViewLayer | Synchronizing object | Eye_White.R
Fra:21 Mem:30.32M (Peak 30.32M) | Time:00:00.56 | Mem:0.00M, Peak:0.00M | Scene, ViewLayer | Synchronizing object | Iris_hair.R
Fra:21 Mem:30.33M (Peak 30.33M) | Time:00:00.56 | Mem:0.00M, Peak:0.00M | Scene, ViewLayer | Synchronizing object | Iris_ink.R
Fra:21 Mem:30.34M (Peak 30.34M) | Time:00:00.56 | Mem:0.00M, Peak:0.00M | Scene, ViewLayer | Synchronizing object | Eye_Glint.R
Fra:21 Mem:30.35M (Peak 30.35M) | Time:00:00.56 | Mem:0.00M, Peak:0.00M | Scene, ViewLayer | Synchronizing object | Upper_Lid.R
Fra:21 Mem:30.36M (Peak 30.36M) | Time:00:00.56 | Mem:0.00M, Peak:0.00M | Scene, ViewLayer | Synchronizing object | Lower_Lid.R
Fra:21 Mem:30.36M (Peak 30.36M) | Time:00:00.56 | Mem:0.00M, Peak:0.00M | Scene, ViewLayer | Synchronizing object | Eyebrow.R
Fra:21 Mem:30.37M (Peak 30.37M) | Time:00:00.56 | Mem:0.00M, Peak:0.00M | Scene, ViewLayer | Synchronizing object | Mouth
Fra:21 Mem:30.50M (Peak 30.50M) | Time:00:00.68 | Mem:0.00M, Peak:0.00M | Scene, ViewLayer | Synchronizing object | Hair_Cap
Fra:21 Mem:30.67M (Peak 30.67M) | Time:00:00.68 | Mem:0.00M, Peak:0.00M | Scene, ViewLayer | Synchronizing object | Review_Rim
Fra:21 Mem:30.69M (Peak 30.69M) | Time:00:00.68 | Mem:0.00M, Peak:0.00M | Scene, ViewLayer | Synchronizing object | Review_Fill
Fra:21 Mem:30.69M (Peak 30.69M) | Time:00:00.68 | Mem:0.00M, Peak:0.00M | Scene, ViewLayer | Synchronizing object | Review_Key
Fra:21 Mem:30.71M (Peak 30.71M) | Time:00:00.68 | Mem:0.00M, Peak:0.00M | Scene, ViewLayer | Synchronizing object | Review_Ground
Fra:21 Mem:30.68M (Peak 30.71M) | Time:00:00.68 | Mem:0.00M, Peak:0.00M | Scene, ViewLayer | Synchronizing object | Bangs_00
Fra:21 Mem:30.68M (Peak 30.71M) | Time:00:00.68 | Mem:0.00M, Peak:0.00M | Scene, ViewLayer | Synchronizing object | Tee_Bar
Fra:21 Mem:30.69M (Peak 30.71M) | Time:00:00.68 | Mem:0.00M, Peak:0.00M | Scene, ViewLayer | Synchronizing object | Tee_Dot_1.246
Fra:21 Mem:30.70M (Peak 30.71M) | Time:00:00.68 | Mem:0.00M, Peak:0.00M | Scene, ViewLayer | Synchronizing object | Bangs_01
Fra:21 Mem:30.70M (Peak 30.71M) | Time:00:00.68 | Mem:0.00M, Peak:0.00M | Scene, ViewLayer | Synchronizing object | Tee_Dot_1.275
Fra:21 Mem:30.72M (Peak 30.72M) | Time:00:00.68 | Mem:0.00M, Peak:0.00M | Scene, ViewLayer | Synchronizing object | Back_Lock_6
Fra:21 Mem:30.72M (Peak 30.72M) | Time:00:00.68 | Mem:0.00M, Peak:0.00M | Scene, ViewLayer | Synchronizing object | Bangs_02
Fra:21 Mem:30.76M (Peak 30.76M) | Time:00:00.68 | Mem:0.00M, Peak:0.00M | Scene, ViewLayer | Synchronizing object | Bangs_03
Fra:21 Mem:30.77M (Peak 30.77M) | Time:00:00.68 | Mem:0.00M, Peak:0.00M | Scene, ViewLayer | Synchronizing object | Back_Lock_5
Fra:21 Mem:30.78M (Peak 30.78M) | Time:00:00.68 | Mem:0.00M, Peak:0.00M | Scene, ViewLayer | Synchronizing object | Bangs_04
Fra:21 Mem:30.81M (Peak 30.81M) | Time:00:00.68 | Mem:0.00M, Peak:0.00M | Scene, ViewLayer | Synchronizing object | Back_Lock_4
Fra:21 Mem:30.81M (Peak 30.81M) | Time:00:00.68 | Mem:0.00M, Peak:0.00M | Scene, ViewLayer | Synchronizing object | Bangs_05
Fra:21 Mem:30.84M (Peak 30.84M) | Time:00:00.68 | Mem:0.00M, Peak:0.00M | Scene, ViewLayer | Synchronizing object | Back_Lock_3
Fra:21 Mem:30.85M (Peak 30.85M) | Time:00:00.68 | Mem:0.00M, Peak:0.00M | Scene, ViewLayer | Synchronizing object | Temple_0.L
Fra:21 Mem:30.87M (Peak 30.87M) | Time:00:00.68 | Mem:0.00M, Peak:0.00M | Scene, ViewLayer | Synchronizing object | Back_Lock_2
Fra:21 Mem:30.88M (Peak 30.88M) | Time:00:00.68 | Mem:0.00M, Peak:0.00M | Scene, ViewLayer | Synchronizing object | Temple_1.L
Fra:21 Mem:30.91M (Peak 30.91M) | Time:00:00.68 | Mem:0.00M, Peak:0.00M | Scene, ViewLayer | Synchronizing object | Back_Lock_1
Fra:21 Mem:30.92M (Peak 30.92M) | Time:00:00.68 | Mem:0.00M, Peak:0.00M | Scene, ViewLayer | Synchronizing object | Temple_2.L
Fra:21 Mem:30.95M (Peak 30.95M) | Time:00:00.68 | Mem:0.00M, Peak:0.00M | Scene, ViewLayer | Synchronizing object | Back_Lock_0
Fra:21 Mem:30.96M (Peak 30.96M) | Time:00:00.68 | Mem:0.00M, Peak:0.00M | Scene, ViewLayer | Synchronizing object | Nape_0.L
Fra:21 Mem:30.97M (Peak 30.97M) | Time:00:00.68 | Mem:0.00M, Peak:0.00M | Scene, ViewLayer | Synchronizing object | Crown_0.R
Fra:21 Mem:31.00M (Peak 31.00M) | Time:00:00.68 | Mem:0.00M, Peak:0.00M | Scene, ViewLayer | Synchronizing object | Nape_1.L
Fra:21 Mem:31.01M (Peak 31.01M) | Time:00:00.68 | Mem:0.00M, Peak:0.00M | Scene, ViewLayer | Synchronizing object | Crown_0.L
Fra:21 Mem:31.03M (Peak 31.03M) | Time:00:00.68 | Mem:0.00M, Peak:0.00M | Scene, ViewLayer | Synchronizing object | Temple_0.R
Fra:21 Mem:31.05M (Peak 31.05M) | Time:00:00.68 | Mem:0.00M, Peak:0.00M | Scene, ViewLayer | Synchronizing object | Nape_1.R
Fra:21 Mem:31.06M (Peak 31.06M) | Time:00:00.68 | Mem:0.00M, Peak:0.00M | Scene, ViewLayer | Synchronizing object | Temple_1.R
Fra:21 Mem:31.08M (Peak 31.08M) | Time:00:00.68 | Mem:0.00M, Peak:0.00M | Scene, ViewLayer | Synchronizing object | Nape_0.R
Fra:21 Mem:31.10M (Peak 31.10M) | Time:00:00.68 | Mem:0.00M, Peak:0.00M | Scene, ViewLayer | Synchronizing object | Temple_2.R
Fra:21 Mem:31.12M (Peak 31.12M) | Time:00:00.68 | Mem:0.00M, Peak:0.00M | Scene, ViewLayer | Initializing
Fra:21 Mem:27.03M (Peak 31.12M) | Time:00:00.68 | Mem:0.00M, Peak:0.00M | Scene, ViewLayer | Updating Images | Loading CHR001_GreyStudy_BaseColor
Fra:21 Mem:28.08M (Peak 31.12M) | Time:00:00.68 | Mem:4.00M, Peak:4.00M | Scene, ViewLayer | Waiting for render to start
Fra:21 Mem:28.08M (Peak 31.12M) | Time:00:00.68 | Mem:4.00M, Peak:4.00M | Scene, ViewLayer | Updating Scene
Fra:21 Mem:28.08M (Peak 31.12M) | Time:00:00.68 | Mem:4.00M, Peak:4.00M | Scene, ViewLayer | Updating Shaders
Fra:21 Mem:28.08M (Peak 31.12M) | Time:00:00.68 | Mem:4.00M, Peak:4.00M | Scene, ViewLayer | Loading render kernels (may take a few minutes the first time)
Fra:21 Mem:28.16M (Peak 31.12M) | Time:00:00.68 | Mem:4.00M, Peak:4.00M | Scene, ViewLayer | Updating Procedurals
Fra:21 Mem:28.16M (Peak 31.12M) | Time:00:00.68 | Mem:4.00M, Peak:4.00M | Scene, ViewLayer | Updating Background
Fra:21 Mem:28.16M (Peak 31.12M) | Time:00:00.68 | Mem:4.00M, Peak:4.00M | Scene, ViewLayer | Updating Camera
Fra:21 Mem:28.16M (Peak 31.12M) | Time:00:00.68 | Mem:4.00M, Peak:4.00M | Scene, ViewLayer | Updating Meshes Flags
Fra:21 Mem:28.16M (Peak 31.12M) | Time:00:00.68 | Mem:4.00M, Peak:4.00M | Scene, ViewLayer | Updating Objects
Fra:21 Mem:28.16M (Peak 31.12M) | Time:00:00.68 | Mem:4.00M, Peak:4.00M | Scene, ViewLayer | Updating Objects | Copying Transformations to device
Fra:21 Mem:28.19M (Peak 31.12M) | Time:00:00.68 | Mem:4.02M, Peak:4.02M | Scene, ViewLayer | Updating Particle Systems
Fra:21 Mem:28.19M (Peak 31.12M) | Time:00:00.68 | Mem:4.02M, Peak:4.02M | Scene, ViewLayer | Updating Particle Systems | Copying Particles to device
Fra:21 Mem:28.19M (Peak 31.12M) | Time:00:00.68 | Mem:4.02M, Peak:4.02M | Scene, ViewLayer | Updating Meshes
Fra:21 Mem:28.19M (Peak 31.12M) | Time:00:00.68 | Mem:4.02M, Peak:4.02M | Scene, ViewLayer | Updating Objects | Applying Static Transformations
Fra:21 Mem:28.19M (Peak 31.12M) | Time:00:00.69 | Mem:4.02M, Peak:4.02M | Scene, ViewLayer | Updating Mesh | Computing attributes
Fra:21 Mem:29.20M (Peak 31.12M) | Time:00:00.69 | Mem:4.03M, Peak:4.03M | Scene, ViewLayer | Updating Mesh | Copying Attributes to device
Fra:21 Mem:29.19M (Peak 31.12M) | Time:00:00.69 | Mem:5.02M, Peak:5.02M | Scene, ViewLayer | Updating Scene BVH | Building
Fra:21 Mem:29.19M (Peak 31.12M) | Time:00:00.69 | Mem:5.02M, Peak:5.02M | Scene, ViewLayer | Updating Scene BVH | Building BVH
Fra:21 Mem:29.19M (Peak 31.12M) | Time:00:00.69 | Mem:6.08M, Peak:6.08M | Scene, ViewLayer | Updating Scene BVH | Building BVH 0%
Fra:21 Mem:29.19M (Peak 31.12M) | Time:00:00.69 | Mem:7.23M, Peak:8.28M | Scene, ViewLayer | Updating Scene BVH | Copying BVH to device
Fra:21 Mem:29.19M (Peak 31.12M) | Time:00:00.69 | Mem:7.23M, Peak:8.28M | Scene, ViewLayer | Updating Mesh | Computing normals
Fra:21 Mem:30.12M (Peak 31.12M) | Time:00:00.69 | Mem:7.23M, Peak:8.28M | Scene, ViewLayer | Updating Mesh | Copying Mesh to device
Fra:21 Mem:30.12M (Peak 31.12M) | Time:00:00.69 | Mem:8.16M, Peak:8.28M | Scene, ViewLayer | Updating Objects Flags
Fra:21 Mem:30.12M (Peak 31.12M) | Time:00:00.69 | Mem:8.16M, Peak:8.28M | Scene, ViewLayer | Updating Primitive Offsets
Fra:21 Mem:30.12M (Peak 31.12M) | Time:00:00.69 | Mem:8.16M, Peak:8.28M | Scene, ViewLayer | Updating Images
Fra:21 Mem:30.12M (Peak 31.12M) | Time:00:00.69 | Mem:8.16M, Peak:8.28M | Scene, ViewLayer | Updating Camera Volume
Fra:21 Mem:30.12M (Peak 31.12M) | Time:00:00.69 | Mem:8.16M, Peak:8.28M | Scene, ViewLayer | Updating Lookup Tables
Fra:21 Mem:30.12M (Peak 31.12M) | Time:00:00.69 | Mem:8.24M, Peak:8.28M | Scene, ViewLayer | Updating Lights
Fra:21 Mem:30.12M (Peak 31.12M) | Time:00:00.69 | Mem:8.24M, Peak:8.28M | Scene, ViewLayer | Updating Lights | Computing tree
Fra:21 Mem:30.12M (Peak 31.12M) | Time:00:00.69 | Mem:8.24M, Peak:8.28M | Scene, ViewLayer | Updating Integrator
Fra:21 Mem:30.12M (Peak 31.12M) | Time:00:00.69 | Mem:8.24M, Peak:8.28M | Scene, ViewLayer | Updating Film
Fra:21 Mem:30.13M (Peak 31.12M) | Time:00:00.69 | Mem:8.16M, Peak:8.28M | Scene, ViewLayer | Updating Lookup Tables
Fra:21 Mem:30.13M (Peak 31.12M) | Time:00:00.69 | Mem:8.25M, Peak:8.28M | Scene, ViewLayer | Updating Baking
Fra:21 Mem:30.13M (Peak 31.12M) | Time:00:00.69 | Mem:8.25M, Peak:8.28M | Scene, ViewLayer | Updating Device | Writing constant memory
Fra:21 Mem:30.13M (Peak 31.12M) | Time:00:00.69 | Mem:8.25M, Peak:8.28M | Scene, ViewLayer | Loading denoising kernels (may take a few minutes the first time)
Fra:21 Mem:30.13M (Peak 31.12M) | Time:00:00.69 | Mem:8.25M, Peak:8.28M | Scene, ViewLayer | Sample 0/12
Fra:21 Mem:44.40M (Peak 44.40M) | Time:00:00.86 | Remaining:00:01.83 | Mem:22.51M, Peak:22.51M | Scene, ViewLayer | Sample 1/12
Fra:21 Mem:50.40M (Peak 59.41M) | Time:00:04.74 | Mem:22.51M, Peak:22.51M | Scene, ViewLayer | Sample 12/12
Fra:21 Mem:50.40M (Peak 59.41M) | Time:00:04.74 | Mem:22.51M, Peak:22.51M | Scene, ViewLayer | Finished
Saved: '/home/lzzz/MyProjects/N-SIDE/output/characters/CHR-001/animation-r2/candidate-b/run/010.png'
Time: 00:04.75 (Saving: 00:00.01)

Fra:23 Mem:26.15M (Peak 26.15M) | Time:00:00.00 | Mem:0.00M, Peak:0.00M | Scene, ViewLayer | Synchronizing object | TShirt
Fra:23 Mem:26.31M (Peak 26.31M) | Time:00:00.00 | Mem:0.00M, Peak:0.00M | Scene, ViewLayer | Synchronizing object | TShirt_Collar
Fra:23 Mem:26.33M (Peak 26.33M) | Time:00:00.00 | Mem:0.00M, Peak:0.00M | Scene, ViewLayer | Synchronizing object | Hood
Fra:23 Mem:26.39M (Peak 26.39M) | Time:00:00.01 | Mem:0.00M, Peak:0.00M | Scene, ViewLayer | Synchronizing object | Sleeve_Cuff.L
Fra:23 Mem:26.39M (Peak 26.39M) | Time:00:00.01 | Mem:0.00M, Peak:0.00M | Scene, ViewLayer | Synchronizing object | Zip_Tape.L
Fra:23 Mem:26.40M (Peak 26.40M) | Time:00:00.01 | Mem:0.00M, Peak:0.00M | Scene, ViewLayer | Synchronizing object | Hood_Cord.L
Fra:23 Mem:26.44M (Peak 26.44M) | Time:00:00.02 | Mem:0.00M, Peak:0.00M | Scene, ViewLayer | Synchronizing object | Palm.L
Fra:23 Mem:26.49M (Peak 26.49M) | Time:00:00.02 | Mem:0.00M, Peak:0.00M | Scene, ViewLayer | Synchronizing object | Index_Mesh.L
Fra:23 Mem:26.49M (Peak 26.49M) | Time:00:00.02 | Mem:0.00M, Peak:0.00M | Scene, ViewLayer | Synchronizing object | Middle_Mesh.L
Fra:23 Mem:26.50M (Peak 26.50M) | Time:00:00.02 | Mem:0.00M, Peak:0.00M | Scene, ViewLayer | Synchronizing object | Ring_Mesh.L
Fra:23 Mem:26.54M (Peak 26.54M) | Time:00:00.02 | Mem:0.00M, Peak:0.00M | Scene, ViewLayer | Synchronizing object | Pinky_Mesh.L
Fra:23 Mem:26.52M (Peak 26.54M) | Time:00:00.02 | Mem:0.00M, Peak:0.00M | Scene, ViewLayer | Synchronizing object | Thumb_Mesh.L
Fra:23 Mem:26.69M (Peak 26.69M) | Time:00:00.05 | Mem:0.00M, Peak:0.00M | Scene, ViewLayer | Synchronizing object | Trousers.L
Fra:23 Mem:26.95M (Peak 26.95M) | Time:00:00.05 | Mem:0.00M, Peak:0.00M | Scene, ViewLayer | Synchronizing object | Sneaker_Sole.L
Fra:23 Mem:26.97M (Peak 26.97M) | Time:00:00.05 | Mem:0.00M, Peak:0.00M | Scene, ViewLayer | Synchronizing object | Sneaker_Upper.L
Fra:23 Mem:26.99M (Peak 26.99M) | Time:00:00.05 | Mem:0.00M, Peak:0.00M | Scene, ViewLayer | Synchronizing object | Sock.L
Fra:23 Mem:26.99M (Peak 26.99M) | Time:00:00.05 | Mem:0.00M, Peak:0.00M | Scene, ViewLayer | Synchronizing object | Lace_0.L
Fra:23 Mem:27.00M (Peak 27.00M) | Time:00:00.05 | Mem:0.00M, Peak:0.00M | Scene, ViewLayer | Synchronizing object | Lace_1.L
Fra:23 Mem:27.00M (Peak 27.00M) | Time:00:00.05 | Mem:0.00M, Peak:0.00M | Scene, ViewLayer | Synchronizing object | Lace_2.L
Fra:23 Mem:27.00M (Peak 27.00M) | Time:00:00.05 | Mem:0.00M, Peak:0.00M | Scene, ViewLayer | Synchronizing object | Lace_3.L
Fra:23 Mem:27.01M (Peak 27.01M) | Time:00:00.05 | Mem:0.00M, Peak:0.00M | Scene, ViewLayer | Synchronizing object | Heel_Tab.L
Fra:23 Mem:27.01M (Peak 27.01M) | Time:00:00.05 | Mem:0.00M, Peak:0.00M | Scene, ViewLayer | Synchronizing object | Sleeve_Cuff.R
Fra:23 Mem:27.01M (Peak 27.01M) | Time:00:00.05 | Mem:0.00M, Peak:0.00M | Scene, ViewLayer | Synchronizing object | Zip_Tape.R
Fra:23 Mem:27.02M (Peak 27.02M) | Time:00:00.05 | Mem:0.00M, Peak:0.00M | Scene, ViewLayer | Synchronizing object | Hood_Cord.R
Fra:23 Mem:27.06M (Peak 27.06M) | Time:00:00.06 | Mem:0.00M, Peak:0.00M | Scene, ViewLayer | Synchronizing object | Palm.R
Fra:23 Mem:27.11M (Peak 27.11M) | Time:00:00.06 | Mem:0.00M, Peak:0.00M | Scene, ViewLayer | Synchronizing object | Index_Mesh.R
Fra:23 Mem:27.11M (Peak 27.11M) | Time:00:00.06 | Mem:0.00M, Peak:0.00M | Scene, ViewLayer | Synchronizing object | Middle_Mesh.R
Fra:23 Mem:27.15M (Peak 27.15M) | Time:00:00.06 | Mem:0.00M, Peak:0.00M | Scene, ViewLayer | Synchronizing object | Ring_Mesh.R
Fra:23 Mem:27.13M (Peak 27.15M) | Time:00:00.06 | Mem:0.00M, Peak:0.00M | Scene, ViewLayer | Synchronizing object | Pinky_Mesh.R
Fra:23 Mem:27.13M (Peak 27.15M) | Time:00:00.06 | Mem:0.00M, Peak:0.00M | Scene, ViewLayer | Synchronizing object | Thumb_Mesh.R
Fra:23 Mem:27.31M (Peak 27.31M) | Time:00:00.09 | Mem:0.00M, Peak:0.00M | Scene, ViewLayer | Synchronizing object | Trousers.R
Fra:23 Mem:27.59M (Peak 27.59M) | Time:00:00.09 | Mem:0.00M, Peak:0.00M | Scene, ViewLayer | Synchronizing object | Sneaker_Sole.R
Fra:23 Mem:27.60M (Peak 27.60M) | Time:00:00.09 | Mem:0.00M, Peak:0.00M | Scene, ViewLayer | Synchronizing object | Sneaker_Upper.R
Fra:23 Mem:27.71M (Peak 27.71M) | Time:00:00.09 | Mem:0.00M, Peak:0.00M | Scene, ViewLayer | Synchronizing object | Sock.R
Fra:23 Mem:27.64M (Peak 27.71M) | Time:00:00.09 | Mem:0.00M, Peak:0.00M | Scene, ViewLayer | Synchronizing object | Lace_0.R
Fra:23 Mem:27.65M (Peak 27.71M) | Time:00:00.09 | Mem:0.00M, Peak:0.00M | Scene, ViewLayer | Synchronizing object | Lace_1.R
Fra:23 Mem:27.65M (Peak 27.71M) | Time:00:00.09 | Mem:0.00M, Peak:0.00M | Scene, ViewLayer | Synchronizing object | Lace_2.R
Fra:23 Mem:27.62M (Peak 27.71M) | Time:00:00.09 | Mem:0.00M, Peak:0.00M | Scene, ViewLayer | Synchronizing object | Lace_3.R
Fra:23 Mem:27.62M (Peak 27.71M) | Time:00:00.09 | Mem:0.00M, Peak:0.00M | Scene, ViewLayer | Synchronizing object | Heel_Tab.R
Fra:23 Mem:28.20M (Peak 28.20M) | Time:00:00.12 | Mem:0.00M, Peak:0.00M | Scene, ViewLayer | Synchronizing object | Jacket_ContinuousShoulders
Fra:23 Mem:29.43M (Peak 29.43M) | Time:00:00.52 | Mem:0.00M, Peak:0.00M | Scene, ViewLayer | Synchronizing object | Face_Head
Fra:23 Mem:30.09M (Peak 30.09M) | Time:00:00.54 | Mem:0.00M, Peak:0.00M | Scene, ViewLayer | Synchronizing object | Ear.L
Fra:23 Mem:30.15M (Peak 30.15M) | Time:00:00.54 | Mem:0.00M, Peak:0.00M | Scene, ViewLayer | Synchronizing object | Ear_Fold.L
Fra:23 Mem:30.20M (Peak 30.20M) | Time:00:00.55 | Mem:0.00M, Peak:0.00M | Scene, ViewLayer | Synchronizing object | Ear.R
Fra:23 Mem:30.26M (Peak 30.26M) | Time:00:00.55 | Mem:0.00M, Peak:0.00M | Scene, ViewLayer | Synchronizing object | Ear_Fold.R
Fra:23 Mem:30.27M (Peak 30.27M) | Time:00:00.55 | Mem:0.00M, Peak:0.00M | Scene, ViewLayer | Synchronizing object | Eye_White.L
Fra:23 Mem:30.28M (Peak 30.28M) | Time:00:00.55 | Mem:0.00M, Peak:0.00M | Scene, ViewLayer | Synchronizing object | Iris_hair.L
Fra:23 Mem:30.29M (Peak 30.29M) | Time:00:00.55 | Mem:0.00M, Peak:0.00M | Scene, ViewLayer | Synchronizing object | Iris_ink.L
Fra:23 Mem:30.29M (Peak 30.29M) | Time:00:00.55 | Mem:0.00M, Peak:0.00M | Scene, ViewLayer | Synchronizing object | Eye_Glint.L
Fra:23 Mem:30.29M (Peak 30.29M) | Time:00:00.55 | Mem:0.00M, Peak:0.00M | Scene, ViewLayer | Synchronizing object | Upper_Lid.L
Fra:23 Mem:30.31M (Peak 30.31M) | Time:00:00.55 | Mem:0.00M, Peak:0.00M | Scene, ViewLayer | Synchronizing object | Lower_Lid.L
Fra:23 Mem:30.31M (Peak 30.31M) | Time:00:00.55 | Mem:0.00M, Peak:0.00M | Scene, ViewLayer | Synchronizing object | Eyebrow.L
Fra:23 Mem:30.32M (Peak 30.32M) | Time:00:00.55 | Mem:0.00M, Peak:0.00M | Scene, ViewLayer | Synchronizing object | Eye_White.R
Fra:23 Mem:30.32M (Peak 30.32M) | Time:00:00.55 | Mem:0.00M, Peak:0.00M | Scene, ViewLayer | Synchronizing object | Iris_hair.R
Fra:23 Mem:30.33M (Peak 30.33M) | Time:00:00.55 | Mem:0.00M, Peak:0.00M | Scene, ViewLayer | Synchronizing object | Iris_ink.R
Fra:23 Mem:30.34M (Peak 30.34M) | Time:00:00.55 | Mem:0.00M, Peak:0.00M | Scene, ViewLayer | Synchronizing object | Eye_Glint.R
Fra:23 Mem:30.35M (Peak 30.35M) | Time:00:00.55 | Mem:0.00M, Peak:0.00M | Scene, ViewLayer | Synchronizing object | Upper_Lid.R
Fra:23 Mem:30.36M (Peak 30.36M) | Time:00:00.55 | Mem:0.00M, Peak:0.00M | Scene, ViewLayer | Synchronizing object | Lower_Lid.R
Fra:23 Mem:30.36M (Peak 30.36M) | Time:00:00.55 | Mem:0.00M, Peak:0.00M | Scene, ViewLayer | Synchronizing object | Eyebrow.R
Fra:23 Mem:30.37M (Peak 30.37M) | Time:00:00.55 | Mem:0.00M, Peak:0.00M | Scene, ViewLayer | Synchronizing object | Mouth
Fra:23 Mem:30.50M (Peak 30.50M) | Time:00:00.66 | Mem:0.00M, Peak:0.00M | Scene, ViewLayer | Synchronizing object | Hair_Cap
Fra:23 Mem:30.69M (Peak 30.69M) | Time:00:00.66 | Mem:0.00M, Peak:0.00M | Scene, ViewLayer | Synchronizing object | Review_Rim
Fra:23 Mem:30.71M (Peak 30.71M) | Time:00:00.66 | Mem:0.00M, Peak:0.00M | Scene, ViewLayer | Synchronizing object | Review_Fill
Fra:23 Mem:30.71M (Peak 30.71M) | Time:00:00.66 | Mem:0.00M, Peak:0.00M | Scene, ViewLayer | Synchronizing object | Review_Key
Fra:23 Mem:30.71M (Peak 30.71M) | Time:00:00.66 | Mem:0.00M, Peak:0.00M | Scene, ViewLayer | Synchronizing object | Review_Ground
Fra:23 Mem:30.68M (Peak 30.71M) | Time:00:00.66 | Mem:0.00M, Peak:0.00M | Scene, ViewLayer | Synchronizing object | Bangs_00
Fra:23 Mem:30.68M (Peak 30.71M) | Time:00:00.66 | Mem:0.00M, Peak:0.00M | Scene, ViewLayer | Synchronizing object | Tee_Bar
Fra:23 Mem:30.69M (Peak 30.71M) | Time:00:00.66 | Mem:0.00M, Peak:0.00M | Scene, ViewLayer | Synchronizing object | Tee_Dot_1.246
Fra:23 Mem:30.70M (Peak 30.71M) | Time:00:00.66 | Mem:0.00M, Peak:0.00M | Scene, ViewLayer | Synchronizing object | Bangs_01
Fra:23 Mem:30.71M (Peak 30.71M) | Time:00:00.66 | Mem:0.00M, Peak:0.00M | Scene, ViewLayer | Synchronizing object | Tee_Dot_1.275
Fra:23 Mem:30.72M (Peak 30.72M) | Time:00:00.66 | Mem:0.00M, Peak:0.00M | Scene, ViewLayer | Synchronizing object | Back_Lock_6
Fra:23 Mem:30.73M (Peak 30.73M) | Time:00:00.66 | Mem:0.00M, Peak:0.00M | Scene, ViewLayer | Synchronizing object | Bangs_02
Fra:23 Mem:30.76M (Peak 30.76M) | Time:00:00.66 | Mem:0.00M, Peak:0.00M | Scene, ViewLayer | Synchronizing object | Bangs_03
Fra:23 Mem:30.77M (Peak 30.77M) | Time:00:00.66 | Mem:0.00M, Peak:0.00M | Scene, ViewLayer | Synchronizing object | Bangs_04
Fra:23 Mem:30.79M (Peak 30.79M) | Time:00:00.66 | Mem:0.00M, Peak:0.00M | Scene, ViewLayer | Synchronizing object | Bangs_05
Fra:23 Mem:30.81M (Peak 30.81M) | Time:00:00.66 | Mem:0.00M, Peak:0.00M | Scene, ViewLayer | Synchronizing object | Temple_0.L
Fra:23 Mem:30.83M (Peak 30.83M) | Time:00:00.66 | Mem:0.00M, Peak:0.00M | Scene, ViewLayer | Synchronizing object | Temple_1.L
Fra:23 Mem:30.84M (Peak 30.84M) | Time:00:00.66 | Mem:0.00M, Peak:0.00M | Scene, ViewLayer | Synchronizing object | Temple_2.L
Fra:23 Mem:30.88M (Peak 30.88M) | Time:00:00.66 | Mem:0.00M, Peak:0.00M | Scene, ViewLayer | Synchronizing object | Nape_0.L
Fra:23 Mem:30.89M (Peak 30.89M) | Time:00:00.66 | Mem:0.00M, Peak:0.00M | Scene, ViewLayer | Synchronizing object | Back_Lock_4
Fra:23 Mem:30.91M (Peak 30.91M) | Time:00:00.66 | Mem:0.00M, Peak:0.00M | Scene, ViewLayer | Synchronizing object | Nape_1.L
Fra:23 Mem:30.92M (Peak 30.92M) | Time:00:00.66 | Mem:0.00M, Peak:0.00M | Scene, ViewLayer | Synchronizing object | Back_Lock_3
Fra:23 Mem:30.94M (Peak 30.94M) | Time:00:00.66 | Mem:0.00M, Peak:0.00M | Scene, ViewLayer | Synchronizing object | Temple_0.R
Fra:23 Mem:30.96M (Peak 30.96M) | Time:00:00.66 | Mem:0.00M, Peak:0.00M | Scene, ViewLayer | Synchronizing object | Back_Lock_2
Fra:23 Mem:30.98M (Peak 30.98M) | Time:00:00.66 | Mem:0.00M, Peak:0.00M | Scene, ViewLayer | Synchronizing object | Temple_1.R
Fra:23 Mem:30.99M (Peak 30.99M) | Time:00:00.66 | Mem:0.00M, Peak:0.00M | Scene, ViewLayer | Synchronizing object | Back_Lock_1
Fra:23 Mem:31.01M (Peak 31.01M) | Time:00:00.66 | Mem:0.00M, Peak:0.00M | Scene, ViewLayer | Synchronizing object | Temple_2.R
Fra:23 Mem:31.03M (Peak 31.03M) | Time:00:00.66 | Mem:0.00M, Peak:0.00M | Scene, ViewLayer | Synchronizing object | Back_Lock_0
Fra:23 Mem:31.05M (Peak 31.05M) | Time:00:00.66 | Mem:0.00M, Peak:0.00M | Scene, ViewLayer | Synchronizing object | Nape_0.R
Fra:23 Mem:31.06M (Peak 31.06M) | Time:00:00.66 | Mem:0.00M, Peak:0.00M | Scene, ViewLayer | Synchronizing object | Crown_0.R
Fra:23 Mem:31.08M (Peak 31.08M) | Time:00:00.66 | Mem:0.00M, Peak:0.00M | Scene, ViewLayer | Synchronizing object | Nape_1.R
Fra:23 Mem:31.09M (Peak 31.09M) | Time:00:00.66 | Mem:0.00M, Peak:0.00M | Scene, ViewLayer | Synchronizing object | Crown_0.L
Fra:23 Mem:31.12M (Peak 31.12M) | Time:00:00.66 | Mem:0.00M, Peak:0.00M | Scene, ViewLayer | Initializing
Fra:23 Mem:27.03M (Peak 31.12M) | Time:00:00.66 | Mem:0.00M, Peak:0.00M | Scene, ViewLayer | Updating Images | Loading CHR001_GreyStudy_BaseColor
Fra:23 Mem:28.08M (Peak 31.12M) | Time:00:00.67 | Mem:4.00M, Peak:4.00M | Scene, ViewLayer | Waiting for render to start
Fra:23 Mem:28.08M (Peak 31.12M) | Time:00:00.67 | Mem:4.00M, Peak:4.00M | Scene, ViewLayer | Updating Scene
Fra:23 Mem:28.08M (Peak 31.12M) | Time:00:00.67 | Mem:4.00M, Peak:4.00M | Scene, ViewLayer | Updating Shaders
Fra:23 Mem:28.08M (Peak 31.12M) | Time:00:00.67 | Mem:4.00M, Peak:4.00M | Scene, ViewLayer | Loading render kernels (may take a few minutes the first time)
Fra:23 Mem:28.16M (Peak 31.12M) | Time:00:00.67 | Mem:4.00M, Peak:4.00M | Scene, ViewLayer | Updating Procedurals
Fra:23 Mem:28.16M (Peak 31.12M) | Time:00:00.67 | Mem:4.00M, Peak:4.00M | Scene, ViewLayer | Updating Background
Fra:23 Mem:28.16M (Peak 31.12M) | Time:00:00.67 | Mem:4.00M, Peak:4.00M | Scene, ViewLayer | Updating Camera
Fra:23 Mem:28.16M (Peak 31.12M) | Time:00:00.67 | Mem:4.00M, Peak:4.00M | Scene, ViewLayer | Updating Meshes Flags
Fra:23 Mem:28.16M (Peak 31.12M) | Time:00:00.67 | Mem:4.00M, Peak:4.00M | Scene, ViewLayer | Updating Objects
Fra:23 Mem:28.16M (Peak 31.12M) | Time:00:00.67 | Mem:4.00M, Peak:4.00M | Scene, ViewLayer | Updating Objects | Copying Transformations to device
Fra:23 Mem:28.19M (Peak 31.12M) | Time:00:00.67 | Mem:4.02M, Peak:4.02M | Scene, ViewLayer | Updating Particle Systems
Fra:23 Mem:28.19M (Peak 31.12M) | Time:00:00.67 | Mem:4.02M, Peak:4.02M | Scene, ViewLayer | Updating Particle Systems | Copying Particles to device
Fra:23 Mem:28.19M (Peak 31.12M) | Time:00:00.67 | Mem:4.02M, Peak:4.02M | Scene, ViewLayer | Updating Meshes
Fra:23 Mem:28.19M (Peak 31.12M) | Time:00:00.67 | Mem:4.02M, Peak:4.02M | Scene, ViewLayer | Updating Objects | Applying Static Transformations
Fra:23 Mem:28.19M (Peak 31.12M) | Time:00:00.67 | Mem:4.02M, Peak:4.02M | Scene, ViewLayer | Updating Mesh | Computing attributes
Fra:23 Mem:29.20M (Peak 31.12M) | Time:00:00.67 | Mem:4.03M, Peak:4.03M | Scene, ViewLayer | Updating Mesh | Copying Attributes to device
Fra:23 Mem:29.19M (Peak 31.12M) | Time:00:00.67 | Mem:5.02M, Peak:5.02M | Scene, ViewLayer | Updating Scene BVH | Building
Fra:23 Mem:29.19M (Peak 31.12M) | Time:00:00.67 | Mem:5.02M, Peak:5.02M | Scene, ViewLayer | Updating Scene BVH | Building BVH
Fra:23 Mem:29.19M (Peak 31.12M) | Time:00:00.67 | Mem:6.08M, Peak:6.08M | Scene, ViewLayer | Updating Scene BVH | Building BVH 0%
Fra:23 Mem:29.19M (Peak 31.12M) | Time:00:00.67 | Mem:7.23M, Peak:8.28M | Scene, ViewLayer | Updating Scene BVH | Copying BVH to device
Fra:23 Mem:29.19M (Peak 31.12M) | Time:00:00.67 | Mem:7.23M, Peak:8.28M | Scene, ViewLayer | Updating Mesh | Computing normals
Fra:23 Mem:30.12M (Peak 31.12M) | Time:00:00.67 | Mem:7.23M, Peak:8.28M | Scene, ViewLayer | Updating Mesh | Copying Mesh to device
Fra:23 Mem:30.12M (Peak 31.12M) | Time:00:00.67 | Mem:8.16M, Peak:8.28M | Scene, ViewLayer | Updating Objects Flags
Fra:23 Mem:30.12M (Peak 31.12M) | Time:00:00.67 | Mem:8.16M, Peak:8.28M | Scene, ViewLayer | Updating Primitive Offsets
Fra:23 Mem:30.12M (Peak 31.12M) | Time:00:00.67 | Mem:8.16M, Peak:8.28M | Scene, ViewLayer | Updating Images
Fra:23 Mem:30.12M (Peak 31.12M) | Time:00:00.67 | Mem:8.16M, Peak:8.28M | Scene, ViewLayer | Updating Camera Volume
Fra:23 Mem:30.12M (Peak 31.12M) | Time:00:00.67 | Mem:8.16M, Peak:8.28M | Scene, ViewLayer | Updating Lookup Tables
Fra:23 Mem:30.12M (Peak 31.12M) | Time:00:00.67 | Mem:8.24M, Peak:8.28M | Scene, ViewLayer | Updating Lights
Fra:23 Mem:30.12M (Peak 31.12M) | Time:00:00.67 | Mem:8.24M, Peak:8.28M | Scene, ViewLayer | Updating Lights | Computing tree
Fra:23 Mem:30.12M (Peak 31.12M) | Time:00:00.67 | Mem:8.24M, Peak:8.28M | Scene, ViewLayer | Updating Integrator
Fra:23 Mem:30.12M (Peak 31.12M) | Time:00:00.67 | Mem:8.24M, Peak:8.28M | Scene, ViewLayer | Updating Film
Fra:23 Mem:30.13M (Peak 31.12M) | Time:00:00.67 | Mem:8.16M, Peak:8.28M | Scene, ViewLayer | Updating Lookup Tables
Fra:23 Mem:30.13M (Peak 31.12M) | Time:00:00.67 | Mem:8.25M, Peak:8.28M | Scene, ViewLayer | Updating Baking
Fra:23 Mem:30.13M (Peak 31.12M) | Time:00:00.67 | Mem:8.25M, Peak:8.28M | Scene, ViewLayer | Updating Device | Writing constant memory
Fra:23 Mem:30.13M (Peak 31.12M) | Time:00:00.67 | Mem:8.25M, Peak:8.28M | Scene, ViewLayer | Loading denoising kernels (may take a few minutes the first time)
Fra:23 Mem:30.13M (Peak 31.12M) | Time:00:00.67 | Mem:8.25M, Peak:8.28M | Scene, ViewLayer | Sample 0/12
Fra:23 Mem:44.40M (Peak 44.40M) | Time:00:00.84 | Remaining:00:01.81 | Mem:22.51M, Peak:22.51M | Scene, ViewLayer | Sample 1/12
Fra:23 Mem:50.40M (Peak 59.41M) | Time:00:04.70 | Mem:22.51M, Peak:22.51M | Scene, ViewLayer | Sample 12/12
Fra:23 Mem:50.40M (Peak 59.41M) | Time:00:04.70 | Mem:22.51M, Peak:22.51M | Scene, ViewLayer | Finished
Saved: '/home/lzzz/MyProjects/N-SIDE/output/characters/CHR-001/animation-r2/candidate-b/run/011.png'
Time: 00:04.72 (Saving: 00:00.01)

Fra:25 Mem:26.15M (Peak 26.15M) | Time:00:00.00 | Mem:0.00M, Peak:0.00M | Scene, ViewLayer | Synchronizing object | TShirt
Fra:25 Mem:26.31M (Peak 26.31M) | Time:00:00.00 | Mem:0.00M, Peak:0.00M | Scene, ViewLayer | Synchronizing object | TShirt_Collar
Fra:25 Mem:26.33M (Peak 26.33M) | Time:00:00.00 | Mem:0.00M, Peak:0.00M | Scene, ViewLayer | Synchronizing object | Hood
Fra:25 Mem:26.39M (Peak 26.39M) | Time:00:00.01 | Mem:0.00M, Peak:0.00M | Scene, ViewLayer | Synchronizing object | Sleeve_Cuff.L
Fra:25 Mem:26.39M (Peak 26.39M) | Time:00:00.01 | Mem:0.00M, Peak:0.00M | Scene, ViewLayer | Synchronizing object | Zip_Tape.L
Fra:25 Mem:26.40M (Peak 26.40M) | Time:00:00.01 | Mem:0.00M, Peak:0.00M | Scene, ViewLayer | Synchronizing object | Hood_Cord.L
Fra:25 Mem:26.44M (Peak 26.44M) | Time:00:00.02 | Mem:0.00M, Peak:0.00M | Scene, ViewLayer | Synchronizing object | Palm.L
Fra:25 Mem:26.49M (Peak 26.49M) | Time:00:00.02 | Mem:0.00M, Peak:0.00M | Scene, ViewLayer | Synchronizing object | Index_Mesh.L
Fra:25 Mem:26.49M (Peak 26.49M) | Time:00:00.02 | Mem:0.00M, Peak:0.00M | Scene, ViewLayer | Synchronizing object | Middle_Mesh.L
Fra:25 Mem:26.50M (Peak 26.50M) | Time:00:00.02 | Mem:0.00M, Peak:0.00M | Scene, ViewLayer | Synchronizing object | Ring_Mesh.L
Fra:25 Mem:26.51M (Peak 26.51M) | Time:00:00.02 | Mem:0.00M, Peak:0.00M | Scene, ViewLayer | Synchronizing object | Pinky_Mesh.L
Fra:25 Mem:26.51M (Peak 26.51M) | Time:00:00.02 | Mem:0.00M, Peak:0.00M | Scene, ViewLayer | Synchronizing object | Thumb_Mesh.L
Fra:25 Mem:26.69M (Peak 26.69M) | Time:00:00.05 | Mem:0.00M, Peak:0.00M | Scene, ViewLayer | Synchronizing object | Trousers.L
Fra:25 Mem:26.95M (Peak 26.95M) | Time:00:00.05 | Mem:0.00M, Peak:0.00M | Scene, ViewLayer | Synchronizing object | Sneaker_Sole.L
Fra:25 Mem:26.97M (Peak 26.97M) | Time:00:00.05 | Mem:0.00M, Peak:0.00M | Scene, ViewLayer | Synchronizing object | Sneaker_Upper.L
Fra:25 Mem:26.99M (Peak 26.99M) | Time:00:00.05 | Mem:0.00M, Peak:0.00M | Scene, ViewLayer | Synchronizing object | Sock.L
Fra:25 Mem:26.99M (Peak 26.99M) | Time:00:00.05 | Mem:0.00M, Peak:0.00M | Scene, ViewLayer | Synchronizing object | Lace_0.L
Fra:25 Mem:27.00M (Peak 27.00M) | Time:00:00.05 | Mem:0.00M, Peak:0.00M | Scene, ViewLayer | Synchronizing object | Lace_1.L
Fra:25 Mem:27.00M (Peak 27.00M) | Time:00:00.05 | Mem:0.00M, Peak:0.00M | Scene, ViewLayer | Synchronizing object | Lace_2.L
Fra:25 Mem:27.00M (Peak 27.00M) | Time:00:00.05 | Mem:0.00M, Peak:0.00M | Scene, ViewLayer | Synchronizing object | Lace_3.L
Fra:25 Mem:27.01M (Peak 27.01M) | Time:00:00.05 | Mem:0.00M, Peak:0.00M | Scene, ViewLayer | Synchronizing object | Heel_Tab.L
Fra:25 Mem:27.01M (Peak 27.01M) | Time:00:00.05 | Mem:0.00M, Peak:0.00M | Scene, ViewLayer | Synchronizing object | Sleeve_Cuff.R
Fra:25 Mem:27.01M (Peak 27.01M) | Time:00:00.05 | Mem:0.00M, Peak:0.00M | Scene, ViewLayer | Synchronizing object | Zip_Tape.R
Fra:25 Mem:27.02M (Peak 27.02M) | Time:00:00.05 | Mem:0.00M, Peak:0.00M | Scene, ViewLayer | Synchronizing object | Hood_Cord.R
Fra:25 Mem:27.06M (Peak 27.06M) | Time:00:00.06 | Mem:0.00M, Peak:0.00M | Scene, ViewLayer | Synchronizing object | Palm.R
Fra:25 Mem:27.11M (Peak 27.11M) | Time:00:00.06 | Mem:0.00M, Peak:0.00M | Scene, ViewLayer | Synchronizing object | Index_Mesh.R
Fra:25 Mem:27.11M (Peak 27.11M) | Time:00:00.06 | Mem:0.00M, Peak:0.00M | Scene, ViewLayer | Synchronizing object | Middle_Mesh.R
Fra:25 Mem:27.12M (Peak 27.12M) | Time:00:00.06 | Mem:0.00M, Peak:0.00M | Scene, ViewLayer | Synchronizing object | Ring_Mesh.R
Fra:25 Mem:27.13M (Peak 27.13M) | Time:00:00.06 | Mem:0.00M, Peak:0.00M | Scene, ViewLayer | Synchronizing object | Pinky_Mesh.R
Fra:25 Mem:27.13M (Peak 27.13M) | Time:00:00.06 | Mem:0.00M, Peak:0.00M | Scene, ViewLayer | Synchronizing object | Thumb_Mesh.R
Fra:25 Mem:27.31M (Peak 27.31M) | Time:00:00.10 | Mem:0.00M, Peak:0.00M | Scene, ViewLayer | Synchronizing object | Trousers.R
Fra:25 Mem:27.59M (Peak 27.59M) | Time:00:00.10 | Mem:0.00M, Peak:0.00M | Scene, ViewLayer | Synchronizing object | Sneaker_Sole.R
Fra:25 Mem:27.60M (Peak 27.60M) | Time:00:00.10 | Mem:0.00M, Peak:0.00M | Scene, ViewLayer | Synchronizing object | Sneaker_Upper.R
Fra:25 Mem:27.64M (Peak 27.64M) | Time:00:00.10 | Mem:0.00M, Peak:0.00M | Scene, ViewLayer | Synchronizing object | Sock.R
Fra:25 Mem:27.64M (Peak 27.64M) | Time:00:00.10 | Mem:0.00M, Peak:0.00M | Scene, ViewLayer | Synchronizing object | Lace_0.R
Fra:25 Mem:27.72M (Peak 27.72M) | Time:00:00.10 | Mem:0.00M, Peak:0.00M | Scene, ViewLayer | Synchronizing object | Lace_1.R
Fra:25 Mem:27.72M (Peak 27.72M) | Time:00:00.10 | Mem:0.00M, Peak:0.00M | Scene, ViewLayer | Synchronizing object | Lace_2.R
Fra:25 Mem:27.65M (Peak 27.72M) | Time:00:00.10 | Mem:0.00M, Peak:0.00M | Scene, ViewLayer | Synchronizing object | Lace_3.R
Fra:25 Mem:27.66M (Peak 27.72M) | Time:00:00.10 | Mem:0.00M, Peak:0.00M | Scene, ViewLayer | Synchronizing object | Heel_Tab.R
Fra:25 Mem:28.20M (Peak 28.20M) | Time:00:00.14 | Mem:0.00M, Peak:0.00M | Scene, ViewLayer | Synchronizing object | Jacket_ContinuousShoulders
Fra:25 Mem:29.43M (Peak 29.43M) | Time:00:00.55 | Mem:0.00M, Peak:0.00M | Scene, ViewLayer | Synchronizing object | Face_Head
Fra:25 Mem:30.09M (Peak 30.09M) | Time:00:00.56 | Mem:0.00M, Peak:0.00M | Scene, ViewLayer | Synchronizing object | Ear.L
Fra:25 Mem:30.15M (Peak 30.15M) | Time:00:00.56 | Mem:0.00M, Peak:0.00M | Scene, ViewLayer | Synchronizing object | Ear_Fold.L
Fra:25 Mem:30.20M (Peak 30.20M) | Time:00:00.57 | Mem:0.00M, Peak:0.00M | Scene, ViewLayer | Synchronizing object | Ear.R
Fra:25 Mem:30.26M (Peak 30.26M) | Time:00:00.57 | Mem:0.00M, Peak:0.00M | Scene, ViewLayer | Synchronizing object | Ear_Fold.R
Fra:25 Mem:30.27M (Peak 30.27M) | Time:00:00.57 | Mem:0.00M, Peak:0.00M | Scene, ViewLayer | Synchronizing object | Eye_White.L
Fra:25 Mem:30.28M (Peak 30.28M) | Time:00:00.57 | Mem:0.00M, Peak:0.00M | Scene, ViewLayer | Synchronizing object | Iris_hair.L
Fra:25 Mem:30.29M (Peak 30.29M) | Time:00:00.57 | Mem:0.00M, Peak:0.00M | Scene, ViewLayer | Synchronizing object | Iris_ink.L
Fra:25 Mem:30.29M (Peak 30.29M) | Time:00:00.57 | Mem:0.00M, Peak:0.00M | Scene, ViewLayer | Synchronizing object | Eye_Glint.L
Fra:25 Mem:30.29M (Peak 30.29M) | Time:00:00.57 | Mem:0.00M, Peak:0.00M | Scene, ViewLayer | Synchronizing object | Upper_Lid.L
Fra:25 Mem:30.31M (Peak 30.31M) | Time:00:00.57 | Mem:0.00M, Peak:0.00M | Scene, ViewLayer | Synchronizing object | Lower_Lid.L
Fra:25 Mem:30.31M (Peak 30.31M) | Time:00:00.57 | Mem:0.00M, Peak:0.00M | Scene, ViewLayer | Synchronizing object | Eyebrow.L
Fra:25 Mem:30.32M (Peak 30.32M) | Time:00:00.57 | Mem:0.00M, Peak:0.00M | Scene, ViewLayer | Synchronizing object | Eye_White.R
Fra:25 Mem:30.32M (Peak 30.32M) | Time:00:00.57 | Mem:0.00M, Peak:0.00M | Scene, ViewLayer | Synchronizing object | Iris_hair.R
Fra:25 Mem:30.33M (Peak 30.33M) | Time:00:00.57 | Mem:0.00M, Peak:0.00M | Scene, ViewLayer | Synchronizing object | Iris_ink.R
Fra:25 Mem:30.34M (Peak 30.34M) | Time:00:00.57 | Mem:0.00M, Peak:0.00M | Scene, ViewLayer | Synchronizing object | Eye_Glint.R
Fra:25 Mem:30.35M (Peak 30.35M) | Time:00:00.57 | Mem:0.00M, Peak:0.00M | Scene, ViewLayer | Synchronizing object | Upper_Lid.R
Fra:25 Mem:30.36M (Peak 30.36M) | Time:00:00.57 | Mem:0.00M, Peak:0.00M | Scene, ViewLayer | Synchronizing object | Lower_Lid.R
Fra:25 Mem:30.36M (Peak 30.36M) | Time:00:00.57 | Mem:0.00M, Peak:0.00M | Scene, ViewLayer | Synchronizing object | Eyebrow.R
Fra:25 Mem:30.37M (Peak 30.37M) | Time:00:00.57 | Mem:0.00M, Peak:0.00M | Scene, ViewLayer | Synchronizing object | Mouth
Fra:25 Mem:30.50M (Peak 30.50M) | Time:00:00.68 | Mem:0.00M, Peak:0.00M | Scene, ViewLayer | Synchronizing object | Hair_Cap
Fra:25 Mem:30.67M (Peak 30.67M) | Time:00:00.69 | Mem:0.00M, Peak:0.00M | Scene, ViewLayer | Synchronizing object | Review_Rim
Fra:25 Mem:30.67M (Peak 30.67M) | Time:00:00.69 | Mem:0.00M, Peak:0.00M | Scene, ViewLayer | Synchronizing object | Review_Fill
Fra:25 Mem:30.69M (Peak 30.69M) | Time:00:00.69 | Mem:0.00M, Peak:0.00M | Scene, ViewLayer | Synchronizing object | Review_Key
Fra:25 Mem:30.68M (Peak 30.69M) | Time:00:00.69 | Mem:0.00M, Peak:0.00M | Scene, ViewLayer | Synchronizing object | Review_Ground
Fra:25 Mem:30.71M (Peak 30.71M) | Time:00:00.69 | Mem:0.00M, Peak:0.00M | Scene, ViewLayer | Synchronizing object | Tee_Bar
Fra:25 Mem:30.68M (Peak 30.71M) | Time:00:00.69 | Mem:0.00M, Peak:0.00M | Scene, ViewLayer | Synchronizing object | Bangs_00
Fra:25 Mem:30.68M (Peak 30.71M) | Time:00:00.69 | Mem:0.00M, Peak:0.00M | Scene, ViewLayer | Synchronizing object | Tee_Dot_1.246
Fra:25 Mem:30.69M (Peak 30.71M) | Time:00:00.69 | Mem:0.00M, Peak:0.00M | Scene, ViewLayer | Synchronizing object | Tee_Dot_1.275
Fra:25 Mem:30.70M (Peak 30.71M) | Time:00:00.69 | Mem:0.00M, Peak:0.00M | Scene, ViewLayer | Synchronizing object | Bangs_01
Fra:25 Mem:30.72M (Peak 30.72M) | Time:00:00.69 | Mem:0.00M, Peak:0.00M | Scene, ViewLayer | Synchronizing object | Back_Lock_6
Fra:25 Mem:30.73M (Peak 30.73M) | Time:00:00.69 | Mem:0.00M, Peak:0.00M | Scene, ViewLayer | Synchronizing object | Bangs_02
Fra:25 Mem:30.75M (Peak 30.75M) | Time:00:00.69 | Mem:0.00M, Peak:0.00M | Scene, ViewLayer | Synchronizing object | Back_Lock_5
Fra:25 Mem:30.77M (Peak 30.77M) | Time:00:00.69 | Mem:0.00M, Peak:0.00M | Scene, ViewLayer | Synchronizing object | Bangs_03
Fra:25 Mem:30.79M (Peak 30.79M) | Time:00:00.69 | Mem:0.00M, Peak:0.00M | Scene, ViewLayer | Synchronizing object | Back_Lock_4
Fra:25 Mem:30.80M (Peak 30.80M) | Time:00:00.69 | Mem:0.00M, Peak:0.00M | Scene, ViewLayer | Synchronizing object | Bangs_04
Fra:25 Mem:30.82M (Peak 30.82M) | Time:00:00.69 | Mem:0.00M, Peak:0.00M | Scene, ViewLayer | Synchronizing object | Back_Lock_3
Fra:25 Mem:30.84M (Peak 30.84M) | Time:00:00.69 | Mem:0.00M, Peak:0.00M | Scene, ViewLayer | Synchronizing object | Bangs_05
Fra:25 Mem:30.85M (Peak 30.85M) | Time:00:00.69 | Mem:0.00M, Peak:0.00M | Scene, ViewLayer | Synchronizing object | Back_Lock_2
Fra:25 Mem:30.87M (Peak 30.87M) | Time:00:00.69 | Mem:0.00M, Peak:0.00M | Scene, ViewLayer | Synchronizing object | Temple_0.L
Fra:25 Mem:30.89M (Peak 30.89M) | Time:00:00.69 | Mem:0.00M, Peak:0.00M | Scene, ViewLayer | Synchronizing object | Back_Lock_1
Fra:25 Mem:30.91M (Peak 30.91M) | Time:00:00.69 | Mem:0.00M, Peak:0.00M | Scene, ViewLayer | Synchronizing object | Temple_1.L
Fra:25 Mem:30.92M (Peak 30.92M) | Time:00:00.69 | Mem:0.00M, Peak:0.00M | Scene, ViewLayer | Synchronizing object | Back_Lock_0
Fra:25 Mem:30.94M (Peak 30.94M) | Time:00:00.69 | Mem:0.00M, Peak:0.00M | Scene, ViewLayer | Synchronizing object | Temple_2.L
Fra:25 Mem:30.96M (Peak 30.96M) | Time:00:00.69 | Mem:0.00M, Peak:0.00M | Scene, ViewLayer | Synchronizing object | Crown_0.R
Fra:25 Mem:30.98M (Peak 30.98M) | Time:00:00.69 | Mem:0.00M, Peak:0.00M | Scene, ViewLayer | Synchronizing object | Nape_0.L
Fra:25 Mem:30.99M (Peak 30.99M) | Time:00:00.69 | Mem:0.00M, Peak:0.00M | Scene, ViewLayer | Synchronizing object | Crown_0.L
Fra:25 Mem:31.02M (Peak 31.02M) | Time:00:00.69 | Mem:0.00M, Peak:0.00M | Scene, ViewLayer | Synchronizing object | Nape_1.L
Fra:25 Mem:31.02M (Peak 31.02M) | Time:00:00.69 | Mem:0.00M, Peak:0.00M | Scene, ViewLayer | Synchronizing object | Nape_1.R
Fra:25 Mem:31.05M (Peak 31.05M) | Time:00:00.69 | Mem:0.00M, Peak:0.00M | Scene, ViewLayer | Synchronizing object | Temple_0.R
Fra:25 Mem:31.05M (Peak 31.05M) | Time:00:00.69 | Mem:0.00M, Peak:0.00M | Scene, ViewLayer | Synchronizing object | Nape_0.R
Fra:25 Mem:31.09M (Peak 31.09M) | Time:00:00.69 | Mem:0.00M, Peak:0.00M | Scene, ViewLayer | Synchronizing object | Temple_1.R
Fra:25 Mem:31.09M (Peak 31.09M) | Time:00:00.69 | Mem:0.00M, Peak:0.00M | Scene, ViewLayer | Synchronizing object | Temple_2.R
Fra:25 Mem:31.12M (Peak 31.12M) | Time:00:00.69 | Mem:0.00M, Peak:0.00M | Scene, ViewLayer | Initializing
Fra:25 Mem:27.03M (Peak 31.12M) | Time:00:00.69 | Mem:0.00M, Peak:0.00M | Scene, ViewLayer | Updating Images | Loading CHR001_GreyStudy_BaseColor
Fra:25 Mem:28.08M (Peak 31.12M) | Time:00:00.69 | Mem:4.00M, Peak:4.00M | Scene, ViewLayer | Waiting for render to start
Fra:25 Mem:28.08M (Peak 31.12M) | Time:00:00.69 | Mem:4.00M, Peak:4.00M | Scene, ViewLayer | Updating Scene
Fra:25 Mem:28.08M (Peak 31.12M) | Time:00:00.69 | Mem:4.00M, Peak:4.00M | Scene, ViewLayer | Updating Shaders
Fra:25 Mem:28.08M (Peak 31.12M) | Time:00:00.69 | Mem:4.00M, Peak:4.00M | Scene, ViewLayer | Loading render kernels (may take a few minutes the first time)
Fra:25 Mem:28.16M (Peak 31.12M) | Time:00:00.69 | Mem:4.00M, Peak:4.00M | Scene, ViewLayer | Updating Procedurals
Fra:25 Mem:28.16M (Peak 31.12M) | Time:00:00.69 | Mem:4.00M, Peak:4.00M | Scene, ViewLayer | Updating Background
Fra:25 Mem:28.16M (Peak 31.12M) | Time:00:00.69 | Mem:4.00M, Peak:4.00M | Scene, ViewLayer | Updating Camera
Fra:25 Mem:28.16M (Peak 31.12M) | Time:00:00.69 | Mem:4.00M, Peak:4.00M | Scene, ViewLayer | Updating Meshes Flags
Fra:25 Mem:28.16M (Peak 31.12M) | Time:00:00.69 | Mem:4.00M, Peak:4.00M | Scene, ViewLayer | Updating Objects
Fra:25 Mem:28.16M (Peak 31.12M) | Time:00:00.69 | Mem:4.00M, Peak:4.00M | Scene, ViewLayer | Updating Objects | Copying Transformations to device
Fra:25 Mem:28.19M (Peak 31.12M) | Time:00:00.69 | Mem:4.02M, Peak:4.02M | Scene, ViewLayer | Updating Particle Systems
Fra:25 Mem:28.19M (Peak 31.12M) | Time:00:00.69 | Mem:4.02M, Peak:4.02M | Scene, ViewLayer | Updating Particle Systems | Copying Particles to device
Fra:25 Mem:28.19M (Peak 31.12M) | Time:00:00.69 | Mem:4.02M, Peak:4.02M | Scene, ViewLayer | Updating Meshes
Fra:25 Mem:28.19M (Peak 31.12M) | Time:00:00.69 | Mem:4.02M, Peak:4.02M | Scene, ViewLayer | Updating Objects | Applying Static Transformations
Fra:25 Mem:28.19M (Peak 31.12M) | Time:00:00.69 | Mem:4.02M, Peak:4.02M | Scene, ViewLayer | Updating Mesh | Computing attributes
Fra:25 Mem:29.20M (Peak 31.12M) | Time:00:00.69 | Mem:4.03M, Peak:4.03M | Scene, ViewLayer | Updating Mesh | Copying Attributes to device
Fra:25 Mem:29.19M (Peak 31.12M) | Time:00:00.69 | Mem:5.02M, Peak:5.02M | Scene, ViewLayer | Updating Scene BVH | Building
Fra:25 Mem:29.19M (Peak 31.12M) | Time:00:00.69 | Mem:5.02M, Peak:5.02M | Scene, ViewLayer | Updating Scene BVH | Building BVH
Fra:25 Mem:29.19M (Peak 31.12M) | Time:00:00.69 | Mem:6.08M, Peak:6.08M | Scene, ViewLayer | Updating Scene BVH | Building BVH 0%
Fra:25 Mem:29.19M (Peak 31.12M) | Time:00:00.70 | Mem:7.23M, Peak:8.28M | Scene, ViewLayer | Updating Scene BVH | Copying BVH to device
Fra:25 Mem:29.19M (Peak 31.12M) | Time:00:00.70 | Mem:7.23M, Peak:8.28M | Scene, ViewLayer | Updating Mesh | Computing normals
Fra:25 Mem:30.12M (Peak 31.12M) | Time:00:00.70 | Mem:7.23M, Peak:8.28M | Scene, ViewLayer | Updating Mesh | Copying Mesh to device
Fra:25 Mem:30.12M (Peak 31.12M) | Time:00:00.70 | Mem:8.16M, Peak:8.28M | Scene, ViewLayer | Updating Objects Flags
Fra:25 Mem:30.12M (Peak 31.12M) | Time:00:00.70 | Mem:8.16M, Peak:8.28M | Scene, ViewLayer | Updating Primitive Offsets
Fra:25 Mem:30.12M (Peak 31.12M) | Time:00:00.70 | Mem:8.16M, Peak:8.28M | Scene, ViewLayer | Updating Images
Fra:25 Mem:30.12M (Peak 31.12M) | Time:00:00.70 | Mem:8.16M, Peak:8.28M | Scene, ViewLayer | Updating Camera Volume
Fra:25 Mem:30.12M (Peak 31.12M) | Time:00:00.70 | Mem:8.16M, Peak:8.28M | Scene, ViewLayer | Updating Lookup Tables
Fra:25 Mem:30.12M (Peak 31.12M) | Time:00:00.70 | Mem:8.24M, Peak:8.28M | Scene, ViewLayer | Updating Lights
Fra:25 Mem:30.12M (Peak 31.12M) | Time:00:00.70 | Mem:8.24M, Peak:8.28M | Scene, ViewLayer | Updating Lights | Computing tree
Fra:25 Mem:30.12M (Peak 31.12M) | Time:00:00.70 | Mem:8.24M, Peak:8.28M | Scene, ViewLayer | Updating Integrator
Fra:25 Mem:30.12M (Peak 31.12M) | Time:00:00.70 | Mem:8.24M, Peak:8.28M | Scene, ViewLayer | Updating Film
Fra:25 Mem:30.13M (Peak 31.12M) | Time:00:00.70 | Mem:8.16M, Peak:8.28M | Scene, ViewLayer | Updating Lookup Tables
Fra:25 Mem:30.13M (Peak 31.12M) | Time:00:00.70 | Mem:8.25M, Peak:8.28M | Scene, ViewLayer | Updating Baking
Fra:25 Mem:30.13M (Peak 31.12M) | Time:00:00.70 | Mem:8.25M, Peak:8.28M | Scene, ViewLayer | Updating Device | Writing constant memory
Fra:25 Mem:30.13M (Peak 31.12M) | Time:00:00.70 | Mem:8.25M, Peak:8.28M | Scene, ViewLayer | Loading denoising kernels (may take a few minutes the first time)
Fra:25 Mem:30.13M (Peak 31.12M) | Time:00:00.70 | Mem:8.25M, Peak:8.28M | Scene, ViewLayer | Sample 0/12
Fra:25 Mem:44.40M (Peak 44.40M) | Time:00:00.86 | Remaining:00:01.79 | Mem:22.51M, Peak:22.51M | Scene, ViewLayer | Sample 1/12
Fra:25 Mem:50.40M (Peak 59.41M) | Time:00:04.70 | Mem:22.51M, Peak:22.51M | Scene, ViewLayer | Sample 12/12
Fra:25 Mem:50.40M (Peak 59.41M) | Time:00:04.70 | Mem:22.51M, Peak:22.51M | Scene, ViewLayer | Finished
Saved: '/home/lzzz/MyProjects/N-SIDE/output/characters/CHR-001/animation-r2/candidate-b/run/012.png'
Time: 00:04.72 (Saving: 00:00.01)

Fra:27 Mem:26.15M (Peak 26.15M) | Time:00:00.00 | Mem:0.00M, Peak:0.00M | Scene, ViewLayer | Synchronizing object | TShirt
Fra:27 Mem:26.31M (Peak 26.31M) | Time:00:00.01 | Mem:0.00M, Peak:0.00M | Scene, ViewLayer | Synchronizing object | TShirt_Collar
Fra:27 Mem:26.33M (Peak 26.33M) | Time:00:00.01 | Mem:0.00M, Peak:0.00M | Scene, ViewLayer | Synchronizing object | Hood
Fra:27 Mem:26.39M (Peak 26.39M) | Time:00:00.01 | Mem:0.00M, Peak:0.00M | Scene, ViewLayer | Synchronizing object | Sleeve_Cuff.L
Fra:27 Mem:26.39M (Peak 26.39M) | Time:00:00.01 | Mem:0.00M, Peak:0.00M | Scene, ViewLayer | Synchronizing object | Zip_Tape.L
Fra:27 Mem:26.40M (Peak 26.40M) | Time:00:00.01 | Mem:0.00M, Peak:0.00M | Scene, ViewLayer | Synchronizing object | Hood_Cord.L
Fra:27 Mem:26.44M (Peak 26.44M) | Time:00:00.02 | Mem:0.00M, Peak:0.00M | Scene, ViewLayer | Synchronizing object | Palm.L
Fra:27 Mem:26.49M (Peak 26.49M) | Time:00:00.02 | Mem:0.00M, Peak:0.00M | Scene, ViewLayer | Synchronizing object | Index_Mesh.L
Fra:27 Mem:26.49M (Peak 26.49M) | Time:00:00.02 | Mem:0.00M, Peak:0.00M | Scene, ViewLayer | Synchronizing object | Middle_Mesh.L
Fra:27 Mem:26.50M (Peak 26.50M) | Time:00:00.02 | Mem:0.00M, Peak:0.00M | Scene, ViewLayer | Synchronizing object | Ring_Mesh.L
Fra:27 Mem:26.51M (Peak 26.51M) | Time:00:00.02 | Mem:0.00M, Peak:0.00M | Scene, ViewLayer | Synchronizing object | Pinky_Mesh.L
Fra:27 Mem:26.51M (Peak 26.51M) | Time:00:00.02 | Mem:0.00M, Peak:0.00M | Scene, ViewLayer | Synchronizing object | Thumb_Mesh.L
Fra:27 Mem:26.69M (Peak 26.69M) | Time:00:00.05 | Mem:0.00M, Peak:0.00M | Scene, ViewLayer | Synchronizing object | Trousers.L
Fra:27 Mem:26.95M (Peak 26.95M) | Time:00:00.05 | Mem:0.00M, Peak:0.00M | Scene, ViewLayer | Synchronizing object | Sneaker_Sole.L
Fra:27 Mem:26.97M (Peak 26.97M) | Time:00:00.05 | Mem:0.00M, Peak:0.00M | Scene, ViewLayer | Synchronizing object | Sneaker_Upper.L
Fra:27 Mem:26.99M (Peak 26.99M) | Time:00:00.05 | Mem:0.00M, Peak:0.00M | Scene, ViewLayer | Synchronizing object | Sock.L
Fra:27 Mem:26.99M (Peak 26.99M) | Time:00:00.05 | Mem:0.00M, Peak:0.00M | Scene, ViewLayer | Synchronizing object | Lace_0.L
Fra:27 Mem:27.00M (Peak 27.00M) | Time:00:00.05 | Mem:0.00M, Peak:0.00M | Scene, ViewLayer | Synchronizing object | Lace_1.L
Fra:27 Mem:27.00M (Peak 27.00M) | Time:00:00.05 | Mem:0.00M, Peak:0.00M | Scene, ViewLayer | Synchronizing object | Lace_2.L
Fra:27 Mem:27.00M (Peak 27.00M) | Time:00:00.05 | Mem:0.00M, Peak:0.00M | Scene, ViewLayer | Synchronizing object | Lace_3.L
Fra:27 Mem:27.01M (Peak 27.01M) | Time:00:00.05 | Mem:0.00M, Peak:0.00M | Scene, ViewLayer | Synchronizing object | Heel_Tab.L
Fra:27 Mem:27.01M (Peak 27.01M) | Time:00:00.05 | Mem:0.00M, Peak:0.00M | Scene, ViewLayer | Synchronizing object | Sleeve_Cuff.R
Fra:27 Mem:27.01M (Peak 27.01M) | Time:00:00.05 | Mem:0.00M, Peak:0.00M | Scene, ViewLayer | Synchronizing object | Zip_Tape.R
Fra:27 Mem:27.02M (Peak 27.02M) | Time:00:00.05 | Mem:0.00M, Peak:0.00M | Scene, ViewLayer | Synchronizing object | Hood_Cord.R
Fra:27 Mem:27.06M (Peak 27.06M) | Time:00:00.06 | Mem:0.00M, Peak:0.00M | Scene, ViewLayer | Synchronizing object | Palm.R
Fra:27 Mem:27.11M (Peak 27.11M) | Time:00:00.06 | Mem:0.00M, Peak:0.00M | Scene, ViewLayer | Synchronizing object | Index_Mesh.R
Fra:27 Mem:27.11M (Peak 27.11M) | Time:00:00.06 | Mem:0.00M, Peak:0.00M | Scene, ViewLayer | Synchronizing object | Middle_Mesh.R
Fra:27 Mem:27.15M (Peak 27.15M) | Time:00:00.06 | Mem:0.00M, Peak:0.00M | Scene, ViewLayer | Synchronizing object | Ring_Mesh.R
Fra:27 Mem:27.13M (Peak 27.15M) | Time:00:00.06 | Mem:0.00M, Peak:0.00M | Scene, ViewLayer | Synchronizing object | Pinky_Mesh.R
Fra:27 Mem:27.13M (Peak 27.15M) | Time:00:00.06 | Mem:0.00M, Peak:0.00M | Scene, ViewLayer | Synchronizing object | Thumb_Mesh.R
Fra:27 Mem:27.31M (Peak 27.31M) | Time:00:00.10 | Mem:0.00M, Peak:0.00M | Scene, ViewLayer | Synchronizing object | Trousers.R
Fra:27 Mem:27.59M (Peak 27.59M) | Time:00:00.10 | Mem:0.00M, Peak:0.00M | Scene, ViewLayer | Synchronizing object | Sneaker_Sole.R
Fra:27 Mem:27.60M (Peak 27.60M) | Time:00:00.10 | Mem:0.00M, Peak:0.00M | Scene, ViewLayer | Synchronizing object | Sneaker_Upper.R
Fra:27 Mem:27.64M (Peak 27.64M) | Time:00:00.10 | Mem:0.00M, Peak:0.00M | Scene, ViewLayer | Synchronizing object | Sock.R
Fra:27 Mem:27.72M (Peak 27.72M) | Time:00:00.10 | Mem:0.00M, Peak:0.00M | Scene, ViewLayer | Synchronizing object | Lace_0.R
Fra:27 Mem:27.72M (Peak 27.72M) | Time:00:00.10 | Mem:0.00M, Peak:0.00M | Scene, ViewLayer | Synchronizing object | Lace_1.R
Fra:27 Mem:27.65M (Peak 27.72M) | Time:00:00.10 | Mem:0.00M, Peak:0.00M | Scene, ViewLayer | Synchronizing object | Lace_2.R
Fra:27 Mem:27.65M (Peak 27.72M) | Time:00:00.10 | Mem:0.00M, Peak:0.00M | Scene, ViewLayer | Synchronizing object | Lace_3.R
Fra:27 Mem:27.66M (Peak 27.72M) | Time:00:00.10 | Mem:0.00M, Peak:0.00M | Scene, ViewLayer | Synchronizing object | Heel_Tab.R
Fra:27 Mem:28.20M (Peak 28.20M) | Time:00:00.13 | Mem:0.00M, Peak:0.00M | Scene, ViewLayer | Synchronizing object | Jacket_ContinuousShoulders
Fra:27 Mem:29.43M (Peak 29.43M) | Time:00:00.54 | Mem:0.00M, Peak:0.00M | Scene, ViewLayer | Synchronizing object | Face_Head
Fra:27 Mem:30.09M (Peak 30.09M) | Time:00:00.55 | Mem:0.00M, Peak:0.00M | Scene, ViewLayer | Synchronizing object | Ear.L
Fra:27 Mem:30.15M (Peak 30.15M) | Time:00:00.55 | Mem:0.00M, Peak:0.00M | Scene, ViewLayer | Synchronizing object | Ear_Fold.L
Fra:27 Mem:30.20M (Peak 30.20M) | Time:00:00.56 | Mem:0.00M, Peak:0.00M | Scene, ViewLayer | Synchronizing object | Ear.R
Fra:27 Mem:30.26M (Peak 30.26M) | Time:00:00.56 | Mem:0.00M, Peak:0.00M | Scene, ViewLayer | Synchronizing object | Ear_Fold.R
Fra:27 Mem:30.27M (Peak 30.27M) | Time:00:00.56 | Mem:0.00M, Peak:0.00M | Scene, ViewLayer | Synchronizing object | Eye_White.L
Fra:27 Mem:30.28M (Peak 30.28M) | Time:00:00.56 | Mem:0.00M, Peak:0.00M | Scene, ViewLayer | Synchronizing object | Iris_hair.L
Fra:27 Mem:30.29M (Peak 30.29M) | Time:00:00.56 | Mem:0.00M, Peak:0.00M | Scene, ViewLayer | Synchronizing object | Iris_ink.L
Fra:27 Mem:30.30M (Peak 30.30M) | Time:00:00.56 | Mem:0.00M, Peak:0.00M | Scene, ViewLayer | Synchronizing object | Eye_Glint.L
Fra:27 Mem:30.29M (Peak 30.30M) | Time:00:00.56 | Mem:0.00M, Peak:0.00M | Scene, ViewLayer | Synchronizing object | Upper_Lid.L
Fra:27 Mem:30.31M (Peak 30.31M) | Time:00:00.56 | Mem:0.00M, Peak:0.00M | Scene, ViewLayer | Synchronizing object | Lower_Lid.L
Fra:27 Mem:30.31M (Peak 30.31M) | Time:00:00.56 | Mem:0.00M, Peak:0.00M | Scene, ViewLayer | Synchronizing object | Eyebrow.L
Fra:27 Mem:30.32M (Peak 30.32M) | Time:00:00.56 | Mem:0.00M, Peak:0.00M | Scene, ViewLayer | Synchronizing object | Eye_White.R
Fra:27 Mem:30.32M (Peak 30.32M) | Time:00:00.56 | Mem:0.00M, Peak:0.00M | Scene, ViewLayer | Synchronizing object | Iris_hair.R
Fra:27 Mem:30.33M (Peak 30.33M) | Time:00:00.56 | Mem:0.00M, Peak:0.00M | Scene, ViewLayer | Synchronizing object | Iris_ink.R
Fra:27 Mem:30.34M (Peak 30.34M) | Time:00:00.56 | Mem:0.00M, Peak:0.00M | Scene, ViewLayer | Synchronizing object | Eye_Glint.R
Fra:27 Mem:30.35M (Peak 30.35M) | Time:00:00.56 | Mem:0.00M, Peak:0.00M | Scene, ViewLayer | Synchronizing object | Upper_Lid.R
Fra:27 Mem:30.36M (Peak 30.36M) | Time:00:00.56 | Mem:0.00M, Peak:0.00M | Scene, ViewLayer | Synchronizing object | Lower_Lid.R
Fra:27 Mem:30.36M (Peak 30.36M) | Time:00:00.56 | Mem:0.00M, Peak:0.00M | Scene, ViewLayer | Synchronizing object | Eyebrow.R
Fra:27 Mem:30.37M (Peak 30.37M) | Time:00:00.56 | Mem:0.00M, Peak:0.00M | Scene, ViewLayer | Synchronizing object | Mouth
Fra:27 Mem:30.50M (Peak 30.50M) | Time:00:00.68 | Mem:0.00M, Peak:0.00M | Scene, ViewLayer | Synchronizing object | Hair_Cap
Fra:27 Mem:30.67M (Peak 30.67M) | Time:00:00.68 | Mem:0.00M, Peak:0.00M | Scene, ViewLayer | Synchronizing object | Review_Rim
Fra:27 Mem:30.67M (Peak 30.67M) | Time:00:00.68 | Mem:0.00M, Peak:0.00M | Scene, ViewLayer | Synchronizing object | Review_Fill
Fra:27 Mem:30.67M (Peak 30.67M) | Time:00:00.68 | Mem:0.00M, Peak:0.00M | Scene, ViewLayer | Synchronizing object | Review_Key
Fra:27 Mem:30.68M (Peak 30.68M) | Time:00:00.68 | Mem:0.00M, Peak:0.00M | Scene, ViewLayer | Synchronizing object | Review_Ground
Fra:27 Mem:30.71M (Peak 30.71M) | Time:00:00.68 | Mem:0.00M, Peak:0.00M | Scene, ViewLayer | Synchronizing object | Tee_Bar
Fra:27 Mem:30.71M (Peak 30.71M) | Time:00:00.68 | Mem:0.00M, Peak:0.00M | Scene, ViewLayer | Synchronizing object | Tee_Dot_1.246
Fra:27 Mem:30.68M (Peak 30.71M) | Time:00:00.68 | Mem:0.00M, Peak:0.00M | Scene, ViewLayer | Synchronizing object | Bangs_00
Fra:27 Mem:30.68M (Peak 30.71M) | Time:00:00.68 | Mem:0.00M, Peak:0.00M | Scene, ViewLayer | Synchronizing object | Tee_Dot_1.275
Fra:27 Mem:30.70M (Peak 30.71M) | Time:00:00.68 | Mem:0.00M, Peak:0.00M | Scene, ViewLayer | Synchronizing object | Back_Lock_6
Fra:27 Mem:30.72M (Peak 30.72M) | Time:00:00.68 | Mem:0.00M, Peak:0.00M | Scene, ViewLayer | Synchronizing object | Bangs_01
Fra:27 Mem:30.73M (Peak 30.73M) | Time:00:00.68 | Mem:0.00M, Peak:0.00M | Scene, ViewLayer | Synchronizing object | Back_Lock_5
Fra:27 Mem:30.75M (Peak 30.75M) | Time:00:00.68 | Mem:0.00M, Peak:0.00M | Scene, ViewLayer | Synchronizing object | Bangs_02
Fra:27 Mem:30.77M (Peak 30.77M) | Time:00:00.68 | Mem:0.00M, Peak:0.00M | Scene, ViewLayer | Synchronizing object | Back_Lock_4
Fra:27 Mem:30.79M (Peak 30.79M) | Time:00:00.68 | Mem:0.00M, Peak:0.00M | Scene, ViewLayer | Synchronizing object | Bangs_03
Fra:27 Mem:30.80M (Peak 30.80M) | Time:00:00.68 | Mem:0.00M, Peak:0.00M | Scene, ViewLayer | Synchronizing object | Back_Lock_3
Fra:27 Mem:30.83M (Peak 30.83M) | Time:00:00.68 | Mem:0.00M, Peak:0.00M | Scene, ViewLayer | Synchronizing object | Bangs_04
Fra:27 Mem:30.83M (Peak 30.83M) | Time:00:00.68 | Mem:0.00M, Peak:0.00M | Scene, ViewLayer | Synchronizing object | Back_Lock_2
Fra:27 Mem:30.87M (Peak 30.87M) | Time:00:00.68 | Mem:0.00M, Peak:0.00M | Scene, ViewLayer | Synchronizing object | Bangs_05
Fra:27 Mem:30.88M (Peak 30.88M) | Time:00:00.68 | Mem:0.00M, Peak:0.00M | Scene, ViewLayer | Synchronizing object | Back_Lock_1
Fra:27 Mem:30.90M (Peak 30.90M) | Time:00:00.68 | Mem:0.00M, Peak:0.00M | Scene, ViewLayer | Synchronizing object | Temple_0.L
Fra:27 Mem:30.90M (Peak 30.90M) | Time:00:00.68 | Mem:0.00M, Peak:0.00M | Scene, ViewLayer | Synchronizing object | Back_Lock_0
Fra:27 Mem:30.93M (Peak 30.93M) | Time:00:00.68 | Mem:0.00M, Peak:0.00M | Scene, ViewLayer | Synchronizing object | Temple_1.L
Fra:27 Mem:30.93M (Peak 30.93M) | Time:00:00.68 | Mem:0.00M, Peak:0.00M | Scene, ViewLayer | Synchronizing object | Crown_0.R
Fra:27 Mem:30.97M (Peak 30.97M) | Time:00:00.68 | Mem:0.00M, Peak:0.00M | Scene, ViewLayer | Synchronizing object | Temple_2.L
Fra:27 Mem:30.97M (Peak 30.97M) | Time:00:00.68 | Mem:0.00M, Peak:0.00M | Scene, ViewLayer | Synchronizing object | Crown_0.L
Fra:27 Mem:31.00M (Peak 31.00M) | Time:00:00.68 | Mem:0.00M, Peak:0.00M | Scene, ViewLayer | Synchronizing object | Nape_0.L
Fra:27 Mem:31.00M (Peak 31.00M) | Time:00:00.68 | Mem:0.00M, Peak:0.00M | Scene, ViewLayer | Synchronizing object | Nape_1.R
Fra:27 Mem:31.04M (Peak 31.04M) | Time:00:00.68 | Mem:0.00M, Peak:0.00M | Scene, ViewLayer | Synchronizing object | Nape_1.L
Fra:27 Mem:31.03M (Peak 31.04M) | Time:00:00.68 | Mem:0.00M, Peak:0.00M | Scene, ViewLayer | Synchronizing object | Nape_0.R
Fra:27 Mem:31.07M (Peak 31.07M) | Time:00:00.68 | Mem:0.00M, Peak:0.00M | Scene, ViewLayer | Synchronizing object | Temple_0.R
Fra:27 Mem:31.07M (Peak 31.07M) | Time:00:00.68 | Mem:0.00M, Peak:0.00M | Scene, ViewLayer | Synchronizing object | Temple_2.R
Fra:27 Mem:31.10M (Peak 31.10M) | Time:00:00.68 | Mem:0.00M, Peak:0.00M | Scene, ViewLayer | Synchronizing object | Temple_1.R
Fra:27 Mem:31.12M (Peak 31.12M) | Time:00:00.68 | Mem:0.00M, Peak:0.00M | Scene, ViewLayer | Initializing
Fra:27 Mem:27.03M (Peak 31.12M) | Time:00:00.68 | Mem:0.00M, Peak:0.00M | Scene, ViewLayer | Updating Images | Loading CHR001_GreyStudy_BaseColor
Fra:27 Mem:28.08M (Peak 31.12M) | Time:00:00.68 | Mem:4.00M, Peak:4.00M | Scene, ViewLayer | Waiting for render to start
Fra:27 Mem:28.08M (Peak 31.12M) | Time:00:00.68 | Mem:4.00M, Peak:4.00M | Scene, ViewLayer | Updating Scene
Fra:27 Mem:28.08M (Peak 31.12M) | Time:00:00.68 | Mem:4.00M, Peak:4.00M | Scene, ViewLayer | Updating Shaders
Fra:27 Mem:28.08M (Peak 31.12M) | Time:00:00.68 | Mem:4.00M, Peak:4.00M | Scene, ViewLayer | Loading render kernels (may take a few minutes the first time)
Fra:27 Mem:28.16M (Peak 31.12M) | Time:00:00.68 | Mem:4.00M, Peak:4.00M | Scene, ViewLayer | Updating Procedurals
Fra:27 Mem:28.16M (Peak 31.12M) | Time:00:00.68 | Mem:4.00M, Peak:4.00M | Scene, ViewLayer | Updating Background
Fra:27 Mem:28.16M (Peak 31.12M) | Time:00:00.68 | Mem:4.00M, Peak:4.00M | Scene, ViewLayer | Updating Camera
Fra:27 Mem:28.16M (Peak 31.12M) | Time:00:00.68 | Mem:4.00M, Peak:4.00M | Scene, ViewLayer | Updating Meshes Flags
Fra:27 Mem:28.16M (Peak 31.12M) | Time:00:00.68 | Mem:4.00M, Peak:4.00M | Scene, ViewLayer | Updating Objects
Fra:27 Mem:28.16M (Peak 31.12M) | Time:00:00.68 | Mem:4.00M, Peak:4.00M | Scene, ViewLayer | Updating Objects | Copying Transformations to device
Fra:27 Mem:28.19M (Peak 31.12M) | Time:00:00.68 | Mem:4.02M, Peak:4.02M | Scene, ViewLayer | Updating Particle Systems
Fra:27 Mem:28.19M (Peak 31.12M) | Time:00:00.68 | Mem:4.02M, Peak:4.02M | Scene, ViewLayer | Updating Particle Systems | Copying Particles to device
Fra:27 Mem:28.19M (Peak 31.12M) | Time:00:00.68 | Mem:4.02M, Peak:4.02M | Scene, ViewLayer | Updating Meshes
Fra:27 Mem:28.19M (Peak 31.12M) | Time:00:00.68 | Mem:4.02M, Peak:4.02M | Scene, ViewLayer | Updating Objects | Applying Static Transformations
Fra:27 Mem:28.19M (Peak 31.12M) | Time:00:00.68 | Mem:4.02M, Peak:4.02M | Scene, ViewLayer | Updating Mesh | Computing attributes
Fra:27 Mem:29.20M (Peak 31.12M) | Time:00:00.68 | Mem:4.03M, Peak:4.03M | Scene, ViewLayer | Updating Mesh | Copying Attributes to device
Fra:27 Mem:29.19M (Peak 31.12M) | Time:00:00.68 | Mem:5.02M, Peak:5.02M | Scene, ViewLayer | Updating Scene BVH | Building
Fra:27 Mem:29.19M (Peak 31.12M) | Time:00:00.68 | Mem:5.02M, Peak:5.02M | Scene, ViewLayer | Updating Scene BVH | Building BVH
Fra:27 Mem:29.19M (Peak 31.12M) | Time:00:00.68 | Mem:6.08M, Peak:6.08M | Scene, ViewLayer | Updating Scene BVH | Building BVH 0%
Fra:27 Mem:29.19M (Peak 31.12M) | Time:00:00.69 | Mem:7.23M, Peak:8.28M | Scene, ViewLayer | Updating Scene BVH | Copying BVH to device
Fra:27 Mem:29.19M (Peak 31.12M) | Time:00:00.69 | Mem:7.23M, Peak:8.28M | Scene, ViewLayer | Updating Mesh | Computing normals
Fra:27 Mem:30.12M (Peak 31.12M) | Time:00:00.69 | Mem:7.23M, Peak:8.28M | Scene, ViewLayer | Updating Mesh | Copying Mesh to device
Fra:27 Mem:30.12M (Peak 31.12M) | Time:00:00.69 | Mem:8.16M, Peak:8.28M | Scene, ViewLayer | Updating Objects Flags
Fra:27 Mem:30.12M (Peak 31.12M) | Time:00:00.69 | Mem:8.16M, Peak:8.28M | Scene, ViewLayer | Updating Primitive Offsets
Fra:27 Mem:30.12M (Peak 31.12M) | Time:00:00.69 | Mem:8.16M, Peak:8.28M | Scene, ViewLayer | Updating Images
Fra:27 Mem:30.12M (Peak 31.12M) | Time:00:00.69 | Mem:8.16M, Peak:8.28M | Scene, ViewLayer | Updating Camera Volume
Fra:27 Mem:30.12M (Peak 31.12M) | Time:00:00.69 | Mem:8.16M, Peak:8.28M | Scene, ViewLayer | Updating Lookup Tables
Fra:27 Mem:30.12M (Peak 31.12M) | Time:00:00.69 | Mem:8.24M, Peak:8.28M | Scene, ViewLayer | Updating Lights
Fra:27 Mem:30.12M (Peak 31.12M) | Time:00:00.69 | Mem:8.24M, Peak:8.28M | Scene, ViewLayer | Updating Lights | Computing tree
Fra:27 Mem:30.12M (Peak 31.12M) | Time:00:00.69 | Mem:8.24M, Peak:8.28M | Scene, ViewLayer | Updating Integrator
Fra:27 Mem:30.12M (Peak 31.12M) | Time:00:00.69 | Mem:8.24M, Peak:8.28M | Scene, ViewLayer | Updating Film
Fra:27 Mem:30.13M (Peak 31.12M) | Time:00:00.69 | Mem:8.16M, Peak:8.28M | Scene, ViewLayer | Updating Lookup Tables
Fra:27 Mem:30.13M (Peak 31.12M) | Time:00:00.69 | Mem:8.25M, Peak:8.28M | Scene, ViewLayer | Updating Baking
Fra:27 Mem:30.13M (Peak 31.12M) | Time:00:00.69 | Mem:8.25M, Peak:8.28M | Scene, ViewLayer | Updating Device | Writing constant memory
Fra:27 Mem:30.13M (Peak 31.12M) | Time:00:00.69 | Mem:8.25M, Peak:8.28M | Scene, ViewLayer | Loading denoising kernels (may take a few minutes the first time)
Fra:27 Mem:30.13M (Peak 31.12M) | Time:00:00.69 | Mem:8.25M, Peak:8.28M | Scene, ViewLayer | Sample 0/12
Fra:27 Mem:44.40M (Peak 44.40M) | Time:00:00.86 | Remaining:00:01.84 | Mem:22.51M, Peak:22.51M | Scene, ViewLayer | Sample 1/12
Fra:27 Mem:50.40M (Peak 59.41M) | Time:00:04.75 | Mem:22.51M, Peak:22.51M | Scene, ViewLayer | Sample 12/12
Fra:27 Mem:50.40M (Peak 59.41M) | Time:00:04.75 | Mem:22.51M, Peak:22.51M | Scene, ViewLayer | Finished
Saved: '/home/lzzz/MyProjects/N-SIDE/output/characters/CHR-001/animation-r2/candidate-b/run/013.png'
Time: 00:04.76 (Saving: 00:00.01)

Fra:29 Mem:26.15M (Peak 26.15M) | Time:00:00.00 | Mem:0.00M, Peak:0.00M | Scene, ViewLayer | Synchronizing object | TShirt
Fra:29 Mem:26.31M (Peak 26.31M) | Time:00:00.01 | Mem:0.00M, Peak:0.00M | Scene, ViewLayer | Synchronizing object | TShirt_Collar
Fra:29 Mem:26.34M (Peak 26.34M) | Time:00:00.01 | Mem:0.00M, Peak:0.00M | Scene, ViewLayer | Synchronizing object | Hood
Fra:29 Mem:26.39M (Peak 26.39M) | Time:00:00.01 | Mem:0.00M, Peak:0.00M | Scene, ViewLayer | Synchronizing object | Sleeve_Cuff.L
Fra:29 Mem:26.39M (Peak 26.39M) | Time:00:00.01 | Mem:0.00M, Peak:0.00M | Scene, ViewLayer | Synchronizing object | Zip_Tape.L
Fra:29 Mem:26.40M (Peak 26.40M) | Time:00:00.01 | Mem:0.00M, Peak:0.00M | Scene, ViewLayer | Synchronizing object | Hood_Cord.L
Fra:29 Mem:26.44M (Peak 26.44M) | Time:00:00.02 | Mem:0.00M, Peak:0.00M | Scene, ViewLayer | Synchronizing object | Palm.L
Fra:29 Mem:26.49M (Peak 26.49M) | Time:00:00.02 | Mem:0.00M, Peak:0.00M | Scene, ViewLayer | Synchronizing object | Index_Mesh.L
Fra:29 Mem:26.49M (Peak 26.49M) | Time:00:00.02 | Mem:0.00M, Peak:0.00M | Scene, ViewLayer | Synchronizing object | Middle_Mesh.L
Fra:29 Mem:26.50M (Peak 26.50M) | Time:00:00.02 | Mem:0.00M, Peak:0.00M | Scene, ViewLayer | Synchronizing object | Ring_Mesh.L
Fra:29 Mem:26.54M (Peak 26.54M) | Time:00:00.02 | Mem:0.00M, Peak:0.00M | Scene, ViewLayer | Synchronizing object | Pinky_Mesh.L
Fra:29 Mem:26.52M (Peak 26.54M) | Time:00:00.02 | Mem:0.00M, Peak:0.00M | Scene, ViewLayer | Synchronizing object | Thumb_Mesh.L
Fra:29 Mem:26.69M (Peak 26.69M) | Time:00:00.05 | Mem:0.00M, Peak:0.00M | Scene, ViewLayer | Synchronizing object | Trousers.L
Fra:29 Mem:26.95M (Peak 26.95M) | Time:00:00.05 | Mem:0.00M, Peak:0.00M | Scene, ViewLayer | Synchronizing object | Sneaker_Sole.L
Fra:29 Mem:26.97M (Peak 26.97M) | Time:00:00.05 | Mem:0.00M, Peak:0.00M | Scene, ViewLayer | Synchronizing object | Sneaker_Upper.L
Fra:29 Mem:26.99M (Peak 26.99M) | Time:00:00.05 | Mem:0.00M, Peak:0.00M | Scene, ViewLayer | Synchronizing object | Sock.L
Fra:29 Mem:26.99M (Peak 26.99M) | Time:00:00.05 | Mem:0.00M, Peak:0.00M | Scene, ViewLayer | Synchronizing object | Lace_0.L
Fra:29 Mem:27.00M (Peak 27.00M) | Time:00:00.05 | Mem:0.00M, Peak:0.00M | Scene, ViewLayer | Synchronizing object | Lace_1.L
Fra:29 Mem:27.00M (Peak 27.00M) | Time:00:00.05 | Mem:0.00M, Peak:0.00M | Scene, ViewLayer | Synchronizing object | Lace_2.L
Fra:29 Mem:27.00M (Peak 27.00M) | Time:00:00.05 | Mem:0.00M, Peak:0.00M | Scene, ViewLayer | Synchronizing object | Lace_3.L
Fra:29 Mem:27.01M (Peak 27.01M) | Time:00:00.05 | Mem:0.00M, Peak:0.00M | Scene, ViewLayer | Synchronizing object | Heel_Tab.L
Fra:29 Mem:27.01M (Peak 27.01M) | Time:00:00.05 | Mem:0.00M, Peak:0.00M | Scene, ViewLayer | Synchronizing object | Sleeve_Cuff.R
Fra:29 Mem:27.01M (Peak 27.01M) | Time:00:00.05 | Mem:0.00M, Peak:0.00M | Scene, ViewLayer | Synchronizing object | Zip_Tape.R
Fra:29 Mem:27.02M (Peak 27.02M) | Time:00:00.05 | Mem:0.00M, Peak:0.00M | Scene, ViewLayer | Synchronizing object | Hood_Cord.R
Fra:29 Mem:27.06M (Peak 27.06M) | Time:00:00.06 | Mem:0.00M, Peak:0.00M | Scene, ViewLayer | Synchronizing object | Palm.R
Fra:29 Mem:27.11M (Peak 27.11M) | Time:00:00.06 | Mem:0.00M, Peak:0.00M | Scene, ViewLayer | Synchronizing object | Index_Mesh.R
Fra:29 Mem:27.11M (Peak 27.11M) | Time:00:00.06 | Mem:0.00M, Peak:0.00M | Scene, ViewLayer | Synchronizing object | Middle_Mesh.R
Fra:29 Mem:27.12M (Peak 27.12M) | Time:00:00.06 | Mem:0.00M, Peak:0.00M | Scene, ViewLayer | Synchronizing object | Ring_Mesh.R
Fra:29 Mem:27.15M (Peak 27.15M) | Time:00:00.06 | Mem:0.00M, Peak:0.00M | Scene, ViewLayer | Synchronizing object | Pinky_Mesh.R
Fra:29 Mem:27.13M (Peak 27.15M) | Time:00:00.06 | Mem:0.00M, Peak:0.00M | Scene, ViewLayer | Synchronizing object | Thumb_Mesh.R
Fra:29 Mem:27.31M (Peak 27.31M) | Time:00:00.09 | Mem:0.00M, Peak:0.00M | Scene, ViewLayer | Synchronizing object | Trousers.R
Fra:29 Mem:27.59M (Peak 27.59M) | Time:00:00.09 | Mem:0.00M, Peak:0.00M | Scene, ViewLayer | Synchronizing object | Sneaker_Sole.R
Fra:29 Mem:27.60M (Peak 27.60M) | Time:00:00.09 | Mem:0.00M, Peak:0.00M | Scene, ViewLayer | Synchronizing object | Sneaker_Upper.R
Fra:29 Mem:27.71M (Peak 27.71M) | Time:00:00.09 | Mem:0.00M, Peak:0.00M | Scene, ViewLayer | Synchronizing object | Sock.R
Fra:29 Mem:27.71M (Peak 27.71M) | Time:00:00.09 | Mem:0.00M, Peak:0.00M | Scene, ViewLayer | Synchronizing object | Lace_0.R
Fra:29 Mem:27.65M (Peak 27.71M) | Time:00:00.09 | Mem:0.00M, Peak:0.00M | Scene, ViewLayer | Synchronizing object | Lace_1.R
Fra:29 Mem:27.65M (Peak 27.71M) | Time:00:00.09 | Mem:0.00M, Peak:0.00M | Scene, ViewLayer | Synchronizing object | Lace_2.R
Fra:29 Mem:27.65M (Peak 27.71M) | Time:00:00.09 | Mem:0.00M, Peak:0.00M | Scene, ViewLayer | Synchronizing object | Lace_3.R
Fra:29 Mem:27.62M (Peak 27.71M) | Time:00:00.09 | Mem:0.00M, Peak:0.00M | Scene, ViewLayer | Synchronizing object | Heel_Tab.R
Fra:29 Mem:28.20M (Peak 28.20M) | Time:00:00.12 | Mem:0.00M, Peak:0.00M | Scene, ViewLayer | Synchronizing object | Jacket_ContinuousShoulders
Fra:29 Mem:29.43M (Peak 29.43M) | Time:00:00.53 | Mem:0.00M, Peak:0.00M | Scene, ViewLayer | Synchronizing object | Face_Head
Fra:29 Mem:30.09M (Peak 30.09M) | Time:00:00.54 | Mem:0.00M, Peak:0.00M | Scene, ViewLayer | Synchronizing object | Ear.L
Fra:29 Mem:30.15M (Peak 30.15M) | Time:00:00.54 | Mem:0.00M, Peak:0.00M | Scene, ViewLayer | Synchronizing object | Ear_Fold.L
Fra:29 Mem:30.20M (Peak 30.20M) | Time:00:00.55 | Mem:0.00M, Peak:0.00M | Scene, ViewLayer | Synchronizing object | Ear.R
Fra:29 Mem:30.26M (Peak 30.26M) | Time:00:00.55 | Mem:0.00M, Peak:0.00M | Scene, ViewLayer | Synchronizing object | Ear_Fold.R
Fra:29 Mem:30.27M (Peak 30.27M) | Time:00:00.55 | Mem:0.00M, Peak:0.00M | Scene, ViewLayer | Synchronizing object | Eye_White.L
Fra:29 Mem:30.28M (Peak 30.28M) | Time:00:00.55 | Mem:0.00M, Peak:0.00M | Scene, ViewLayer | Synchronizing object | Iris_hair.L
Fra:29 Mem:30.29M (Peak 30.29M) | Time:00:00.55 | Mem:0.00M, Peak:0.00M | Scene, ViewLayer | Synchronizing object | Iris_ink.L
Fra:29 Mem:30.30M (Peak 30.30M) | Time:00:00.55 | Mem:0.00M, Peak:0.00M | Scene, ViewLayer | Synchronizing object | Eye_Glint.L
Fra:29 Mem:30.29M (Peak 30.30M) | Time:00:00.55 | Mem:0.00M, Peak:0.00M | Scene, ViewLayer | Synchronizing object | Upper_Lid.L
Fra:29 Mem:30.31M (Peak 30.31M) | Time:00:00.55 | Mem:0.00M, Peak:0.00M | Scene, ViewLayer | Synchronizing object | Lower_Lid.L
Fra:29 Mem:30.31M (Peak 30.31M) | Time:00:00.55 | Mem:0.00M, Peak:0.00M | Scene, ViewLayer | Synchronizing object | Eyebrow.L
Fra:29 Mem:30.32M (Peak 30.32M) | Time:00:00.55 | Mem:0.00M, Peak:0.00M | Scene, ViewLayer | Synchronizing object | Eye_White.R
Fra:29 Mem:30.32M (Peak 30.32M) | Time:00:00.55 | Mem:0.00M, Peak:0.00M | Scene, ViewLayer | Synchronizing object | Iris_hair.R
Fra:29 Mem:30.33M (Peak 30.33M) | Time:00:00.55 | Mem:0.00M, Peak:0.00M | Scene, ViewLayer | Synchronizing object | Iris_ink.R
Fra:29 Mem:30.34M (Peak 30.34M) | Time:00:00.55 | Mem:0.00M, Peak:0.00M | Scene, ViewLayer | Synchronizing object | Eye_Glint.R
Fra:29 Mem:30.35M (Peak 30.35M) | Time:00:00.55 | Mem:0.00M, Peak:0.00M | Scene, ViewLayer | Synchronizing object | Upper_Lid.R
Fra:29 Mem:30.36M (Peak 30.36M) | Time:00:00.55 | Mem:0.00M, Peak:0.00M | Scene, ViewLayer | Synchronizing object | Lower_Lid.R
Fra:29 Mem:30.36M (Peak 30.36M) | Time:00:00.55 | Mem:0.00M, Peak:0.00M | Scene, ViewLayer | Synchronizing object | Eyebrow.R
Fra:29 Mem:30.37M (Peak 30.37M) | Time:00:00.55 | Mem:0.00M, Peak:0.00M | Scene, ViewLayer | Synchronizing object | Mouth
Fra:29 Mem:30.50M (Peak 30.50M) | Time:00:00.66 | Mem:0.00M, Peak:0.00M | Scene, ViewLayer | Synchronizing object | Hair_Cap
Fra:29 Mem:30.67M (Peak 30.67M) | Time:00:00.66 | Mem:0.00M, Peak:0.00M | Scene, ViewLayer | Synchronizing object | Review_Rim
Fra:29 Mem:30.67M (Peak 30.67M) | Time:00:00.66 | Mem:0.00M, Peak:0.00M | Scene, ViewLayer | Synchronizing object | Review_Fill
Fra:29 Mem:30.69M (Peak 30.69M) | Time:00:00.66 | Mem:0.00M, Peak:0.00M | Scene, ViewLayer | Synchronizing object | Review_Key
Fra:29 Mem:30.71M (Peak 30.71M) | Time:00:00.66 | Mem:0.00M, Peak:0.00M | Scene, ViewLayer | Synchronizing object | Review_Ground
Fra:29 Mem:30.68M (Peak 30.71M) | Time:00:00.66 | Mem:0.00M, Peak:0.00M | Scene, ViewLayer | Synchronizing object | Bangs_00
Fra:29 Mem:30.68M (Peak 30.71M) | Time:00:00.66 | Mem:0.00M, Peak:0.00M | Scene, ViewLayer | Synchronizing object | Tee_Bar
Fra:29 Mem:30.69M (Peak 30.71M) | Time:00:00.66 | Mem:0.00M, Peak:0.00M | Scene, ViewLayer | Synchronizing object | Tee_Dot_1.246
Fra:29 Mem:30.70M (Peak 30.71M) | Time:00:00.66 | Mem:0.00M, Peak:0.00M | Scene, ViewLayer | Synchronizing object | Bangs_01
Fra:29 Mem:30.71M (Peak 30.71M) | Time:00:00.66 | Mem:0.00M, Peak:0.00M | Scene, ViewLayer | Synchronizing object | Tee_Dot_1.275
Fra:29 Mem:30.72M (Peak 30.72M) | Time:00:00.66 | Mem:0.00M, Peak:0.00M | Scene, ViewLayer | Synchronizing object | Back_Lock_6
Fra:29 Mem:30.72M (Peak 30.72M) | Time:00:00.66 | Mem:0.00M, Peak:0.00M | Scene, ViewLayer | Synchronizing object | Bangs_02
Fra:29 Mem:30.76M (Peak 30.76M) | Time:00:00.66 | Mem:0.00M, Peak:0.00M | Scene, ViewLayer | Synchronizing object | Back_Lock_5
Fra:29 Mem:30.76M (Peak 30.76M) | Time:00:00.66 | Mem:0.00M, Peak:0.00M | Scene, ViewLayer | Synchronizing object | Bangs_03
Fra:29 Mem:30.79M (Peak 30.79M) | Time:00:00.66 | Mem:0.00M, Peak:0.00M | Scene, ViewLayer | Synchronizing object | Back_Lock_4
Fra:29 Mem:30.79M (Peak 30.79M) | Time:00:00.66 | Mem:0.00M, Peak:0.00M | Scene, ViewLayer | Synchronizing object | Bangs_04
Fra:29 Mem:30.82M (Peak 30.82M) | Time:00:00.66 | Mem:0.00M, Peak:0.00M | Scene, ViewLayer | Synchronizing object | Back_Lock_3
Fra:29 Mem:30.83M (Peak 30.83M) | Time:00:00.66 | Mem:0.00M, Peak:0.00M | Scene, ViewLayer | Synchronizing object | Bangs_05
Fra:29 Mem:30.86M (Peak 30.86M) | Time:00:00.66 | Mem:0.00M, Peak:0.00M | Scene, ViewLayer | Synchronizing object | Back_Lock_2
Fra:29 Mem:30.88M (Peak 30.88M) | Time:00:00.66 | Mem:0.00M, Peak:0.00M | Scene, ViewLayer | Synchronizing object | Temple_0.L
Fra:29 Mem:30.89M (Peak 30.89M) | Time:00:00.66 | Mem:0.00M, Peak:0.00M | Scene, ViewLayer | Synchronizing object | Back_Lock_1
Fra:29 Mem:30.90M (Peak 30.90M) | Time:00:00.66 | Mem:0.00M, Peak:0.00M | Scene, ViewLayer | Synchronizing object | Temple_1.L
Fra:29 Mem:30.93M (Peak 30.93M) | Time:00:00.66 | Mem:0.00M, Peak:0.00M | Scene, ViewLayer | Synchronizing object | Back_Lock_0
Fra:29 Mem:30.94M (Peak 30.94M) | Time:00:00.66 | Mem:0.00M, Peak:0.00M | Scene, ViewLayer | Synchronizing object | Temple_2.L
Fra:29 Mem:30.96M (Peak 30.96M) | Time:00:00.66 | Mem:0.00M, Peak:0.00M | Scene, ViewLayer | Synchronizing object | Crown_0.R
Fra:29 Mem:30.98M (Peak 30.98M) | Time:00:00.66 | Mem:0.00M, Peak:0.00M | Scene, ViewLayer | Synchronizing object | Nape_0.L
Fra:29 Mem:30.99M (Peak 30.99M) | Time:00:00.66 | Mem:0.00M, Peak:0.00M | Scene, ViewLayer | Synchronizing object | Crown_0.L
Fra:29 Mem:31.01M (Peak 31.01M) | Time:00:00.66 | Mem:0.00M, Peak:0.00M | Scene, ViewLayer | Synchronizing object | Nape_1.L
Fra:29 Mem:31.03M (Peak 31.03M) | Time:00:00.66 | Mem:0.00M, Peak:0.00M | Scene, ViewLayer | Synchronizing object | Nape_1.R
Fra:29 Mem:31.04M (Peak 31.04M) | Time:00:00.66 | Mem:0.00M, Peak:0.00M | Scene, ViewLayer | Synchronizing object | Temple_0.R
Fra:29 Mem:31.06M (Peak 31.06M) | Time:00:00.66 | Mem:0.00M, Peak:0.00M | Scene, ViewLayer | Synchronizing object | Nape_0.R
Fra:29 Mem:31.08M (Peak 31.08M) | Time:00:00.66 | Mem:0.00M, Peak:0.00M | Scene, ViewLayer | Synchronizing object | Temple_1.R
Fra:29 Mem:31.10M (Peak 31.10M) | Time:00:00.66 | Mem:0.00M, Peak:0.00M | Scene, ViewLayer | Synchronizing object | Temple_2.R
Fra:29 Mem:31.12M (Peak 31.12M) | Time:00:00.66 | Mem:0.00M, Peak:0.00M | Scene, ViewLayer | Initializing
Fra:29 Mem:27.03M (Peak 31.12M) | Time:00:00.66 | Mem:0.00M, Peak:0.00M | Scene, ViewLayer | Updating Images | Loading CHR001_GreyStudy_BaseColor
Fra:29 Mem:28.08M (Peak 31.12M) | Time:00:00.67 | Mem:4.00M, Peak:4.00M | Scene, ViewLayer | Waiting for render to start
Fra:29 Mem:28.08M (Peak 31.12M) | Time:00:00.67 | Mem:4.00M, Peak:4.00M | Scene, ViewLayer | Updating Scene
Fra:29 Mem:28.08M (Peak 31.12M) | Time:00:00.67 | Mem:4.00M, Peak:4.00M | Scene, ViewLayer | Updating Shaders
Fra:29 Mem:28.08M (Peak 31.12M) | Time:00:00.67 | Mem:4.00M, Peak:4.00M | Scene, ViewLayer | Loading render kernels (may take a few minutes the first time)
Fra:29 Mem:28.16M (Peak 31.12M) | Time:00:00.67 | Mem:4.00M, Peak:4.00M | Scene, ViewLayer | Updating Procedurals
Fra:29 Mem:28.16M (Peak 31.12M) | Time:00:00.67 | Mem:4.00M, Peak:4.00M | Scene, ViewLayer | Updating Background
Fra:29 Mem:28.16M (Peak 31.12M) | Time:00:00.67 | Mem:4.00M, Peak:4.00M | Scene, ViewLayer | Updating Camera
Fra:29 Mem:28.16M (Peak 31.12M) | Time:00:00.67 | Mem:4.00M, Peak:4.00M | Scene, ViewLayer | Updating Meshes Flags
Fra:29 Mem:28.16M (Peak 31.12M) | Time:00:00.67 | Mem:4.00M, Peak:4.00M | Scene, ViewLayer | Updating Objects
Fra:29 Mem:28.16M (Peak 31.12M) | Time:00:00.67 | Mem:4.00M, Peak:4.00M | Scene, ViewLayer | Updating Objects | Copying Transformations to device
Fra:29 Mem:28.19M (Peak 31.12M) | Time:00:00.67 | Mem:4.02M, Peak:4.02M | Scene, ViewLayer | Updating Particle Systems
Fra:29 Mem:28.19M (Peak 31.12M) | Time:00:00.67 | Mem:4.02M, Peak:4.02M | Scene, ViewLayer | Updating Particle Systems | Copying Particles to device
Fra:29 Mem:28.19M (Peak 31.12M) | Time:00:00.67 | Mem:4.02M, Peak:4.02M | Scene, ViewLayer | Updating Meshes
Fra:29 Mem:28.19M (Peak 31.12M) | Time:00:00.67 | Mem:4.02M, Peak:4.02M | Scene, ViewLayer | Updating Objects | Applying Static Transformations
Fra:29 Mem:28.19M (Peak 31.12M) | Time:00:00.67 | Mem:4.02M, Peak:4.02M | Scene, ViewLayer | Updating Mesh | Computing attributes
Fra:29 Mem:29.20M (Peak 31.12M) | Time:00:00.67 | Mem:4.03M, Peak:4.03M | Scene, ViewLayer | Updating Mesh | Copying Attributes to device
Fra:29 Mem:29.19M (Peak 31.12M) | Time:00:00.67 | Mem:5.02M, Peak:5.02M | Scene, ViewLayer | Updating Scene BVH | Building
Fra:29 Mem:29.19M (Peak 31.12M) | Time:00:00.67 | Mem:5.02M, Peak:5.02M | Scene, ViewLayer | Updating Scene BVH | Building BVH
Fra:29 Mem:29.19M (Peak 31.12M) | Time:00:00.67 | Mem:6.08M, Peak:6.08M | Scene, ViewLayer | Updating Scene BVH | Building BVH 0%
Fra:29 Mem:29.19M (Peak 31.12M) | Time:00:00.67 | Mem:7.23M, Peak:8.28M | Scene, ViewLayer | Updating Scene BVH | Copying BVH to device
Fra:29 Mem:29.19M (Peak 31.12M) | Time:00:00.67 | Mem:7.23M, Peak:8.28M | Scene, ViewLayer | Updating Mesh | Computing normals
Fra:29 Mem:30.12M (Peak 31.12M) | Time:00:00.67 | Mem:7.23M, Peak:8.28M | Scene, ViewLayer | Updating Mesh | Copying Mesh to device
Fra:29 Mem:30.12M (Peak 31.12M) | Time:00:00.67 | Mem:8.16M, Peak:8.28M | Scene, ViewLayer | Updating Objects Flags
Fra:29 Mem:30.12M (Peak 31.12M) | Time:00:00.67 | Mem:8.16M, Peak:8.28M | Scene, ViewLayer | Updating Primitive Offsets
Fra:29 Mem:30.12M (Peak 31.12M) | Time:00:00.67 | Mem:8.16M, Peak:8.28M | Scene, ViewLayer | Updating Images
Fra:29 Mem:30.12M (Peak 31.12M) | Time:00:00.67 | Mem:8.16M, Peak:8.28M | Scene, ViewLayer | Updating Camera Volume
Fra:29 Mem:30.12M (Peak 31.12M) | Time:00:00.67 | Mem:8.16M, Peak:8.28M | Scene, ViewLayer | Updating Lookup Tables
Fra:29 Mem:30.12M (Peak 31.12M) | Time:00:00.67 | Mem:8.24M, Peak:8.28M | Scene, ViewLayer | Updating Lights
Fra:29 Mem:30.12M (Peak 31.12M) | Time:00:00.67 | Mem:8.24M, Peak:8.28M | Scene, ViewLayer | Updating Lights | Computing tree
Fra:29 Mem:30.12M (Peak 31.12M) | Time:00:00.67 | Mem:8.24M, Peak:8.28M | Scene, ViewLayer | Updating Integrator
Fra:29 Mem:30.12M (Peak 31.12M) | Time:00:00.67 | Mem:8.24M, Peak:8.28M | Scene, ViewLayer | Updating Film
Fra:29 Mem:30.13M (Peak 31.12M) | Time:00:00.67 | Mem:8.16M, Peak:8.28M | Scene, ViewLayer | Updating Lookup Tables
Fra:29 Mem:30.13M (Peak 31.12M) | Time:00:00.67 | Mem:8.25M, Peak:8.28M | Scene, ViewLayer | Updating Baking
Fra:29 Mem:30.13M (Peak 31.12M) | Time:00:00.67 | Mem:8.25M, Peak:8.28M | Scene, ViewLayer | Updating Device | Writing constant memory
Fra:29 Mem:30.13M (Peak 31.12M) | Time:00:00.67 | Mem:8.25M, Peak:8.28M | Scene, ViewLayer | Loading denoising kernels (may take a few minutes the first time)
Fra:29 Mem:30.13M (Peak 31.12M) | Time:00:00.67 | Mem:8.25M, Peak:8.28M | Scene, ViewLayer | Sample 0/12
Fra:29 Mem:44.40M (Peak 44.40M) | Time:00:00.84 | Remaining:00:01.84 | Mem:22.51M, Peak:22.51M | Scene, ViewLayer | Sample 1/12
Fra:29 Mem:50.40M (Peak 59.41M) | Time:00:04.73 | Mem:22.51M, Peak:22.51M | Scene, ViewLayer | Sample 12/12
Fra:29 Mem:50.40M (Peak 59.41M) | Time:00:04.73 | Mem:22.51M, Peak:22.51M | Scene, ViewLayer | Finished
Saved: '/home/lzzz/MyProjects/N-SIDE/output/characters/CHR-001/animation-r2/candidate-b/run/014.png'
Time: 00:04.75 (Saving: 00:00.01)

Fra:31 Mem:26.15M (Peak 26.15M) | Time:00:00.00 | Mem:0.00M, Peak:0.00M | Scene, ViewLayer | Synchronizing object | TShirt
Fra:31 Mem:26.31M (Peak 26.31M) | Time:00:00.00 | Mem:0.00M, Peak:0.00M | Scene, ViewLayer | Synchronizing object | TShirt_Collar
Fra:31 Mem:26.34M (Peak 26.34M) | Time:00:00.00 | Mem:0.00M, Peak:0.00M | Scene, ViewLayer | Synchronizing object | Hood
Fra:31 Mem:26.39M (Peak 26.39M) | Time:00:00.01 | Mem:0.00M, Peak:0.00M | Scene, ViewLayer | Synchronizing object | Sleeve_Cuff.L
Fra:31 Mem:26.39M (Peak 26.39M) | Time:00:00.01 | Mem:0.00M, Peak:0.00M | Scene, ViewLayer | Synchronizing object | Zip_Tape.L
Fra:31 Mem:26.40M (Peak 26.40M) | Time:00:00.01 | Mem:0.00M, Peak:0.00M | Scene, ViewLayer | Synchronizing object | Hood_Cord.L
Fra:31 Mem:26.44M (Peak 26.44M) | Time:00:00.02 | Mem:0.00M, Peak:0.00M | Scene, ViewLayer | Synchronizing object | Palm.L
Fra:31 Mem:26.49M (Peak 26.49M) | Time:00:00.02 | Mem:0.00M, Peak:0.00M | Scene, ViewLayer | Synchronizing object | Index_Mesh.L
Fra:31 Mem:26.49M (Peak 26.49M) | Time:00:00.02 | Mem:0.00M, Peak:0.00M | Scene, ViewLayer | Synchronizing object | Middle_Mesh.L
Fra:31 Mem:26.50M (Peak 26.50M) | Time:00:00.02 | Mem:0.00M, Peak:0.00M | Scene, ViewLayer | Synchronizing object | Ring_Mesh.L
Fra:31 Mem:26.54M (Peak 26.54M) | Time:00:00.02 | Mem:0.00M, Peak:0.00M | Scene, ViewLayer | Synchronizing object | Pinky_Mesh.L
Fra:31 Mem:26.51M (Peak 26.54M) | Time:00:00.02 | Mem:0.00M, Peak:0.00M | Scene, ViewLayer | Synchronizing object | Thumb_Mesh.L
Fra:31 Mem:26.69M (Peak 26.69M) | Time:00:00.05 | Mem:0.00M, Peak:0.00M | Scene, ViewLayer | Synchronizing object | Trousers.L
Fra:31 Mem:26.95M (Peak 26.95M) | Time:00:00.05 | Mem:0.00M, Peak:0.00M | Scene, ViewLayer | Synchronizing object | Sneaker_Sole.L
Fra:31 Mem:26.97M (Peak 26.97M) | Time:00:00.05 | Mem:0.00M, Peak:0.00M | Scene, ViewLayer | Synchronizing object | Sneaker_Upper.L
Fra:31 Mem:26.99M (Peak 26.99M) | Time:00:00.05 | Mem:0.00M, Peak:0.00M | Scene, ViewLayer | Synchronizing object | Sock.L
Fra:31 Mem:26.99M (Peak 26.99M) | Time:00:00.05 | Mem:0.00M, Peak:0.00M | Scene, ViewLayer | Synchronizing object | Lace_0.L
Fra:31 Mem:27.00M (Peak 27.00M) | Time:00:00.05 | Mem:0.00M, Peak:0.00M | Scene, ViewLayer | Synchronizing object | Lace_1.L
Fra:31 Mem:27.00M (Peak 27.00M) | Time:00:00.05 | Mem:0.00M, Peak:0.00M | Scene, ViewLayer | Synchronizing object | Lace_2.L
Fra:31 Mem:27.00M (Peak 27.00M) | Time:00:00.05 | Mem:0.00M, Peak:0.00M | Scene, ViewLayer | Synchronizing object | Lace_3.L
Fra:31 Mem:27.01M (Peak 27.01M) | Time:00:00.05 | Mem:0.00M, Peak:0.00M | Scene, ViewLayer | Synchronizing object | Heel_Tab.L
Fra:31 Mem:27.01M (Peak 27.01M) | Time:00:00.05 | Mem:0.00M, Peak:0.00M | Scene, ViewLayer | Synchronizing object | Sleeve_Cuff.R
Fra:31 Mem:27.01M (Peak 27.01M) | Time:00:00.05 | Mem:0.00M, Peak:0.00M | Scene, ViewLayer | Synchronizing object | Zip_Tape.R
Fra:31 Mem:27.02M (Peak 27.02M) | Time:00:00.05 | Mem:0.00M, Peak:0.00M | Scene, ViewLayer | Synchronizing object | Hood_Cord.R
Fra:31 Mem:27.06M (Peak 27.06M) | Time:00:00.06 | Mem:0.00M, Peak:0.00M | Scene, ViewLayer | Synchronizing object | Palm.R
Fra:31 Mem:27.11M (Peak 27.11M) | Time:00:00.06 | Mem:0.00M, Peak:0.00M | Scene, ViewLayer | Synchronizing object | Index_Mesh.R
Fra:31 Mem:27.11M (Peak 27.11M) | Time:00:00.06 | Mem:0.00M, Peak:0.00M | Scene, ViewLayer | Synchronizing object | Middle_Mesh.R
Fra:31 Mem:27.12M (Peak 27.12M) | Time:00:00.06 | Mem:0.00M, Peak:0.00M | Scene, ViewLayer | Synchronizing object | Ring_Mesh.R
Fra:31 Mem:27.15M (Peak 27.15M) | Time:00:00.06 | Mem:0.00M, Peak:0.00M | Scene, ViewLayer | Synchronizing object | Pinky_Mesh.R
Fra:31 Mem:27.14M (Peak 27.15M) | Time:00:00.06 | Mem:0.00M, Peak:0.00M | Scene, ViewLayer | Synchronizing object | Thumb_Mesh.R
Fra:31 Mem:27.31M (Peak 27.31M) | Time:00:00.10 | Mem:0.00M, Peak:0.00M | Scene, ViewLayer | Synchronizing object | Trousers.R
Fra:31 Mem:27.59M (Peak 27.59M) | Time:00:00.10 | Mem:0.00M, Peak:0.00M | Scene, ViewLayer | Synchronizing object | Sneaker_Sole.R
Fra:31 Mem:27.60M (Peak 27.60M) | Time:00:00.10 | Mem:0.00M, Peak:0.00M | Scene, ViewLayer | Synchronizing object | Sneaker_Upper.R
Fra:31 Mem:27.62M (Peak 27.62M) | Time:00:00.10 | Mem:0.00M, Peak:0.00M | Scene, ViewLayer | Synchronizing object | Sock.R
Fra:31 Mem:27.72M (Peak 27.72M) | Time:00:00.10 | Mem:0.00M, Peak:0.00M | Scene, ViewLayer | Synchronizing object | Lace_0.R
Fra:31 Mem:27.72M (Peak 27.72M) | Time:00:00.10 | Mem:0.00M, Peak:0.00M | Scene, ViewLayer | Synchronizing object | Lace_1.R
Fra:31 Mem:27.65M (Peak 27.72M) | Time:00:00.10 | Mem:0.00M, Peak:0.00M | Scene, ViewLayer | Synchronizing object | Lace_2.R
Fra:31 Mem:27.65M (Peak 27.72M) | Time:00:00.10 | Mem:0.00M, Peak:0.00M | Scene, ViewLayer | Synchronizing object | Lace_3.R
Fra:31 Mem:27.66M (Peak 27.72M) | Time:00:00.10 | Mem:0.00M, Peak:0.00M | Scene, ViewLayer | Synchronizing object | Heel_Tab.R
Fra:31 Mem:28.20M (Peak 28.20M) | Time:00:00.14 | Mem:0.00M, Peak:0.00M | Scene, ViewLayer | Synchronizing object | Jacket_ContinuousShoulders
Fra:31 Mem:29.43M (Peak 29.43M) | Time:00:00.54 | Mem:0.00M, Peak:0.00M | Scene, ViewLayer | Synchronizing object | Face_Head
Fra:31 Mem:30.09M (Peak 30.09M) | Time:00:00.55 | Mem:0.00M, Peak:0.00M | Scene, ViewLayer | Synchronizing object | Ear.L
Fra:31 Mem:30.15M (Peak 30.15M) | Time:00:00.55 | Mem:0.00M, Peak:0.00M | Scene, ViewLayer | Synchronizing object | Ear_Fold.L
Fra:31 Mem:30.20M (Peak 30.20M) | Time:00:00.57 | Mem:0.00M, Peak:0.00M | Scene, ViewLayer | Synchronizing object | Ear.R
Fra:31 Mem:30.26M (Peak 30.26M) | Time:00:00.57 | Mem:0.00M, Peak:0.00M | Scene, ViewLayer | Synchronizing object | Ear_Fold.R
Fra:31 Mem:30.27M (Peak 30.27M) | Time:00:00.57 | Mem:0.00M, Peak:0.00M | Scene, ViewLayer | Synchronizing object | Eye_White.L
Fra:31 Mem:30.28M (Peak 30.28M) | Time:00:00.57 | Mem:0.00M, Peak:0.00M | Scene, ViewLayer | Synchronizing object | Iris_hair.L
Fra:31 Mem:30.29M (Peak 30.29M) | Time:00:00.57 | Mem:0.00M, Peak:0.00M | Scene, ViewLayer | Synchronizing object | Iris_ink.L
Fra:31 Mem:30.31M (Peak 30.31M) | Time:00:00.57 | Mem:0.00M, Peak:0.00M | Scene, ViewLayer | Synchronizing object | Eye_Glint.L
Fra:31 Mem:30.30M (Peak 30.31M) | Time:00:00.57 | Mem:0.00M, Peak:0.00M | Scene, ViewLayer | Synchronizing object | Upper_Lid.L
Fra:31 Mem:30.31M (Peak 30.31M) | Time:00:00.57 | Mem:0.00M, Peak:0.00M | Scene, ViewLayer | Synchronizing object | Lower_Lid.L
Fra:31 Mem:30.31M (Peak 30.31M) | Time:00:00.57 | Mem:0.00M, Peak:0.00M | Scene, ViewLayer | Synchronizing object | Eyebrow.L
Fra:31 Mem:30.32M (Peak 30.32M) | Time:00:00.57 | Mem:0.00M, Peak:0.00M | Scene, ViewLayer | Synchronizing object | Eye_White.R
Fra:31 Mem:30.32M (Peak 30.32M) | Time:00:00.57 | Mem:0.00M, Peak:0.00M | Scene, ViewLayer | Synchronizing object | Iris_hair.R
Fra:31 Mem:30.33M (Peak 30.33M) | Time:00:00.57 | Mem:0.00M, Peak:0.00M | Scene, ViewLayer | Synchronizing object | Iris_ink.R
Fra:31 Mem:30.34M (Peak 30.34M) | Time:00:00.57 | Mem:0.00M, Peak:0.00M | Scene, ViewLayer | Synchronizing object | Eye_Glint.R
Fra:31 Mem:30.35M (Peak 30.35M) | Time:00:00.57 | Mem:0.00M, Peak:0.00M | Scene, ViewLayer | Synchronizing object | Upper_Lid.R
Fra:31 Mem:30.36M (Peak 30.36M) | Time:00:00.57 | Mem:0.00M, Peak:0.00M | Scene, ViewLayer | Synchronizing object | Lower_Lid.R
Fra:31 Mem:30.36M (Peak 30.36M) | Time:00:00.57 | Mem:0.00M, Peak:0.00M | Scene, ViewLayer | Synchronizing object | Eyebrow.R
Fra:31 Mem:30.37M (Peak 30.37M) | Time:00:00.57 | Mem:0.00M, Peak:0.00M | Scene, ViewLayer | Synchronizing object | Mouth
Fra:31 Mem:30.50M (Peak 30.50M) | Time:00:00.68 | Mem:0.00M, Peak:0.00M | Scene, ViewLayer | Synchronizing object | Hair_Cap
Fra:31 Mem:30.67M (Peak 30.67M) | Time:00:00.68 | Mem:0.00M, Peak:0.00M | Scene, ViewLayer | Synchronizing object | Review_Rim
Fra:31 Mem:30.67M (Peak 30.67M) | Time:00:00.68 | Mem:0.00M, Peak:0.00M | Scene, ViewLayer | Synchronizing object | Review_Fill
Fra:31 Mem:30.67M (Peak 30.67M) | Time:00:00.68 | Mem:0.00M, Peak:0.00M | Scene, ViewLayer | Synchronizing object | Review_Key
Fra:31 Mem:30.68M (Peak 30.68M) | Time:00:00.68 | Mem:0.00M, Peak:0.00M | Scene, ViewLayer | Synchronizing object | Review_Ground
Fra:31 Mem:30.68M (Peak 30.68M) | Time:00:00.68 | Mem:0.00M, Peak:0.00M | Scene, ViewLayer | Synchronizing object | Tee_Bar
Fra:31 Mem:30.69M (Peak 30.69M) | Time:00:00.68 | Mem:0.00M, Peak:0.00M | Scene, ViewLayer | Synchronizing object | Tee_Dot_1.246
Fra:31 Mem:30.69M (Peak 30.69M) | Time:00:00.68 | Mem:0.00M, Peak:0.00M | Scene, ViewLayer | Synchronizing object | Bangs_01
Fra:31 Mem:30.71M (Peak 30.71M) | Time:00:00.68 | Mem:0.00M, Peak:0.00M | Scene, ViewLayer | Synchronizing object | Tee_Dot_1.275
Fra:31 Mem:30.72M (Peak 30.72M) | Time:00:00.68 | Mem:0.00M, Peak:0.00M | Scene, ViewLayer | Synchronizing object | Bangs_02
Fra:31 Mem:30.73M (Peak 30.73M) | Time:00:00.68 | Mem:0.00M, Peak:0.00M | Scene, ViewLayer | Synchronizing object | Back_Lock_6
Fra:31 Mem:30.75M (Peak 30.75M) | Time:00:00.68 | Mem:0.00M, Peak:0.00M | Scene, ViewLayer | Synchronizing object | Bangs_03
Fra:31 Mem:30.77M (Peak 30.77M) | Time:00:00.68 | Mem:0.00M, Peak:0.00M | Scene, ViewLayer | Synchronizing object | Back_Lock_5
Fra:31 Mem:30.79M (Peak 30.79M) | Time:00:00.68 | Mem:0.00M, Peak:0.00M | Scene, ViewLayer | Synchronizing object | Bangs_04
Fra:31 Mem:30.80M (Peak 30.80M) | Time:00:00.68 | Mem:0.00M, Peak:0.00M | Scene, ViewLayer | Synchronizing object | Back_Lock_4
Fra:31 Mem:30.82M (Peak 30.82M) | Time:00:00.68 | Mem:0.00M, Peak:0.00M | Scene, ViewLayer | Synchronizing object | Bangs_05
Fra:31 Mem:30.84M (Peak 30.84M) | Time:00:00.68 | Mem:0.00M, Peak:0.00M | Scene, ViewLayer | Synchronizing object | Back_Lock_3
Fra:31 Mem:30.85M (Peak 30.85M) | Time:00:00.68 | Mem:0.00M, Peak:0.00M | Scene, ViewLayer | Synchronizing object | Temple_0.L
Fra:31 Mem:30.87M (Peak 30.87M) | Time:00:00.68 | Mem:0.00M, Peak:0.00M | Scene, ViewLayer | Synchronizing object | Back_Lock_2
Fra:31 Mem:30.89M (Peak 30.89M) | Time:00:00.68 | Mem:0.00M, Peak:0.00M | Scene, ViewLayer | Synchronizing object | Temple_1.L
Fra:31 Mem:30.91M (Peak 30.91M) | Time:00:00.68 | Mem:0.00M, Peak:0.00M | Scene, ViewLayer | Synchronizing object | Back_Lock_1
Fra:31 Mem:30.92M (Peak 30.92M) | Time:00:00.68 | Mem:0.00M, Peak:0.00M | Scene, ViewLayer | Synchronizing object | Temple_2.L
Fra:31 Mem:30.94M (Peak 30.94M) | Time:00:00.68 | Mem:0.00M, Peak:0.00M | Scene, ViewLayer | Synchronizing object | Back_Lock_0
Fra:31 Mem:30.96M (Peak 30.96M) | Time:00:00.68 | Mem:0.00M, Peak:0.00M | Scene, ViewLayer | Synchronizing object | Nape_0.L
Fra:31 Mem:30.98M (Peak 30.98M) | Time:00:00.68 | Mem:0.00M, Peak:0.00M | Scene, ViewLayer | Synchronizing object | Crown_0.R
Fra:31 Mem:30.99M (Peak 30.99M) | Time:00:00.68 | Mem:0.00M, Peak:0.00M | Scene, ViewLayer | Synchronizing object | Nape_1.L
Fra:31 Mem:31.01M (Peak 31.01M) | Time:00:00.68 | Mem:0.00M, Peak:0.00M | Scene, ViewLayer | Synchronizing object | Crown_0.L
Fra:31 Mem:31.03M (Peak 31.03M) | Time:00:00.68 | Mem:0.00M, Peak:0.00M | Scene, ViewLayer | Synchronizing object | Temple_0.R
Fra:31 Mem:31.05M (Peak 31.05M) | Time:00:00.68 | Mem:0.00M, Peak:0.00M | Scene, ViewLayer | Synchronizing object | Nape_1.R
Fra:31 Mem:31.06M (Peak 31.06M) | Time:00:00.68 | Mem:0.00M, Peak:0.00M | Scene, ViewLayer | Synchronizing object | Temple_1.R
Fra:31 Mem:31.08M (Peak 31.08M) | Time:00:00.68 | Mem:0.00M, Peak:0.00M | Scene, ViewLayer | Synchronizing object | Nape_0.R
Fra:31 Mem:31.10M (Peak 31.10M) | Time:00:00.68 | Mem:0.00M, Peak:0.00M | Scene, ViewLayer | Synchronizing object | Temple_2.R
Fra:31 Mem:31.12M (Peak 31.12M) | Time:00:00.68 | Mem:0.00M, Peak:0.00M | Scene, ViewLayer | Initializing
Fra:31 Mem:27.03M (Peak 31.12M) | Time:00:00.68 | Mem:0.00M, Peak:0.00M | Scene, ViewLayer | Updating Images | Loading CHR001_GreyStudy_BaseColor
Fra:31 Mem:28.08M (Peak 31.12M) | Time:00:00.69 | Mem:4.00M, Peak:4.00M | Scene, ViewLayer | Waiting for render to start
Fra:31 Mem:28.08M (Peak 31.12M) | Time:00:00.69 | Mem:4.00M, Peak:4.00M | Scene, ViewLayer | Updating Scene
Fra:31 Mem:28.08M (Peak 31.12M) | Time:00:00.69 | Mem:4.00M, Peak:4.00M | Scene, ViewLayer | Updating Shaders
Fra:31 Mem:28.08M (Peak 31.12M) | Time:00:00.69 | Mem:4.00M, Peak:4.00M | Scene, ViewLayer | Loading render kernels (may take a few minutes the first time)
Fra:31 Mem:28.16M (Peak 31.12M) | Time:00:00.69 | Mem:4.00M, Peak:4.00M | Scene, ViewLayer | Updating Procedurals
Fra:31 Mem:28.16M (Peak 31.12M) | Time:00:00.69 | Mem:4.00M, Peak:4.00M | Scene, ViewLayer | Updating Background
Fra:31 Mem:28.16M (Peak 31.12M) | Time:00:00.69 | Mem:4.00M, Peak:4.00M | Scene, ViewLayer | Updating Camera
Fra:31 Mem:28.16M (Peak 31.12M) | Time:00:00.69 | Mem:4.00M, Peak:4.00M | Scene, ViewLayer | Updating Meshes Flags
Fra:31 Mem:28.16M (Peak 31.12M) | Time:00:00.69 | Mem:4.00M, Peak:4.00M | Scene, ViewLayer | Updating Objects
Fra:31 Mem:28.16M (Peak 31.12M) | Time:00:00.69 | Mem:4.00M, Peak:4.00M | Scene, ViewLayer | Updating Objects | Copying Transformations to device
Fra:31 Mem:28.19M (Peak 31.12M) | Time:00:00.69 | Mem:4.02M, Peak:4.02M | Scene, ViewLayer | Updating Particle Systems
Fra:31 Mem:28.19M (Peak 31.12M) | Time:00:00.69 | Mem:4.02M, Peak:4.02M | Scene, ViewLayer | Updating Particle Systems | Copying Particles to device
Fra:31 Mem:28.19M (Peak 31.12M) | Time:00:00.69 | Mem:4.02M, Peak:4.02M | Scene, ViewLayer | Updating Meshes
Fra:31 Mem:28.19M (Peak 31.12M) | Time:00:00.69 | Mem:4.02M, Peak:4.02M | Scene, ViewLayer | Updating Objects | Applying Static Transformations
Fra:31 Mem:28.19M (Peak 31.12M) | Time:00:00.69 | Mem:4.02M, Peak:4.02M | Scene, ViewLayer | Updating Mesh | Computing attributes
Fra:31 Mem:29.20M (Peak 31.12M) | Time:00:00.69 | Mem:4.03M, Peak:4.03M | Scene, ViewLayer | Updating Mesh | Copying Attributes to device
Fra:31 Mem:29.19M (Peak 31.12M) | Time:00:00.69 | Mem:5.02M, Peak:5.02M | Scene, ViewLayer | Updating Scene BVH | Building
Fra:31 Mem:29.19M (Peak 31.12M) | Time:00:00.69 | Mem:5.02M, Peak:5.02M | Scene, ViewLayer | Updating Scene BVH | Building BVH
Fra:31 Mem:29.19M (Peak 31.12M) | Time:00:00.69 | Mem:6.08M, Peak:6.08M | Scene, ViewLayer | Updating Scene BVH | Building BVH 0%
Fra:31 Mem:29.19M (Peak 31.12M) | Time:00:00.69 | Mem:7.23M, Peak:8.28M | Scene, ViewLayer | Updating Scene BVH | Copying BVH to device
Fra:31 Mem:29.19M (Peak 31.12M) | Time:00:00.69 | Mem:7.23M, Peak:8.28M | Scene, ViewLayer | Updating Mesh | Computing normals
Fra:31 Mem:30.12M (Peak 31.12M) | Time:00:00.69 | Mem:7.23M, Peak:8.28M | Scene, ViewLayer | Updating Mesh | Copying Mesh to device
Fra:31 Mem:30.12M (Peak 31.12M) | Time:00:00.69 | Mem:8.16M, Peak:8.28M | Scene, ViewLayer | Updating Objects Flags
Fra:31 Mem:30.12M (Peak 31.12M) | Time:00:00.69 | Mem:8.16M, Peak:8.28M | Scene, ViewLayer | Updating Primitive Offsets
Fra:31 Mem:30.12M (Peak 31.12M) | Time:00:00.69 | Mem:8.16M, Peak:8.28M | Scene, ViewLayer | Updating Images
Fra:31 Mem:30.12M (Peak 31.12M) | Time:00:00.69 | Mem:8.16M, Peak:8.28M | Scene, ViewLayer | Updating Camera Volume
Fra:31 Mem:30.12M (Peak 31.12M) | Time:00:00.69 | Mem:8.16M, Peak:8.28M | Scene, ViewLayer | Updating Lookup Tables
Fra:31 Mem:30.12M (Peak 31.12M) | Time:00:00.69 | Mem:8.24M, Peak:8.28M | Scene, ViewLayer | Updating Lights
Fra:31 Mem:30.12M (Peak 31.12M) | Time:00:00.69 | Mem:8.24M, Peak:8.28M | Scene, ViewLayer | Updating Lights | Computing tree
Fra:31 Mem:30.12M (Peak 31.12M) | Time:00:00.69 | Mem:8.24M, Peak:8.28M | Scene, ViewLayer | Updating Integrator
Fra:31 Mem:30.12M (Peak 31.12M) | Time:00:00.69 | Mem:8.24M, Peak:8.28M | Scene, ViewLayer | Updating Film
Fra:31 Mem:30.13M (Peak 31.12M) | Time:00:00.70 | Mem:8.16M, Peak:8.28M | Scene, ViewLayer | Updating Lookup Tables
Fra:31 Mem:30.13M (Peak 31.12M) | Time:00:00.70 | Mem:8.25M, Peak:8.28M | Scene, ViewLayer | Updating Baking
Fra:31 Mem:30.13M (Peak 31.12M) | Time:00:00.70 | Mem:8.25M, Peak:8.28M | Scene, ViewLayer | Updating Device | Writing constant memory
Fra:31 Mem:30.13M (Peak 31.12M) | Time:00:00.70 | Mem:8.25M, Peak:8.28M | Scene, ViewLayer | Loading denoising kernels (may take a few minutes the first time)
Fra:31 Mem:30.13M (Peak 31.12M) | Time:00:00.70 | Mem:8.25M, Peak:8.28M | Scene, ViewLayer | Sample 0/12
Fra:31 Mem:44.40M (Peak 44.40M) | Time:00:00.86 | Remaining:00:01.85 | Mem:22.51M, Peak:22.51M | Scene, ViewLayer | Sample 1/12
Fra:31 Mem:50.40M (Peak 59.41M) | Time:00:04.75 | Mem:22.51M, Peak:22.51M | Scene, ViewLayer | Sample 12/12
Fra:31 Mem:50.40M (Peak 59.41M) | Time:00:04.75 | Mem:22.51M, Peak:22.51M | Scene, ViewLayer | Finished
Saved: '/home/lzzz/MyProjects/N-SIDE/output/characters/CHR-001/animation-r2/candidate-b/run/015.png'
Time: 00:04.77 (Saving: 00:00.01)

Fra:33 Mem:26.15M (Peak 26.15M) | Time:00:00.00 | Mem:0.00M, Peak:0.00M | Scene, ViewLayer | Synchronizing object | TShirt
Fra:33 Mem:26.31M (Peak 26.31M) | Time:00:00.01 | Mem:0.00M, Peak:0.00M | Scene, ViewLayer | Synchronizing object | TShirt_Collar
Fra:33 Mem:26.33M (Peak 26.33M) | Time:00:00.01 | Mem:0.00M, Peak:0.00M | Scene, ViewLayer | Synchronizing object | Hood
Fra:33 Mem:26.39M (Peak 26.39M) | Time:00:00.01 | Mem:0.00M, Peak:0.00M | Scene, ViewLayer | Synchronizing object | Sleeve_Cuff.L
Fra:33 Mem:26.39M (Peak 26.39M) | Time:00:00.01 | Mem:0.00M, Peak:0.00M | Scene, ViewLayer | Synchronizing object | Zip_Tape.L
Fra:33 Mem:26.40M (Peak 26.40M) | Time:00:00.01 | Mem:0.00M, Peak:0.00M | Scene, ViewLayer | Synchronizing object | Hood_Cord.L
Fra:33 Mem:26.44M (Peak 26.44M) | Time:00:00.02 | Mem:0.00M, Peak:0.00M | Scene, ViewLayer | Synchronizing object | Palm.L
Fra:33 Mem:26.49M (Peak 26.49M) | Time:00:00.02 | Mem:0.00M, Peak:0.00M | Scene, ViewLayer | Synchronizing object | Index_Mesh.L
Fra:33 Mem:26.49M (Peak 26.49M) | Time:00:00.02 | Mem:0.00M, Peak:0.00M | Scene, ViewLayer | Synchronizing object | Middle_Mesh.L
Fra:33 Mem:26.50M (Peak 26.50M) | Time:00:00.02 | Mem:0.00M, Peak:0.00M | Scene, ViewLayer | Synchronizing object | Ring_Mesh.L
Fra:33 Mem:26.51M (Peak 26.51M) | Time:00:00.02 | Mem:0.00M, Peak:0.00M | Scene, ViewLayer | Synchronizing object | Pinky_Mesh.L
Fra:33 Mem:26.51M (Peak 26.51M) | Time:00:00.02 | Mem:0.00M, Peak:0.00M | Scene, ViewLayer | Synchronizing object | Thumb_Mesh.L
Fra:33 Mem:26.69M (Peak 26.69M) | Time:00:00.05 | Mem:0.00M, Peak:0.00M | Scene, ViewLayer | Synchronizing object | Trousers.L
Fra:33 Mem:26.95M (Peak 26.95M) | Time:00:00.05 | Mem:0.00M, Peak:0.00M | Scene, ViewLayer | Synchronizing object | Sneaker_Sole.L
Fra:33 Mem:26.97M (Peak 26.97M) | Time:00:00.05 | Mem:0.00M, Peak:0.00M | Scene, ViewLayer | Synchronizing object | Sneaker_Upper.L
Fra:33 Mem:26.99M (Peak 26.99M) | Time:00:00.05 | Mem:0.00M, Peak:0.00M | Scene, ViewLayer | Synchronizing object | Sock.L
Fra:33 Mem:26.99M (Peak 26.99M) | Time:00:00.05 | Mem:0.00M, Peak:0.00M | Scene, ViewLayer | Synchronizing object | Lace_0.L
Fra:33 Mem:27.00M (Peak 27.00M) | Time:00:00.05 | Mem:0.00M, Peak:0.00M | Scene, ViewLayer | Synchronizing object | Lace_1.L
Fra:33 Mem:27.00M (Peak 27.00M) | Time:00:00.05 | Mem:0.00M, Peak:0.00M | Scene, ViewLayer | Synchronizing object | Lace_2.L
Fra:33 Mem:27.00M (Peak 27.00M) | Time:00:00.05 | Mem:0.00M, Peak:0.00M | Scene, ViewLayer | Synchronizing object | Lace_3.L
Fra:33 Mem:27.01M (Peak 27.01M) | Time:00:00.05 | Mem:0.00M, Peak:0.00M | Scene, ViewLayer | Synchronizing object | Heel_Tab.L
Fra:33 Mem:27.01M (Peak 27.01M) | Time:00:00.05 | Mem:0.00M, Peak:0.00M | Scene, ViewLayer | Synchronizing object | Sleeve_Cuff.R
Fra:33 Mem:27.01M (Peak 27.01M) | Time:00:00.05 | Mem:0.00M, Peak:0.00M | Scene, ViewLayer | Synchronizing object | Zip_Tape.R
Fra:33 Mem:27.02M (Peak 27.02M) | Time:00:00.05 | Mem:0.00M, Peak:0.00M | Scene, ViewLayer | Synchronizing object | Hood_Cord.R
Fra:33 Mem:27.06M (Peak 27.06M) | Time:00:00.06 | Mem:0.00M, Peak:0.00M | Scene, ViewLayer | Synchronizing object | Palm.R
Fra:33 Mem:27.11M (Peak 27.11M) | Time:00:00.06 | Mem:0.00M, Peak:0.00M | Scene, ViewLayer | Synchronizing object | Index_Mesh.R
Fra:33 Mem:27.11M (Peak 27.11M) | Time:00:00.06 | Mem:0.00M, Peak:0.00M | Scene, ViewLayer | Synchronizing object | Middle_Mesh.R
Fra:33 Mem:27.15M (Peak 27.15M) | Time:00:00.06 | Mem:0.00M, Peak:0.00M | Scene, ViewLayer | Synchronizing object | Ring_Mesh.R
Fra:33 Mem:27.13M (Peak 27.15M) | Time:00:00.06 | Mem:0.00M, Peak:0.00M | Scene, ViewLayer | Synchronizing object | Pinky_Mesh.R
Fra:33 Mem:27.13M (Peak 27.15M) | Time:00:00.06 | Mem:0.00M, Peak:0.00M | Scene, ViewLayer | Synchronizing object | Thumb_Mesh.R
Fra:33 Mem:27.31M (Peak 27.31M) | Time:00:00.10 | Mem:0.00M, Peak:0.00M | Scene, ViewLayer | Synchronizing object | Trousers.R
Fra:33 Mem:27.59M (Peak 27.59M) | Time:00:00.10 | Mem:0.00M, Peak:0.00M | Scene, ViewLayer | Synchronizing object | Sneaker_Sole.R
Fra:33 Mem:27.60M (Peak 27.60M) | Time:00:00.10 | Mem:0.00M, Peak:0.00M | Scene, ViewLayer | Synchronizing object | Sneaker_Upper.R
Fra:33 Mem:27.71M (Peak 27.71M) | Time:00:00.10 | Mem:0.00M, Peak:0.00M | Scene, ViewLayer | Synchronizing object | Sock.R
Fra:33 Mem:27.64M (Peak 27.71M) | Time:00:00.10 | Mem:0.00M, Peak:0.00M | Scene, ViewLayer | Synchronizing object | Lace_0.R
Fra:33 Mem:27.65M (Peak 27.71M) | Time:00:00.10 | Mem:0.00M, Peak:0.00M | Scene, ViewLayer | Synchronizing object | Lace_1.R
Fra:33 Mem:27.65M (Peak 27.71M) | Time:00:00.10 | Mem:0.00M, Peak:0.00M | Scene, ViewLayer | Synchronizing object | Lace_2.R
Fra:33 Mem:27.62M (Peak 27.71M) | Time:00:00.10 | Mem:0.00M, Peak:0.00M | Scene, ViewLayer | Synchronizing object | Lace_3.R
Fra:33 Mem:27.62M (Peak 27.71M) | Time:00:00.10 | Mem:0.00M, Peak:0.00M | Scene, ViewLayer | Synchronizing object | Heel_Tab.R
Fra:33 Mem:28.20M (Peak 28.20M) | Time:00:00.13 | Mem:0.00M, Peak:0.00M | Scene, ViewLayer | Synchronizing object | Jacket_ContinuousShoulders
Fra:33 Mem:29.43M (Peak 29.43M) | Time:00:00.54 | Mem:0.00M, Peak:0.00M | Scene, ViewLayer | Synchronizing object | Face_Head
Fra:33 Mem:30.09M (Peak 30.09M) | Time:00:00.55 | Mem:0.00M, Peak:0.00M | Scene, ViewLayer | Synchronizing object | Ear.L
Fra:33 Mem:30.15M (Peak 30.15M) | Time:00:00.55 | Mem:0.00M, Peak:0.00M | Scene, ViewLayer | Synchronizing object | Ear_Fold.L
Fra:33 Mem:30.20M (Peak 30.20M) | Time:00:00.56 | Mem:0.00M, Peak:0.00M | Scene, ViewLayer | Synchronizing object | Ear.R
Fra:33 Mem:30.26M (Peak 30.26M) | Time:00:00.56 | Mem:0.00M, Peak:0.00M | Scene, ViewLayer | Synchronizing object | Ear_Fold.R
Fra:33 Mem:30.27M (Peak 30.27M) | Time:00:00.56 | Mem:0.00M, Peak:0.00M | Scene, ViewLayer | Synchronizing object | Eye_White.L
Fra:33 Mem:30.28M (Peak 30.28M) | Time:00:00.56 | Mem:0.00M, Peak:0.00M | Scene, ViewLayer | Synchronizing object | Iris_hair.L
Fra:33 Mem:30.29M (Peak 30.29M) | Time:00:00.56 | Mem:0.00M, Peak:0.00M | Scene, ViewLayer | Synchronizing object | Iris_ink.L
Fra:33 Mem:30.30M (Peak 30.30M) | Time:00:00.56 | Mem:0.00M, Peak:0.00M | Scene, ViewLayer | Synchronizing object | Eye_Glint.L
Fra:33 Mem:30.29M (Peak 30.30M) | Time:00:00.56 | Mem:0.00M, Peak:0.00M | Scene, ViewLayer | Synchronizing object | Upper_Lid.L
Fra:33 Mem:30.31M (Peak 30.31M) | Time:00:00.56 | Mem:0.00M, Peak:0.00M | Scene, ViewLayer | Synchronizing object | Lower_Lid.L
Fra:33 Mem:30.31M (Peak 30.31M) | Time:00:00.56 | Mem:0.00M, Peak:0.00M | Scene, ViewLayer | Synchronizing object | Eyebrow.L
Fra:33 Mem:30.32M (Peak 30.32M) | Time:00:00.56 | Mem:0.00M, Peak:0.00M | Scene, ViewLayer | Synchronizing object | Eye_White.R
Fra:33 Mem:30.32M (Peak 30.32M) | Time:00:00.56 | Mem:0.00M, Peak:0.00M | Scene, ViewLayer | Synchronizing object | Iris_hair.R
Fra:33 Mem:30.33M (Peak 30.33M) | Time:00:00.56 | Mem:0.00M, Peak:0.00M | Scene, ViewLayer | Synchronizing object | Iris_ink.R
Fra:33 Mem:30.34M (Peak 30.34M) | Time:00:00.56 | Mem:0.00M, Peak:0.00M | Scene, ViewLayer | Synchronizing object | Eye_Glint.R
Fra:33 Mem:30.35M (Peak 30.35M) | Time:00:00.56 | Mem:0.00M, Peak:0.00M | Scene, ViewLayer | Synchronizing object | Upper_Lid.R
Fra:33 Mem:30.36M (Peak 30.36M) | Time:00:00.56 | Mem:0.00M, Peak:0.00M | Scene, ViewLayer | Synchronizing object | Lower_Lid.R
Fra:33 Mem:30.36M (Peak 30.36M) | Time:00:00.56 | Mem:0.00M, Peak:0.00M | Scene, ViewLayer | Synchronizing object | Eyebrow.R
Fra:33 Mem:30.37M (Peak 30.37M) | Time:00:00.56 | Mem:0.00M, Peak:0.00M | Scene, ViewLayer | Synchronizing object | Mouth
Fra:33 Mem:30.50M (Peak 30.50M) | Time:00:00.68 | Mem:0.00M, Peak:0.00M | Scene, ViewLayer | Synchronizing object | Hair_Cap
Fra:33 Mem:30.71M (Peak 30.71M) | Time:00:00.68 | Mem:0.00M, Peak:0.00M | Scene, ViewLayer | Synchronizing object | Review_Rim
Fra:33 Mem:30.67M (Peak 30.71M) | Time:00:00.68 | Mem:0.00M, Peak:0.00M | Scene, ViewLayer | Synchronizing object | Bangs_00
Fra:33 Mem:30.69M (Peak 30.71M) | Time:00:00.68 | Mem:0.00M, Peak:0.00M | Scene, ViewLayer | Synchronizing object | Review_Fill
Fra:33 Mem:30.69M (Peak 30.71M) | Time:00:00.68 | Mem:0.00M, Peak:0.00M | Scene, ViewLayer | Synchronizing object | Bangs_01
Fra:33 Mem:30.70M (Peak 30.71M) | Time:00:00.68 | Mem:0.00M, Peak:0.00M | Scene, ViewLayer | Synchronizing object | Review_Key
Fra:33 Mem:30.70M (Peak 30.71M) | Time:00:00.68 | Mem:0.00M, Peak:0.00M | Scene, ViewLayer | Synchronizing object | Review_Ground
Fra:33 Mem:30.71M (Peak 30.71M) | Time:00:00.68 | Mem:0.00M, Peak:0.00M | Scene, ViewLayer | Synchronizing object | Bangs_02
Fra:33 Mem:30.71M (Peak 30.71M) | Time:00:00.68 | Mem:0.00M, Peak:0.00M | Scene, ViewLayer | Synchronizing object | Tee_Bar
Fra:33 Mem:30.73M (Peak 30.73M) | Time:00:00.68 | Mem:0.00M, Peak:0.00M | Scene, ViewLayer | Synchronizing object | Tee_Dot_1.246
Fra:33 Mem:30.73M (Peak 30.73M) | Time:00:00.68 | Mem:0.00M, Peak:0.00M | Scene, ViewLayer | Synchronizing object | Bangs_03
Fra:33 Mem:30.74M (Peak 30.74M) | Time:00:00.68 | Mem:0.00M, Peak:0.00M | Scene, ViewLayer | Synchronizing object | Tee_Dot_1.275
Fra:33 Mem:30.76M (Peak 30.76M) | Time:00:00.68 | Mem:0.00M, Peak:0.00M | Scene, ViewLayer | Synchronizing object | Bangs_04
Fra:33 Mem:30.77M (Peak 30.77M) | Time:00:00.68 | Mem:0.00M, Peak:0.00M | Scene, ViewLayer | Synchronizing object | Back_Lock_6
Fra:33 Mem:30.79M (Peak 30.79M) | Time:00:00.68 | Mem:0.00M, Peak:0.00M | Scene, ViewLayer | Synchronizing object | Bangs_05
Fra:33 Mem:30.81M (Peak 30.81M) | Time:00:00.68 | Mem:0.00M, Peak:0.00M | Scene, ViewLayer | Synchronizing object | Back_Lock_5
Fra:33 Mem:30.81M (Peak 30.81M) | Time:00:00.68 | Mem:0.00M, Peak:0.00M | Scene, ViewLayer | Synchronizing object | Temple_0.L
Fra:33 Mem:30.84M (Peak 30.84M) | Time:00:00.68 | Mem:0.00M, Peak:0.00M | Scene, ViewLayer | Synchronizing object | Back_Lock_4
Fra:33 Mem:30.84M (Peak 30.84M) | Time:00:00.68 | Mem:0.00M, Peak:0.00M | Scene, ViewLayer | Synchronizing object | Temple_1.L
Fra:33 Mem:30.88M (Peak 30.88M) | Time:00:00.68 | Mem:0.00M, Peak:0.00M | Scene, ViewLayer | Synchronizing object | Back_Lock_3
Fra:33 Mem:30.88M (Peak 30.88M) | Time:00:00.68 | Mem:0.00M, Peak:0.00M | Scene, ViewLayer | Synchronizing object | Temple_2.L
Fra:33 Mem:30.91M (Peak 30.91M) | Time:00:00.68 | Mem:0.00M, Peak:0.00M | Scene, ViewLayer | Synchronizing object | Back_Lock_2
Fra:33 Mem:30.91M (Peak 30.91M) | Time:00:00.68 | Mem:0.00M, Peak:0.00M | Scene, ViewLayer | Synchronizing object | Nape_0.L
Fra:33 Mem:30.95M (Peak 30.95M) | Time:00:00.68 | Mem:0.00M, Peak:0.00M | Scene, ViewLayer | Synchronizing object | Back_Lock_1
Fra:33 Mem:30.95M (Peak 30.95M) | Time:00:00.68 | Mem:0.00M, Peak:0.00M | Scene, ViewLayer | Synchronizing object | Nape_1.L
Fra:33 Mem:30.98M (Peak 30.98M) | Time:00:00.68 | Mem:0.00M, Peak:0.00M | Scene, ViewLayer | Synchronizing object | Back_Lock_0
Fra:33 Mem:30.98M (Peak 30.98M) | Time:00:00.68 | Mem:0.00M, Peak:0.00M | Scene, ViewLayer | Synchronizing object | Temple_0.R
Fra:33 Mem:31.01M (Peak 31.01M) | Time:00:00.68 | Mem:0.00M, Peak:0.00M | Scene, ViewLayer | Synchronizing object | Crown_0.R
Fra:33 Mem:31.02M (Peak 31.02M) | Time:00:00.68 | Mem:0.00M, Peak:0.00M | Scene, ViewLayer | Synchronizing object | Temple_1.R
Fra:33 Mem:31.05M (Peak 31.05M) | Time:00:00.68 | Mem:0.00M, Peak:0.00M | Scene, ViewLayer | Synchronizing object | Crown_0.L
Fra:33 Mem:31.05M (Peak 31.05M) | Time:00:00.68 | Mem:0.00M, Peak:0.00M | Scene, ViewLayer | Synchronizing object | Temple_2.R
Fra:33 Mem:31.08M (Peak 31.08M) | Time:00:00.68 | Mem:0.00M, Peak:0.00M | Scene, ViewLayer | Synchronizing object | Nape_1.R
Fra:33 Mem:31.09M (Peak 31.09M) | Time:00:00.68 | Mem:0.00M, Peak:0.00M | Scene, ViewLayer | Synchronizing object | Nape_0.R
Fra:33 Mem:31.12M (Peak 31.12M) | Time:00:00.68 | Mem:0.00M, Peak:0.00M | Scene, ViewLayer | Initializing
Fra:33 Mem:27.03M (Peak 31.12M) | Time:00:00.68 | Mem:0.00M, Peak:0.00M | Scene, ViewLayer | Updating Images | Loading CHR001_GreyStudy_BaseColor
Fra:33 Mem:28.08M (Peak 31.12M) | Time:00:00.68 | Mem:4.00M, Peak:4.00M | Scene, ViewLayer | Waiting for render to start
Fra:33 Mem:28.08M (Peak 31.12M) | Time:00:00.68 | Mem:4.00M, Peak:4.00M | Scene, ViewLayer | Updating Scene
Fra:33 Mem:28.08M (Peak 31.12M) | Time:00:00.68 | Mem:4.00M, Peak:4.00M | Scene, ViewLayer | Updating Shaders
Fra:33 Mem:28.08M (Peak 31.12M) | Time:00:00.68 | Mem:4.00M, Peak:4.00M | Scene, ViewLayer | Loading render kernels (may take a few minutes the first time)
Fra:33 Mem:28.16M (Peak 31.12M) | Time:00:00.68 | Mem:4.00M, Peak:4.00M | Scene, ViewLayer | Updating Procedurals
Fra:33 Mem:28.16M (Peak 31.12M) | Time:00:00.68 | Mem:4.00M, Peak:4.00M | Scene, ViewLayer | Updating Background
Fra:33 Mem:28.16M (Peak 31.12M) | Time:00:00.68 | Mem:4.00M, Peak:4.00M | Scene, ViewLayer | Updating Camera
Fra:33 Mem:28.16M (Peak 31.12M) | Time:00:00.68 | Mem:4.00M, Peak:4.00M | Scene, ViewLayer | Updating Meshes Flags
Fra:33 Mem:28.16M (Peak 31.12M) | Time:00:00.68 | Mem:4.00M, Peak:4.00M | Scene, ViewLayer | Updating Objects
Fra:33 Mem:28.16M (Peak 31.12M) | Time:00:00.68 | Mem:4.00M, Peak:4.00M | Scene, ViewLayer | Updating Objects | Copying Transformations to device
Fra:33 Mem:28.19M (Peak 31.12M) | Time:00:00.68 | Mem:4.02M, Peak:4.02M | Scene, ViewLayer | Updating Particle Systems
Fra:33 Mem:28.19M (Peak 31.12M) | Time:00:00.68 | Mem:4.02M, Peak:4.02M | Scene, ViewLayer | Updating Particle Systems | Copying Particles to device
Fra:33 Mem:28.19M (Peak 31.12M) | Time:00:00.68 | Mem:4.02M, Peak:4.02M | Scene, ViewLayer | Updating Meshes
Fra:33 Mem:28.19M (Peak 31.12M) | Time:00:00.68 | Mem:4.02M, Peak:4.02M | Scene, ViewLayer | Updating Objects | Applying Static Transformations
Fra:33 Mem:28.19M (Peak 31.12M) | Time:00:00.68 | Mem:4.02M, Peak:4.02M | Scene, ViewLayer | Updating Mesh | Computing attributes
Fra:33 Mem:29.20M (Peak 31.12M) | Time:00:00.68 | Mem:4.03M, Peak:4.03M | Scene, ViewLayer | Updating Mesh | Copying Attributes to device
Fra:33 Mem:29.19M (Peak 31.12M) | Time:00:00.68 | Mem:5.02M, Peak:5.02M | Scene, ViewLayer | Updating Scene BVH | Building
Fra:33 Mem:29.19M (Peak 31.12M) | Time:00:00.68 | Mem:5.02M, Peak:5.02M | Scene, ViewLayer | Updating Scene BVH | Building BVH
Fra:33 Mem:29.19M (Peak 31.12M) | Time:00:00.68 | Mem:6.08M, Peak:6.08M | Scene, ViewLayer | Updating Scene BVH | Building BVH 0%
Fra:33 Mem:29.19M (Peak 31.12M) | Time:00:00.69 | Mem:7.23M, Peak:8.28M | Scene, ViewLayer | Updating Scene BVH | Copying BVH to device
Fra:33 Mem:29.19M (Peak 31.12M) | Time:00:00.69 | Mem:7.23M, Peak:8.28M | Scene, ViewLayer | Updating Mesh | Computing normals
Fra:33 Mem:30.12M (Peak 31.12M) | Time:00:00.69 | Mem:7.23M, Peak:8.28M | Scene, ViewLayer | Updating Mesh | Copying Mesh to device
Fra:33 Mem:30.12M (Peak 31.12M) | Time:00:00.69 | Mem:8.16M, Peak:8.28M | Scene, ViewLayer | Updating Objects Flags
Fra:33 Mem:30.12M (Peak 31.12M) | Time:00:00.69 | Mem:8.16M, Peak:8.28M | Scene, ViewLayer | Updating Primitive Offsets
Fra:33 Mem:30.12M (Peak 31.12M) | Time:00:00.69 | Mem:8.16M, Peak:8.28M | Scene, ViewLayer | Updating Images
Fra:33 Mem:30.12M (Peak 31.12M) | Time:00:00.69 | Mem:8.16M, Peak:8.28M | Scene, ViewLayer | Updating Camera Volume
Fra:33 Mem:30.12M (Peak 31.12M) | Time:00:00.69 | Mem:8.16M, Peak:8.28M | Scene, ViewLayer | Updating Lookup Tables
Fra:33 Mem:30.12M (Peak 31.12M) | Time:00:00.69 | Mem:8.24M, Peak:8.28M | Scene, ViewLayer | Updating Lights
Fra:33 Mem:30.12M (Peak 31.12M) | Time:00:00.69 | Mem:8.24M, Peak:8.28M | Scene, ViewLayer | Updating Lights | Computing tree
Fra:33 Mem:30.12M (Peak 31.12M) | Time:00:00.69 | Mem:8.24M, Peak:8.28M | Scene, ViewLayer | Updating Integrator
Fra:33 Mem:30.12M (Peak 31.12M) | Time:00:00.69 | Mem:8.24M, Peak:8.28M | Scene, ViewLayer | Updating Film
Fra:33 Mem:30.13M (Peak 31.12M) | Time:00:00.69 | Mem:8.16M, Peak:8.28M | Scene, ViewLayer | Updating Lookup Tables
Fra:33 Mem:30.13M (Peak 31.12M) | Time:00:00.69 | Mem:8.25M, Peak:8.28M | Scene, ViewLayer | Updating Baking
Fra:33 Mem:30.13M (Peak 31.12M) | Time:00:00.69 | Mem:8.25M, Peak:8.28M | Scene, ViewLayer | Updating Device | Writing constant memory
Fra:33 Mem:30.13M (Peak 31.12M) | Time:00:00.69 | Mem:8.25M, Peak:8.28M | Scene, ViewLayer | Loading denoising kernels (may take a few minutes the first time)
Fra:33 Mem:30.13M (Peak 31.12M) | Time:00:00.69 | Mem:8.25M, Peak:8.28M | Scene, ViewLayer | Sample 0/12
Fra:33 Mem:44.40M (Peak 44.40M) | Time:00:00.86 | Remaining:00:01.86 | Mem:22.51M, Peak:22.51M | Scene, ViewLayer | Sample 1/12
Fra:33 Mem:50.40M (Peak 59.41M) | Time:00:04.76 | Mem:22.51M, Peak:22.51M | Scene, ViewLayer | Sample 12/12
Fra:33 Mem:50.40M (Peak 59.41M) | Time:00:04.76 | Mem:22.51M, Peak:22.51M | Scene, ViewLayer | Finished
Saved: '/home/lzzz/MyProjects/N-SIDE/output/characters/CHR-001/animation-r2/candidate-b/run/016.png'
Time: 00:04.77 (Saving: 00:00.01)

Fra:35 Mem:26.15M (Peak 26.15M) | Time:00:00.00 | Mem:0.00M, Peak:0.00M | Scene, ViewLayer | Synchronizing object | TShirt
Fra:35 Mem:26.31M (Peak 26.31M) | Time:00:00.00 | Mem:0.00M, Peak:0.00M | Scene, ViewLayer | Synchronizing object | TShirt_Collar
Fra:35 Mem:26.33M (Peak 26.33M) | Time:00:00.00 | Mem:0.00M, Peak:0.00M | Scene, ViewLayer | Synchronizing object | Hood
Fra:35 Mem:26.39M (Peak 26.39M) | Time:00:00.00 | Mem:0.00M, Peak:0.00M | Scene, ViewLayer | Synchronizing object | Sleeve_Cuff.L
Fra:35 Mem:26.39M (Peak 26.39M) | Time:00:00.00 | Mem:0.00M, Peak:0.00M | Scene, ViewLayer | Synchronizing object | Zip_Tape.L
Fra:35 Mem:26.40M (Peak 26.40M) | Time:00:00.00 | Mem:0.00M, Peak:0.00M | Scene, ViewLayer | Synchronizing object | Hood_Cord.L
Fra:35 Mem:26.44M (Peak 26.44M) | Time:00:00.02 | Mem:0.00M, Peak:0.00M | Scene, ViewLayer | Synchronizing object | Palm.L
Fra:35 Mem:26.49M (Peak 26.49M) | Time:00:00.02 | Mem:0.00M, Peak:0.00M | Scene, ViewLayer | Synchronizing object | Index_Mesh.L
Fra:35 Mem:26.49M (Peak 26.49M) | Time:00:00.02 | Mem:0.00M, Peak:0.00M | Scene, ViewLayer | Synchronizing object | Middle_Mesh.L
Fra:35 Mem:26.50M (Peak 26.50M) | Time:00:00.02 | Mem:0.00M, Peak:0.00M | Scene, ViewLayer | Synchronizing object | Ring_Mesh.L
Fra:35 Mem:26.54M (Peak 26.54M) | Time:00:00.02 | Mem:0.00M, Peak:0.00M | Scene, ViewLayer | Synchronizing object | Pinky_Mesh.L
Fra:35 Mem:26.52M (Peak 26.54M) | Time:00:00.02 | Mem:0.00M, Peak:0.00M | Scene, ViewLayer | Synchronizing object | Thumb_Mesh.L
Fra:35 Mem:26.69M (Peak 26.69M) | Time:00:00.05 | Mem:0.00M, Peak:0.00M | Scene, ViewLayer | Synchronizing object | Trousers.L
Fra:35 Mem:26.95M (Peak 26.95M) | Time:00:00.05 | Mem:0.00M, Peak:0.00M | Scene, ViewLayer | Synchronizing object | Sneaker_Sole.L
Fra:35 Mem:26.97M (Peak 26.97M) | Time:00:00.05 | Mem:0.00M, Peak:0.00M | Scene, ViewLayer | Synchronizing object | Sneaker_Upper.L
Fra:35 Mem:26.99M (Peak 26.99M) | Time:00:00.05 | Mem:0.00M, Peak:0.00M | Scene, ViewLayer | Synchronizing object | Sock.L
Fra:35 Mem:26.99M (Peak 26.99M) | Time:00:00.05 | Mem:0.00M, Peak:0.00M | Scene, ViewLayer | Synchronizing object | Lace_0.L
Fra:35 Mem:27.00M (Peak 27.00M) | Time:00:00.05 | Mem:0.00M, Peak:0.00M | Scene, ViewLayer | Synchronizing object | Lace_1.L
Fra:35 Mem:27.00M (Peak 27.00M) | Time:00:00.05 | Mem:0.00M, Peak:0.00M | Scene, ViewLayer | Synchronizing object | Lace_2.L
Fra:35 Mem:27.00M (Peak 27.00M) | Time:00:00.05 | Mem:0.00M, Peak:0.00M | Scene, ViewLayer | Synchronizing object | Lace_3.L
Fra:35 Mem:27.01M (Peak 27.01M) | Time:00:00.05 | Mem:0.00M, Peak:0.00M | Scene, ViewLayer | Synchronizing object | Heel_Tab.L
Fra:35 Mem:27.01M (Peak 27.01M) | Time:00:00.05 | Mem:0.00M, Peak:0.00M | Scene, ViewLayer | Synchronizing object | Sleeve_Cuff.R
Fra:35 Mem:27.01M (Peak 27.01M) | Time:00:00.05 | Mem:0.00M, Peak:0.00M | Scene, ViewLayer | Synchronizing object | Zip_Tape.R
Fra:35 Mem:27.02M (Peak 27.02M) | Time:00:00.05 | Mem:0.00M, Peak:0.00M | Scene, ViewLayer | Synchronizing object | Hood_Cord.R
Fra:35 Mem:27.06M (Peak 27.06M) | Time:00:00.06 | Mem:0.00M, Peak:0.00M | Scene, ViewLayer | Synchronizing object | Palm.R
Fra:35 Mem:27.11M (Peak 27.11M) | Time:00:00.06 | Mem:0.00M, Peak:0.00M | Scene, ViewLayer | Synchronizing object | Index_Mesh.R
Fra:35 Mem:27.11M (Peak 27.11M) | Time:00:00.06 | Mem:0.00M, Peak:0.00M | Scene, ViewLayer | Synchronizing object | Middle_Mesh.R
Fra:35 Mem:27.12M (Peak 27.12M) | Time:00:00.06 | Mem:0.00M, Peak:0.00M | Scene, ViewLayer | Synchronizing object | Ring_Mesh.R
Fra:35 Mem:27.15M (Peak 27.15M) | Time:00:00.06 | Mem:0.00M, Peak:0.00M | Scene, ViewLayer | Synchronizing object | Pinky_Mesh.R
Fra:35 Mem:27.14M (Peak 27.15M) | Time:00:00.06 | Mem:0.00M, Peak:0.00M | Scene, ViewLayer | Synchronizing object | Thumb_Mesh.R
Fra:35 Mem:27.31M (Peak 27.31M) | Time:00:00.09 | Mem:0.00M, Peak:0.00M | Scene, ViewLayer | Synchronizing object | Trousers.R
Fra:35 Mem:27.59M (Peak 27.59M) | Time:00:00.10 | Mem:0.00M, Peak:0.00M | Scene, ViewLayer | Synchronizing object | Sneaker_Sole.R
Fra:35 Mem:27.60M (Peak 27.60M) | Time:00:00.10 | Mem:0.00M, Peak:0.00M | Scene, ViewLayer | Synchronizing object | Sneaker_Upper.R
Fra:35 Mem:27.64M (Peak 27.64M) | Time:00:00.10 | Mem:0.00M, Peak:0.00M | Scene, ViewLayer | Synchronizing object | Sock.R
Fra:35 Mem:27.72M (Peak 27.72M) | Time:00:00.10 | Mem:0.00M, Peak:0.00M | Scene, ViewLayer | Synchronizing object | Lace_0.R
Fra:35 Mem:27.72M (Peak 27.72M) | Time:00:00.10 | Mem:0.00M, Peak:0.00M | Scene, ViewLayer | Synchronizing object | Lace_1.R
Fra:35 Mem:27.72M (Peak 27.72M) | Time:00:00.10 | Mem:0.00M, Peak:0.00M | Scene, ViewLayer | Synchronizing object | Lace_2.R
Fra:35 Mem:27.65M (Peak 27.72M) | Time:00:00.10 | Mem:0.00M, Peak:0.00M | Scene, ViewLayer | Synchronizing object | Lace_3.R
Fra:35 Mem:27.66M (Peak 27.72M) | Time:00:00.10 | Mem:0.00M, Peak:0.00M | Scene, ViewLayer | Synchronizing object | Heel_Tab.R
Fra:35 Mem:28.20M (Peak 28.20M) | Time:00:00.13 | Mem:0.00M, Peak:0.00M | Scene, ViewLayer | Synchronizing object | Jacket_ContinuousShoulders
Fra:35 Mem:29.43M (Peak 29.43M) | Time:00:00.54 | Mem:0.00M, Peak:0.00M | Scene, ViewLayer | Synchronizing object | Face_Head
Fra:35 Mem:30.09M (Peak 30.09M) | Time:00:00.55 | Mem:0.00M, Peak:0.00M | Scene, ViewLayer | Synchronizing object | Ear.L
Fra:35 Mem:30.15M (Peak 30.15M) | Time:00:00.55 | Mem:0.00M, Peak:0.00M | Scene, ViewLayer | Synchronizing object | Ear_Fold.L
Fra:35 Mem:30.20M (Peak 30.20M) | Time:00:00.56 | Mem:0.00M, Peak:0.00M | Scene, ViewLayer | Synchronizing object | Ear.R
Fra:35 Mem:30.26M (Peak 30.26M) | Time:00:00.56 | Mem:0.00M, Peak:0.00M | Scene, ViewLayer | Synchronizing object | Ear_Fold.R
Fra:35 Mem:30.27M (Peak 30.27M) | Time:00:00.56 | Mem:0.00M, Peak:0.00M | Scene, ViewLayer | Synchronizing object | Eye_White.L
Fra:35 Mem:30.28M (Peak 30.28M) | Time:00:00.56 | Mem:0.00M, Peak:0.00M | Scene, ViewLayer | Synchronizing object | Iris_hair.L
Fra:35 Mem:30.30M (Peak 30.30M) | Time:00:00.56 | Mem:0.00M, Peak:0.00M | Scene, ViewLayer | Synchronizing object | Iris_ink.L
Fra:35 Mem:30.29M (Peak 30.30M) | Time:00:00.56 | Mem:0.00M, Peak:0.00M | Scene, ViewLayer | Synchronizing object | Eye_Glint.L
Fra:35 Mem:30.29M (Peak 30.30M) | Time:00:00.56 | Mem:0.00M, Peak:0.00M | Scene, ViewLayer | Synchronizing object | Upper_Lid.L
Fra:35 Mem:30.31M (Peak 30.31M) | Time:00:00.56 | Mem:0.00M, Peak:0.00M | Scene, ViewLayer | Synchronizing object | Lower_Lid.L
Fra:35 Mem:30.31M (Peak 30.31M) | Time:00:00.56 | Mem:0.00M, Peak:0.00M | Scene, ViewLayer | Synchronizing object | Eyebrow.L
Fra:35 Mem:30.32M (Peak 30.32M) | Time:00:00.56 | Mem:0.00M, Peak:0.00M | Scene, ViewLayer | Synchronizing object | Eye_White.R
Fra:35 Mem:30.32M (Peak 30.32M) | Time:00:00.56 | Mem:0.00M, Peak:0.00M | Scene, ViewLayer | Synchronizing object | Iris_hair.R
Fra:35 Mem:30.33M (Peak 30.33M) | Time:00:00.56 | Mem:0.00M, Peak:0.00M | Scene, ViewLayer | Synchronizing object | Iris_ink.R
Fra:35 Mem:30.34M (Peak 30.34M) | Time:00:00.56 | Mem:0.00M, Peak:0.00M | Scene, ViewLayer | Synchronizing object | Eye_Glint.R
Fra:35 Mem:30.35M (Peak 30.35M) | Time:00:00.56 | Mem:0.00M, Peak:0.00M | Scene, ViewLayer | Synchronizing object | Upper_Lid.R
Fra:35 Mem:30.36M (Peak 30.36M) | Time:00:00.56 | Mem:0.00M, Peak:0.00M | Scene, ViewLayer | Synchronizing object | Lower_Lid.R
Fra:35 Mem:30.36M (Peak 30.36M) | Time:00:00.56 | Mem:0.00M, Peak:0.00M | Scene, ViewLayer | Synchronizing object | Eyebrow.R
Fra:35 Mem:30.37M (Peak 30.37M) | Time:00:00.56 | Mem:0.00M, Peak:0.00M | Scene, ViewLayer | Synchronizing object | Mouth
Fra:35 Mem:30.50M (Peak 30.50M) | Time:00:00.68 | Mem:0.00M, Peak:0.00M | Scene, ViewLayer | Synchronizing object | Hair_Cap
Fra:35 Mem:30.71M (Peak 30.71M) | Time:00:00.68 | Mem:0.00M, Peak:0.00M | Scene, ViewLayer | Synchronizing object | Review_Rim
Fra:35 Mem:30.67M (Peak 30.71M) | Time:00:00.68 | Mem:0.00M, Peak:0.00M | Scene, ViewLayer | Synchronizing object | Bangs_00
Fra:35 Mem:30.69M (Peak 30.71M) | Time:00:00.68 | Mem:0.00M, Peak:0.00M | Scene, ViewLayer | Synchronizing object | Review_Fill
Fra:35 Mem:30.69M (Peak 30.71M) | Time:00:00.68 | Mem:0.00M, Peak:0.00M | Scene, ViewLayer | Synchronizing object | Bangs_01
Fra:35 Mem:30.69M (Peak 30.71M) | Time:00:00.68 | Mem:0.00M, Peak:0.00M | Scene, ViewLayer | Synchronizing object | Review_Key
Fra:35 Mem:30.70M (Peak 30.71M) | Time:00:00.68 | Mem:0.00M, Peak:0.00M | Scene, ViewLayer | Synchronizing object | Review_Ground
Fra:35 Mem:30.71M (Peak 30.71M) | Time:00:00.68 | Mem:0.00M, Peak:0.00M | Scene, ViewLayer | Synchronizing object | Bangs_02
Fra:35 Mem:30.71M (Peak 30.71M) | Time:00:00.68 | Mem:0.00M, Peak:0.00M | Scene, ViewLayer | Synchronizing object | Tee_Bar
Fra:35 Mem:30.73M (Peak 30.73M) | Time:00:00.68 | Mem:0.00M, Peak:0.00M | Scene, ViewLayer | Synchronizing object | Tee_Dot_1.246
Fra:35 Mem:30.73M (Peak 30.73M) | Time:00:00.68 | Mem:0.00M, Peak:0.00M | Scene, ViewLayer | Synchronizing object | Bangs_03
Fra:35 Mem:30.74M (Peak 30.74M) | Time:00:00.68 | Mem:0.00M, Peak:0.00M | Scene, ViewLayer | Synchronizing object | Tee_Dot_1.275
Fra:35 Mem:30.76M (Peak 30.76M) | Time:00:00.68 | Mem:0.00M, Peak:0.00M | Scene, ViewLayer | Synchronizing object | Bangs_04
Fra:35 Mem:30.76M (Peak 30.76M) | Time:00:00.68 | Mem:0.00M, Peak:0.00M | Scene, ViewLayer | Synchronizing object | Back_Lock_6
Fra:35 Mem:30.79M (Peak 30.79M) | Time:00:00.68 | Mem:0.00M, Peak:0.00M | Scene, ViewLayer | Synchronizing object | Bangs_05
Fra:35 Mem:30.80M (Peak 30.80M) | Time:00:00.68 | Mem:0.00M, Peak:0.00M | Scene, ViewLayer | Synchronizing object | Back_Lock_5
Fra:35 Mem:30.82M (Peak 30.82M) | Time:00:00.68 | Mem:0.00M, Peak:0.00M | Scene, ViewLayer | Synchronizing object | Temple_0.L
Fra:35 Mem:30.84M (Peak 30.84M) | Time:00:00.68 | Mem:0.00M, Peak:0.00M | Scene, ViewLayer | Synchronizing object | Back_Lock_4
Fra:35 Mem:30.86M (Peak 30.86M) | Time:00:00.68 | Mem:0.00M, Peak:0.00M | Scene, ViewLayer | Synchronizing object | Temple_1.L
Fra:35 Mem:30.86M (Peak 30.86M) | Time:00:00.68 | Mem:0.00M, Peak:0.00M | Scene, ViewLayer | Synchronizing object | Back_Lock_3
Fra:35 Mem:30.89M (Peak 30.89M) | Time:00:00.68 | Mem:0.00M, Peak:0.00M | Scene, ViewLayer | Synchronizing object | Temple_2.L
Fra:35 Mem:30.90M (Peak 30.90M) | Time:00:00.68 | Mem:0.00M, Peak:0.00M | Scene, ViewLayer | Synchronizing object | Back_Lock_2
Fra:35 Mem:30.93M (Peak 30.93M) | Time:00:00.68 | Mem:0.00M, Peak:0.00M | Scene, ViewLayer | Synchronizing object | Nape_0.L
Fra:35 Mem:30.93M (Peak 30.93M) | Time:00:00.68 | Mem:0.00M, Peak:0.00M | Scene, ViewLayer | Synchronizing object | Back_Lock_1
Fra:35 Mem:30.96M (Peak 30.96M) | Time:00:00.68 | Mem:0.00M, Peak:0.00M | Scene, ViewLayer | Synchronizing object | Nape_1.L
Fra:35 Mem:30.98M (Peak 30.98M) | Time:00:00.68 | Mem:0.00M, Peak:0.00M | Scene, ViewLayer | Synchronizing object | Back_Lock_0
Fra:35 Mem:30.99M (Peak 30.99M) | Time:00:00.68 | Mem:0.00M, Peak:0.00M | Scene, ViewLayer | Synchronizing object | Temple_0.R
Fra:35 Mem:31.01M (Peak 31.01M) | Time:00:00.68 | Mem:0.00M, Peak:0.00M | Scene, ViewLayer | Synchronizing object | Crown_0.R
Fra:35 Mem:31.03M (Peak 31.03M) | Time:00:00.68 | Mem:0.00M, Peak:0.00M | Scene, ViewLayer | Synchronizing object | Temple_1.R
Fra:35 Mem:31.04M (Peak 31.04M) | Time:00:00.68 | Mem:0.00M, Peak:0.00M | Scene, ViewLayer | Synchronizing object | Crown_0.L
Fra:35 Mem:31.06M (Peak 31.06M) | Time:00:00.68 | Mem:0.00M, Peak:0.00M | Scene, ViewLayer | Synchronizing object | Temple_2.R
Fra:35 Mem:31.08M (Peak 31.08M) | Time:00:00.68 | Mem:0.00M, Peak:0.00M | Scene, ViewLayer | Synchronizing object | Nape_1.R
Fra:35 Mem:31.10M (Peak 31.10M) | Time:00:00.68 | Mem:0.00M, Peak:0.00M | Scene, ViewLayer | Synchronizing object | Nape_0.R
Fra:35 Mem:31.12M (Peak 31.12M) | Time:00:00.68 | Mem:0.00M, Peak:0.00M | Scene, ViewLayer | Initializing
Fra:35 Mem:27.03M (Peak 31.12M) | Time:00:00.68 | Mem:0.00M, Peak:0.00M | Scene, ViewLayer | Updating Images | Loading CHR001_GreyStudy_BaseColor
Fra:35 Mem:28.08M (Peak 31.12M) | Time:00:00.68 | Mem:4.00M, Peak:4.00M | Scene, ViewLayer | Waiting for render to start
Fra:35 Mem:28.08M (Peak 31.12M) | Time:00:00.68 | Mem:4.00M, Peak:4.00M | Scene, ViewLayer | Updating Scene
Fra:35 Mem:28.08M (Peak 31.12M) | Time:00:00.68 | Mem:4.00M, Peak:4.00M | Scene, ViewLayer | Updating Shaders
Fra:35 Mem:28.08M (Peak 31.12M) | Time:00:00.68 | Mem:4.00M, Peak:4.00M | Scene, ViewLayer | Loading render kernels (may take a few minutes the first time)
Fra:35 Mem:28.16M (Peak 31.12M) | Time:00:00.68 | Mem:4.00M, Peak:4.00M | Scene, ViewLayer | Updating Procedurals
Fra:35 Mem:28.16M (Peak 31.12M) | Time:00:00.68 | Mem:4.00M, Peak:4.00M | Scene, ViewLayer | Updating Background
Fra:35 Mem:28.16M (Peak 31.12M) | Time:00:00.68 | Mem:4.00M, Peak:4.00M | Scene, ViewLayer | Updating Camera
Fra:35 Mem:28.16M (Peak 31.12M) | Time:00:00.68 | Mem:4.00M, Peak:4.00M | Scene, ViewLayer | Updating Meshes Flags
Fra:35 Mem:28.16M (Peak 31.12M) | Time:00:00.68 | Mem:4.00M, Peak:4.00M | Scene, ViewLayer | Updating Objects
Fra:35 Mem:28.16M (Peak 31.12M) | Time:00:00.68 | Mem:4.00M, Peak:4.00M | Scene, ViewLayer | Updating Objects | Copying Transformations to device
Fra:35 Mem:28.19M (Peak 31.12M) | Time:00:00.68 | Mem:4.02M, Peak:4.02M | Scene, ViewLayer | Updating Particle Systems
Fra:35 Mem:28.19M (Peak 31.12M) | Time:00:00.68 | Mem:4.02M, Peak:4.02M | Scene, ViewLayer | Updating Particle Systems | Copying Particles to device
Fra:35 Mem:28.19M (Peak 31.12M) | Time:00:00.68 | Mem:4.02M, Peak:4.02M | Scene, ViewLayer | Updating Meshes
Fra:35 Mem:28.19M (Peak 31.12M) | Time:00:00.68 | Mem:4.02M, Peak:4.02M | Scene, ViewLayer | Updating Objects | Applying Static Transformations
Fra:35 Mem:28.19M (Peak 31.12M) | Time:00:00.68 | Mem:4.02M, Peak:4.02M | Scene, ViewLayer | Updating Mesh | Computing attributes
Fra:35 Mem:29.20M (Peak 31.12M) | Time:00:00.68 | Mem:4.03M, Peak:4.03M | Scene, ViewLayer | Updating Mesh | Copying Attributes to device
Fra:35 Mem:29.19M (Peak 31.12M) | Time:00:00.68 | Mem:5.02M, Peak:5.02M | Scene, ViewLayer | Updating Scene BVH | Building
Fra:35 Mem:29.19M (Peak 31.12M) | Time:00:00.68 | Mem:5.02M, Peak:5.02M | Scene, ViewLayer | Updating Scene BVH | Building BVH
Fra:35 Mem:29.19M (Peak 31.12M) | Time:00:00.68 | Mem:6.08M, Peak:6.08M | Scene, ViewLayer | Updating Scene BVH | Building BVH 0%
Fra:35 Mem:29.19M (Peak 31.12M) | Time:00:00.69 | Mem:7.23M, Peak:8.28M | Scene, ViewLayer | Updating Scene BVH | Copying BVH to device
Fra:35 Mem:29.19M (Peak 31.12M) | Time:00:00.69 | Mem:7.23M, Peak:8.28M | Scene, ViewLayer | Updating Mesh | Computing normals
Fra:35 Mem:30.12M (Peak 31.12M) | Time:00:00.69 | Mem:7.23M, Peak:8.28M | Scene, ViewLayer | Updating Mesh | Copying Mesh to device
Fra:35 Mem:30.12M (Peak 31.12M) | Time:00:00.69 | Mem:8.16M, Peak:8.28M | Scene, ViewLayer | Updating Objects Flags
Fra:35 Mem:30.12M (Peak 31.12M) | Time:00:00.69 | Mem:8.16M, Peak:8.28M | Scene, ViewLayer | Updating Primitive Offsets
Fra:35 Mem:30.12M (Peak 31.12M) | Time:00:00.69 | Mem:8.16M, Peak:8.28M | Scene, ViewLayer | Updating Images
Fra:35 Mem:30.12M (Peak 31.12M) | Time:00:00.69 | Mem:8.16M, Peak:8.28M | Scene, ViewLayer | Updating Camera Volume
Fra:35 Mem:30.12M (Peak 31.12M) | Time:00:00.69 | Mem:8.16M, Peak:8.28M | Scene, ViewLayer | Updating Lookup Tables
Fra:35 Mem:30.12M (Peak 31.12M) | Time:00:00.69 | Mem:8.24M, Peak:8.28M | Scene, ViewLayer | Updating Lights
Fra:35 Mem:30.12M (Peak 31.12M) | Time:00:00.69 | Mem:8.24M, Peak:8.28M | Scene, ViewLayer | Updating Lights | Computing tree
Fra:35 Mem:30.12M (Peak 31.12M) | Time:00:00.69 | Mem:8.24M, Peak:8.28M | Scene, ViewLayer | Updating Integrator
Fra:35 Mem:30.12M (Peak 31.12M) | Time:00:00.69 | Mem:8.24M, Peak:8.28M | Scene, ViewLayer | Updating Film
Fra:35 Mem:30.13M (Peak 31.12M) | Time:00:00.69 | Mem:8.16M, Peak:8.28M | Scene, ViewLayer | Updating Lookup Tables
Fra:35 Mem:30.13M (Peak 31.12M) | Time:00:00.69 | Mem:8.25M, Peak:8.28M | Scene, ViewLayer | Updating Baking
Fra:35 Mem:30.13M (Peak 31.12M) | Time:00:00.69 | Mem:8.25M, Peak:8.28M | Scene, ViewLayer | Updating Device | Writing constant memory
Fra:35 Mem:30.13M (Peak 31.12M) | Time:00:00.69 | Mem:8.25M, Peak:8.28M | Scene, ViewLayer | Loading denoising kernels (may take a few minutes the first time)
Fra:35 Mem:30.13M (Peak 31.12M) | Time:00:00.69 | Mem:8.25M, Peak:8.28M | Scene, ViewLayer | Sample 0/12
Fra:35 Mem:44.40M (Peak 44.40M) | Time:00:00.86 | Remaining:00:01.88 | Mem:22.51M, Peak:22.51M | Scene, ViewLayer | Sample 1/12
Fra:35 Mem:50.40M (Peak 59.41M) | Time:00:04.76 | Mem:22.51M, Peak:22.51M | Scene, ViewLayer | Sample 12/12
Fra:35 Mem:50.40M (Peak 59.41M) | Time:00:04.76 | Mem:22.51M, Peak:22.51M | Scene, ViewLayer | Finished
Saved: '/home/lzzz/MyProjects/N-SIDE/output/characters/CHR-001/animation-r2/candidate-b/run/017.png'
Time: 00:04.78 (Saving: 00:00.01)

Fra:37 Mem:26.15M (Peak 26.15M) | Time:00:00.00 | Mem:0.00M, Peak:0.00M | Scene, ViewLayer | Synchronizing object | TShirt
Fra:37 Mem:26.31M (Peak 26.31M) | Time:00:00.01 | Mem:0.00M, Peak:0.00M | Scene, ViewLayer | Synchronizing object | TShirt_Collar
Fra:37 Mem:26.33M (Peak 26.33M) | Time:00:00.01 | Mem:0.00M, Peak:0.00M | Scene, ViewLayer | Synchronizing object | Hood
Fra:37 Mem:26.39M (Peak 26.39M) | Time:00:00.01 | Mem:0.00M, Peak:0.00M | Scene, ViewLayer | Synchronizing object | Sleeve_Cuff.L
Fra:37 Mem:26.39M (Peak 26.39M) | Time:00:00.01 | Mem:0.00M, Peak:0.00M | Scene, ViewLayer | Synchronizing object | Zip_Tape.L
Fra:37 Mem:26.40M (Peak 26.40M) | Time:00:00.01 | Mem:0.00M, Peak:0.00M | Scene, ViewLayer | Synchronizing object | Hood_Cord.L
Fra:37 Mem:26.44M (Peak 26.44M) | Time:00:00.02 | Mem:0.00M, Peak:0.00M | Scene, ViewLayer | Synchronizing object | Palm.L
Fra:37 Mem:26.49M (Peak 26.49M) | Time:00:00.02 | Mem:0.00M, Peak:0.00M | Scene, ViewLayer | Synchronizing object | Index_Mesh.L
Fra:37 Mem:26.49M (Peak 26.49M) | Time:00:00.02 | Mem:0.00M, Peak:0.00M | Scene, ViewLayer | Synchronizing object | Middle_Mesh.L
Fra:37 Mem:26.50M (Peak 26.50M) | Time:00:00.02 | Mem:0.00M, Peak:0.00M | Scene, ViewLayer | Synchronizing object | Ring_Mesh.L
Fra:37 Mem:26.54M (Peak 26.54M) | Time:00:00.02 | Mem:0.00M, Peak:0.00M | Scene, ViewLayer | Synchronizing object | Pinky_Mesh.L
Fra:37 Mem:26.52M (Peak 26.54M) | Time:00:00.02 | Mem:0.00M, Peak:0.00M | Scene, ViewLayer | Synchronizing object | Thumb_Mesh.L
Fra:37 Mem:26.69M (Peak 26.69M) | Time:00:00.05 | Mem:0.00M, Peak:0.00M | Scene, ViewLayer | Synchronizing object | Trousers.L
Fra:37 Mem:26.95M (Peak 26.95M) | Time:00:00.05 | Mem:0.00M, Peak:0.00M | Scene, ViewLayer | Synchronizing object | Sneaker_Sole.L
Fra:37 Mem:26.97M (Peak 26.97M) | Time:00:00.05 | Mem:0.00M, Peak:0.00M | Scene, ViewLayer | Synchronizing object | Sneaker_Upper.L
Fra:37 Mem:26.99M (Peak 26.99M) | Time:00:00.05 | Mem:0.00M, Peak:0.00M | Scene, ViewLayer | Synchronizing object | Sock.L
Fra:37 Mem:26.99M (Peak 26.99M) | Time:00:00.05 | Mem:0.00M, Peak:0.00M | Scene, ViewLayer | Synchronizing object | Lace_0.L
Fra:37 Mem:27.00M (Peak 27.00M) | Time:00:00.05 | Mem:0.00M, Peak:0.00M | Scene, ViewLayer | Synchronizing object | Lace_1.L
Fra:37 Mem:27.00M (Peak 27.00M) | Time:00:00.05 | Mem:0.00M, Peak:0.00M | Scene, ViewLayer | Synchronizing object | Lace_2.L
Fra:37 Mem:27.00M (Peak 27.00M) | Time:00:00.05 | Mem:0.00M, Peak:0.00M | Scene, ViewLayer | Synchronizing object | Lace_3.L
Fra:37 Mem:27.01M (Peak 27.01M) | Time:00:00.05 | Mem:0.00M, Peak:0.00M | Scene, ViewLayer | Synchronizing object | Heel_Tab.L
Fra:37 Mem:27.01M (Peak 27.01M) | Time:00:00.05 | Mem:0.00M, Peak:0.00M | Scene, ViewLayer | Synchronizing object | Sleeve_Cuff.R
Fra:37 Mem:27.01M (Peak 27.01M) | Time:00:00.05 | Mem:0.00M, Peak:0.00M | Scene, ViewLayer | Synchronizing object | Zip_Tape.R
Fra:37 Mem:27.02M (Peak 27.02M) | Time:00:00.05 | Mem:0.00M, Peak:0.00M | Scene, ViewLayer | Synchronizing object | Hood_Cord.R
Fra:37 Mem:27.06M (Peak 27.06M) | Time:00:00.07 | Mem:0.00M, Peak:0.00M | Scene, ViewLayer | Synchronizing object | Palm.R
Fra:37 Mem:27.11M (Peak 27.11M) | Time:00:00.07 | Mem:0.00M, Peak:0.00M | Scene, ViewLayer | Synchronizing object | Index_Mesh.R
Fra:37 Mem:27.11M (Peak 27.11M) | Time:00:00.07 | Mem:0.00M, Peak:0.00M | Scene, ViewLayer | Synchronizing object | Middle_Mesh.R
Fra:37 Mem:27.12M (Peak 27.12M) | Time:00:00.07 | Mem:0.00M, Peak:0.00M | Scene, ViewLayer | Synchronizing object | Ring_Mesh.R
Fra:37 Mem:27.15M (Peak 27.15M) | Time:00:00.07 | Mem:0.00M, Peak:0.00M | Scene, ViewLayer | Synchronizing object | Pinky_Mesh.R
Fra:37 Mem:27.13M (Peak 27.15M) | Time:00:00.07 | Mem:0.00M, Peak:0.00M | Scene, ViewLayer | Synchronizing object | Thumb_Mesh.R
Fra:37 Mem:27.31M (Peak 27.31M) | Time:00:00.10 | Mem:0.00M, Peak:0.00M | Scene, ViewLayer | Synchronizing object | Trousers.R
Fra:37 Mem:27.59M (Peak 27.59M) | Time:00:00.10 | Mem:0.00M, Peak:0.00M | Scene, ViewLayer | Synchronizing object | Sneaker_Sole.R
Fra:37 Mem:27.60M (Peak 27.60M) | Time:00:00.10 | Mem:0.00M, Peak:0.00M | Scene, ViewLayer | Synchronizing object | Sneaker_Upper.R
Fra:37 Mem:27.71M (Peak 27.71M) | Time:00:00.10 | Mem:0.00M, Peak:0.00M | Scene, ViewLayer | Synchronizing object | Sock.R
Fra:37 Mem:27.71M (Peak 27.71M) | Time:00:00.10 | Mem:0.00M, Peak:0.00M | Scene, ViewLayer | Synchronizing object | Lace_0.R
Fra:37 Mem:27.72M (Peak 27.72M) | Time:00:00.10 | Mem:0.00M, Peak:0.00M | Scene, ViewLayer | Synchronizing object | Lace_1.R
Fra:37 Mem:27.65M (Peak 27.72M) | Time:00:00.10 | Mem:0.00M, Peak:0.00M | Scene, ViewLayer | Synchronizing object | Lace_2.R
Fra:37 Mem:27.65M (Peak 27.72M) | Time:00:00.10 | Mem:0.00M, Peak:0.00M | Scene, ViewLayer | Synchronizing object | Lace_3.R
Fra:37 Mem:27.66M (Peak 27.72M) | Time:00:00.10 | Mem:0.00M, Peak:0.00M | Scene, ViewLayer | Synchronizing object | Heel_Tab.R
Fra:37 Mem:28.20M (Peak 28.20M) | Time:00:00.14 | Mem:0.00M, Peak:0.00M | Scene, ViewLayer | Synchronizing object | Jacket_ContinuousShoulders
Fra:37 Mem:29.43M (Peak 29.43M) | Time:00:00.54 | Mem:0.00M, Peak:0.00M | Scene, ViewLayer | Synchronizing object | Face_Head
Fra:37 Mem:30.09M (Peak 30.09M) | Time:00:00.55 | Mem:0.00M, Peak:0.00M | Scene, ViewLayer | Synchronizing object | Ear.L
Fra:37 Mem:30.15M (Peak 30.15M) | Time:00:00.55 | Mem:0.00M, Peak:0.00M | Scene, ViewLayer | Synchronizing object | Ear_Fold.L
Fra:37 Mem:30.20M (Peak 30.20M) | Time:00:00.57 | Mem:0.00M, Peak:0.00M | Scene, ViewLayer | Synchronizing object | Ear.R
Fra:37 Mem:30.26M (Peak 30.26M) | Time:00:00.57 | Mem:0.00M, Peak:0.00M | Scene, ViewLayer | Synchronizing object | Ear_Fold.R
Fra:37 Mem:30.27M (Peak 30.27M) | Time:00:00.57 | Mem:0.00M, Peak:0.00M | Scene, ViewLayer | Synchronizing object | Eye_White.L
Fra:37 Mem:30.28M (Peak 30.28M) | Time:00:00.57 | Mem:0.00M, Peak:0.00M | Scene, ViewLayer | Synchronizing object | Iris_hair.L
Fra:37 Mem:30.29M (Peak 30.29M) | Time:00:00.57 | Mem:0.00M, Peak:0.00M | Scene, ViewLayer | Synchronizing object | Iris_ink.L
Fra:37 Mem:30.29M (Peak 30.29M) | Time:00:00.57 | Mem:0.00M, Peak:0.00M | Scene, ViewLayer | Synchronizing object | Eye_Glint.L
Fra:37 Mem:30.29M (Peak 30.29M) | Time:00:00.57 | Mem:0.00M, Peak:0.00M | Scene, ViewLayer | Synchronizing object | Upper_Lid.L
Fra:37 Mem:30.31M (Peak 30.31M) | Time:00:00.57 | Mem:0.00M, Peak:0.00M | Scene, ViewLayer | Synchronizing object | Lower_Lid.L
Fra:37 Mem:30.31M (Peak 30.31M) | Time:00:00.57 | Mem:0.00M, Peak:0.00M | Scene, ViewLayer | Synchronizing object | Eyebrow.L
Fra:37 Mem:30.32M (Peak 30.32M) | Time:00:00.57 | Mem:0.00M, Peak:0.00M | Scene, ViewLayer | Synchronizing object | Eye_White.R
Fra:37 Mem:30.32M (Peak 30.32M) | Time:00:00.57 | Mem:0.00M, Peak:0.00M | Scene, ViewLayer | Synchronizing object | Iris_hair.R
Fra:37 Mem:30.33M (Peak 30.33M) | Time:00:00.57 | Mem:0.00M, Peak:0.00M | Scene, ViewLayer | Synchronizing object | Iris_ink.R
Fra:37 Mem:30.34M (Peak 30.34M) | Time:00:00.57 | Mem:0.00M, Peak:0.00M | Scene, ViewLayer | Synchronizing object | Eye_Glint.R
Fra:37 Mem:30.35M (Peak 30.35M) | Time:00:00.57 | Mem:0.00M, Peak:0.00M | Scene, ViewLayer | Synchronizing object | Upper_Lid.R
Fra:37 Mem:30.36M (Peak 30.36M) | Time:00:00.57 | Mem:0.00M, Peak:0.00M | Scene, ViewLayer | Synchronizing object | Lower_Lid.R
Fra:37 Mem:30.36M (Peak 30.36M) | Time:00:00.57 | Mem:0.00M, Peak:0.00M | Scene, ViewLayer | Synchronizing object | Eyebrow.R
Fra:37 Mem:30.37M (Peak 30.37M) | Time:00:00.57 | Mem:0.00M, Peak:0.00M | Scene, ViewLayer | Synchronizing object | Mouth
Fra:37 Mem:30.50M (Peak 30.50M) | Time:00:00.68 | Mem:0.00M, Peak:0.00M | Scene, ViewLayer | Synchronizing object | Hair_Cap
Fra:37 Mem:30.67M (Peak 30.67M) | Time:00:00.68 | Mem:0.00M, Peak:0.00M | Scene, ViewLayer | Synchronizing object | Review_Rim
Fra:37 Mem:30.71M (Peak 30.71M) | Time:00:00.68 | Mem:0.00M, Peak:0.00M | Scene, ViewLayer | Synchronizing object | Review_Fill
Fra:37 Mem:30.71M (Peak 30.71M) | Time:00:00.68 | Mem:0.00M, Peak:0.00M | Scene, ViewLayer | Synchronizing object | Review_Key
Fra:37 Mem:30.68M (Peak 30.71M) | Time:00:00.68 | Mem:0.00M, Peak:0.00M | Scene, ViewLayer | Synchronizing object | Review_Ground
Fra:37 Mem:30.68M (Peak 30.71M) | Time:00:00.68 | Mem:0.00M, Peak:0.00M | Scene, ViewLayer | Synchronizing object | Tee_Bar
Fra:37 Mem:30.69M (Peak 30.71M) | Time:00:00.68 | Mem:0.00M, Peak:0.00M | Scene, ViewLayer | Synchronizing object | Tee_Dot_1.246
Fra:37 Mem:30.69M (Peak 30.71M) | Time:00:00.68 | Mem:0.00M, Peak:0.00M | Scene, ViewLayer | Synchronizing object | Bangs_01
Fra:37 Mem:30.71M (Peak 30.71M) | Time:00:00.68 | Mem:0.00M, Peak:0.00M | Scene, ViewLayer | Synchronizing object | Tee_Dot_1.275
Fra:37 Mem:30.72M (Peak 30.72M) | Time:00:00.68 | Mem:0.00M, Peak:0.00M | Scene, ViewLayer | Synchronizing object | Bangs_02
Fra:37 Mem:30.73M (Peak 30.73M) | Time:00:00.68 | Mem:0.00M, Peak:0.00M | Scene, ViewLayer | Synchronizing object | Back_Lock_6
Fra:37 Mem:30.75M (Peak 30.75M) | Time:00:00.68 | Mem:0.00M, Peak:0.00M | Scene, ViewLayer | Synchronizing object | Bangs_03
Fra:37 Mem:30.77M (Peak 30.77M) | Time:00:00.68 | Mem:0.00M, Peak:0.00M | Scene, ViewLayer | Synchronizing object | Back_Lock_5
Fra:37 Mem:30.79M (Peak 30.79M) | Time:00:00.68 | Mem:0.00M, Peak:0.00M | Scene, ViewLayer | Synchronizing object | Bangs_04
Fra:37 Mem:30.80M (Peak 30.80M) | Time:00:00.68 | Mem:0.00M, Peak:0.00M | Scene, ViewLayer | Synchronizing object | Back_Lock_4
Fra:37 Mem:30.82M (Peak 30.82M) | Time:00:00.68 | Mem:0.00M, Peak:0.00M | Scene, ViewLayer | Synchronizing object | Bangs_05
Fra:37 Mem:30.84M (Peak 30.84M) | Time:00:00.68 | Mem:0.00M, Peak:0.00M | Scene, ViewLayer | Synchronizing object | Back_Lock_3
Fra:37 Mem:30.85M (Peak 30.85M) | Time:00:00.68 | Mem:0.00M, Peak:0.00M | Scene, ViewLayer | Synchronizing object | Temple_0.L
Fra:37 Mem:30.87M (Peak 30.87M) | Time:00:00.68 | Mem:0.00M, Peak:0.00M | Scene, ViewLayer | Synchronizing object | Back_Lock_2
Fra:37 Mem:30.89M (Peak 30.89M) | Time:00:00.68 | Mem:0.00M, Peak:0.00M | Scene, ViewLayer | Synchronizing object | Temple_1.L
Fra:37 Mem:30.91M (Peak 30.91M) | Time:00:00.68 | Mem:0.00M, Peak:0.00M | Scene, ViewLayer | Synchronizing object | Back_Lock_1
Fra:37 Mem:30.92M (Peak 30.92M) | Time:00:00.68 | Mem:0.00M, Peak:0.00M | Scene, ViewLayer | Synchronizing object | Temple_2.L
Fra:37 Mem:30.94M (Peak 30.94M) | Time:00:00.68 | Mem:0.00M, Peak:0.00M | Scene, ViewLayer | Synchronizing object | Back_Lock_0
Fra:37 Mem:30.95M (Peak 30.95M) | Time:00:00.68 | Mem:0.00M, Peak:0.00M | Scene, ViewLayer | Synchronizing object | Nape_0.L
Fra:37 Mem:30.99M (Peak 30.99M) | Time:00:00.68 | Mem:0.00M, Peak:0.00M | Scene, ViewLayer | Synchronizing object | Crown_0.R
Fra:37 Mem:30.98M (Peak 30.99M) | Time:00:00.68 | Mem:0.00M, Peak:0.00M | Scene, ViewLayer | Synchronizing object | Nape_1.L
Fra:37 Mem:31.02M (Peak 31.02M) | Time:00:00.68 | Mem:0.00M, Peak:0.00M | Scene, ViewLayer | Synchronizing object | Crown_0.L
Fra:37 Mem:31.02M (Peak 31.02M) | Time:00:00.68 | Mem:0.00M, Peak:0.00M | Scene, ViewLayer | Synchronizing object | Temple_0.R
Fra:37 Mem:31.05M (Peak 31.05M) | Time:00:00.68 | Mem:0.00M, Peak:0.00M | Scene, ViewLayer | Synchronizing object | Nape_1.R
Fra:37 Mem:31.05M (Peak 31.05M) | Time:00:00.68 | Mem:0.00M, Peak:0.00M | Scene, ViewLayer | Synchronizing object | Temple_1.R
Fra:37 Mem:31.08M (Peak 31.08M) | Time:00:00.68 | Mem:0.00M, Peak:0.00M | Scene, ViewLayer | Synchronizing object | Nape_0.R
Fra:37 Mem:31.09M (Peak 31.09M) | Time:00:00.68 | Mem:0.00M, Peak:0.00M | Scene, ViewLayer | Synchronizing object | Temple_2.R
Fra:37 Mem:31.12M (Peak 31.12M) | Time:00:00.68 | Mem:0.00M, Peak:0.00M | Scene, ViewLayer | Initializing
Fra:37 Mem:27.03M (Peak 31.12M) | Time:00:00.68 | Mem:0.00M, Peak:0.00M | Scene, ViewLayer | Updating Images | Loading CHR001_GreyStudy_BaseColor
Fra:37 Mem:28.08M (Peak 31.12M) | Time:00:00.69 | Mem:4.00M, Peak:4.00M | Scene, ViewLayer | Waiting for render to start
Fra:37 Mem:28.08M (Peak 31.12M) | Time:00:00.69 | Mem:4.00M, Peak:4.00M | Scene, ViewLayer | Updating Scene
Fra:37 Mem:28.08M (Peak 31.12M) | Time:00:00.69 | Mem:4.00M, Peak:4.00M | Scene, ViewLayer | Updating Shaders
Fra:37 Mem:28.08M (Peak 31.12M) | Time:00:00.69 | Mem:4.00M, Peak:4.00M | Scene, ViewLayer | Loading render kernels (may take a few minutes the first time)
Fra:37 Mem:28.16M (Peak 31.12M) | Time:00:00.69 | Mem:4.00M, Peak:4.00M | Scene, ViewLayer | Updating Procedurals
Fra:37 Mem:28.16M (Peak 31.12M) | Time:00:00.69 | Mem:4.00M, Peak:4.00M | Scene, ViewLayer | Updating Background
Fra:37 Mem:28.16M (Peak 31.12M) | Time:00:00.69 | Mem:4.00M, Peak:4.00M | Scene, ViewLayer | Updating Camera
Fra:37 Mem:28.16M (Peak 31.12M) | Time:00:00.69 | Mem:4.00M, Peak:4.00M | Scene, ViewLayer | Updating Meshes Flags
Fra:37 Mem:28.16M (Peak 31.12M) | Time:00:00.69 | Mem:4.00M, Peak:4.00M | Scene, ViewLayer | Updating Objects
Fra:37 Mem:28.16M (Peak 31.12M) | Time:00:00.69 | Mem:4.00M, Peak:4.00M | Scene, ViewLayer | Updating Objects | Copying Transformations to device
Fra:37 Mem:28.19M (Peak 31.12M) | Time:00:00.69 | Mem:4.02M, Peak:4.02M | Scene, ViewLayer | Updating Particle Systems
Fra:37 Mem:28.19M (Peak 31.12M) | Time:00:00.69 | Mem:4.02M, Peak:4.02M | Scene, ViewLayer | Updating Particle Systems | Copying Particles to device
Fra:37 Mem:28.19M (Peak 31.12M) | Time:00:00.69 | Mem:4.02M, Peak:4.02M | Scene, ViewLayer | Updating Meshes
Fra:37 Mem:28.19M (Peak 31.12M) | Time:00:00.69 | Mem:4.02M, Peak:4.02M | Scene, ViewLayer | Updating Objects | Applying Static Transformations
Fra:37 Mem:28.19M (Peak 31.12M) | Time:00:00.69 | Mem:4.02M, Peak:4.02M | Scene, ViewLayer | Updating Mesh | Computing attributes
Fra:37 Mem:29.20M (Peak 31.12M) | Time:00:00.69 | Mem:4.03M, Peak:4.03M | Scene, ViewLayer | Updating Mesh | Copying Attributes to device
Fra:37 Mem:29.19M (Peak 31.12M) | Time:00:00.69 | Mem:5.02M, Peak:5.02M | Scene, ViewLayer | Updating Scene BVH | Building
Fra:37 Mem:29.19M (Peak 31.12M) | Time:00:00.69 | Mem:5.02M, Peak:5.02M | Scene, ViewLayer | Updating Scene BVH | Building BVH
Fra:37 Mem:29.19M (Peak 31.12M) | Time:00:00.69 | Mem:6.08M, Peak:6.08M | Scene, ViewLayer | Updating Scene BVH | Building BVH 0%
Fra:37 Mem:29.19M (Peak 31.12M) | Time:00:00.69 | Mem:7.23M, Peak:8.28M | Scene, ViewLayer | Updating Scene BVH | Copying BVH to device
Fra:37 Mem:29.19M (Peak 31.12M) | Time:00:00.69 | Mem:7.23M, Peak:8.28M | Scene, ViewLayer | Updating Mesh | Computing normals
Fra:37 Mem:30.12M (Peak 31.12M) | Time:00:00.69 | Mem:7.23M, Peak:8.28M | Scene, ViewLayer | Updating Mesh | Copying Mesh to device
Fra:37 Mem:30.12M (Peak 31.12M) | Time:00:00.69 | Mem:8.16M, Peak:8.28M | Scene, ViewLayer | Updating Objects Flags
Fra:37 Mem:30.12M (Peak 31.12M) | Time:00:00.69 | Mem:8.16M, Peak:8.28M | Scene, ViewLayer | Updating Primitive Offsets
Fra:37 Mem:30.12M (Peak 31.12M) | Time:00:00.69 | Mem:8.16M, Peak:8.28M | Scene, ViewLayer | Updating Images
Fra:37 Mem:30.12M (Peak 31.12M) | Time:00:00.69 | Mem:8.16M, Peak:8.28M | Scene, ViewLayer | Updating Camera Volume
Fra:37 Mem:30.12M (Peak 31.12M) | Time:00:00.69 | Mem:8.16M, Peak:8.28M | Scene, ViewLayer | Updating Lookup Tables
Fra:37 Mem:30.12M (Peak 31.12M) | Time:00:00.69 | Mem:8.24M, Peak:8.28M | Scene, ViewLayer | Updating Lights
Fra:37 Mem:30.12M (Peak 31.12M) | Time:00:00.69 | Mem:8.24M, Peak:8.28M | Scene, ViewLayer | Updating Lights | Computing tree
Fra:37 Mem:30.12M (Peak 31.12M) | Time:00:00.69 | Mem:8.24M, Peak:8.28M | Scene, ViewLayer | Updating Integrator
Fra:37 Mem:30.12M (Peak 31.12M) | Time:00:00.69 | Mem:8.24M, Peak:8.28M | Scene, ViewLayer | Updating Film
Fra:37 Mem:30.13M (Peak 31.12M) | Time:00:00.69 | Mem:8.16M, Peak:8.28M | Scene, ViewLayer | Updating Lookup Tables
Fra:37 Mem:30.13M (Peak 31.12M) | Time:00:00.69 | Mem:8.25M, Peak:8.28M | Scene, ViewLayer | Updating Baking
Fra:37 Mem:30.13M (Peak 31.12M) | Time:00:00.69 | Mem:8.25M, Peak:8.28M | Scene, ViewLayer | Updating Device | Writing constant memory
Fra:37 Mem:30.13M (Peak 31.12M) | Time:00:00.69 | Mem:8.25M, Peak:8.28M | Scene, ViewLayer | Loading denoising kernels (may take a few minutes the first time)
Fra:37 Mem:30.13M (Peak 31.12M) | Time:00:00.69 | Mem:8.25M, Peak:8.28M | Scene, ViewLayer | Sample 0/12
Fra:37 Mem:44.40M (Peak 44.40M) | Time:00:00.86 | Remaining:00:01.86 | Mem:22.51M, Peak:22.51M | Scene, ViewLayer | Sample 1/12
Fra:37 Mem:50.40M (Peak 59.41M) | Time:00:04.76 | Mem:22.51M, Peak:22.51M | Scene, ViewLayer | Sample 12/12
Fra:37 Mem:50.40M (Peak 59.41M) | Time:00:04.76 | Mem:22.51M, Peak:22.51M | Scene, ViewLayer | Finished
Saved: '/home/lzzz/MyProjects/N-SIDE/output/characters/CHR-001/animation-r2/candidate-b/run/018.png'
Time: 00:04.77 (Saving: 00:00.01)

Fra:39 Mem:26.15M (Peak 26.15M) | Time:00:00.00 | Mem:0.00M, Peak:0.00M | Scene, ViewLayer | Synchronizing object | TShirt
Fra:39 Mem:26.31M (Peak 26.31M) | Time:00:00.00 | Mem:0.00M, Peak:0.00M | Scene, ViewLayer | Synchronizing object | TShirt_Collar
Fra:39 Mem:26.33M (Peak 26.33M) | Time:00:00.00 | Mem:0.00M, Peak:0.00M | Scene, ViewLayer | Synchronizing object | Hood
Fra:39 Mem:26.39M (Peak 26.39M) | Time:00:00.00 | Mem:0.00M, Peak:0.00M | Scene, ViewLayer | Synchronizing object | Sleeve_Cuff.L
Fra:39 Mem:26.39M (Peak 26.39M) | Time:00:00.00 | Mem:0.00M, Peak:0.00M | Scene, ViewLayer | Synchronizing object | Zip_Tape.L
Fra:39 Mem:26.40M (Peak 26.40M) | Time:00:00.00 | Mem:0.00M, Peak:0.00M | Scene, ViewLayer | Synchronizing object | Hood_Cord.L
Fra:39 Mem:26.44M (Peak 26.44M) | Time:00:00.02 | Mem:0.00M, Peak:0.00M | Scene, ViewLayer | Synchronizing object | Palm.L
Fra:39 Mem:26.49M (Peak 26.49M) | Time:00:00.02 | Mem:0.00M, Peak:0.00M | Scene, ViewLayer | Synchronizing object | Index_Mesh.L
Fra:39 Mem:26.49M (Peak 26.49M) | Time:00:00.02 | Mem:0.00M, Peak:0.00M | Scene, ViewLayer | Synchronizing object | Middle_Mesh.L
Fra:39 Mem:26.50M (Peak 26.50M) | Time:00:00.02 | Mem:0.00M, Peak:0.00M | Scene, ViewLayer | Synchronizing object | Ring_Mesh.L
Fra:39 Mem:26.51M (Peak 26.51M) | Time:00:00.02 | Mem:0.00M, Peak:0.00M | Scene, ViewLayer | Synchronizing object | Pinky_Mesh.L
Fra:39 Mem:26.51M (Peak 26.51M) | Time:00:00.02 | Mem:0.00M, Peak:0.00M | Scene, ViewLayer | Synchronizing object | Thumb_Mesh.L
Fra:39 Mem:26.70M (Peak 26.70M) | Time:00:00.05 | Mem:0.00M, Peak:0.00M | Scene, ViewLayer | Synchronizing object | Trousers.L
Fra:39 Mem:26.95M (Peak 26.95M) | Time:00:00.05 | Mem:0.00M, Peak:0.00M | Scene, ViewLayer | Synchronizing object | Sneaker_Sole.L
Fra:39 Mem:26.97M (Peak 26.97M) | Time:00:00.05 | Mem:0.00M, Peak:0.00M | Scene, ViewLayer | Synchronizing object | Sneaker_Upper.L
Fra:39 Mem:26.99M (Peak 26.99M) | Time:00:00.05 | Mem:0.00M, Peak:0.00M | Scene, ViewLayer | Synchronizing object | Sock.L
Fra:39 Mem:26.99M (Peak 26.99M) | Time:00:00.05 | Mem:0.00M, Peak:0.00M | Scene, ViewLayer | Synchronizing object | Lace_0.L
Fra:39 Mem:27.00M (Peak 27.00M) | Time:00:00.05 | Mem:0.00M, Peak:0.00M | Scene, ViewLayer | Synchronizing object | Lace_1.L
Fra:39 Mem:27.00M (Peak 27.00M) | Time:00:00.05 | Mem:0.00M, Peak:0.00M | Scene, ViewLayer | Synchronizing object | Lace_2.L
Fra:39 Mem:27.00M (Peak 27.00M) | Time:00:00.05 | Mem:0.00M, Peak:0.00M | Scene, ViewLayer | Synchronizing object | Lace_3.L
Fra:39 Mem:27.01M (Peak 27.01M) | Time:00:00.05 | Mem:0.00M, Peak:0.00M | Scene, ViewLayer | Synchronizing object | Heel_Tab.L
Fra:39 Mem:27.01M (Peak 27.01M) | Time:00:00.05 | Mem:0.00M, Peak:0.00M | Scene, ViewLayer | Synchronizing object | Sleeve_Cuff.R
Fra:39 Mem:27.01M (Peak 27.01M) | Time:00:00.05 | Mem:0.00M, Peak:0.00M | Scene, ViewLayer | Synchronizing object | Zip_Tape.R
Fra:39 Mem:27.02M (Peak 27.02M) | Time:00:00.05 | Mem:0.00M, Peak:0.00M | Scene, ViewLayer | Synchronizing object | Hood_Cord.R
Fra:39 Mem:27.06M (Peak 27.06M) | Time:00:00.06 | Mem:0.00M, Peak:0.00M | Scene, ViewLayer | Synchronizing object | Palm.R
Fra:39 Mem:27.11M (Peak 27.11M) | Time:00:00.06 | Mem:0.00M, Peak:0.00M | Scene, ViewLayer | Synchronizing object | Index_Mesh.R
Fra:39 Mem:27.11M (Peak 27.11M) | Time:00:00.06 | Mem:0.00M, Peak:0.00M | Scene, ViewLayer | Synchronizing object | Middle_Mesh.R
Fra:39 Mem:27.12M (Peak 27.12M) | Time:00:00.06 | Mem:0.00M, Peak:0.00M | Scene, ViewLayer | Synchronizing object | Ring_Mesh.R
Fra:39 Mem:27.15M (Peak 27.15M) | Time:00:00.06 | Mem:0.00M, Peak:0.00M | Scene, ViewLayer | Synchronizing object | Pinky_Mesh.R
Fra:39 Mem:27.14M (Peak 27.15M) | Time:00:00.06 | Mem:0.00M, Peak:0.00M | Scene, ViewLayer | Synchronizing object | Thumb_Mesh.R
Fra:39 Mem:27.31M (Peak 27.31M) | Time:00:00.10 | Mem:0.00M, Peak:0.00M | Scene, ViewLayer | Synchronizing object | Trousers.R
Fra:39 Mem:27.59M (Peak 27.59M) | Time:00:00.10 | Mem:0.00M, Peak:0.00M | Scene, ViewLayer | Synchronizing object | Sneaker_Sole.R
Fra:39 Mem:27.60M (Peak 27.60M) | Time:00:00.10 | Mem:0.00M, Peak:0.00M | Scene, ViewLayer | Synchronizing object | Sneaker_Upper.R
Fra:39 Mem:27.71M (Peak 27.71M) | Time:00:00.10 | Mem:0.00M, Peak:0.00M | Scene, ViewLayer | Synchronizing object | Sock.R
Fra:39 Mem:27.71M (Peak 27.71M) | Time:00:00.10 | Mem:0.00M, Peak:0.00M | Scene, ViewLayer | Synchronizing object | Lace_0.R
Fra:39 Mem:27.65M (Peak 27.71M) | Time:00:00.10 | Mem:0.00M, Peak:0.00M | Scene, ViewLayer | Synchronizing object | Lace_1.R
Fra:39 Mem:27.65M (Peak 27.71M) | Time:00:00.10 | Mem:0.00M, Peak:0.00M | Scene, ViewLayer | Synchronizing object | Lace_2.R
Fra:39 Mem:27.65M (Peak 27.71M) | Time:00:00.10 | Mem:0.00M, Peak:0.00M | Scene, ViewLayer | Synchronizing object | Lace_3.R
Fra:39 Mem:27.62M (Peak 27.71M) | Time:00:00.10 | Mem:0.00M, Peak:0.00M | Scene, ViewLayer | Synchronizing object | Heel_Tab.R
Fra:39 Mem:28.20M (Peak 28.20M) | Time:00:00.13 | Mem:0.00M, Peak:0.00M | Scene, ViewLayer | Synchronizing object | Jacket_ContinuousShoulders
Fra:39 Mem:29.43M (Peak 29.43M) | Time:00:00.54 | Mem:0.00M, Peak:0.00M | Scene, ViewLayer | Synchronizing object | Face_Head
Fra:39 Mem:30.09M (Peak 30.09M) | Time:00:00.55 | Mem:0.00M, Peak:0.00M | Scene, ViewLayer | Synchronizing object | Ear.L
Fra:39 Mem:30.15M (Peak 30.15M) | Time:00:00.55 | Mem:0.00M, Peak:0.00M | Scene, ViewLayer | Synchronizing object | Ear_Fold.L
Fra:39 Mem:30.20M (Peak 30.20M) | Time:00:00.56 | Mem:0.00M, Peak:0.00M | Scene, ViewLayer | Synchronizing object | Ear.R
Fra:39 Mem:30.26M (Peak 30.26M) | Time:00:00.56 | Mem:0.00M, Peak:0.00M | Scene, ViewLayer | Synchronizing object | Ear_Fold.R
Fra:39 Mem:30.27M (Peak 30.27M) | Time:00:00.56 | Mem:0.00M, Peak:0.00M | Scene, ViewLayer | Synchronizing object | Eye_White.L
Fra:39 Mem:30.28M (Peak 30.28M) | Time:00:00.56 | Mem:0.00M, Peak:0.00M | Scene, ViewLayer | Synchronizing object | Iris_hair.L
Fra:39 Mem:30.28M (Peak 30.28M) | Time:00:00.56 | Mem:0.00M, Peak:0.00M | Scene, ViewLayer | Synchronizing object | Iris_ink.L
Fra:39 Mem:30.29M (Peak 30.29M) | Time:00:00.56 | Mem:0.00M, Peak:0.00M | Scene, ViewLayer | Synchronizing object | Eye_Glint.L
Fra:39 Mem:30.29M (Peak 30.29M) | Time:00:00.56 | Mem:0.00M, Peak:0.00M | Scene, ViewLayer | Synchronizing object | Upper_Lid.L
Fra:39 Mem:30.31M (Peak 30.31M) | Time:00:00.56 | Mem:0.00M, Peak:0.00M | Scene, ViewLayer | Synchronizing object | Lower_Lid.L
Fra:39 Mem:30.31M (Peak 30.31M) | Time:00:00.56 | Mem:0.00M, Peak:0.00M | Scene, ViewLayer | Synchronizing object | Eyebrow.L
Fra:39 Mem:30.32M (Peak 30.32M) | Time:00:00.56 | Mem:0.00M, Peak:0.00M | Scene, ViewLayer | Synchronizing object | Eye_White.R
Fra:39 Mem:30.32M (Peak 30.32M) | Time:00:00.56 | Mem:0.00M, Peak:0.00M | Scene, ViewLayer | Synchronizing object | Iris_hair.R
Fra:39 Mem:30.33M (Peak 30.33M) | Time:00:00.56 | Mem:0.00M, Peak:0.00M | Scene, ViewLayer | Synchronizing object | Iris_ink.R
Fra:39 Mem:30.34M (Peak 30.34M) | Time:00:00.56 | Mem:0.00M, Peak:0.00M | Scene, ViewLayer | Synchronizing object | Eye_Glint.R
Fra:39 Mem:30.35M (Peak 30.35M) | Time:00:00.56 | Mem:0.00M, Peak:0.00M | Scene, ViewLayer | Synchronizing object | Upper_Lid.R
Fra:39 Mem:30.36M (Peak 30.36M) | Time:00:00.56 | Mem:0.00M, Peak:0.00M | Scene, ViewLayer | Synchronizing object | Lower_Lid.R
Fra:39 Mem:30.36M (Peak 30.36M) | Time:00:00.56 | Mem:0.00M, Peak:0.00M | Scene, ViewLayer | Synchronizing object | Eyebrow.R
Fra:39 Mem:30.37M (Peak 30.37M) | Time:00:00.56 | Mem:0.00M, Peak:0.00M | Scene, ViewLayer | Synchronizing object | Mouth
Fra:39 Mem:30.50M (Peak 30.50M) | Time:00:00.68 | Mem:0.00M, Peak:0.00M | Scene, ViewLayer | Synchronizing object | Hair_Cap
Fra:39 Mem:30.69M (Peak 30.69M) | Time:00:00.68 | Mem:0.00M, Peak:0.00M | Scene, ViewLayer | Synchronizing object | Review_Rim
Fra:39 Mem:30.71M (Peak 30.71M) | Time:00:00.68 | Mem:0.00M, Peak:0.00M | Scene, ViewLayer | Synchronizing object | Review_Fill
Fra:39 Mem:30.67M (Peak 30.71M) | Time:00:00.68 | Mem:0.00M, Peak:0.00M | Scene, ViewLayer | Synchronizing object | Bangs_00
Fra:39 Mem:30.68M (Peak 30.71M) | Time:00:00.68 | Mem:0.00M, Peak:0.00M | Scene, ViewLayer | Synchronizing object | Review_Key
Fra:39 Mem:30.69M (Peak 30.71M) | Time:00:00.68 | Mem:0.00M, Peak:0.00M | Scene, ViewLayer | Synchronizing object | Review_Ground
Fra:39 Mem:30.69M (Peak 30.71M) | Time:00:00.68 | Mem:0.00M, Peak:0.00M | Scene, ViewLayer | Synchronizing object | Tee_Bar
Fra:39 Mem:30.69M (Peak 30.71M) | Time:00:00.68 | Mem:0.00M, Peak:0.00M | Scene, ViewLayer | Synchronizing object | Bangs_01
Fra:39 Mem:30.70M (Peak 30.71M) | Time:00:00.68 | Mem:0.00M, Peak:0.00M | Scene, ViewLayer | Synchronizing object | Tee_Dot_1.246
Fra:39 Mem:30.72M (Peak 30.72M) | Time:00:00.68 | Mem:0.00M, Peak:0.00M | Scene, ViewLayer | Synchronizing object | Tee_Dot_1.275
Fra:39 Mem:30.72M (Peak 30.72M) | Time:00:00.68 | Mem:0.00M, Peak:0.00M | Scene, ViewLayer | Synchronizing object | Back_Lock_6
Fra:39 Mem:30.74M (Peak 30.74M) | Time:00:00.68 | Mem:0.00M, Peak:0.00M | Scene, ViewLayer | Synchronizing object | Back_Lock_5
Fra:39 Mem:30.76M (Peak 30.76M) | Time:00:00.68 | Mem:0.00M, Peak:0.00M | Scene, ViewLayer | Synchronizing object | Back_Lock_4
Fra:39 Mem:30.77M (Peak 30.77M) | Time:00:00.68 | Mem:0.00M, Peak:0.00M | Scene, ViewLayer | Synchronizing object | Back_Lock_3
Fra:39 Mem:30.81M (Peak 30.81M) | Time:00:00.68 | Mem:0.00M, Peak:0.00M | Scene, ViewLayer | Synchronizing object | Back_Lock_2
Fra:39 Mem:30.81M (Peak 30.81M) | Time:00:00.68 | Mem:0.00M, Peak:0.00M | Scene, ViewLayer | Synchronizing object | Bangs_03
Fra:39 Mem:30.84M (Peak 30.84M) | Time:00:00.68 | Mem:0.00M, Peak:0.00M | Scene, ViewLayer | Synchronizing object | Back_Lock_1
Fra:39 Mem:30.85M (Peak 30.85M) | Time:00:00.68 | Mem:0.00M, Peak:0.00M | Scene, ViewLayer | Synchronizing object | Bangs_04
Fra:39 Mem:30.86M (Peak 30.86M) | Time:00:00.68 | Mem:0.00M, Peak:0.00M | Scene, ViewLayer | Synchronizing object | Back_Lock_0
Fra:39 Mem:30.89M (Peak 30.89M) | Time:00:00.68 | Mem:0.00M, Peak:0.00M | Scene, ViewLayer | Synchronizing object | Bangs_05
Fra:39 Mem:30.91M (Peak 30.91M) | Time:00:00.68 | Mem:0.00M, Peak:0.00M | Scene, ViewLayer | Synchronizing object | Crown_0.R
Fra:39 Mem:30.93M (Peak 30.93M) | Time:00:00.68 | Mem:0.00M, Peak:0.00M | Scene, ViewLayer | Synchronizing object | Temple_0.L
Fra:39 Mem:30.93M (Peak 30.93M) | Time:00:00.68 | Mem:0.00M, Peak:0.00M | Scene, ViewLayer | Synchronizing object | Crown_0.L
Fra:39 Mem:30.96M (Peak 30.96M) | Time:00:00.68 | Mem:0.00M, Peak:0.00M | Scene, ViewLayer | Synchronizing object | Temple_1.L
Fra:39 Mem:30.97M (Peak 30.97M) | Time:00:00.68 | Mem:0.00M, Peak:0.00M | Scene, ViewLayer | Synchronizing object | Nape_1.R
Fra:39 Mem:30.99M (Peak 30.99M) | Time:00:00.68 | Mem:0.00M, Peak:0.00M | Scene, ViewLayer | Synchronizing object | Temple_2.L
Fra:39 Mem:31.01M (Peak 31.01M) | Time:00:00.68 | Mem:0.00M, Peak:0.00M | Scene, ViewLayer | Synchronizing object | Nape_0.R
Fra:39 Mem:31.03M (Peak 31.03M) | Time:00:00.68 | Mem:0.00M, Peak:0.00M | Scene, ViewLayer | Synchronizing object | Nape_0.L
Fra:39 Mem:31.05M (Peak 31.05M) | Time:00:00.68 | Mem:0.00M, Peak:0.00M | Scene, ViewLayer | Synchronizing object | Temple_2.R
Fra:39 Mem:31.06M (Peak 31.06M) | Time:00:00.68 | Mem:0.00M, Peak:0.00M | Scene, ViewLayer | Synchronizing object | Nape_1.L
Fra:39 Mem:31.08M (Peak 31.08M) | Time:00:00.68 | Mem:0.00M, Peak:0.00M | Scene, ViewLayer | Synchronizing object | Temple_1.R
Fra:39 Mem:31.10M (Peak 31.10M) | Time:00:00.68 | Mem:0.00M, Peak:0.00M | Scene, ViewLayer | Synchronizing object | Temple_0.R
Fra:39 Mem:31.12M (Peak 31.12M) | Time:00:00.68 | Mem:0.00M, Peak:0.00M | Scene, ViewLayer | Initializing
Fra:39 Mem:27.03M (Peak 31.12M) | Time:00:00.68 | Mem:0.00M, Peak:0.00M | Scene, ViewLayer | Updating Images | Loading CHR001_GreyStudy_BaseColor
Fra:39 Mem:28.08M (Peak 31.12M) | Time:00:00.68 | Mem:4.00M, Peak:4.00M | Scene, ViewLayer | Waiting for render to start
Fra:39 Mem:28.08M (Peak 31.12M) | Time:00:00.68 | Mem:4.00M, Peak:4.00M | Scene, ViewLayer | Updating Scene
Fra:39 Mem:28.08M (Peak 31.12M) | Time:00:00.68 | Mem:4.00M, Peak:4.00M | Scene, ViewLayer | Updating Shaders
Fra:39 Mem:28.08M (Peak 31.12M) | Time:00:00.68 | Mem:4.00M, Peak:4.00M | Scene, ViewLayer | Loading render kernels (may take a few minutes the first time)
Fra:39 Mem:28.16M (Peak 31.12M) | Time:00:00.68 | Mem:4.00M, Peak:4.00M | Scene, ViewLayer | Updating Procedurals
Fra:39 Mem:28.16M (Peak 31.12M) | Time:00:00.68 | Mem:4.00M, Peak:4.00M | Scene, ViewLayer | Updating Background
Fra:39 Mem:28.16M (Peak 31.12M) | Time:00:00.68 | Mem:4.00M, Peak:4.00M | Scene, ViewLayer | Updating Camera
Fra:39 Mem:28.16M (Peak 31.12M) | Time:00:00.68 | Mem:4.00M, Peak:4.00M | Scene, ViewLayer | Updating Meshes Flags
Fra:39 Mem:28.16M (Peak 31.12M) | Time:00:00.68 | Mem:4.00M, Peak:4.00M | Scene, ViewLayer | Updating Objects
Fra:39 Mem:28.16M (Peak 31.12M) | Time:00:00.68 | Mem:4.00M, Peak:4.00M | Scene, ViewLayer | Updating Objects | Copying Transformations to device
Fra:39 Mem:28.19M (Peak 31.12M) | Time:00:00.68 | Mem:4.02M, Peak:4.02M | Scene, ViewLayer | Updating Particle Systems
Fra:39 Mem:28.19M (Peak 31.12M) | Time:00:00.68 | Mem:4.02M, Peak:4.02M | Scene, ViewLayer | Updating Particle Systems | Copying Particles to device
Fra:39 Mem:28.19M (Peak 31.12M) | Time:00:00.68 | Mem:4.02M, Peak:4.02M | Scene, ViewLayer | Updating Meshes
Fra:39 Mem:28.19M (Peak 31.12M) | Time:00:00.68 | Mem:4.02M, Peak:4.02M | Scene, ViewLayer | Updating Objects | Applying Static Transformations
Fra:39 Mem:28.19M (Peak 31.12M) | Time:00:00.68 | Mem:4.02M, Peak:4.02M | Scene, ViewLayer | Updating Mesh | Computing attributes
Fra:39 Mem:29.20M (Peak 31.12M) | Time:00:00.68 | Mem:4.03M, Peak:4.03M | Scene, ViewLayer | Updating Mesh | Copying Attributes to device
Fra:39 Mem:29.19M (Peak 31.12M) | Time:00:00.68 | Mem:5.02M, Peak:5.02M | Scene, ViewLayer | Updating Scene BVH | Building
Fra:39 Mem:29.19M (Peak 31.12M) | Time:00:00.68 | Mem:5.02M, Peak:5.02M | Scene, ViewLayer | Updating Scene BVH | Building BVH
Fra:39 Mem:29.19M (Peak 31.12M) | Time:00:00.68 | Mem:6.08M, Peak:6.08M | Scene, ViewLayer | Updating Scene BVH | Building BVH 0%
Fra:39 Mem:29.19M (Peak 31.12M) | Time:00:00.69 | Mem:7.23M, Peak:8.28M | Scene, ViewLayer | Updating Scene BVH | Copying BVH to device
Fra:39 Mem:29.19M (Peak 31.12M) | Time:00:00.69 | Mem:7.23M, Peak:8.28M | Scene, ViewLayer | Updating Mesh | Computing normals
Fra:39 Mem:30.12M (Peak 31.12M) | Time:00:00.69 | Mem:7.23M, Peak:8.28M | Scene, ViewLayer | Updating Mesh | Copying Mesh to device
Fra:39 Mem:30.12M (Peak 31.12M) | Time:00:00.69 | Mem:8.16M, Peak:8.28M | Scene, ViewLayer | Updating Objects Flags
Fra:39 Mem:30.12M (Peak 31.12M) | Time:00:00.69 | Mem:8.16M, Peak:8.28M | Scene, ViewLayer | Updating Primitive Offsets
Fra:39 Mem:30.12M (Peak 31.12M) | Time:00:00.69 | Mem:8.16M, Peak:8.28M | Scene, ViewLayer | Updating Images
Fra:39 Mem:30.12M (Peak 31.12M) | Time:00:00.69 | Mem:8.16M, Peak:8.28M | Scene, ViewLayer | Updating Camera Volume
Fra:39 Mem:30.12M (Peak 31.12M) | Time:00:00.69 | Mem:8.16M, Peak:8.28M | Scene, ViewLayer | Updating Lookup Tables
Fra:39 Mem:30.12M (Peak 31.12M) | Time:00:00.69 | Mem:8.24M, Peak:8.28M | Scene, ViewLayer | Updating Lights
Fra:39 Mem:30.12M (Peak 31.12M) | Time:00:00.69 | Mem:8.24M, Peak:8.28M | Scene, ViewLayer | Updating Lights | Computing tree
Fra:39 Mem:30.12M (Peak 31.12M) | Time:00:00.69 | Mem:8.24M, Peak:8.28M | Scene, ViewLayer | Updating Integrator
Fra:39 Mem:30.12M (Peak 31.12M) | Time:00:00.69 | Mem:8.24M, Peak:8.28M | Scene, ViewLayer | Updating Film
Fra:39 Mem:30.13M (Peak 31.12M) | Time:00:00.69 | Mem:8.16M, Peak:8.28M | Scene, ViewLayer | Updating Lookup Tables
Fra:39 Mem:30.13M (Peak 31.12M) | Time:00:00.69 | Mem:8.25M, Peak:8.28M | Scene, ViewLayer | Updating Baking
Fra:39 Mem:30.13M (Peak 31.12M) | Time:00:00.69 | Mem:8.25M, Peak:8.28M | Scene, ViewLayer | Updating Device | Writing constant memory
Fra:39 Mem:30.13M (Peak 31.12M) | Time:00:00.69 | Mem:8.25M, Peak:8.28M | Scene, ViewLayer | Loading denoising kernels (may take a few minutes the first time)
Fra:39 Mem:30.13M (Peak 31.12M) | Time:00:00.69 | Mem:8.25M, Peak:8.28M | Scene, ViewLayer | Sample 0/12
Fra:39 Mem:44.40M (Peak 44.40M) | Time:00:00.86 | Remaining:00:01.85 | Mem:22.51M, Peak:22.51M | Scene, ViewLayer | Sample 1/12
Fra:39 Mem:50.40M (Peak 59.41M) | Time:00:04.75 | Mem:22.51M, Peak:22.51M | Scene, ViewLayer | Sample 12/12
Fra:39 Mem:50.40M (Peak 59.41M) | Time:00:04.75 | Mem:22.51M, Peak:22.51M | Scene, ViewLayer | Finished
Saved: '/home/lzzz/MyProjects/N-SIDE/output/characters/CHR-001/animation-r2/candidate-b/run/019.png'
Time: 00:04.77 (Saving: 00:00.01)


PROTOTYPE PASS
Fra:1 Mem:26.15M (Peak 26.15M) | Time:00:00.00 | Mem:0.00M, Peak:0.00M | Scene, ViewLayer | Synchronizing object | TShirt
Fra:1 Mem:26.31M (Peak 26.31M) | Time:00:00.00 | Mem:0.00M, Peak:0.00M | Scene, ViewLayer | Synchronizing object | TShirt_Collar
Fra:1 Mem:26.33M (Peak 26.33M) | Time:00:00.00 | Mem:0.00M, Peak:0.00M | Scene, ViewLayer | Synchronizing object | Hood
Fra:1 Mem:26.39M (Peak 26.39M) | Time:00:00.00 | Mem:0.00M, Peak:0.00M | Scene, ViewLayer | Synchronizing object | Sleeve_Cuff.L
Fra:1 Mem:26.39M (Peak 26.39M) | Time:00:00.00 | Mem:0.00M, Peak:0.00M | Scene, ViewLayer | Synchronizing object | Zip_Tape.L
Fra:1 Mem:26.40M (Peak 26.40M) | Time:00:00.00 | Mem:0.00M, Peak:0.00M | Scene, ViewLayer | Synchronizing object | Hood_Cord.L
Fra:1 Mem:26.44M (Peak 26.44M) | Time:00:00.02 | Mem:0.00M, Peak:0.00M | Scene, ViewLayer | Synchronizing object | Palm.L
Fra:1 Mem:26.49M (Peak 26.49M) | Time:00:00.02 | Mem:0.00M, Peak:0.00M | Scene, ViewLayer | Synchronizing object | Index_Mesh.L
Fra:1 Mem:26.49M (Peak 26.49M) | Time:00:00.02 | Mem:0.00M, Peak:0.00M | Scene, ViewLayer | Synchronizing object | Middle_Mesh.L
Fra:1 Mem:26.50M (Peak 26.50M) | Time:00:00.02 | Mem:0.00M, Peak:0.00M | Scene, ViewLayer | Synchronizing object | Ring_Mesh.L
Fra:1 Mem:26.54M (Peak 26.54M) | Time:00:00.02 | Mem:0.00M, Peak:0.00M | Scene, ViewLayer | Synchronizing object | Pinky_Mesh.L
Fra:1 Mem:26.51M (Peak 26.54M) | Time:00:00.02 | Mem:0.00M, Peak:0.00M | Scene, ViewLayer | Synchronizing object | Thumb_Mesh.L
Fra:1 Mem:26.69M (Peak 26.69M) | Time:00:00.05 | Mem:0.00M, Peak:0.00M | Scene, ViewLayer | Synchronizing object | Trousers.L
Fra:1 Mem:26.95M (Peak 26.95M) | Time:00:00.05 | Mem:0.00M, Peak:0.00M | Scene, ViewLayer | Synchronizing object | Sneaker_Sole.L
Fra:1 Mem:26.97M (Peak 26.97M) | Time:00:00.05 | Mem:0.00M, Peak:0.00M | Scene, ViewLayer | Synchronizing object | Sneaker_Upper.L
Fra:1 Mem:26.99M (Peak 26.99M) | Time:00:00.05 | Mem:0.00M, Peak:0.00M | Scene, ViewLayer | Synchronizing object | Sock.L
Fra:1 Mem:26.99M (Peak 26.99M) | Time:00:00.05 | Mem:0.00M, Peak:0.00M | Scene, ViewLayer | Synchronizing object | Lace_0.L
Fra:1 Mem:27.00M (Peak 27.00M) | Time:00:00.05 | Mem:0.00M, Peak:0.00M | Scene, ViewLayer | Synchronizing object | Lace_1.L
Fra:1 Mem:27.00M (Peak 27.00M) | Time:00:00.05 | Mem:0.00M, Peak:0.00M | Scene, ViewLayer | Synchronizing object | Lace_2.L
Fra:1 Mem:27.00M (Peak 27.00M) | Time:00:00.05 | Mem:0.00M, Peak:0.00M | Scene, ViewLayer | Synchronizing object | Lace_3.L
Fra:1 Mem:27.01M (Peak 27.01M) | Time:00:00.05 | Mem:0.00M, Peak:0.00M | Scene, ViewLayer | Synchronizing object | Heel_Tab.L
Fra:1 Mem:27.01M (Peak 27.01M) | Time:00:00.05 | Mem:0.00M, Peak:0.00M | Scene, ViewLayer | Synchronizing object | Sleeve_Cuff.R
Fra:1 Mem:27.01M (Peak 27.01M) | Time:00:00.05 | Mem:0.00M, Peak:0.00M | Scene, ViewLayer | Synchronizing object | Zip_Tape.R
Fra:1 Mem:27.02M (Peak 27.02M) | Time:00:00.05 | Mem:0.00M, Peak:0.00M | Scene, ViewLayer | Synchronizing object | Hood_Cord.R
Fra:1 Mem:27.06M (Peak 27.06M) | Time:00:00.06 | Mem:0.00M, Peak:0.00M | Scene, ViewLayer | Synchronizing object | Palm.R
Fra:1 Mem:27.11M (Peak 27.11M) | Time:00:00.06 | Mem:0.00M, Peak:0.00M | Scene, ViewLayer | Synchronizing object | Index_Mesh.R
Fra:1 Mem:27.11M (Peak 27.11M) | Time:00:00.06 | Mem:0.00M, Peak:0.00M | Scene, ViewLayer | Synchronizing object | Middle_Mesh.R
Fra:1 Mem:27.12M (Peak 27.12M) | Time:00:00.06 | Mem:0.00M, Peak:0.00M | Scene, ViewLayer | Synchronizing object | Ring_Mesh.R
Fra:1 Mem:27.15M (Peak 27.15M) | Time:00:00.06 | Mem:0.00M, Peak:0.00M | Scene, ViewLayer | Synchronizing object | Pinky_Mesh.R
Fra:1 Mem:27.14M (Peak 27.15M) | Time:00:00.06 | Mem:0.00M, Peak:0.00M | Scene, ViewLayer | Synchronizing object | Thumb_Mesh.R
Fra:1 Mem:27.31M (Peak 27.31M) | Time:00:00.09 | Mem:0.00M, Peak:0.00M | Scene, ViewLayer | Synchronizing object | Trousers.R
Fra:1 Mem:27.59M (Peak 27.59M) | Time:00:00.09 | Mem:0.00M, Peak:0.00M | Scene, ViewLayer | Synchronizing object | Sneaker_Sole.R
Fra:1 Mem:27.60M (Peak 27.60M) | Time:00:00.09 | Mem:0.00M, Peak:0.00M | Scene, ViewLayer | Synchronizing object | Sneaker_Upper.R
Fra:1 Mem:27.71M (Peak 27.71M) | Time:00:00.09 | Mem:0.00M, Peak:0.00M | Scene, ViewLayer | Synchronizing object | Sock.R
Fra:1 Mem:27.71M (Peak 27.71M) | Time:00:00.09 | Mem:0.00M, Peak:0.00M | Scene, ViewLayer | Synchronizing object | Lace_0.R
Fra:1 Mem:27.65M (Peak 27.71M) | Time:00:00.09 | Mem:0.00M, Peak:0.00M | Scene, ViewLayer | Synchronizing object | Lace_1.R
Fra:1 Mem:27.65M (Peak 27.71M) | Time:00:00.09 | Mem:0.00M, Peak:0.00M | Scene, ViewLayer | Synchronizing object | Lace_2.R
Fra:1 Mem:27.65M (Peak 27.71M) | Time:00:00.09 | Mem:0.00M, Peak:0.00M | Scene, ViewLayer | Synchronizing object | Lace_3.R
Fra:1 Mem:27.62M (Peak 27.71M) | Time:00:00.09 | Mem:0.00M, Peak:0.00M | Scene, ViewLayer | Synchronizing object | Heel_Tab.R
Fra:1 Mem:28.20M (Peak 28.20M) | Time:00:00.13 | Mem:0.00M, Peak:0.00M | Scene, ViewLayer | Synchronizing object | Jacket_ContinuousShoulders
Fra:1 Mem:29.43M (Peak 29.43M) | Time:00:00.53 | Mem:0.00M, Peak:0.00M | Scene, ViewLayer | Synchronizing object | Face_Head
Fra:1 Mem:30.09M (Peak 30.09M) | Time:00:00.54 | Mem:0.00M, Peak:0.00M | Scene, ViewLayer | Synchronizing object | Ear.L
Fra:1 Mem:30.15M (Peak 30.15M) | Time:00:00.54 | Mem:0.00M, Peak:0.00M | Scene, ViewLayer | Synchronizing object | Ear_Fold.L
Fra:1 Mem:30.20M (Peak 30.20M) | Time:00:00.55 | Mem:0.00M, Peak:0.00M | Scene, ViewLayer | Synchronizing object | Ear.R
Fra:1 Mem:30.26M (Peak 30.26M) | Time:00:00.55 | Mem:0.00M, Peak:0.00M | Scene, ViewLayer | Synchronizing object | Ear_Fold.R
Fra:1 Mem:30.27M (Peak 30.27M) | Time:00:00.55 | Mem:0.00M, Peak:0.00M | Scene, ViewLayer | Synchronizing object | Eye_White.L
Fra:1 Mem:30.28M (Peak 30.28M) | Time:00:00.55 | Mem:0.00M, Peak:0.00M | Scene, ViewLayer | Synchronizing object | Iris_hair.L
Fra:1 Mem:30.30M (Peak 30.30M) | Time:00:00.55 | Mem:0.00M, Peak:0.00M | Scene, ViewLayer | Synchronizing object | Iris_ink.L
Fra:1 Mem:30.29M (Peak 30.30M) | Time:00:00.55 | Mem:0.00M, Peak:0.00M | Scene, ViewLayer | Synchronizing object | Eye_Glint.L
Fra:1 Mem:30.29M (Peak 30.30M) | Time:00:00.55 | Mem:0.00M, Peak:0.00M | Scene, ViewLayer | Synchronizing object | Upper_Lid.L
Fra:1 Mem:30.31M (Peak 30.31M) | Time:00:00.55 | Mem:0.00M, Peak:0.00M | Scene, ViewLayer | Synchronizing object | Lower_Lid.L
Fra:1 Mem:30.31M (Peak 30.31M) | Time:00:00.55 | Mem:0.00M, Peak:0.00M | Scene, ViewLayer | Synchronizing object | Eyebrow.L
Fra:1 Mem:30.32M (Peak 30.32M) | Time:00:00.55 | Mem:0.00M, Peak:0.00M | Scene, ViewLayer | Synchronizing object | Eye_White.R
Fra:1 Mem:30.32M (Peak 30.32M) | Time:00:00.55 | Mem:0.00M, Peak:0.00M | Scene, ViewLayer | Synchronizing object | Iris_hair.R
Fra:1 Mem:30.33M (Peak 30.33M) | Time:00:00.55 | Mem:0.00M, Peak:0.00M | Scene, ViewLayer | Synchronizing object | Iris_ink.R
Fra:1 Mem:30.34M (Peak 30.34M) | Time:00:00.55 | Mem:0.00M, Peak:0.00M | Scene, ViewLayer | Synchronizing object | Eye_Glint.R
Fra:1 Mem:30.35M (Peak 30.35M) | Time:00:00.55 | Mem:0.00M, Peak:0.00M | Scene, ViewLayer | Synchronizing object | Upper_Lid.R
Fra:1 Mem:30.36M (Peak 30.36M) | Time:00:00.55 | Mem:0.00M, Peak:0.00M | Scene, ViewLayer | Synchronizing object | Lower_Lid.R
Fra:1 Mem:30.36M (Peak 30.36M) | Time:00:00.55 | Mem:0.00M, Peak:0.00M | Scene, ViewLayer | Synchronizing object | Eyebrow.R
Fra:1 Mem:30.37M (Peak 30.37M) | Time:00:00.55 | Mem:0.00M, Peak:0.00M | Scene, ViewLayer | Synchronizing object | Mouth
Fra:1 Mem:30.50M (Peak 30.50M) | Time:00:00.67 | Mem:0.00M, Peak:0.00M | Scene, ViewLayer | Synchronizing object | Hair_Cap
Fra:1 Mem:30.69M (Peak 30.69M) | Time:00:00.67 | Mem:0.00M, Peak:0.00M | Scene, ViewLayer | Synchronizing object | Review_Rim
Fra:1 Mem:30.71M (Peak 30.71M) | Time:00:00.67 | Mem:0.00M, Peak:0.00M | Scene, ViewLayer | Synchronizing object | Review_Fill
Fra:1 Mem:30.67M (Peak 30.71M) | Time:00:00.67 | Mem:0.00M, Peak:0.00M | Scene, ViewLayer | Synchronizing object | Review_Key
Fra:1 Mem:30.68M (Peak 30.71M) | Time:00:00.67 | Mem:0.00M, Peak:0.00M | Scene, ViewLayer | Synchronizing object | Review_Ground
Fra:1 Mem:30.68M (Peak 30.71M) | Time:00:00.67 | Mem:0.00M, Peak:0.00M | Scene, ViewLayer | Synchronizing object | Tee_Bar
Fra:1 Mem:30.69M (Peak 30.71M) | Time:00:00.67 | Mem:0.00M, Peak:0.00M | Scene, ViewLayer | Synchronizing object | Tee_Dot_1.246
Fra:1 Mem:30.69M (Peak 30.71M) | Time:00:00.67 | Mem:0.00M, Peak:0.00M | Scene, ViewLayer | Synchronizing object | Bangs_01
Fra:1 Mem:30.71M (Peak 30.71M) | Time:00:00.67 | Mem:0.00M, Peak:0.00M | Scene, ViewLayer | Synchronizing object | Tee_Dot_1.275
Fra:1 Mem:30.72M (Peak 30.72M) | Time:00:00.67 | Mem:0.00M, Peak:0.00M | Scene, ViewLayer | Synchronizing object | Bangs_02
Fra:1 Mem:30.72M (Peak 30.72M) | Time:00:00.67 | Mem:0.00M, Peak:0.00M | Scene, ViewLayer | Synchronizing object | Back_Lock_6
Fra:1 Mem:30.75M (Peak 30.75M) | Time:00:00.67 | Mem:0.00M, Peak:0.00M | Scene, ViewLayer | Synchronizing object | Bangs_03
Fra:1 Mem:30.77M (Peak 30.77M) | Time:00:00.67 | Mem:0.00M, Peak:0.00M | Scene, ViewLayer | Synchronizing object | Back_Lock_5
Fra:1 Mem:30.79M (Peak 30.79M) | Time:00:00.67 | Mem:0.00M, Peak:0.00M | Scene, ViewLayer | Synchronizing object | Bangs_04
Fra:1 Mem:30.80M (Peak 30.80M) | Time:00:00.67 | Mem:0.00M, Peak:0.00M | Scene, ViewLayer | Synchronizing object | Back_Lock_4
Fra:1 Mem:30.82M (Peak 30.82M) | Time:00:00.67 | Mem:0.00M, Peak:0.00M | Scene, ViewLayer | Synchronizing object | Bangs_05
Fra:1 Mem:30.84M (Peak 30.84M) | Time:00:00.67 | Mem:0.00M, Peak:0.00M | Scene, ViewLayer | Synchronizing object | Back_Lock_3
Fra:1 Mem:30.85M (Peak 30.85M) | Time:00:00.67 | Mem:0.00M, Peak:0.00M | Scene, ViewLayer | Synchronizing object | Temple_0.L
Fra:1 Mem:30.88M (Peak 30.88M) | Time:00:00.67 | Mem:0.00M, Peak:0.00M | Scene, ViewLayer | Synchronizing object | Back_Lock_2
Fra:1 Mem:30.90M (Peak 30.90M) | Time:00:00.67 | Mem:0.00M, Peak:0.00M | Scene, ViewLayer | Synchronizing object | Temple_1.L
Fra:1 Mem:30.90M (Peak 30.90M) | Time:00:00.67 | Mem:0.00M, Peak:0.00M | Scene, ViewLayer | Synchronizing object | Back_Lock_1
Fra:1 Mem:30.93M (Peak 30.93M) | Time:00:00.67 | Mem:0.00M, Peak:0.00M | Scene, ViewLayer | Synchronizing object | Temple_2.L
Fra:1 Mem:30.93M (Peak 30.93M) | Time:00:00.67 | Mem:0.00M, Peak:0.00M | Scene, ViewLayer | Synchronizing object | Back_Lock_0
Fra:1 Mem:30.97M (Peak 30.97M) | Time:00:00.67 | Mem:0.00M, Peak:0.00M | Scene, ViewLayer | Synchronizing object | Nape_0.L
Fra:1 Mem:30.97M (Peak 30.97M) | Time:00:00.67 | Mem:0.00M, Peak:0.00M | Scene, ViewLayer | Synchronizing object | Crown_0.R
Fra:1 Mem:30.99M (Peak 30.99M) | Time:00:00.67 | Mem:0.00M, Peak:0.00M | Scene, ViewLayer | Synchronizing object | Nape_1.L
Fra:1 Mem:31.01M (Peak 31.01M) | Time:00:00.67 | Mem:0.00M, Peak:0.00M | Scene, ViewLayer | Synchronizing object | Crown_0.L
Fra:1 Mem:31.03M (Peak 31.03M) | Time:00:00.67 | Mem:0.00M, Peak:0.00M | Scene, ViewLayer | Synchronizing object | Temple_0.R
Fra:1 Mem:31.05M (Peak 31.05M) | Time:00:00.67 | Mem:0.00M, Peak:0.00M | Scene, ViewLayer | Synchronizing object | Nape_1.R
Fra:1 Mem:31.06M (Peak 31.06M) | Time:00:00.67 | Mem:0.00M, Peak:0.00M | Scene, ViewLayer | Synchronizing object | Temple_1.R
Fra:1 Mem:31.08M (Peak 31.08M) | Time:00:00.67 | Mem:0.00M, Peak:0.00M | Scene, ViewLayer | Synchronizing object | Nape_0.R
Fra:1 Mem:31.10M (Peak 31.10M) | Time:00:00.67 | Mem:0.00M, Peak:0.00M | Scene, ViewLayer | Synchronizing object | Temple_2.R
Fra:1 Mem:31.12M (Peak 31.12M) | Time:00:00.67 | Mem:0.00M, Peak:0.00M | Scene, ViewLayer | Initializing
Fra:1 Mem:27.03M (Peak 31.12M) | Time:00:00.67 | Mem:0.00M, Peak:0.00M | Scene, ViewLayer | Updating Images | Loading CHR001_GreyStudy_BaseColor
Fra:1 Mem:28.08M (Peak 31.12M) | Time:00:00.67 | Mem:4.00M, Peak:4.00M | Scene, ViewLayer | Waiting for render to start
Fra:1 Mem:28.08M (Peak 31.12M) | Time:00:00.67 | Mem:4.00M, Peak:4.00M | Scene, ViewLayer | Updating Scene
Fra:1 Mem:28.08M (Peak 31.12M) | Time:00:00.67 | Mem:4.00M, Peak:4.00M | Scene, ViewLayer | Updating Shaders
Fra:1 Mem:28.08M (Peak 31.12M) | Time:00:00.67 | Mem:4.00M, Peak:4.00M | Scene, ViewLayer | Loading render kernels (may take a few minutes the first time)
Fra:1 Mem:28.16M (Peak 31.12M) | Time:00:00.67 | Mem:4.00M, Peak:4.00M | Scene, ViewLayer | Updating Procedurals
Fra:1 Mem:28.16M (Peak 31.12M) | Time:00:00.67 | Mem:4.00M, Peak:4.00M | Scene, ViewLayer | Updating Background
Fra:1 Mem:28.16M (Peak 31.12M) | Time:00:00.67 | Mem:4.00M, Peak:4.00M | Scene, ViewLayer | Updating Camera
Fra:1 Mem:28.16M (Peak 31.12M) | Time:00:00.67 | Mem:4.00M, Peak:4.00M | Scene, ViewLayer | Updating Meshes Flags
Fra:1 Mem:28.16M (Peak 31.12M) | Time:00:00.67 | Mem:4.00M, Peak:4.00M | Scene, ViewLayer | Updating Objects
Fra:1 Mem:28.16M (Peak 31.12M) | Time:00:00.67 | Mem:4.00M, Peak:4.00M | Scene, ViewLayer | Updating Objects | Copying Transformations to device
Fra:1 Mem:28.19M (Peak 31.12M) | Time:00:00.67 | Mem:4.02M, Peak:4.02M | Scene, ViewLayer | Updating Particle Systems
Fra:1 Mem:28.19M (Peak 31.12M) | Time:00:00.67 | Mem:4.02M, Peak:4.02M | Scene, ViewLayer | Updating Particle Systems | Copying Particles to device
Fra:1 Mem:28.19M (Peak 31.12M) | Time:00:00.67 | Mem:4.02M, Peak:4.02M | Scene, ViewLayer | Updating Meshes
Fra:1 Mem:28.19M (Peak 31.12M) | Time:00:00.67 | Mem:4.02M, Peak:4.02M | Scene, ViewLayer | Updating Objects | Applying Static Transformations
Fra:1 Mem:28.19M (Peak 31.12M) | Time:00:00.67 | Mem:4.02M, Peak:4.02M | Scene, ViewLayer | Updating Mesh | Computing attributes
Fra:1 Mem:29.20M (Peak 31.12M) | Time:00:00.67 | Mem:4.03M, Peak:4.03M | Scene, ViewLayer | Updating Mesh | Copying Attributes to device
Fra:1 Mem:29.19M (Peak 31.12M) | Time:00:00.67 | Mem:5.02M, Peak:5.02M | Scene, ViewLayer | Updating Scene BVH | Building
Fra:1 Mem:29.19M (Peak 31.12M) | Time:00:00.67 | Mem:5.02M, Peak:5.02M | Scene, ViewLayer | Updating Scene BVH | Building BVH
Fra:1 Mem:29.19M (Peak 31.12M) | Time:00:00.67 | Mem:6.08M, Peak:6.08M | Scene, ViewLayer | Updating Scene BVH | Building BVH 0%
Fra:1 Mem:29.19M (Peak 31.12M) | Time:00:00.68 | Mem:7.23M, Peak:8.28M | Scene, ViewLayer | Updating Scene BVH | Copying BVH to device
Fra:1 Mem:29.19M (Peak 31.12M) | Time:00:00.68 | Mem:7.23M, Peak:8.28M | Scene, ViewLayer | Updating Mesh | Computing normals
Fra:1 Mem:30.12M (Peak 31.12M) | Time:00:00.68 | Mem:7.23M, Peak:8.28M | Scene, ViewLayer | Updating Mesh | Copying Mesh to device
Fra:1 Mem:30.12M (Peak 31.12M) | Time:00:00.68 | Mem:8.16M, Peak:8.28M | Scene, ViewLayer | Updating Objects Flags
Fra:1 Mem:30.12M (Peak 31.12M) | Time:00:00.68 | Mem:8.16M, Peak:8.28M | Scene, ViewLayer | Updating Primitive Offsets
Fra:1 Mem:30.12M (Peak 31.12M) | Time:00:00.68 | Mem:8.16M, Peak:8.28M | Scene, ViewLayer | Updating Images
Fra:1 Mem:30.12M (Peak 31.12M) | Time:00:00.68 | Mem:8.16M, Peak:8.28M | Scene, ViewLayer | Updating Camera Volume
Fra:1 Mem:30.12M (Peak 31.12M) | Time:00:00.68 | Mem:8.16M, Peak:8.28M | Scene, ViewLayer | Updating Lookup Tables
Fra:1 Mem:30.12M (Peak 31.12M) | Time:00:00.68 | Mem:8.24M, Peak:8.28M | Scene, ViewLayer | Updating Lights
Fra:1 Mem:30.12M (Peak 31.12M) | Time:00:00.68 | Mem:8.24M, Peak:8.28M | Scene, ViewLayer | Updating Lights | Computing tree
Fra:1 Mem:30.12M (Peak 31.12M) | Time:00:00.68 | Mem:8.24M, Peak:8.28M | Scene, ViewLayer | Updating Integrator
Fra:1 Mem:30.12M (Peak 31.12M) | Time:00:00.68 | Mem:8.24M, Peak:8.28M | Scene, ViewLayer | Updating Film
Fra:1 Mem:30.13M (Peak 31.12M) | Time:00:00.68 | Mem:8.16M, Peak:8.28M | Scene, ViewLayer | Updating Lookup Tables
Fra:1 Mem:30.13M (Peak 31.12M) | Time:00:00.68 | Mem:8.25M, Peak:8.28M | Scene, ViewLayer | Updating Baking
Fra:1 Mem:30.13M (Peak 31.12M) | Time:00:00.68 | Mem:8.25M, Peak:8.28M | Scene, ViewLayer | Updating Device | Writing constant memory
Fra:1 Mem:30.13M (Peak 31.12M) | Time:00:00.68 | Mem:8.25M, Peak:8.28M | Scene, ViewLayer | Loading denoising kernels (may take a few minutes the first time)
Fra:1 Mem:30.13M (Peak 31.12M) | Time:00:00.68 | Mem:8.25M, Peak:8.28M | Scene, ViewLayer | Sample 0/12
Fra:1 Mem:44.40M (Peak 44.40M) | Time:00:00.85 | Remaining:00:01.92 | Mem:22.51M, Peak:22.51M | Scene, ViewLayer | Sample 1/12
Fra:1 Mem:50.40M (Peak 59.41M) | Time:00:04.82 | Mem:22.51M, Peak:22.51M | Scene, ViewLayer | Sample 12/12
Fra:1 Mem:50.40M (Peak 59.41M) | Time:00:04.82 | Mem:22.51M, Peak:22.51M | Scene, ViewLayer | Finished
Saved: '/home/lzzz/MyProjects/N-SIDE/output/characters/CHR-001/animation-r2/candidate-b/run-front-01.png'
Time: 00:04.84 (Saving: 00:00.01)

Fra:7 Mem:26.15M (Peak 26.15M) | Time:00:00.00 | Mem:0.00M, Peak:0.00M | Scene, ViewLayer | Synchronizing object | TShirt
Fra:7 Mem:26.31M (Peak 26.31M) | Time:00:00.01 | Mem:0.00M, Peak:0.00M | Scene, ViewLayer | Synchronizing object | TShirt_Collar
Fra:7 Mem:26.33M (Peak 26.33M) | Time:00:00.01 | Mem:0.00M, Peak:0.00M | Scene, ViewLayer | Synchronizing object | Hood
Fra:7 Mem:26.39M (Peak 26.39M) | Time:00:00.01 | Mem:0.00M, Peak:0.00M | Scene, ViewLayer | Synchronizing object | Sleeve_Cuff.L
Fra:7 Mem:26.39M (Peak 26.39M) | Time:00:00.01 | Mem:0.00M, Peak:0.00M | Scene, ViewLayer | Synchronizing object | Zip_Tape.L
Fra:7 Mem:26.40M (Peak 26.40M) | Time:00:00.01 | Mem:0.00M, Peak:0.00M | Scene, ViewLayer | Synchronizing object | Hood_Cord.L
Fra:7 Mem:26.44M (Peak 26.44M) | Time:00:00.02 | Mem:0.00M, Peak:0.00M | Scene, ViewLayer | Synchronizing object | Palm.L
Fra:7 Mem:26.49M (Peak 26.49M) | Time:00:00.02 | Mem:0.00M, Peak:0.00M | Scene, ViewLayer | Synchronizing object | Index_Mesh.L
Fra:7 Mem:26.49M (Peak 26.49M) | Time:00:00.02 | Mem:0.00M, Peak:0.00M | Scene, ViewLayer | Synchronizing object | Middle_Mesh.L
Fra:7 Mem:26.53M (Peak 26.53M) | Time:00:00.02 | Mem:0.00M, Peak:0.00M | Scene, ViewLayer | Synchronizing object | Ring_Mesh.L
Fra:7 Mem:26.51M (Peak 26.53M) | Time:00:00.02 | Mem:0.00M, Peak:0.00M | Scene, ViewLayer | Synchronizing object | Pinky_Mesh.L
Fra:7 Mem:26.51M (Peak 26.53M) | Time:00:00.02 | Mem:0.00M, Peak:0.00M | Scene, ViewLayer | Synchronizing object | Thumb_Mesh.L
Fra:7 Mem:26.69M (Peak 26.69M) | Time:00:00.05 | Mem:0.00M, Peak:0.00M | Scene, ViewLayer | Synchronizing object | Trousers.L
Fra:7 Mem:26.95M (Peak 26.95M) | Time:00:00.05 | Mem:0.00M, Peak:0.00M | Scene, ViewLayer | Synchronizing object | Sneaker_Sole.L
Fra:7 Mem:26.97M (Peak 26.97M) | Time:00:00.05 | Mem:0.00M, Peak:0.00M | Scene, ViewLayer | Synchronizing object | Sneaker_Upper.L
Fra:7 Mem:26.99M (Peak 26.99M) | Time:00:00.05 | Mem:0.00M, Peak:0.00M | Scene, ViewLayer | Synchronizing object | Sock.L
Fra:7 Mem:26.99M (Peak 26.99M) | Time:00:00.05 | Mem:0.00M, Peak:0.00M | Scene, ViewLayer | Synchronizing object | Lace_0.L
Fra:7 Mem:27.00M (Peak 27.00M) | Time:00:00.05 | Mem:0.00M, Peak:0.00M | Scene, ViewLayer | Synchronizing object | Lace_1.L
Fra:7 Mem:27.00M (Peak 27.00M) | Time:00:00.05 | Mem:0.00M, Peak:0.00M | Scene, ViewLayer | Synchronizing object | Lace_2.L
Fra:7 Mem:27.00M (Peak 27.00M) | Time:00:00.05 | Mem:0.00M, Peak:0.00M | Scene, ViewLayer | Synchronizing object | Lace_3.L
Fra:7 Mem:27.01M (Peak 27.01M) | Time:00:00.05 | Mem:0.00M, Peak:0.00M | Scene, ViewLayer | Synchronizing object | Heel_Tab.L
Fra:7 Mem:27.01M (Peak 27.01M) | Time:00:00.05 | Mem:0.00M, Peak:0.00M | Scene, ViewLayer | Synchronizing object | Sleeve_Cuff.R
Fra:7 Mem:27.01M (Peak 27.01M) | Time:00:00.05 | Mem:0.00M, Peak:0.00M | Scene, ViewLayer | Synchronizing object | Zip_Tape.R
Fra:7 Mem:27.02M (Peak 27.02M) | Time:00:00.05 | Mem:0.00M, Peak:0.00M | Scene, ViewLayer | Synchronizing object | Hood_Cord.R
Fra:7 Mem:27.06M (Peak 27.06M) | Time:00:00.06 | Mem:0.00M, Peak:0.00M | Scene, ViewLayer | Synchronizing object | Palm.R
Fra:7 Mem:27.11M (Peak 27.11M) | Time:00:00.06 | Mem:0.00M, Peak:0.00M | Scene, ViewLayer | Synchronizing object | Index_Mesh.R
Fra:7 Mem:27.11M (Peak 27.11M) | Time:00:00.06 | Mem:0.00M, Peak:0.00M | Scene, ViewLayer | Synchronizing object | Middle_Mesh.R
Fra:7 Mem:27.12M (Peak 27.12M) | Time:00:00.06 | Mem:0.00M, Peak:0.00M | Scene, ViewLayer | Synchronizing object | Ring_Mesh.R
Fra:7 Mem:27.13M (Peak 27.13M) | Time:00:00.06 | Mem:0.00M, Peak:0.00M | Scene, ViewLayer | Synchronizing object | Pinky_Mesh.R
Fra:7 Mem:27.14M (Peak 27.14M) | Time:00:00.06 | Mem:0.00M, Peak:0.00M | Scene, ViewLayer | Synchronizing object | Thumb_Mesh.R
Fra:7 Mem:27.31M (Peak 27.31M) | Time:00:00.10 | Mem:0.00M, Peak:0.00M | Scene, ViewLayer | Synchronizing object | Trousers.R
Fra:7 Mem:27.59M (Peak 27.59M) | Time:00:00.10 | Mem:0.00M, Peak:0.00M | Scene, ViewLayer | Synchronizing object | Sneaker_Sole.R
Fra:7 Mem:27.60M (Peak 27.60M) | Time:00:00.10 | Mem:0.00M, Peak:0.00M | Scene, ViewLayer | Synchronizing object | Sneaker_Upper.R
Fra:7 Mem:27.62M (Peak 27.62M) | Time:00:00.10 | Mem:0.00M, Peak:0.00M | Scene, ViewLayer | Synchronizing object | Sock.R
Fra:7 Mem:27.64M (Peak 27.64M) | Time:00:00.10 | Mem:0.00M, Peak:0.00M | Scene, ViewLayer | Synchronizing object | Lace_0.R
Fra:7 Mem:27.72M (Peak 27.72M) | Time:00:00.10 | Mem:0.00M, Peak:0.00M | Scene, ViewLayer | Synchronizing object | Lace_1.R
Fra:7 Mem:27.72M (Peak 27.72M) | Time:00:00.10 | Mem:0.00M, Peak:0.00M | Scene, ViewLayer | Synchronizing object | Lace_2.R
Fra:7 Mem:27.72M (Peak 27.72M) | Time:00:00.10 | Mem:0.00M, Peak:0.00M | Scene, ViewLayer | Synchronizing object | Lace_3.R
Fra:7 Mem:27.66M (Peak 27.72M) | Time:00:00.10 | Mem:0.00M, Peak:0.00M | Scene, ViewLayer | Synchronizing object | Heel_Tab.R
Fra:7 Mem:28.20M (Peak 28.20M) | Time:00:00.14 | Mem:0.00M, Peak:0.00M | Scene, ViewLayer | Synchronizing object | Jacket_ContinuousShoulders
Fra:7 Mem:29.43M (Peak 29.43M) | Time:00:00.54 | Mem:0.00M, Peak:0.00M | Scene, ViewLayer | Synchronizing object | Face_Head
Fra:7 Mem:30.09M (Peak 30.09M) | Time:00:00.55 | Mem:0.00M, Peak:0.00M | Scene, ViewLayer | Synchronizing object | Ear.L
Fra:7 Mem:30.15M (Peak 30.15M) | Time:00:00.55 | Mem:0.00M, Peak:0.00M | Scene, ViewLayer | Synchronizing object | Ear_Fold.L
Fra:7 Mem:30.20M (Peak 30.20M) | Time:00:00.56 | Mem:0.00M, Peak:0.00M | Scene, ViewLayer | Synchronizing object | Ear.R
Fra:7 Mem:30.26M (Peak 30.26M) | Time:00:00.56 | Mem:0.00M, Peak:0.00M | Scene, ViewLayer | Synchronizing object | Ear_Fold.R
Fra:7 Mem:30.27M (Peak 30.27M) | Time:00:00.56 | Mem:0.00M, Peak:0.00M | Scene, ViewLayer | Synchronizing object | Eye_White.L
Fra:7 Mem:30.28M (Peak 30.28M) | Time:00:00.56 | Mem:0.00M, Peak:0.00M | Scene, ViewLayer | Synchronizing object | Iris_hair.L
Fra:7 Mem:30.30M (Peak 30.30M) | Time:00:00.56 | Mem:0.00M, Peak:0.00M | Scene, ViewLayer | Synchronizing object | Iris_ink.L
Fra:7 Mem:30.29M (Peak 30.30M) | Time:00:00.56 | Mem:0.00M, Peak:0.00M | Scene, ViewLayer | Synchronizing object | Eye_Glint.L
Fra:7 Mem:30.29M (Peak 30.30M) | Time:00:00.56 | Mem:0.00M, Peak:0.00M | Scene, ViewLayer | Synchronizing object | Upper_Lid.L
Fra:7 Mem:30.31M (Peak 30.31M) | Time:00:00.56 | Mem:0.00M, Peak:0.00M | Scene, ViewLayer | Synchronizing object | Lower_Lid.L
Fra:7 Mem:30.31M (Peak 30.31M) | Time:00:00.56 | Mem:0.00M, Peak:0.00M | Scene, ViewLayer | Synchronizing object | Eyebrow.L
Fra:7 Mem:30.32M (Peak 30.32M) | Time:00:00.56 | Mem:0.00M, Peak:0.00M | Scene, ViewLayer | Synchronizing object | Eye_White.R
Fra:7 Mem:30.32M (Peak 30.32M) | Time:00:00.56 | Mem:0.00M, Peak:0.00M | Scene, ViewLayer | Synchronizing object | Iris_hair.R
Fra:7 Mem:30.33M (Peak 30.33M) | Time:00:00.56 | Mem:0.00M, Peak:0.00M | Scene, ViewLayer | Synchronizing object | Iris_ink.R
Fra:7 Mem:30.34M (Peak 30.34M) | Time:00:00.56 | Mem:0.00M, Peak:0.00M | Scene, ViewLayer | Synchronizing object | Eye_Glint.R
Fra:7 Mem:30.35M (Peak 30.35M) | Time:00:00.56 | Mem:0.00M, Peak:0.00M | Scene, ViewLayer | Synchronizing object | Upper_Lid.R
Fra:7 Mem:30.36M (Peak 30.36M) | Time:00:00.56 | Mem:0.00M, Peak:0.00M | Scene, ViewLayer | Synchronizing object | Lower_Lid.R
Fra:7 Mem:30.36M (Peak 30.36M) | Time:00:00.56 | Mem:0.00M, Peak:0.00M | Scene, ViewLayer | Synchronizing object | Eyebrow.R
Fra:7 Mem:30.37M (Peak 30.37M) | Time:00:00.56 | Mem:0.00M, Peak:0.00M | Scene, ViewLayer | Synchronizing object | Mouth
Fra:7 Mem:30.50M (Peak 30.50M) | Time:00:00.68 | Mem:0.00M, Peak:0.00M | Scene, ViewLayer | Synchronizing object | Hair_Cap
Fra:7 Mem:30.67M (Peak 30.67M) | Time:00:00.68 | Mem:0.00M, Peak:0.00M | Scene, ViewLayer | Synchronizing object | Review_Rim
Fra:7 Mem:30.71M (Peak 30.71M) | Time:00:00.68 | Mem:0.00M, Peak:0.00M | Scene, ViewLayer | Synchronizing object | Review_Fill
Fra:7 Mem:30.71M (Peak 30.71M) | Time:00:00.68 | Mem:0.00M, Peak:0.00M | Scene, ViewLayer | Synchronizing object | Review_Key
Fra:7 Mem:30.68M (Peak 30.71M) | Time:00:00.68 | Mem:0.00M, Peak:0.00M | Scene, ViewLayer | Synchronizing object | Bangs_00
Fra:7 Mem:30.69M (Peak 30.71M) | Time:00:00.68 | Mem:0.00M, Peak:0.00M | Scene, ViewLayer | Synchronizing object | Review_Ground
Fra:7 Mem:30.69M (Peak 30.71M) | Time:00:00.68 | Mem:0.00M, Peak:0.00M | Scene, ViewLayer | Synchronizing object | Bangs_01
Fra:7 Mem:30.70M (Peak 30.71M) | Time:00:00.68 | Mem:0.00M, Peak:0.00M | Scene, ViewLayer | Synchronizing object | Tee_Bar
Fra:7 Mem:30.71M (Peak 30.71M) | Time:00:00.68 | Mem:0.00M, Peak:0.00M | Scene, ViewLayer | Synchronizing object | Bangs_02
Fra:7 Mem:30.71M (Peak 30.71M) | Time:00:00.68 | Mem:0.00M, Peak:0.00M | Scene, ViewLayer | Synchronizing object | Tee_Dot_1.246
Fra:7 Mem:30.73M (Peak 30.73M) | Time:00:00.68 | Mem:0.00M, Peak:0.00M | Scene, ViewLayer | Synchronizing object | Bangs_03
Fra:7 Mem:30.74M (Peak 30.74M) | Time:00:00.68 | Mem:0.00M, Peak:0.00M | Scene, ViewLayer | Synchronizing object | Tee_Dot_1.275
Fra:7 Mem:30.75M (Peak 30.75M) | Time:00:00.68 | Mem:0.00M, Peak:0.00M | Scene, ViewLayer | Synchronizing object | Bangs_04
Fra:7 Mem:30.77M (Peak 30.77M) | Time:00:00.68 | Mem:0.00M, Peak:0.00M | Scene, ViewLayer | Synchronizing object | Back_Lock_6
Fra:7 Mem:30.79M (Peak 30.79M) | Time:00:00.68 | Mem:0.00M, Peak:0.00M | Scene, ViewLayer | Synchronizing object | Bangs_05
Fra:7 Mem:30.81M (Peak 30.81M) | Time:00:00.68 | Mem:0.00M, Peak:0.00M | Scene, ViewLayer | Synchronizing object | Back_Lock_5
Fra:7 Mem:30.81M (Peak 30.81M) | Time:00:00.68 | Mem:0.00M, Peak:0.00M | Scene, ViewLayer | Synchronizing object | Temple_0.L
Fra:7 Mem:30.84M (Peak 30.84M) | Time:00:00.68 | Mem:0.00M, Peak:0.00M | Scene, ViewLayer | Synchronizing object | Back_Lock_4
Fra:7 Mem:30.84M (Peak 30.84M) | Time:00:00.68 | Mem:0.00M, Peak:0.00M | Scene, ViewLayer | Synchronizing object | Temple_1.L
Fra:7 Mem:30.88M (Peak 30.88M) | Time:00:00.68 | Mem:0.00M, Peak:0.00M | Scene, ViewLayer | Synchronizing object | Back_Lock_3
Fra:7 Mem:30.88M (Peak 30.88M) | Time:00:00.68 | Mem:0.00M, Peak:0.00M | Scene, ViewLayer | Synchronizing object | Temple_2.L
Fra:7 Mem:30.91M (Peak 30.91M) | Time:00:00.68 | Mem:0.00M, Peak:0.00M | Scene, ViewLayer | Synchronizing object | Back_Lock_2
Fra:7 Mem:30.91M (Peak 30.91M) | Time:00:00.68 | Mem:0.00M, Peak:0.00M | Scene, ViewLayer | Synchronizing object | Nape_0.L
Fra:7 Mem:30.95M (Peak 30.95M) | Time:00:00.68 | Mem:0.00M, Peak:0.00M | Scene, ViewLayer | Synchronizing object | Back_Lock_1
Fra:7 Mem:30.95M (Peak 30.95M) | Time:00:00.68 | Mem:0.00M, Peak:0.00M | Scene, ViewLayer | Synchronizing object | Nape_1.L
Fra:7 Mem:30.98M (Peak 30.98M) | Time:00:00.68 | Mem:0.00M, Peak:0.00M | Scene, ViewLayer | Synchronizing object | Back_Lock_0
Fra:7 Mem:30.98M (Peak 30.98M) | Time:00:00.68 | Mem:0.00M, Peak:0.00M | Scene, ViewLayer | Synchronizing object | Temple_0.R
Fra:7 Mem:31.02M (Peak 31.02M) | Time:00:00.68 | Mem:0.00M, Peak:0.00M | Scene, ViewLayer | Synchronizing object | Crown_0.R
Fra:7 Mem:31.02M (Peak 31.02M) | Time:00:00.68 | Mem:0.00M, Peak:0.00M | Scene, ViewLayer | Synchronizing object | Temple_1.R
Fra:7 Mem:31.05M (Peak 31.05M) | Time:00:00.68 | Mem:0.00M, Peak:0.00M | Scene, ViewLayer | Synchronizing object | Crown_0.L
Fra:7 Mem:31.05M (Peak 31.05M) | Time:00:00.68 | Mem:0.00M, Peak:0.00M | Scene, ViewLayer | Synchronizing object | Temple_2.R
Fra:7 Mem:31.09M (Peak 31.09M) | Time:00:00.68 | Mem:0.00M, Peak:0.00M | Scene, ViewLayer | Synchronizing object | Nape_1.R
Fra:7 Mem:31.10M (Peak 31.10M) | Time:00:00.68 | Mem:0.00M, Peak:0.00M | Scene, ViewLayer | Synchronizing object | Nape_0.R
Fra:7 Mem:31.12M (Peak 31.12M) | Time:00:00.68 | Mem:0.00M, Peak:0.00M | Scene, ViewLayer | Initializing
Fra:7 Mem:27.03M (Peak 31.12M) | Time:00:00.68 | Mem:0.00M, Peak:0.00M | Scene, ViewLayer | Updating Images | Loading CHR001_GreyStudy_BaseColor
Fra:7 Mem:28.08M (Peak 31.12M) | Time:00:00.69 | Mem:4.00M, Peak:4.00M | Scene, ViewLayer | Waiting for render to start
Fra:7 Mem:28.08M (Peak 31.12M) | Time:00:00.69 | Mem:4.00M, Peak:4.00M | Scene, ViewLayer | Updating Scene
Fra:7 Mem:28.08M (Peak 31.12M) | Time:00:00.69 | Mem:4.00M, Peak:4.00M | Scene, ViewLayer | Updating Shaders
Fra:7 Mem:28.08M (Peak 31.12M) | Time:00:00.69 | Mem:4.00M, Peak:4.00M | Scene, ViewLayer | Loading render kernels (may take a few minutes the first time)
Fra:7 Mem:28.16M (Peak 31.12M) | Time:00:00.69 | Mem:4.00M, Peak:4.00M | Scene, ViewLayer | Updating Procedurals
Fra:7 Mem:28.16M (Peak 31.12M) | Time:00:00.69 | Mem:4.00M, Peak:4.00M | Scene, ViewLayer | Updating Background
Fra:7 Mem:28.16M (Peak 31.12M) | Time:00:00.69 | Mem:4.00M, Peak:4.00M | Scene, ViewLayer | Updating Camera
Fra:7 Mem:28.16M (Peak 31.12M) | Time:00:00.69 | Mem:4.00M, Peak:4.00M | Scene, ViewLayer | Updating Meshes Flags
Fra:7 Mem:28.16M (Peak 31.12M) | Time:00:00.69 | Mem:4.00M, Peak:4.00M | Scene, ViewLayer | Updating Objects
Fra:7 Mem:28.16M (Peak 31.12M) | Time:00:00.69 | Mem:4.00M, Peak:4.00M | Scene, ViewLayer | Updating Objects | Copying Transformations to device
Fra:7 Mem:28.19M (Peak 31.12M) | Time:00:00.69 | Mem:4.02M, Peak:4.02M | Scene, ViewLayer | Updating Particle Systems
Fra:7 Mem:28.19M (Peak 31.12M) | Time:00:00.69 | Mem:4.02M, Peak:4.02M | Scene, ViewLayer | Updating Particle Systems | Copying Particles to device
Fra:7 Mem:28.19M (Peak 31.12M) | Time:00:00.69 | Mem:4.02M, Peak:4.02M | Scene, ViewLayer | Updating Meshes
Fra:7 Mem:28.19M (Peak 31.12M) | Time:00:00.69 | Mem:4.02M, Peak:4.02M | Scene, ViewLayer | Updating Objects | Applying Static Transformations
Fra:7 Mem:28.19M (Peak 31.12M) | Time:00:00.69 | Mem:4.02M, Peak:4.02M | Scene, ViewLayer | Updating Mesh | Computing attributes
Fra:7 Mem:29.20M (Peak 31.12M) | Time:00:00.69 | Mem:4.03M, Peak:4.03M | Scene, ViewLayer | Updating Mesh | Copying Attributes to device
Fra:7 Mem:29.19M (Peak 31.12M) | Time:00:00.69 | Mem:5.02M, Peak:5.02M | Scene, ViewLayer | Updating Scene BVH | Building
Fra:7 Mem:29.19M (Peak 31.12M) | Time:00:00.69 | Mem:5.02M, Peak:5.02M | Scene, ViewLayer | Updating Scene BVH | Building BVH
Fra:7 Mem:29.19M (Peak 31.12M) | Time:00:00.69 | Mem:6.08M, Peak:6.08M | Scene, ViewLayer | Updating Scene BVH | Building BVH 0%
Fra:7 Mem:29.19M (Peak 31.12M) | Time:00:00.69 | Mem:7.23M, Peak:8.28M | Scene, ViewLayer | Updating Scene BVH | Copying BVH to device
Fra:7 Mem:29.19M (Peak 31.12M) | Time:00:00.69 | Mem:7.23M, Peak:8.28M | Scene, ViewLayer | Updating Mesh | Computing normals
Fra:7 Mem:30.12M (Peak 31.12M) | Time:00:00.69 | Mem:7.23M, Peak:8.28M | Scene, ViewLayer | Updating Mesh | Copying Mesh to device
Fra:7 Mem:30.12M (Peak 31.12M) | Time:00:00.69 | Mem:8.16M, Peak:8.28M | Scene, ViewLayer | Updating Objects Flags
Fra:7 Mem:30.12M (Peak 31.12M) | Time:00:00.69 | Mem:8.16M, Peak:8.28M | Scene, ViewLayer | Updating Primitive Offsets
Fra:7 Mem:30.12M (Peak 31.12M) | Time:00:00.69 | Mem:8.16M, Peak:8.28M | Scene, ViewLayer | Updating Images
Fra:7 Mem:30.12M (Peak 31.12M) | Time:00:00.69 | Mem:8.16M, Peak:8.28M | Scene, ViewLayer | Updating Camera Volume
Fra:7 Mem:30.12M (Peak 31.12M) | Time:00:00.69 | Mem:8.16M, Peak:8.28M | Scene, ViewLayer | Updating Lookup Tables
Fra:7 Mem:30.12M (Peak 31.12M) | Time:00:00.69 | Mem:8.24M, Peak:8.28M | Scene, ViewLayer | Updating Lights
Fra:7 Mem:30.12M (Peak 31.12M) | Time:00:00.69 | Mem:8.24M, Peak:8.28M | Scene, ViewLayer | Updating Lights | Computing tree
Fra:7 Mem:30.12M (Peak 31.12M) | Time:00:00.69 | Mem:8.24M, Peak:8.28M | Scene, ViewLayer | Updating Integrator
Fra:7 Mem:30.12M (Peak 31.12M) | Time:00:00.69 | Mem:8.24M, Peak:8.28M | Scene, ViewLayer | Updating Film
Fra:7 Mem:30.13M (Peak 31.12M) | Time:00:00.69 | Mem:8.16M, Peak:8.28M | Scene, ViewLayer | Updating Lookup Tables
Fra:7 Mem:30.13M (Peak 31.12M) | Time:00:00.69 | Mem:8.25M, Peak:8.28M | Scene, ViewLayer | Updating Baking
Fra:7 Mem:30.13M (Peak 31.12M) | Time:00:00.69 | Mem:8.25M, Peak:8.28M | Scene, ViewLayer | Updating Device | Writing constant memory
Fra:7 Mem:30.13M (Peak 31.12M) | Time:00:00.69 | Mem:8.25M, Peak:8.28M | Scene, ViewLayer | Loading denoising kernels (may take a few minutes the first time)
Fra:7 Mem:30.13M (Peak 31.12M) | Time:00:00.69 | Mem:8.25M, Peak:8.28M | Scene, ViewLayer | Sample 0/12
Fra:7 Mem:44.40M (Peak 44.40M) | Time:00:00.87 | Remaining:00:01.93 | Mem:22.51M, Peak:22.51M | Scene, ViewLayer | Sample 1/12
Fra:7 Mem:50.40M (Peak 59.41M) | Time:00:04.84 | Mem:22.51M, Peak:22.51M | Scene, ViewLayer | Sample 12/12
Fra:7 Mem:50.40M (Peak 59.41M) | Time:00:04.84 | Mem:22.51M, Peak:22.51M | Scene, ViewLayer | Finished
Saved: '/home/lzzz/MyProjects/N-SIDE/output/characters/CHR-001/animation-r2/candidate-b/run-front-07.png'
Time: 00:04.86 (Saving: 00:00.01)

Fra:13 Mem:26.15M (Peak 26.15M) | Time:00:00.00 | Mem:0.00M, Peak:0.00M | Scene, ViewLayer | Synchronizing object | TShirt
Fra:13 Mem:26.31M (Peak 26.31M) | Time:00:00.00 | Mem:0.00M, Peak:0.00M | Scene, ViewLayer | Synchronizing object | TShirt_Collar
Fra:13 Mem:26.33M (Peak 26.33M) | Time:00:00.00 | Mem:0.00M, Peak:0.00M | Scene, ViewLayer | Synchronizing object | Hood
Fra:13 Mem:26.39M (Peak 26.39M) | Time:00:00.00 | Mem:0.00M, Peak:0.00M | Scene, ViewLayer | Synchronizing object | Sleeve_Cuff.L
Fra:13 Mem:26.39M (Peak 26.39M) | Time:00:00.00 | Mem:0.00M, Peak:0.00M | Scene, ViewLayer | Synchronizing object | Zip_Tape.L
Fra:13 Mem:26.40M (Peak 26.40M) | Time:00:00.00 | Mem:0.00M, Peak:0.00M | Scene, ViewLayer | Synchronizing object | Hood_Cord.L
Fra:13 Mem:26.44M (Peak 26.44M) | Time:00:00.02 | Mem:0.00M, Peak:0.00M | Scene, ViewLayer | Synchronizing object | Palm.L
Fra:13 Mem:26.49M (Peak 26.49M) | Time:00:00.02 | Mem:0.00M, Peak:0.00M | Scene, ViewLayer | Synchronizing object | Index_Mesh.L
Fra:13 Mem:26.49M (Peak 26.49M) | Time:00:00.02 | Mem:0.00M, Peak:0.00M | Scene, ViewLayer | Synchronizing object | Middle_Mesh.L
Fra:13 Mem:26.51M (Peak 26.51M) | Time:00:00.02 | Mem:0.00M, Peak:0.00M | Scene, ViewLayer | Synchronizing object | Ring_Mesh.L
Fra:13 Mem:26.50M (Peak 26.51M) | Time:00:00.02 | Mem:0.00M, Peak:0.00M | Scene, ViewLayer | Synchronizing object | Pinky_Mesh.L
Fra:13 Mem:26.51M (Peak 26.51M) | Time:00:00.02 | Mem:0.00M, Peak:0.00M | Scene, ViewLayer | Synchronizing object | Thumb_Mesh.L
Fra:13 Mem:26.69M (Peak 26.69M) | Time:00:00.05 | Mem:0.00M, Peak:0.00M | Scene, ViewLayer | Synchronizing object | Trousers.L
Fra:13 Mem:26.95M (Peak 26.95M) | Time:00:00.05 | Mem:0.00M, Peak:0.00M | Scene, ViewLayer | Synchronizing object | Sneaker_Sole.L
Fra:13 Mem:26.97M (Peak 26.97M) | Time:00:00.05 | Mem:0.00M, Peak:0.00M | Scene, ViewLayer | Synchronizing object | Sneaker_Upper.L
Fra:13 Mem:26.99M (Peak 26.99M) | Time:00:00.05 | Mem:0.00M, Peak:0.00M | Scene, ViewLayer | Synchronizing object | Sock.L
Fra:13 Mem:26.99M (Peak 26.99M) | Time:00:00.05 | Mem:0.00M, Peak:0.00M | Scene, ViewLayer | Synchronizing object | Lace_0.L
Fra:13 Mem:27.00M (Peak 27.00M) | Time:00:00.05 | Mem:0.00M, Peak:0.00M | Scene, ViewLayer | Synchronizing object | Lace_1.L
Fra:13 Mem:27.00M (Peak 27.00M) | Time:00:00.05 | Mem:0.00M, Peak:0.00M | Scene, ViewLayer | Synchronizing object | Lace_2.L
Fra:13 Mem:27.00M (Peak 27.00M) | Time:00:00.05 | Mem:0.00M, Peak:0.00M | Scene, ViewLayer | Synchronizing object | Lace_3.L
Fra:13 Mem:27.01M (Peak 27.01M) | Time:00:00.05 | Mem:0.00M, Peak:0.00M | Scene, ViewLayer | Synchronizing object | Heel_Tab.L
Fra:13 Mem:27.01M (Peak 27.01M) | Time:00:00.05 | Mem:0.00M, Peak:0.00M | Scene, ViewLayer | Synchronizing object | Sleeve_Cuff.R
Fra:13 Mem:27.01M (Peak 27.01M) | Time:00:00.05 | Mem:0.00M, Peak:0.00M | Scene, ViewLayer | Synchronizing object | Zip_Tape.R
Fra:13 Mem:27.02M (Peak 27.02M) | Time:00:00.05 | Mem:0.00M, Peak:0.00M | Scene, ViewLayer | Synchronizing object | Hood_Cord.R
Fra:13 Mem:27.06M (Peak 27.06M) | Time:00:00.06 | Mem:0.00M, Peak:0.00M | Scene, ViewLayer | Synchronizing object | Palm.R
Fra:13 Mem:27.11M (Peak 27.11M) | Time:00:00.06 | Mem:0.00M, Peak:0.00M | Scene, ViewLayer | Synchronizing object | Index_Mesh.R
Fra:13 Mem:27.11M (Peak 27.11M) | Time:00:00.06 | Mem:0.00M, Peak:0.00M | Scene, ViewLayer | Synchronizing object | Middle_Mesh.R
Fra:13 Mem:27.12M (Peak 27.12M) | Time:00:00.06 | Mem:0.00M, Peak:0.00M | Scene, ViewLayer | Synchronizing object | Ring_Mesh.R
Fra:13 Mem:27.15M (Peak 27.15M) | Time:00:00.06 | Mem:0.00M, Peak:0.00M | Scene, ViewLayer | Synchronizing object | Pinky_Mesh.R
Fra:13 Mem:27.14M (Peak 27.15M) | Time:00:00.06 | Mem:0.00M, Peak:0.00M | Scene, ViewLayer | Synchronizing object | Thumb_Mesh.R
Fra:13 Mem:27.31M (Peak 27.31M) | Time:00:00.10 | Mem:0.00M, Peak:0.00M | Scene, ViewLayer | Synchronizing object | Trousers.R
Fra:13 Mem:27.67M (Peak 27.67M) | Time:00:00.10 | Mem:0.00M, Peak:0.00M | Scene, ViewLayer | Synchronizing object | Sneaker_Sole.R
Fra:13 Mem:27.62M (Peak 27.67M) | Time:00:00.10 | Mem:0.00M, Peak:0.00M | Scene, ViewLayer | Synchronizing object | Sneaker_Upper.R
Fra:13 Mem:27.61M (Peak 27.67M) | Time:00:00.10 | Mem:0.00M, Peak:0.00M | Scene, ViewLayer | Synchronizing object | Sock.R
Fra:13 Mem:27.61M (Peak 27.67M) | Time:00:00.10 | Mem:0.00M, Peak:0.00M | Scene, ViewLayer | Synchronizing object | Lace_0.R
Fra:13 Mem:27.62M (Peak 27.67M) | Time:00:00.10 | Mem:0.00M, Peak:0.00M | Scene, ViewLayer | Synchronizing object | Lace_1.R
Fra:13 Mem:27.62M (Peak 27.67M) | Time:00:00.10 | Mem:0.00M, Peak:0.00M | Scene, ViewLayer | Synchronizing object | Lace_2.R
Fra:13 Mem:27.62M (Peak 27.67M) | Time:00:00.10 | Mem:0.00M, Peak:0.00M | Scene, ViewLayer | Synchronizing object | Lace_3.R
Fra:13 Mem:27.62M (Peak 27.67M) | Time:00:00.10 | Mem:0.00M, Peak:0.00M | Scene, ViewLayer | Synchronizing object | Heel_Tab.R
Fra:13 Mem:28.20M (Peak 28.20M) | Time:00:00.13 | Mem:0.00M, Peak:0.00M | Scene, ViewLayer | Synchronizing object | Jacket_ContinuousShoulders
Fra:13 Mem:29.43M (Peak 29.43M) | Time:00:00.54 | Mem:0.00M, Peak:0.00M | Scene, ViewLayer | Synchronizing object | Face_Head
Fra:13 Mem:30.09M (Peak 30.09M) | Time:00:00.55 | Mem:0.00M, Peak:0.00M | Scene, ViewLayer | Synchronizing object | Ear.L
Fra:13 Mem:30.15M (Peak 30.15M) | Time:00:00.55 | Mem:0.00M, Peak:0.00M | Scene, ViewLayer | Synchronizing object | Ear_Fold.L
Fra:13 Mem:30.20M (Peak 30.20M) | Time:00:00.56 | Mem:0.00M, Peak:0.00M | Scene, ViewLayer | Synchronizing object | Ear.R
Fra:13 Mem:30.26M (Peak 30.26M) | Time:00:00.56 | Mem:0.00M, Peak:0.00M | Scene, ViewLayer | Synchronizing object | Ear_Fold.R
Fra:13 Mem:30.27M (Peak 30.27M) | Time:00:00.56 | Mem:0.00M, Peak:0.00M | Scene, ViewLayer | Synchronizing object | Eye_White.L
Fra:13 Mem:30.28M (Peak 30.28M) | Time:00:00.56 | Mem:0.00M, Peak:0.00M | Scene, ViewLayer | Synchronizing object | Iris_hair.L
Fra:13 Mem:30.29M (Peak 30.29M) | Time:00:00.56 | Mem:0.00M, Peak:0.00M | Scene, ViewLayer | Synchronizing object | Iris_ink.L
Fra:13 Mem:30.29M (Peak 30.29M) | Time:00:00.56 | Mem:0.00M, Peak:0.00M | Scene, ViewLayer | Synchronizing object | Eye_Glint.L
Fra:13 Mem:30.29M (Peak 30.29M) | Time:00:00.56 | Mem:0.00M, Peak:0.00M | Scene, ViewLayer | Synchronizing object | Upper_Lid.L
Fra:13 Mem:30.31M (Peak 30.31M) | Time:00:00.56 | Mem:0.00M, Peak:0.00M | Scene, ViewLayer | Synchronizing object | Lower_Lid.L
Fra:13 Mem:30.31M (Peak 30.31M) | Time:00:00.56 | Mem:0.00M, Peak:0.00M | Scene, ViewLayer | Synchronizing object | Eyebrow.L
Fra:13 Mem:30.32M (Peak 30.32M) | Time:00:00.56 | Mem:0.00M, Peak:0.00M | Scene, ViewLayer | Synchronizing object | Eye_White.R
Fra:13 Mem:30.32M (Peak 30.32M) | Time:00:00.56 | Mem:0.00M, Peak:0.00M | Scene, ViewLayer | Synchronizing object | Iris_hair.R
Fra:13 Mem:30.33M (Peak 30.33M) | Time:00:00.56 | Mem:0.00M, Peak:0.00M | Scene, ViewLayer | Synchronizing object | Iris_ink.R
Fra:13 Mem:30.34M (Peak 30.34M) | Time:00:00.56 | Mem:0.00M, Peak:0.00M | Scene, ViewLayer | Synchronizing object | Eye_Glint.R
Fra:13 Mem:30.35M (Peak 30.35M) | Time:00:00.56 | Mem:0.00M, Peak:0.00M | Scene, ViewLayer | Synchronizing object | Upper_Lid.R
Fra:13 Mem:30.36M (Peak 30.36M) | Time:00:00.56 | Mem:0.00M, Peak:0.00M | Scene, ViewLayer | Synchronizing object | Lower_Lid.R
Fra:13 Mem:30.36M (Peak 30.36M) | Time:00:00.56 | Mem:0.00M, Peak:0.00M | Scene, ViewLayer | Synchronizing object | Eyebrow.R
Fra:13 Mem:30.37M (Peak 30.37M) | Time:00:00.56 | Mem:0.00M, Peak:0.00M | Scene, ViewLayer | Synchronizing object | Mouth
Fra:13 Mem:30.50M (Peak 30.50M) | Time:00:00.68 | Mem:0.00M, Peak:0.00M | Scene, ViewLayer | Synchronizing object | Hair_Cap
Fra:13 Mem:30.63M (Peak 30.63M) | Time:00:00.68 | Mem:0.00M, Peak:0.00M | Scene, ViewLayer | Synchronizing object | Review_Rim
Fra:13 Mem:30.67M (Peak 30.67M) | Time:00:00.68 | Mem:0.00M, Peak:0.00M | Scene, ViewLayer | Synchronizing object | Review_Fill
Fra:13 Mem:30.67M (Peak 30.67M) | Time:00:00.68 | Mem:0.00M, Peak:0.00M | Scene, ViewLayer | Synchronizing object | Review_Key
Fra:13 Mem:30.68M (Peak 30.68M) | Time:00:00.68 | Mem:0.00M, Peak:0.00M | Scene, ViewLayer | Synchronizing object | Review_Ground
Fra:13 Mem:30.69M (Peak 30.69M) | Time:00:00.68 | Mem:0.00M, Peak:0.00M | Scene, ViewLayer | Synchronizing object | Tee_Bar
Fra:13 Mem:30.71M (Peak 30.71M) | Time:00:00.68 | Mem:0.00M, Peak:0.00M | Scene, ViewLayer | Synchronizing object | Tee_Dot_1.246
Fra:13 Mem:30.68M (Peak 30.71M) | Time:00:00.68 | Mem:0.00M, Peak:0.00M | Scene, ViewLayer | Synchronizing object | Bangs_00
Fra:13 Mem:30.68M (Peak 30.71M) | Time:00:00.68 | Mem:0.00M, Peak:0.00M | Scene, ViewLayer | Synchronizing object | Tee_Dot_1.275
Fra:13 Mem:30.70M (Peak 30.71M) | Time:00:00.68 | Mem:0.00M, Peak:0.00M | Scene, ViewLayer | Synchronizing object | Bangs_01
Fra:13 Mem:30.71M (Peak 30.71M) | Time:00:00.68 | Mem:0.00M, Peak:0.00M | Scene, ViewLayer | Synchronizing object | Back_Lock_6
Fra:13 Mem:30.73M (Peak 30.73M) | Time:00:00.68 | Mem:0.00M, Peak:0.00M | Scene, ViewLayer | Synchronizing object | Bangs_02
Fra:13 Mem:30.75M (Peak 30.75M) | Time:00:00.68 | Mem:0.00M, Peak:0.00M | Scene, ViewLayer | Synchronizing object | Back_Lock_5
Fra:13 Mem:30.77M (Peak 30.77M) | Time:00:00.68 | Mem:0.00M, Peak:0.00M | Scene, ViewLayer | Synchronizing object | Bangs_03
Fra:13 Mem:30.79M (Peak 30.79M) | Time:00:00.68 | Mem:0.00M, Peak:0.00M | Scene, ViewLayer | Synchronizing object | Back_Lock_4
Fra:13 Mem:30.80M (Peak 30.80M) | Time:00:00.68 | Mem:0.00M, Peak:0.00M | Scene, ViewLayer | Synchronizing object | Bangs_04
Fra:13 Mem:30.81M (Peak 30.81M) | Time:00:00.68 | Mem:0.00M, Peak:0.00M | Scene, ViewLayer | Synchronizing object | Back_Lock_3
Fra:13 Mem:30.85M (Peak 30.85M) | Time:00:00.68 | Mem:0.00M, Peak:0.00M | Scene, ViewLayer | Synchronizing object | Bangs_05
Fra:13 Mem:30.85M (Peak 30.85M) | Time:00:00.68 | Mem:0.00M, Peak:0.00M | Scene, ViewLayer | Synchronizing object | Back_Lock_2
Fra:13 Mem:30.88M (Peak 30.88M) | Time:00:00.68 | Mem:0.00M, Peak:0.00M | Scene, ViewLayer | Synchronizing object | Temple_0.L
Fra:13 Mem:30.88M (Peak 30.88M) | Time:00:00.68 | Mem:0.00M, Peak:0.00M | Scene, ViewLayer | Synchronizing object | Back_Lock_1
Fra:13 Mem:30.92M (Peak 30.92M) | Time:00:00.68 | Mem:0.00M, Peak:0.00M | Scene, ViewLayer | Synchronizing object | Temple_1.L
Fra:13 Mem:30.92M (Peak 30.92M) | Time:00:00.68 | Mem:0.00M, Peak:0.00M | Scene, ViewLayer | Synchronizing object | Back_Lock_0
Fra:13 Mem:30.95M (Peak 30.95M) | Time:00:00.68 | Mem:0.00M, Peak:0.00M | Scene, ViewLayer | Synchronizing object | Temple_2.L
Fra:13 Mem:30.95M (Peak 30.95M) | Time:00:00.68 | Mem:0.00M, Peak:0.00M | Scene, ViewLayer | Synchronizing object | Crown_0.R
Fra:13 Mem:30.98M (Peak 30.98M) | Time:00:00.68 | Mem:0.00M, Peak:0.00M | Scene, ViewLayer | Synchronizing object | Nape_0.L
Fra:13 Mem:30.98M (Peak 30.98M) | Time:00:00.68 | Mem:0.00M, Peak:0.00M | Scene, ViewLayer | Synchronizing object | Crown_0.L
Fra:13 Mem:31.02M (Peak 31.02M) | Time:00:00.68 | Mem:0.00M, Peak:0.00M | Scene, ViewLayer | Synchronizing object | Nape_1.R
Fra:13 Mem:31.04M (Peak 31.04M) | Time:00:00.68 | Mem:0.00M, Peak:0.00M | Scene, ViewLayer | Synchronizing object | Nape_1.L
Fra:13 Mem:31.05M (Peak 31.05M) | Time:00:00.68 | Mem:0.00M, Peak:0.00M | Scene, ViewLayer | Synchronizing object | Nape_0.R
Fra:13 Mem:31.06M (Peak 31.06M) | Time:00:00.68 | Mem:0.00M, Peak:0.00M | Scene, ViewLayer | Synchronizing object | Temple_0.R
Fra:13 Mem:31.08M (Peak 31.08M) | Time:00:00.68 | Mem:0.00M, Peak:0.00M | Scene, ViewLayer | Synchronizing object | Temple_2.R
Fra:13 Mem:31.10M (Peak 31.10M) | Time:00:00.68 | Mem:0.00M, Peak:0.00M | Scene, ViewLayer | Synchronizing object | Temple_1.R
Fra:13 Mem:31.12M (Peak 31.12M) | Time:00:00.68 | Mem:0.00M, Peak:0.00M | Scene, ViewLayer | Initializing
Fra:13 Mem:27.03M (Peak 31.12M) | Time:00:00.68 | Mem:0.00M, Peak:0.00M | Scene, ViewLayer | Updating Images | Loading CHR001_GreyStudy_BaseColor
Fra:13 Mem:28.08M (Peak 31.12M) | Time:00:00.68 | Mem:4.00M, Peak:4.00M | Scene, ViewLayer | Waiting for render to start
Fra:13 Mem:28.08M (Peak 31.12M) | Time:00:00.68 | Mem:4.00M, Peak:4.00M | Scene, ViewLayer | Updating Scene
Fra:13 Mem:28.08M (Peak 31.12M) | Time:00:00.68 | Mem:4.00M, Peak:4.00M | Scene, ViewLayer | Updating Shaders
Fra:13 Mem:28.08M (Peak 31.12M) | Time:00:00.68 | Mem:4.00M, Peak:4.00M | Scene, ViewLayer | Loading render kernels (may take a few minutes the first time)
Fra:13 Mem:28.16M (Peak 31.12M) | Time:00:00.69 | Mem:4.00M, Peak:4.00M | Scene, ViewLayer | Updating Procedurals
Fra:13 Mem:28.16M (Peak 31.12M) | Time:00:00.69 | Mem:4.00M, Peak:4.00M | Scene, ViewLayer | Updating Background
Fra:13 Mem:28.16M (Peak 31.12M) | Time:00:00.69 | Mem:4.00M, Peak:4.00M | Scene, ViewLayer | Updating Camera
Fra:13 Mem:28.16M (Peak 31.12M) | Time:00:00.69 | Mem:4.00M, Peak:4.00M | Scene, ViewLayer | Updating Meshes Flags
Fra:13 Mem:28.16M (Peak 31.12M) | Time:00:00.69 | Mem:4.00M, Peak:4.00M | Scene, ViewLayer | Updating Objects
Fra:13 Mem:28.16M (Peak 31.12M) | Time:00:00.69 | Mem:4.00M, Peak:4.00M | Scene, ViewLayer | Updating Objects | Copying Transformations to device
Fra:13 Mem:28.19M (Peak 31.12M) | Time:00:00.69 | Mem:4.02M, Peak:4.02M | Scene, ViewLayer | Updating Particle Systems
Fra:13 Mem:28.19M (Peak 31.12M) | Time:00:00.69 | Mem:4.02M, Peak:4.02M | Scene, ViewLayer | Updating Particle Systems | Copying Particles to device
Fra:13 Mem:28.19M (Peak 31.12M) | Time:00:00.69 | Mem:4.02M, Peak:4.02M | Scene, ViewLayer | Updating Meshes
Fra:13 Mem:28.19M (Peak 31.12M) | Time:00:00.69 | Mem:4.02M, Peak:4.02M | Scene, ViewLayer | Updating Objects | Applying Static Transformations
Fra:13 Mem:28.19M (Peak 31.12M) | Time:00:00.69 | Mem:4.02M, Peak:4.02M | Scene, ViewLayer | Updating Mesh | Computing attributes
Fra:13 Mem:29.20M (Peak 31.12M) | Time:00:00.69 | Mem:4.03M, Peak:4.03M | Scene, ViewLayer | Updating Mesh | Copying Attributes to device
Fra:13 Mem:29.19M (Peak 31.12M) | Time:00:00.69 | Mem:5.02M, Peak:5.02M | Scene, ViewLayer | Updating Scene BVH | Building
Fra:13 Mem:29.19M (Peak 31.12M) | Time:00:00.69 | Mem:5.02M, Peak:5.02M | Scene, ViewLayer | Updating Scene BVH | Building BVH
Fra:13 Mem:29.19M (Peak 31.12M) | Time:00:00.69 | Mem:6.08M, Peak:6.08M | Scene, ViewLayer | Updating Scene BVH | Building BVH 0%
Fra:13 Mem:29.19M (Peak 31.12M) | Time:00:00.69 | Mem:7.23M, Peak:8.28M | Scene, ViewLayer | Updating Scene BVH | Copying BVH to device
Fra:13 Mem:29.19M (Peak 31.12M) | Time:00:00.69 | Mem:7.23M, Peak:8.28M | Scene, ViewLayer | Updating Mesh | Computing normals
Fra:13 Mem:30.12M (Peak 31.12M) | Time:00:00.69 | Mem:7.23M, Peak:8.28M | Scene, ViewLayer | Updating Mesh | Copying Mesh to device
Fra:13 Mem:30.12M (Peak 31.12M) | Time:00:00.69 | Mem:8.16M, Peak:8.28M | Scene, ViewLayer | Updating Objects Flags
Fra:13 Mem:30.12M (Peak 31.12M) | Time:00:00.69 | Mem:8.16M, Peak:8.28M | Scene, ViewLayer | Updating Primitive Offsets
Fra:13 Mem:30.12M (Peak 31.12M) | Time:00:00.69 | Mem:8.16M, Peak:8.28M | Scene, ViewLayer | Updating Images
Fra:13 Mem:30.12M (Peak 31.12M) | Time:00:00.69 | Mem:8.16M, Peak:8.28M | Scene, ViewLayer | Updating Camera Volume
Fra:13 Mem:30.12M (Peak 31.12M) | Time:00:00.69 | Mem:8.16M, Peak:8.28M | Scene, ViewLayer | Updating Lookup Tables
Fra:13 Mem:30.12M (Peak 31.12M) | Time:00:00.69 | Mem:8.24M, Peak:8.28M | Scene, ViewLayer | Updating Lights
Fra:13 Mem:30.12M (Peak 31.12M) | Time:00:00.69 | Mem:8.24M, Peak:8.28M | Scene, ViewLayer | Updating Lights | Computing tree
Fra:13 Mem:30.12M (Peak 31.12M) | Time:00:00.69 | Mem:8.24M, Peak:8.28M | Scene, ViewLayer | Updating Integrator
Fra:13 Mem:30.12M (Peak 31.12M) | Time:00:00.69 | Mem:8.24M, Peak:8.28M | Scene, ViewLayer | Updating Film
Fra:13 Mem:30.13M (Peak 31.12M) | Time:00:00.69 | Mem:8.16M, Peak:8.28M | Scene, ViewLayer | Updating Lookup Tables
Fra:13 Mem:30.13M (Peak 31.12M) | Time:00:00.69 | Mem:8.25M, Peak:8.28M | Scene, ViewLayer | Updating Baking
Fra:13 Mem:30.13M (Peak 31.12M) | Time:00:00.69 | Mem:8.25M, Peak:8.28M | Scene, ViewLayer | Updating Device | Writing constant memory
Fra:13 Mem:30.13M (Peak 31.12M) | Time:00:00.69 | Mem:8.25M, Peak:8.28M | Scene, ViewLayer | Loading denoising kernels (may take a few minutes the first time)
Fra:13 Mem:30.13M (Peak 31.12M) | Time:00:00.69 | Mem:8.25M, Peak:8.28M | Scene, ViewLayer | Sample 0/12
Fra:13 Mem:44.40M (Peak 44.40M) | Time:00:00.87 | Remaining:00:01.94 | Mem:22.51M, Peak:22.51M | Scene, ViewLayer | Sample 1/12
Fra:13 Mem:50.40M (Peak 59.41M) | Time:00:04.84 | Mem:22.51M, Peak:22.51M | Scene, ViewLayer | Sample 12/12
Fra:13 Mem:50.40M (Peak 59.41M) | Time:00:04.84 | Mem:22.51M, Peak:22.51M | Scene, ViewLayer | Finished
Saved: '/home/lzzz/MyProjects/N-SIDE/output/characters/CHR-001/animation-r2/candidate-b/run-front-13.png'
Time: 00:04.85 (Saving: 00:00.01)


Blender quit
