Info: Removed 4 vertices
Info: Removed 8 vertices
Info: Removed 2 vertices
Info: Removed 0 vertices
Info: Removed 0 vertices
Info: Removed 9 vertices
Info: Removed 3 vertices
Info: Removed 6 vertices
Info: Removed 3 vertices
Info: Removed 4 vertices
Info: Removed 4 vertices
Info: Removed 4 vertices
Info: Removed 4 vertices
Info: Removed 4 vertices
Info: Removed 4 vertices
Info: Removed 12 vertices
Info: Removed 4 vertices
Info: Removed 5 vertices
Info: Removed 2 vertices
Info: Removed 3 vertices
Info: Removed 3 vertices
Info: Removed 3 vertices
Info: Removed 3 vertices
Info: Removed 3 vertices
Info: Removed 9 vertices
Info: Removed 3 vertices
Info: Removed 6 vertices
Info: Removed 3 vertices
Info: Removed 4 vertices
Info: Removed 4 vertices
Info: Removed 4 vertices
Info: Removed 4 vertices
Info: Removed 4 vertices
Info: Removed 4 vertices
Info: Removed 12 vertices
Info: Removed 4 vertices
Info: Removed 5 vertices
Info: Removed 2 vertices
Info: Removed 3 vertices
Info: Removed 3 vertices
Info: Removed 3 vertices
Info: Removed 3 vertices
Info: Removed 3 vertices
Info: Removed 10 vertices
Info: Removed 5 vertices
Info: Removed 3 vertices
Info: Removed 5 vertices
Info: Removed 3 vertices
Info: Removed 0 vertices
Info: Removed 0 vertices
Info: Removed 0 vertices
Info: Removed 0 vertices
Info: Removed 4 vertices
Info: Removed 4 vertices
Info: Removed 0 vertices
Info: Removed 0 vertices
Info: Removed 0 vertices
Info: Removed 0 vertices
Info: Removed 4 vertices
Info: Removed 4 vertices
Info: Removed 0 vertices
Info: Removed 5 vertices
Info: Removed 5 vertices
Info: Removed 0 vertices
Info: Removed 0 vertices
Info: Removed 0 vertices
Info: Removed 0 vertices
Info: Removed 0 vertices
Info: Removed 0 vertices
Info: Removed 0 vertices
Info: Removed 0 vertices
Info: Removed 0 vertices
Info: Removed 0 vertices
Info: Removed 0 vertices
Info: Removed 0 vertices
Info: Removed 0 vertices
Info: Removed 0 vertices
Info: Removed 0 vertices
Info: Removed 0 vertices
Info: Removed 0 vertices
Info: Removed 0 vertices
Info: Removed 0 vertices
Info: Removed 0 vertices
Info: Removed 0 vertices
Info: Removed 0 vertices
Info: Removed 0 vertices
Info: Removed 0 vertices
Info: Removed 0 vertices
Info: Removed 0 vertices
Info: Removed 0 vertices
Info: Removed 0 vertices
Info: Removed 0 vertices
Info: Removed 0 vertices
Info: Removed 0 vertices
Info: Removed 0 vertices
Info: Removed 0 vertices
Info: Removed 0 vertices
Info: Removed 0 vertices
Info: Removed 0 vertices
Info: Removed 0 vertices
Info: Removed 0 vertices
Info: Removed 0 vertices
Info: Removed 0 vertices
Info: Saved as "yao-grey-study.blend"
INFO Draco mesh compression is available, use library at /home/lzzz/MyProjects/N-SIDE/output/tools/blender-4.5.14-linux-x64/4.5/scripts/addons_core/io_scene_gltf2/libextern_draco.so
00:36:20 | INFO: Starting glTF 2.0 export
00:36:20 | INFO: Extracting primitive: Neck.001
00:36:20 | INFO: Primitives created: 1
00:36:20 | INFO: Finished glTF 2.0 export in 0.3724849224090576 s
Blender 4.5.14 LTS (hash 62c1db4208e8 built 2026-09-15 01:31:19)
Fra:1 Mem:25.82M (Peak 25.82M) | Time:00:00.00 | Mem:0.00M, Peak:0.00M | Scene, ViewLayer | Synchronizing object | Neck
Fra:1 Mem:25.94M (Peak 25.94M) | Time:00:00.00 | Mem:0.00M, Peak:0.00M | Scene, ViewLayer | Synchronizing object | TShirt
Fra:1 Mem:26.10M (Peak 26.10M) | Time:00:00.00 | Mem:0.00M, Peak:0.00M | Scene, ViewLayer | Synchronizing object | TShirt_Collar
Fra:1 Mem:26.38M (Peak 26.38M) | Time:00:00.01 | Mem:0.00M, Peak:0.00M | Scene, ViewLayer | Synchronizing object | Jacket_Body
Fra:1 Mem:26.43M (Peak 26.43M) | Time:00:00.01 | Mem:0.00M, Peak:0.00M | Scene, ViewLayer | Synchronizing object | Hood
Fra:1 Mem:26.90M (Peak 26.90M) | Time:00:00.02 | Mem:0.00M, Peak:0.00M | Scene, ViewLayer | Synchronizing object | Sleeve.L
Fra:1 Mem:26.90M (Peak 26.90M) | Time:00:00.02 | Mem:0.00M, Peak:0.00M | Scene, ViewLayer | Synchronizing object | Sleeve_Cuff.L
Fra:1 Mem:26.96M (Peak 26.96M) | Time:00:00.02 | Mem:0.00M, Peak:0.00M | Scene, ViewLayer | Synchronizing object | Hood_Cord.L
Fra:1 Mem:27.08M (Peak 27.08M) | Time:00:00.03 | Mem:0.00M, Peak:0.00M | Scene, ViewLayer | Synchronizing object | Palm.L
Fra:1 Mem:27.08M (Peak 27.08M) | Time:00:00.03 | Mem:0.00M, Peak:0.00M | Scene, ViewLayer | Synchronizing object | Middle_Mesh.L
Fra:1 Mem:27.12M (Peak 27.12M) | Time:00:00.03 | Mem:0.00M, Peak:0.00M | Scene, ViewLayer | Synchronizing object | Pinky_Mesh.L
Fra:1 Mem:27.16M (Peak 27.16M) | Time:00:00.03 | Mem:0.00M, Peak:0.00M | Scene, ViewLayer | Synchronizing object | Thumb_Mesh.L
Fra:1 Mem:27.32M (Peak 27.32M) | Time:00:00.05 | Mem:0.00M, Peak:0.00M | Scene, ViewLayer | Synchronizing object | Trousers.L
Fra:1 Mem:27.32M (Peak 27.32M) | Time:00:00.05 | Mem:0.00M, Peak:0.00M | Scene, ViewLayer | Synchronizing object | Sneaker_Sole.L
Fra:1 Mem:27.37M (Peak 27.37M) | Time:00:00.05 | Mem:0.00M, Peak:0.00M | Scene, ViewLayer | Synchronizing object | Sock.L
Fra:1 Mem:27.43M (Peak 27.43M) | Time:00:00.05 | Mem:0.00M, Peak:0.00M | Scene, ViewLayer | Synchronizing object | Lace_0.L
Fra:1 Mem:27.48M (Peak 27.48M) | Time:00:00.05 | Mem:0.00M, Peak:0.00M | Scene, ViewLayer | Synchronizing object | Lace_1.L
Fra:1 Mem:27.50M (Peak 27.50M) | Time:00:00.05 | Mem:0.00M, Peak:0.00M | Scene, ViewLayer | Synchronizing object | Lace_2.L
Fra:1 Mem:27.51M (Peak 27.51M) | Time:00:00.06 | Mem:0.00M, Peak:0.00M | Scene, ViewLayer | Synchronizing object | Lace_3.L
Fra:1 Mem:27.53M (Peak 27.53M) | Time:00:00.06 | Mem:0.00M, Peak:0.00M | Scene, ViewLayer | Synchronizing object | Heel_Tab.L
Fra:1 Mem:27.70M (Peak 27.70M) | Time:00:00.07 | Mem:0.00M, Peak:0.00M | Scene, ViewLayer | Synchronizing object | Sleeve.R
Fra:1 Mem:27.72M (Peak 27.72M) | Time:00:00.07 | Mem:0.00M, Peak:0.00M | Scene, ViewLayer | Synchronizing object | Sleeve_Cuff.R
Fra:1 Mem:27.78M (Peak 27.78M) | Time:00:00.07 | Mem:0.00M, Peak:0.00M | Scene, ViewLayer | Synchronizing object | Hood_Cord.R
Fra:1 Mem:27.89M (Peak 27.89M) | Time:00:00.08 | Mem:0.00M, Peak:0.00M | Scene, ViewLayer | Synchronizing object | Palm.R
Fra:1 Mem:27.89M (Peak 27.89M) | Time:00:00.08 | Mem:0.00M, Peak:0.00M | Scene, ViewLayer | Synchronizing object | Index_Mesh.R
Fra:1 Mem:27.91M (Peak 27.91M) | Time:00:00.08 | Mem:0.00M, Peak:0.00M | Scene, ViewLayer | Synchronizing object | Ring_Mesh.R
Fra:1 Mem:27.93M (Peak 27.93M) | Time:00:00.08 | Mem:0.00M, Peak:0.00M | Scene, ViewLayer | Synchronizing object | Pinky_Mesh.R
Fra:1 Mem:27.95M (Peak 27.95M) | Time:00:00.08 | Mem:0.00M, Peak:0.00M | Scene, ViewLayer | Synchronizing object | Thumb_Mesh.R
Fra:1 Mem:28.12M (Peak 28.12M) | Time:00:00.10 | Mem:0.00M, Peak:0.00M | Scene, ViewLayer | Synchronizing object | Trousers.R
Fra:1 Mem:28.15M (Peak 28.15M) | Time:00:00.10 | Mem:0.00M, Peak:0.00M | Scene, ViewLayer | Synchronizing object | Sock.R
Fra:1 Mem:28.23M (Peak 28.23M) | Time:00:00.10 | Mem:0.00M, Peak:0.00M | Scene, ViewLayer | Synchronizing object | Lace_0.R
Fra:1 Mem:28.33M (Peak 28.33M) | Time:00:00.10 | Mem:0.00M, Peak:0.00M | Scene, ViewLayer | Synchronizing object | Lace_1.R
Fra:1 Mem:28.33M (Peak 28.33M) | Time:00:00.10 | Mem:0.00M, Peak:0.00M | Scene, ViewLayer | Synchronizing object | Lace_2.R
Fra:1 Mem:28.33M (Peak 28.33M) | Time:00:00.10 | Mem:0.00M, Peak:0.00M | Scene, ViewLayer | Synchronizing object | Heel_Tab.R
Fra:1 Mem:28.65M (Peak 28.65M) | Time:00:00.38 | Mem:0.00M, Peak:0.00M | Scene, ViewLayer | Synchronizing object | Face_Head
Fra:1 Mem:29.04M (Peak 29.04M) | Time:00:00.39 | Mem:0.00M, Peak:0.00M | Scene, ViewLayer | Synchronizing object | Ear.L
Fra:1 Mem:29.05M (Peak 29.05M) | Time:00:00.39 | Mem:0.00M, Peak:0.00M | Scene, ViewLayer | Synchronizing object | Ear_Fold.L
Fra:1 Mem:29.12M (Peak 29.12M) | Time:00:00.39 | Mem:0.00M, Peak:0.00M | Scene, ViewLayer | Synchronizing object | Ear.R
Fra:1 Mem:29.12M (Peak 29.12M) | Time:00:00.39 | Mem:0.00M, Peak:0.00M | Scene, ViewLayer | Synchronizing object | Eye_White.L
Fra:1 Mem:29.15M (Peak 29.15M) | Time:00:00.39 | Mem:0.00M, Peak:0.00M | Scene, ViewLayer | Synchronizing object | Iris_hair.L
Fra:1 Mem:29.16M (Peak 29.16M) | Time:00:00.39 | Mem:0.00M, Peak:0.00M | Scene, ViewLayer | Synchronizing object | Eye_Glint.L
Fra:1 Mem:29.18M (Peak 29.18M) | Time:00:00.39 | Mem:0.00M, Peak:0.00M | Scene, ViewLayer | Synchronizing object | Upper_Lid.L
Fra:1 Mem:29.18M (Peak 29.18M) | Time:00:00.39 | Mem:0.00M, Peak:0.00M | Scene, ViewLayer | Synchronizing object | Eyebrow.L
Fra:1 Mem:29.20M (Peak 29.20M) | Time:00:00.39 | Mem:0.00M, Peak:0.00M | Scene, ViewLayer | Synchronizing object | Eye_White.R
Fra:1 Mem:29.20M (Peak 29.20M) | Time:00:00.39 | Mem:0.00M, Peak:0.00M | Scene, ViewLayer | Synchronizing object | Iris_ink.R
Fra:1 Mem:29.20M (Peak 29.20M) | Time:00:00.39 | Mem:0.00M, Peak:0.00M | Scene, ViewLayer | Synchronizing object | Eye_Glint.R
Fra:1 Mem:29.20M (Peak 29.20M) | Time:00:00.39 | Mem:0.00M, Peak:0.00M | Scene, ViewLayer | Synchronizing object | Upper_Lid.R
Fra:1 Mem:29.20M (Peak 29.20M) | Time:00:00.39 | Mem:0.00M, Peak:0.00M | Scene, ViewLayer | Synchronizing object | Eyebrow.R
Fra:1 Mem:29.20M (Peak 29.20M) | Time:00:00.39 | Mem:0.00M, Peak:0.00M | Scene, ViewLayer | Synchronizing object | Mouth
Fra:1 Mem:29.23M (Peak 29.21M) | Time:00:00.39 | Mem:0.00M, Peak:0.00M | Scene, ViewLayer | Synchronizing object | Hair_Cap
Fra:1 Mem:29.22M (Peak 29.22M) | Time:00:00.39 | Mem:0.00M, Peak:0.00M | Scene, ViewLayer | Synchronizing object | Bangs_00
Fra:1 Mem:29.22M (Peak 29.22M) | Time:00:00.39 | Mem:0.00M, Peak:0.00M | Scene, ViewLayer | Synchronizing object | Bangs_02
Fra:1 Mem:29.24M (Peak 29.24M) | Time:00:00.39 | Mem:0.00M, Peak:0.00M | Scene, ViewLayer | Synchronizing object | Bangs_03
Fra:1 Mem:29.28M (Peak 29.28M) | Time:00:00.39 | Mem:0.00M, Peak:0.00M | Scene, ViewLayer | Synchronizing object | Bangs_04
Fra:1 Mem:29.29M (Peak 29.29M) | Time:00:00.39 | Mem:0.00M, Peak:0.00M | Scene, ViewLayer | Synchronizing object | Bangs_05
Fra:1 Mem:29.33M (Peak 29.33M) | Time:00:00.39 | Mem:0.00M, Peak:0.00M | Scene, ViewLayer | Synchronizing object | Bangs_06
Fra:1 Mem:29.33M (Peak 29.33M) | Time:00:00.39 | Mem:0.00M, Peak:0.00M | Scene, ViewLayer | Synchronizing object | Bangs_07
Fra:1 Mem:29.36M (Peak 29.36M) | Time:00:00.39 | Mem:0.00M, Peak:0.00M | Scene, ViewLayer | Synchronizing object | Bangs_08
Fra:1 Mem:29.38M (Peak 29.38M) | Time:00:00.39 | Mem:0.00M, Peak:0.00M | Scene, ViewLayer | Synchronizing object | Temple_1.L
Fra:1 Mem:29.40M (Peak 29.40M) | Time:00:00.39 | Mem:0.00M, Peak:0.00M | Scene, ViewLayer | Synchronizing object | Temple_2.L
Fra:1 Mem:29.40M (Peak 29.40M) | Time:00:00.39 | Mem:0.00M, Peak:0.00M | Scene, ViewLayer | Synchronizing object | Temple_4.L
Fra:1 Mem:29.42M (Peak 29.42M) | Time:00:00.39 | Mem:0.00M, Peak:0.00M | Scene, ViewLayer | Synchronizing object | Crown_0.L
Fra:1 Mem:29.46M (Peak 29.46M) | Time:00:00.39 | Mem:0.00M, Peak:0.00M | Scene, ViewLayer | Synchronizing object | Review_Fill
Fra:1 Mem:29.47M (Peak 29.47M) | Time:00:00.39 | Mem:0.00M, Peak:0.00M | Scene, ViewLayer | Synchronizing object | Review_Key
Fra:1 Mem:29.47M (Peak 29.47M) | Time:00:00.39 | Mem:0.00M, Peak:0.00M | Scene, ViewLayer | Synchronizing object | Review_Ground
Fra:1 Mem:29.47M (Peak 29.47M) | Time:00:00.39 | Mem:0.00M, Peak:0.00M | Scene, ViewLayer | Synchronizing object | Nape_1.L
Fra:1 Mem:29.47M (Peak 29.47M) | Time:00:00.39 | Mem:0.00M, Peak:0.00M | Scene, ViewLayer | Synchronizing object | Tee_Bar
Fra:1 Mem:29.49M (Peak 29.49M) | Time:00:00.39 | Mem:0.00M, Peak:0.00M | Scene, ViewLayer | Synchronizing object | Nape_2.L
Fra:1 Mem:29.50M (Peak 29.50M) | Time:00:00.39 | Mem:0.00M, Peak:0.00M | Scene, ViewLayer | Synchronizing object | Tee_Dot_1.246
Fra:1 Mem:29.51M (Peak 29.51M) | Time:00:00.39 | Mem:0.00M, Peak:0.00M | Scene, ViewLayer | Synchronizing object | Nape_3.L
Fra:1 Mem:29.54M (Peak 29.54M) | Time:00:00.39 | Mem:0.00M, Peak:0.00M | Scene, ViewLayer | Synchronizing object | Temple_0.R
Fra:1 Mem:29.57M (Peak 29.57M) | Time:00:00.39 | Mem:0.00M, Peak:0.00M | Scene, ViewLayer | Synchronizing object | Tee_Dot_1.275
Fra:1 Mem:29.57M (Peak 29.57M) | Time:00:00.39 | Mem:0.00M, Peak:0.00M | Scene, ViewLayer | Synchronizing object | Temple_2.R
Fra:1 Mem:29.59M (Peak 29.58M) | Time:00:00.39 | Mem:0.00M, Peak:0.00M | Scene, ViewLayer | Synchronizing object | Temple_3.R
Fra:1 Mem:29.59M (Peak 29.59M) | Time:00:00.39 | Mem:0.00M, Peak:0.00M | Scene, ViewLayer | Synchronizing object | Back_Lock_6
Fra:1 Mem:29.59M (Peak 29.59M) | Time:00:00.39 | Mem:0.00M, Peak:0.00M | Scene, ViewLayer | Synchronizing object | Crown_1.R
Fra:1 Mem:29.64M (Peak 29.64M) | Time:00:00.39 | Mem:0.00M, Peak:0.00M | Scene, ViewLayer | Synchronizing object | Crown_2.R
Fra:1 Mem:29.67M (Peak 29.67M) | Time:00:00.39 | Mem:0.00M, Peak:0.00M | Scene, ViewLayer | Synchronizing object | Nape_0.R
Fra:1 Mem:29.67M (Peak 29.67M) | Time:00:00.39 | Mem:0.00M, Peak:0.00M | Scene, ViewLayer | Synchronizing object | Back_Lock_5
Fra:1 Mem:29.69M (Peak 29.69M) | Time:00:00.39 | Mem:0.00M, Peak:0.00M | Scene, ViewLayer | Synchronizing object | Nape_1.R
Fra:1 Mem:29.70M (Peak 29.71M) | Time:00:00.39 | Mem:0.00M, Peak:0.00M | Scene, ViewLayer | Synchronizing object | Nape_3.R
Fra:1 Mem:29.72M (Peak 29.72M) | Time:00:00.39 | Mem:0.00M, Peak:0.00M | Scene, ViewLayer | Synchronizing object | Back_Lock_3
Fra:1 Mem:29.74M (Peak 29.74M) | Time:00:00.39 | Mem:0.00M, Peak:0.00M | Scene, ViewLayer | Synchronizing object | Back_Lock_4
Fra:1 Mem:29.78M (Peak 29.78M) | Time:00:00.39 | Mem:0.00M, Peak:0.00M | Scene, ViewLayer | Initializing
Fra:1 Mem:26.43M (Peak 29.78M) | Time:00:00.39 | Mem:0.00M, Peak:0.00M | Scene, ViewLayer | Updating Images | Loading CHR001_GreyStudy_BaseColor
Fra:1 Mem:26.96M (Peak 30.43M) | Time:00:00.40 | Mem:4.00M, Peak:4.00M | Scene, ViewLayer | Waiting for render to start
Fra:1 Mem:26.96M (Peak 30.43M) | Time:00:00.40 | Mem:4.00M, Peak:4.00M | Scene, ViewLayer | Updating Scene
Fra:1 Mem:26.96M (Peak 30.43M) | Time:00:00.40 | Mem:4.00M, Peak:4.00M | Scene, ViewLayer | Updating Shaders
Fra:1 Mem:26.96M (Peak 30.43M) | Time:00:00.40 | Mem:4.00M, Peak:4.00M | Scene, ViewLayer | Loading render kernels (may take a few minutes the first time)
Fra:1 Mem:27.05M (Peak 30.43M) | Time:00:00.40 | Mem:4.00M, Peak:4.00M | Scene, ViewLayer | Updating Procedurals
Fra:1 Mem:27.05M (Peak 30.43M) | Time:00:00.40 | Mem:4.00M, Peak:4.00M | Scene, ViewLayer | Updating Background
Fra:1 Mem:27.05M (Peak 30.43M) | Time:00:00.40 | Mem:4.00M, Peak:4.00M | Scene, ViewLayer | Updating Camera
Fra:1 Mem:27.05M (Peak 30.43M) | Time:00:00.40 | Mem:4.00M, Peak:4.00M | Scene, ViewLayer | Updating Meshes Flags
Fra:1 Mem:27.05M (Peak 30.43M) | Time:00:00.40 | Mem:4.00M, Peak:4.00M | Scene, ViewLayer | Updating Objects
Fra:1 Mem:27.05M (Peak 30.43M) | Time:00:00.40 | Mem:4.00M, Peak:4.00M | Scene, ViewLayer | Updating Objects | Copying Transformations to device
Fra:1 Mem:27.07M (Peak 30.43M) | Time:00:00.40 | Mem:4.03M, Peak:4.03M | Scene, ViewLayer | Updating Particle Systems
Fra:1 Mem:27.07M (Peak 30.43M) | Time:00:00.40 | Mem:4.03M, Peak:4.03M | Scene, ViewLayer | Updating Particle Systems | Copying Particles to device
Fra:1 Mem:27.07M (Peak 30.43M) | Time:00:00.40 | Mem:4.03M, Peak:4.03M | Scene, ViewLayer | Updating Meshes
Fra:1 Mem:27.07M (Peak 30.43M) | Time:00:00.40 | Mem:4.03M, Peak:4.03M | Scene, ViewLayer | Updating Objects | Applying Static Transformations
Fra:1 Mem:27.07M (Peak 30.43M) | Time:00:00.40 | Mem:4.03M, Peak:4.03M | Scene, ViewLayer | Updating Mesh | Computing attributes
Fra:1 Mem:27.87M (Peak 30.43M) | Time:00:00.40 | Mem:4.04M, Peak:4.04M | Scene, ViewLayer | Updating Mesh | Copying Attributes to device
Fra:1 Mem:27.86M (Peak 30.43M) | Time:00:00.40 | Mem:4.81M, Peak:4.81M | Scene, ViewLayer | Updating Scene BVH | Building
Fra:1 Mem:27.86M (Peak 30.43M) | Time:00:00.40 | Mem:4.81M, Peak:4.81M | Scene, ViewLayer | Updating Scene BVH | Building BVH
Fra:1 Mem:27.86M (Peak 30.43M) | Time:00:00.40 | Mem:5.63M, Peak:5.63M | Scene, ViewLayer | Updating Scene BVH | Building BVH 0%
Fra:1 Mem:27.86M (Peak 30.43M) | Time:00:00.40 | Mem:6.53M, Peak:7.35M | Scene, ViewLayer | Updating Scene BVH | Copying BVH to device
Fra:1 Mem:27.86M (Peak 30.43M) | Time:00:00.40 | Mem:6.53M, Peak:7.35M | Scene, ViewLayer | Updating Mesh | Computing normals
Fra:1 Mem:28.59M (Peak 30.43M) | Time:00:00.40 | Mem:6.53M, Peak:7.35M | Scene, ViewLayer | Updating Mesh | Copying Mesh to device
Fra:1 Mem:28.59M (Peak 30.43M) | Time:00:00.40 | Mem:7.26M, Peak:7.35M | Scene, ViewLayer | Updating Objects Flags
Fra:1 Mem:28.59M (Peak 30.43M) | Time:00:00.40 | Mem:7.26M, Peak:7.35M | Scene, ViewLayer | Updating Primitive Offsets
Fra:1 Mem:28.59M (Peak 30.43M) | Time:00:00.40 | Mem:7.26M, Peak:7.35M | Scene, ViewLayer | Updating Images
Fra:1 Mem:28.59M (Peak 30.43M) | Time:00:00.40 | Mem:7.26M, Peak:7.35M | Scene, ViewLayer | Updating Camera Volume
Fra:1 Mem:28.59M (Peak 30.43M) | Time:00:00.40 | Mem:7.26M, Peak:7.35M | Scene, ViewLayer | Updating Lookup Tables
Fra:1 Mem:28.59M (Peak 30.43M) | Time:00:00.40 | Mem:7.34M, Peak:7.35M | Scene, ViewLayer | Updating Lights
Fra:1 Mem:28.59M (Peak 30.43M) | Time:00:00.40 | Mem:7.34M, Peak:7.35M | Scene, ViewLayer | Updating Lights | Computing tree
Fra:1 Mem:28.59M (Peak 30.43M) | Time:00:00.40 | Mem:7.34M, Peak:7.35M | Scene, ViewLayer | Updating Integrator
Fra:1 Mem:28.59M (Peak 30.43M) | Time:00:00.40 | Mem:7.34M, Peak:7.35M | Scene, ViewLayer | Updating Film
Fra:1 Mem:28.59M (Peak 30.43M) | Time:00:00.40 | Mem:7.26M, Peak:7.35M | Scene, ViewLayer | Updating Lookup Tables
Fra:1 Mem:28.59M (Peak 30.43M) | Time:00:00.40 | Mem:7.35M, Peak:7.35M | Scene, ViewLayer | Updating Baking
Fra:1 Mem:28.59M (Peak 30.43M) | Time:00:00.40 | Mem:7.35M, Peak:7.35M | Scene, ViewLayer | Updating Device | Writing constant memory
Fra:1 Mem:28.60M (Peak 30.43M) | Time:00:00.40 | Mem:7.35M, Peak:7.35M | Scene, ViewLayer | Loading denoising kernels (may take a few minutes the first time)
Fra:1 Mem:28.60M (Peak 30.43M) | Time:00:00.40 | Mem:7.35M, Peak:7.35M | Scene, ViewLayer | Sample 0/24
Fra:1 Mem:78.77M (Peak 78.77M) | Time:00:00.55 | Remaining:00:03.44 | Mem:57.46M, Peak:57.46M | Scene, ViewLayer | Sample 1/24
Fra:1 Mem:99.87M (Peak 131.51M) | Time:00:05.86 | Mem:57.46M, Peak:57.46M | Scene, ViewLayer | Sample 24/24
Fra:1 Mem:99.87M (Peak 131.51M) | Time:00:05.86 | Mem:57.46M, Peak:57.46M | Scene, ViewLayer | Finished
Saved: '/home/lzzz/MyProjects/N-SIDE/output/characters/CHR-001/model-r1/front.png'
Time: 00:05.90 (Saving: 00:00.04)

Fra:1 Mem:25.93M (Peak 25.93M) | Time:00:00.00 | Mem:0.00M, Peak:0.00M | Scene, ViewLayer | Synchronizing object | Neck
Fra:1 Mem:26.05M (Peak 26.05M) | Time:00:00.00 | Mem:0.00M, Peak:0.00M | Scene, ViewLayer | Synchronizing object | TShirt
Fra:1 Mem:26.20M (Peak 26.20M) | Time:00:00.00 | Mem:0.00M, Peak:0.00M | Scene, ViewLayer | Synchronizing object | TShirt_Collar
Fra:1 Mem:26.49M (Peak 26.49M) | Time:00:00.01 | Mem:0.00M, Peak:0.00M | Scene, ViewLayer | Synchronizing object | Jacket_Body
Fra:1 Mem:26.54M (Peak 26.54M) | Time:00:00.01 | Mem:0.00M, Peak:0.00M | Scene, ViewLayer | Synchronizing object | Hood
Fra:1 Mem:27.01M (Peak 27.01M) | Time:00:00.02 | Mem:0.00M, Peak:0.00M | Scene, ViewLayer | Synchronizing object | Sleeve.L
Fra:1 Mem:27.02M (Peak 27.02M) | Time:00:00.02 | Mem:0.00M, Peak:0.00M | Scene, ViewLayer | Synchronizing object | Zip_Tape.L
Fra:1 Mem:27.08M (Peak 27.08M) | Time:00:00.02 | Mem:0.00M, Peak:0.00M | Scene, ViewLayer | Synchronizing object | Hood_Cord.L
Fra:1 Mem:27.19M (Peak 27.19M) | Time:00:00.03 | Mem:0.00M, Peak:0.00M | Scene, ViewLayer | Synchronizing object | Palm.L
Fra:1 Mem:27.19M (Peak 27.19M) | Time:00:00.03 | Mem:0.00M, Peak:0.00M | Scene, ViewLayer | Synchronizing object | Index_Mesh.L
Fra:1 Mem:27.22M (Peak 27.22M) | Time:00:00.03 | Mem:0.00M, Peak:0.00M | Scene, ViewLayer | Synchronizing object | Middle_Mesh.L
Fra:1 Mem:27.23M (Peak 27.23M) | Time:00:00.03 | Mem:0.00M, Peak:0.00M | Scene, ViewLayer | Synchronizing object | Ring_Mesh.L
Fra:1 Mem:27.24M (Peak 27.24M) | Time:00:00.03 | Mem:0.00M, Peak:0.00M | Scene, ViewLayer | Synchronizing object | Pinky_Mesh.L
Fra:1 Mem:27.27M (Peak 27.27M) | Time:00:00.03 | Mem:0.00M, Peak:0.00M | Scene, ViewLayer | Synchronizing object | Thumb_Mesh.L
Fra:1 Mem:27.42M (Peak 27.42M) | Time:00:00.05 | Mem:0.00M, Peak:0.00M | Scene, ViewLayer | Synchronizing object | Trousers.L
Fra:1 Mem:27.45M (Peak 27.45M) | Time:00:00.05 | Mem:0.00M, Peak:0.00M | Scene, ViewLayer | Synchronizing object | Sneaker_Sole.L
Fra:1 Mem:27.52M (Peak 27.52M) | Time:00:00.05 | Mem:0.00M, Peak:0.00M | Scene, ViewLayer | Synchronizing object | Lace_0.L
Fra:1 Mem:27.60M (Peak 27.60M) | Time:00:00.05 | Mem:0.00M, Peak:0.00M | Scene, ViewLayer | Synchronizing object | Lace_1.L
Fra:1 Mem:27.61M (Peak 27.61M) | Time:00:00.05 | Mem:0.00M, Peak:0.00M | Scene, ViewLayer | Synchronizing object | Lace_2.L
Fra:1 Mem:27.63M (Peak 27.63M) | Time:00:00.05 | Mem:0.00M, Peak:0.00M | Scene, ViewLayer | Synchronizing object | Lace_3.L
Fra:1 Mem:27.62M (Peak 27.63M) | Time:00:00.05 | Mem:0.00M, Peak:0.00M | Scene, ViewLayer | Synchronizing object | Heel_Tab.L
Fra:1 Mem:27.80M (Peak 27.80M) | Time:00:00.07 | Mem:0.00M, Peak:0.00M | Scene, ViewLayer | Synchronizing object | Sleeve.R
Fra:1 Mem:27.81M (Peak 27.81M) | Time:00:00.07 | Mem:0.00M, Peak:0.00M | Scene, ViewLayer | Synchronizing object | Sleeve_Cuff.R
Fra:1 Mem:27.87M (Peak 27.87M) | Time:00:00.07 | Mem:0.00M, Peak:0.00M | Scene, ViewLayer | Synchronizing object | Hood_Cord.R
Fra:1 Mem:27.98M (Peak 27.98M) | Time:00:00.08 | Mem:0.00M, Peak:0.00M | Scene, ViewLayer | Synchronizing object | Palm.R
Fra:1 Mem:27.98M (Peak 27.98M) | Time:00:00.08 | Mem:0.00M, Peak:0.00M | Scene, ViewLayer | Synchronizing object | Index_Mesh.R
Fra:1 Mem:28.01M (Peak 28.01M) | Time:00:00.08 | Mem:0.00M, Peak:0.00M | Scene, ViewLayer | Synchronizing object | Ring_Mesh.R
Fra:1 Mem:28.02M (Peak 28.02M) | Time:00:00.08 | Mem:0.00M, Peak:0.00M | Scene, ViewLayer | Synchronizing object | Pinky_Mesh.R
Fra:1 Mem:28.03M (Peak 28.03M) | Time:00:00.08 | Mem:0.00M, Peak:0.00M | Scene, ViewLayer | Synchronizing object | Thumb_Mesh.R
Fra:1 Mem:28.21M (Peak 28.21M) | Time:00:00.10 | Mem:0.00M, Peak:0.00M | Scene, ViewLayer | Synchronizing object | Trousers.R
Fra:1 Mem:28.21M (Peak 28.21M) | Time:00:00.10 | Mem:0.00M, Peak:0.00M | Scene, ViewLayer | Synchronizing object | Sneaker_Sole.R
Fra:1 Mem:28.24M (Peak 28.24M) | Time:00:00.10 | Mem:0.00M, Peak:0.00M | Scene, ViewLayer | Synchronizing object | Lace_0.R
Fra:1 Mem:28.41M (Peak 28.41M) | Time:00:00.10 | Mem:0.00M, Peak:0.00M | Scene, ViewLayer | Synchronizing object | Lace_1.R
Fra:1 Mem:28.41M (Peak 28.41M) | Time:00:00.10 | Mem:0.00M, Peak:0.00M | Scene, ViewLayer | Synchronizing object | Lace_2.R
Fra:1 Mem:28.41M (Peak 28.41M) | Time:00:00.10 | Mem:0.00M, Peak:0.00M | Scene, ViewLayer | Synchronizing object | Heel_Tab.R
Fra:1 Mem:28.73M (Peak 28.73M) | Time:00:00.39 | Mem:0.00M, Peak:0.00M | Scene, ViewLayer | Synchronizing object | Face_Head
Fra:1 Mem:29.12M (Peak 29.12M) | Time:00:00.39 | Mem:0.00M, Peak:0.00M | Scene, ViewLayer | Synchronizing object | Ear.L
Fra:1 Mem:29.13M (Peak 29.13M) | Time:00:00.39 | Mem:0.00M, Peak:0.00M | Scene, ViewLayer | Synchronizing object | Ear_Fold.L
Fra:1 Mem:29.20M (Peak 29.20M) | Time:00:00.39 | Mem:0.00M, Peak:0.00M | Scene, ViewLayer | Synchronizing object | Ear.R
Fra:1 Mem:29.21M (Peak 29.21M) | Time:00:00.39 | Mem:0.00M, Peak:0.00M | Scene, ViewLayer | Synchronizing object | Ear_Fold.R
Fra:1 Mem:29.25M (Peak 29.25M) | Time:00:00.39 | Mem:0.00M, Peak:0.00M | Scene, ViewLayer | Synchronizing object | Eye_White.L
Fra:1 Mem:29.23M (Peak 29.25M) | Time:00:00.39 | Mem:0.00M, Peak:0.00M | Scene, ViewLayer | Synchronizing object | Iris_ink.L
Fra:1 Mem:29.25M (Peak 29.25M) | Time:00:00.40 | Mem:0.00M, Peak:0.00M | Scene, ViewLayer | Synchronizing object | Eye_Glint.L
Fra:1 Mem:29.26M (Peak 29.26M) | Time:00:00.40 | Mem:0.00M, Peak:0.00M | Scene, ViewLayer | Synchronizing object | Upper_Lid.L
Fra:1 Mem:29.26M (Peak 29.26M) | Time:00:00.40 | Mem:0.00M, Peak:0.00M | Scene, ViewLayer | Synchronizing object | Eyebrow.L
Fra:1 Mem:29.26M (Peak 29.26M) | Time:00:00.40 | Mem:0.00M, Peak:0.00M | Scene, ViewLayer | Synchronizing object | Eye_White.R
Fra:1 Mem:29.27M (Peak 29.27M) | Time:00:00.40 | Mem:0.00M, Peak:0.00M | Scene, ViewLayer | Synchronizing object | Iris_ink.R
Fra:1 Mem:29.27M (Peak 29.27M) | Time:00:00.40 | Mem:0.00M, Peak:0.00M | Scene, ViewLayer | Synchronizing object | Eye_Glint.R
Fra:1 Mem:29.28M (Peak 29.28M) | Time:00:00.40 | Mem:0.00M, Peak:0.00M | Scene, ViewLayer | Synchronizing object | Upper_Lid.R
Fra:1 Mem:29.28M (Peak 29.28M) | Time:00:00.40 | Mem:0.00M, Peak:0.00M | Scene, ViewLayer | Synchronizing object | Nose
Fra:1 Mem:29.28M (Peak 29.28M) | Time:00:00.40 | Mem:0.00M, Peak:0.00M | Scene, ViewLayer | Synchronizing object | Mouth
Fra:1 Mem:29.28M (Peak 29.28M) | Time:00:00.40 | Mem:0.00M, Peak:0.00M | Scene, ViewLayer | Synchronizing object | Hair_Cap
Fra:1 Mem:29.29M (Peak 29.29M) | Time:00:00.40 | Mem:0.00M, Peak:0.00M | Scene, ViewLayer | Synchronizing object | Bangs_00
Fra:1 Mem:29.31M (Peak 29.31M) | Time:00:00.40 | Mem:0.00M, Peak:0.00M | Scene, ViewLayer | Synchronizing object | Bangs_01
Fra:1 Mem:29.34M (Peak 29.34M) | Time:00:00.40 | Mem:0.00M, Peak:0.00M | Scene, ViewLayer | Synchronizing object | Bangs_02
Fra:1 Mem:29.37M (Peak 29.37M) | Time:00:00.40 | Mem:0.00M, Peak:0.00M | Scene, ViewLayer | Synchronizing object | Bangs_03
Fra:1 Mem:29.37M (Peak 29.37M) | Time:00:00.40 | Mem:0.00M, Peak:0.00M | Scene, ViewLayer | Synchronizing object | Bangs_04
Fra:1 Mem:29.37M (Peak 29.37M) | Time:00:00.40 | Mem:0.00M, Peak:0.00M | Scene, ViewLayer | Synchronizing object | Bangs_05
Fra:1 Mem:29.39M (Peak 29.39M) | Time:00:00.40 | Mem:0.00M, Peak:0.00M | Scene, ViewLayer | Synchronizing object | Bangs_07
Fra:1 Mem:29.40M (Peak 29.40M) | Time:00:00.40 | Mem:0.00M, Peak:0.00M | Scene, ViewLayer | Synchronizing object | Bangs_08
Fra:1 Mem:29.42M (Peak 29.42M) | Time:00:00.40 | Mem:0.00M, Peak:0.00M | Scene, ViewLayer | Synchronizing object | Temple_0.L
Fra:1 Mem:29.44M (Peak 29.44M) | Time:00:00.40 | Mem:0.00M, Peak:0.00M | Scene, ViewLayer | Synchronizing object | Temple_1.L
Fra:1 Mem:29.45M (Peak 29.45M) | Time:00:00.40 | Mem:0.00M, Peak:0.00M | Scene, ViewLayer | Synchronizing object | Temple_2.L
Fra:1 Mem:29.46M (Peak 29.46M) | Time:00:00.40 | Mem:0.00M, Peak:0.00M | Scene, ViewLayer | Synchronizing object | Temple_3.L
Fra:1 Mem:29.47M (Peak 29.47M) | Time:00:00.40 | Mem:0.00M, Peak:0.00M | Scene, ViewLayer | Synchronizing object | Crown_0.L
Fra:1 Mem:29.50M (Peak 29.50M) | Time:00:00.40 | Mem:0.00M, Peak:0.00M | Scene, ViewLayer | Synchronizing object | Crown_1.L
Fra:1 Mem:29.51M (Peak 29.51M) | Time:00:00.40 | Mem:0.00M, Peak:0.00M | Scene, ViewLayer | Synchronizing object | Nape_0.L
Fra:1 Mem:29.52M (Peak 29.52M) | Time:00:00.40 | Mem:0.00M, Peak:0.00M | Scene, ViewLayer | Synchronizing object | Nape_1.L
Fra:1 Mem:29.54M (Peak 29.54M) | Time:00:00.40 | Mem:0.00M, Peak:0.00M | Scene, ViewLayer | Synchronizing object | Review_Key
Fra:1 Mem:29.56M (Peak 29.56M) | Time:00:00.40 | Mem:0.00M, Peak:0.00M | Scene, ViewLayer | Synchronizing object | Review_Ground
Fra:1 Mem:29.56M (Peak 29.56M) | Time:00:00.40 | Mem:0.00M, Peak:0.00M | Scene, ViewLayer | Synchronizing object | Temple_1.R
Fra:1 Mem:29.57M (Peak 29.57M) | Time:00:00.40 | Mem:0.00M, Peak:0.00M | Scene, ViewLayer | Synchronizing object | Tee_Bar
Fra:1 Mem:29.58M (Peak 29.58M) | Time:00:00.40 | Mem:0.00M, Peak:0.00M | Scene, ViewLayer | Synchronizing object | Temple_2.R
Fra:1 Mem:29.59M (Peak 29.59M) | Time:00:00.40 | Mem:0.00M, Peak:0.00M | Scene, ViewLayer | Synchronizing object | Temple_3.R
Fra:1 Mem:29.60M (Peak 29.60M) | Time:00:00.40 | Mem:0.00M, Peak:0.00M | Scene, ViewLayer | Synchronizing object | Temple_4.R
Fra:1 Mem:29.61M (Peak 29.61M) | Time:00:00.40 | Mem:0.00M, Peak:0.00M | Scene, ViewLayer | Synchronizing object | Tee_Dot_1.246
Fra:1 Mem:29.63M (Peak 29.63M) | Time:00:00.40 | Mem:0.00M, Peak:0.00M | Scene, ViewLayer | Synchronizing object | Crown_1.R
Fra:1 Mem:29.64M (Peak 29.64M) | Time:00:00.40 | Mem:0.00M, Peak:0.00M | Scene, ViewLayer | Synchronizing object | Tee_Dot_1.275
Fra:1 Mem:29.67M (Peak 29.67M) | Time:00:00.40 | Mem:0.00M, Peak:0.00M | Scene, ViewLayer | Synchronizing object | Crown_2.R
Fra:1 Mem:29.66M (Peak 29.67M) | Time:00:00.40 | Mem:0.00M, Peak:0.00M | Scene, ViewLayer | Synchronizing object | Back_Lock_6
Fra:1 Mem:29.67M (Peak 29.67M) | Time:00:00.40 | Mem:0.00M, Peak:0.00M | Scene, ViewLayer | Synchronizing object | Nape_2.R
Fra:1 Mem:29.70M (Peak 29.70M) | Time:00:00.40 | Mem:0.00M, Peak:0.00M | Scene, ViewLayer | Synchronizing object | Back_Lock_5
Fra:1 Mem:29.75M (Peak 29.75M) | Time:00:00.40 | Mem:0.00M, Peak:0.00M | Scene, ViewLayer | Synchronizing object | Back_Lock_3
Fra:1 Mem:29.75M (Peak 29.75M) | Time:00:00.40 | Mem:0.00M, Peak:0.00M | Scene, ViewLayer | Synchronizing object | Back_Lock_4
Fra:1 Mem:29.78M (Peak 29.78M) | Time:00:00.40 | Mem:0.00M, Peak:0.00M | Scene, ViewLayer | Initializing
Fra:1 Mem:26.43M (Peak 29.78M) | Time:00:00.40 | Mem:0.00M, Peak:0.00M | Scene, ViewLayer | Updating Images | Loading CHR001_GreyStudy_BaseColor
Fra:1 Mem:26.96M (Peak 30.43M) | Time:00:00.40 | Mem:4.00M, Peak:4.00M | Scene, ViewLayer | Waiting for render to start
Fra:1 Mem:26.96M (Peak 30.43M) | Time:00:00.40 | Mem:4.00M, Peak:4.00M | Scene, ViewLayer | Updating Scene
Fra:1 Mem:26.96M (Peak 30.43M) | Time:00:00.40 | Mem:4.00M, Peak:4.00M | Scene, ViewLayer | Updating Shaders
Fra:1 Mem:26.96M (Peak 30.43M) | Time:00:00.40 | Mem:4.00M, Peak:4.00M | Scene, ViewLayer | Loading render kernels (may take a few minutes the first time)
Fra:1 Mem:27.05M (Peak 30.43M) | Time:00:00.40 | Mem:4.00M, Peak:4.00M | Scene, ViewLayer | Updating Procedurals
Fra:1 Mem:27.05M (Peak 30.43M) | Time:00:00.40 | Mem:4.00M, Peak:4.00M | Scene, ViewLayer | Updating Background
Fra:1 Mem:27.05M (Peak 30.43M) | Time:00:00.40 | Mem:4.00M, Peak:4.00M | Scene, ViewLayer | Updating Camera
Fra:1 Mem:27.05M (Peak 30.43M) | Time:00:00.40 | Mem:4.00M, Peak:4.00M | Scene, ViewLayer | Updating Meshes Flags
Fra:1 Mem:27.05M (Peak 30.43M) | Time:00:00.40 | Mem:4.00M, Peak:4.00M | Scene, ViewLayer | Updating Objects
Fra:1 Mem:27.05M (Peak 30.43M) | Time:00:00.40 | Mem:4.00M, Peak:4.00M | Scene, ViewLayer | Updating Objects | Copying Transformations to device
Fra:1 Mem:27.07M (Peak 30.43M) | Time:00:00.40 | Mem:4.03M, Peak:4.03M | Scene, ViewLayer | Updating Particle Systems
Fra:1 Mem:27.07M (Peak 30.43M) | Time:00:00.40 | Mem:4.03M, Peak:4.03M | Scene, ViewLayer | Updating Particle Systems | Copying Particles to device
Fra:1 Mem:27.07M (Peak 30.43M) | Time:00:00.40 | Mem:4.03M, Peak:4.03M | Scene, ViewLayer | Updating Meshes
Fra:1 Mem:27.07M (Peak 30.43M) | Time:00:00.40 | Mem:4.03M, Peak:4.03M | Scene, ViewLayer | Updating Objects | Applying Static Transformations
Fra:1 Mem:27.07M (Peak 30.43M) | Time:00:00.40 | Mem:4.03M, Peak:4.03M | Scene, ViewLayer | Updating Mesh | Computing attributes
Fra:1 Mem:27.87M (Peak 30.43M) | Time:00:00.40 | Mem:4.04M, Peak:4.04M | Scene, ViewLayer | Updating Mesh | Copying Attributes to device
Fra:1 Mem:27.86M (Peak 30.43M) | Time:00:00.40 | Mem:4.81M, Peak:4.81M | Scene, ViewLayer | Updating Scene BVH | Building
Fra:1 Mem:27.86M (Peak 30.43M) | Time:00:00.40 | Mem:4.81M, Peak:4.81M | Scene, ViewLayer | Updating Scene BVH | Building BVH
Fra:1 Mem:27.86M (Peak 30.43M) | Time:00:00.40 | Mem:5.63M, Peak:5.63M | Scene, ViewLayer | Updating Scene BVH | Building BVH 0%
Fra:1 Mem:27.86M (Peak 30.43M) | Time:00:00.40 | Mem:6.53M, Peak:7.35M | Scene, ViewLayer | Updating Scene BVH | Copying BVH to device
Fra:1 Mem:27.86M (Peak 30.43M) | Time:00:00.40 | Mem:6.53M, Peak:7.35M | Scene, ViewLayer | Updating Mesh | Computing normals
Fra:1 Mem:28.59M (Peak 30.43M) | Time:00:00.40 | Mem:6.53M, Peak:7.35M | Scene, ViewLayer | Updating Mesh | Copying Mesh to device
Fra:1 Mem:28.59M (Peak 30.43M) | Time:00:00.40 | Mem:7.26M, Peak:7.35M | Scene, ViewLayer | Updating Objects Flags
Fra:1 Mem:28.59M (Peak 30.43M) | Time:00:00.40 | Mem:7.26M, Peak:7.35M | Scene, ViewLayer | Updating Primitive Offsets
Fra:1 Mem:28.59M (Peak 30.43M) | Time:00:00.40 | Mem:7.26M, Peak:7.35M | Scene, ViewLayer | Updating Images
Fra:1 Mem:28.59M (Peak 30.43M) | Time:00:00.40 | Mem:7.26M, Peak:7.35M | Scene, ViewLayer | Updating Camera Volume
Fra:1 Mem:28.59M (Peak 30.43M) | Time:00:00.40 | Mem:7.26M, Peak:7.35M | Scene, ViewLayer | Updating Lookup Tables
Fra:1 Mem:28.59M (Peak 30.43M) | Time:00:00.40 | Mem:7.34M, Peak:7.35M | Scene, ViewLayer | Updating Lights
Fra:1 Mem:28.59M (Peak 30.43M) | Time:00:00.40 | Mem:7.34M, Peak:7.35M | Scene, ViewLayer | Updating Lights | Computing tree
Fra:1 Mem:28.59M (Peak 30.43M) | Time:00:00.40 | Mem:7.34M, Peak:7.35M | Scene, ViewLayer | Updating Integrator
Fra:1 Mem:28.59M (Peak 30.43M) | Time:00:00.40 | Mem:7.34M, Peak:7.35M | Scene, ViewLayer | Updating Film
Fra:1 Mem:28.59M (Peak 30.43M) | Time:00:00.40 | Mem:7.26M, Peak:7.35M | Scene, ViewLayer | Updating Lookup Tables
Fra:1 Mem:28.59M (Peak 30.43M) | Time:00:00.40 | Mem:7.35M, Peak:7.35M | Scene, ViewLayer | Updating Baking
Fra:1 Mem:28.59M (Peak 30.43M) | Time:00:00.40 | Mem:7.35M, Peak:7.35M | Scene, ViewLayer | Updating Device | Writing constant memory
Fra:1 Mem:28.60M (Peak 30.43M) | Time:00:00.40 | Mem:7.35M, Peak:7.35M | Scene, ViewLayer | Loading denoising kernels (may take a few minutes the first time)
Fra:1 Mem:28.60M (Peak 30.43M) | Time:00:00.40 | Mem:7.35M, Peak:7.35M | Scene, ViewLayer | Sample 0/24
Fra:1 Mem:78.77M (Peak 78.77M) | Time:00:00.56 | Remaining:00:03.56 | Mem:57.46M, Peak:57.46M | Scene, ViewLayer | Sample 1/24
Fra:1 Mem:99.87M (Peak 131.51M) | Time:00:05.96 | Mem:57.46M, Peak:57.46M | Scene, ViewLayer | Sample 24/24
Fra:1 Mem:99.87M (Peak 131.51M) | Time:00:05.96 | Mem:57.46M, Peak:57.46M | Scene, ViewLayer | Finished
Saved: '/home/lzzz/MyProjects/N-SIDE/output/characters/CHR-001/model-r1/three-quarter.png'
Time: 00:06.00 (Saving: 00:00.03)

Fra:1 Mem:25.93M (Peak 25.93M) | Time:00:00.00 | Mem:0.00M, Peak:0.00M | Scene, ViewLayer | Synchronizing object | Neck
Fra:1 Mem:26.05M (Peak 26.05M) | Time:00:00.00 | Mem:0.00M, Peak:0.00M | Scene, ViewLayer | Synchronizing object | TShirt
Fra:1 Mem:26.20M (Peak 26.20M) | Time:00:00.00 | Mem:0.00M, Peak:0.00M | Scene, ViewLayer | Synchronizing object | TShirt_Collar
Fra:1 Mem:26.49M (Peak 26.49M) | Time:00:00.01 | Mem:0.00M, Peak:0.00M | Scene, ViewLayer | Synchronizing object | Jacket_Body
Fra:1 Mem:26.54M (Peak 26.54M) | Time:00:00.01 | Mem:0.00M, Peak:0.00M | Scene, ViewLayer | Synchronizing object | Hood
Fra:1 Mem:27.01M (Peak 27.01M) | Time:00:00.02 | Mem:0.00M, Peak:0.00M | Scene, ViewLayer | Synchronizing object | Sleeve.L
Fra:1 Mem:27.01M (Peak 27.01M) | Time:00:00.02 | Mem:0.00M, Peak:0.00M | Scene, ViewLayer | Synchronizing object | Zip_Tape.L
Fra:1 Mem:27.03M (Peak 27.03M) | Time:00:00.02 | Mem:0.00M, Peak:0.00M | Scene, ViewLayer | Synchronizing object | Hood_Cord.L
Fra:1 Mem:27.19M (Peak 27.19M) | Time:00:00.03 | Mem:0.00M, Peak:0.00M | Scene, ViewLayer | Synchronizing object | Palm.L
Fra:1 Mem:27.21M (Peak 27.21M) | Time:00:00.03 | Mem:0.00M, Peak:0.00M | Scene, ViewLayer | Synchronizing object | Index_Mesh.L
Fra:1 Mem:27.23M (Peak 27.23M) | Time:00:00.03 | Mem:0.00M, Peak:0.00M | Scene, ViewLayer | Synchronizing object | Pinky_Mesh.L
Fra:1 Mem:27.26M (Peak 27.26M) | Time:00:00.03 | Mem:0.00M, Peak:0.00M | Scene, ViewLayer | Synchronizing object | Thumb_Mesh.L
Fra:1 Mem:27.42M (Peak 27.42M) | Time:00:00.05 | Mem:0.00M, Peak:0.00M | Scene, ViewLayer | Synchronizing object | Trousers.L
Fra:1 Mem:27.43M (Peak 27.43M) | Time:00:00.05 | Mem:0.00M, Peak:0.00M | Scene, ViewLayer | Synchronizing object | Sneaker_Upper.L
Fra:1 Mem:27.53M (Peak 27.53M) | Time:00:00.05 | Mem:0.00M, Peak:0.00M | Scene, ViewLayer | Synchronizing object | Sock.L
Fra:1 Mem:27.55M (Peak 27.55M) | Time:00:00.05 | Mem:0.00M, Peak:0.00M | Scene, ViewLayer | Synchronizing object | Lace_0.L
Fra:1 Mem:27.61M (Peak 27.61M) | Time:00:00.05 | Mem:0.00M, Peak:0.00M | Scene, ViewLayer | Synchronizing object | Lace_1.L
Fra:1 Mem:27.62M (Peak 27.62M) | Time:00:00.05 | Mem:0.00M, Peak:0.00M | Scene, ViewLayer | Synchronizing object | Lace_2.L
Fra:1 Mem:27.62M (Peak 27.62M) | Time:00:00.05 | Mem:0.00M, Peak:0.00M | Scene, ViewLayer | Synchronizing object | Lace_3.L
Fra:1 Mem:27.62M (Peak 27.62M) | Time:00:00.05 | Mem:0.00M, Peak:0.00M | Scene, ViewLayer | Synchronizing object | Heel_Tab.L
Fra:1 Mem:27.80M (Peak 27.80M) | Time:00:00.07 | Mem:0.00M, Peak:0.00M | Scene, ViewLayer | Synchronizing object | Sleeve.R
Fra:1 Mem:27.81M (Peak 27.81M) | Time:00:00.07 | Mem:0.00M, Peak:0.00M | Scene, ViewLayer | Synchronizing object | Zip_Tape.R
Fra:1 Mem:27.88M (Peak 27.88M) | Time:00:00.07 | Mem:0.00M, Peak:0.00M | Scene, ViewLayer | Synchronizing object | Hood_Cord.R
Fra:1 Mem:27.98M (Peak 27.98M) | Time:00:00.08 | Mem:0.00M, Peak:0.00M | Scene, ViewLayer | Synchronizing object | Palm.R
Fra:1 Mem:27.98M (Peak 27.98M) | Time:00:00.08 | Mem:0.00M, Peak:0.00M | Scene, ViewLayer | Synchronizing object | Index_Mesh.R
Fra:1 Mem:28.01M (Peak 28.01M) | Time:00:00.08 | Mem:0.00M, Peak:0.00M | Scene, ViewLayer | Synchronizing object | Ring_Mesh.R
Fra:1 Mem:28.04M (Peak 28.04M) | Time:00:00.08 | Mem:0.00M, Peak:0.00M | Scene, ViewLayer | Synchronizing object | Pinky_Mesh.R
Fra:1 Mem:28.04M (Peak 28.04M) | Time:00:00.08 | Mem:0.00M, Peak:0.00M | Scene, ViewLayer | Synchronizing object | Thumb_Mesh.R
Fra:1 Mem:28.21M (Peak 28.21M) | Time:00:00.10 | Mem:0.00M, Peak:0.00M | Scene, ViewLayer | Synchronizing object | Trousers.R
Fra:1 Mem:28.21M (Peak 28.21M) | Time:00:00.10 | Mem:0.00M, Peak:0.00M | Scene, ViewLayer | Synchronizing object | Sneaker_Sole.R
Fra:1 Mem:28.24M (Peak 28.24M) | Time:00:00.10 | Mem:0.00M, Peak:0.00M | Scene, ViewLayer | Synchronizing object | Sneaker_Upper.R
Fra:1 Mem:28.32M (Peak 28.32M) | Time:00:00.10 | Mem:0.00M, Peak:0.00M | Scene, ViewLayer | Synchronizing object | Lace_0.R
Fra:1 Mem:28.37M (Peak 28.37M) | Time:00:00.10 | Mem:0.00M, Peak:0.00M | Scene, ViewLayer | Synchronizing object | Lace_1.R
Fra:1 Mem:28.41M (Peak 28.41M) | Time:00:00.10 | Mem:0.00M, Peak:0.00M | Scene, ViewLayer | Synchronizing object | Lace_3.R
Fra:1 Mem:28.41M (Peak 28.41M) | Time:00:00.10 | Mem:0.00M, Peak:0.00M | Scene, ViewLayer | Synchronizing object | Heel_Tab.R
Fra:1 Mem:28.73M (Peak 28.73M) | Time:00:00.39 | Mem:0.00M, Peak:0.00M | Scene, ViewLayer | Synchronizing object | Face_Head
Fra:1 Mem:29.12M (Peak 29.12M) | Time:00:00.39 | Mem:0.00M, Peak:0.00M | Scene, ViewLayer | Synchronizing object | Ear.L
Fra:1 Mem:29.12M (Peak 29.12M) | Time:00:00.39 | Mem:0.00M, Peak:0.00M | Scene, ViewLayer | Synchronizing object | Ear_Fold.L
Fra:1 Mem:29.20M (Peak 29.20M) | Time:00:00.40 | Mem:0.00M, Peak:0.00M | Scene, ViewLayer | Synchronizing object | Ear.R
Fra:1 Mem:29.20M (Peak 29.20M) | Time:00:00.40 | Mem:0.00M, Peak:0.00M | Scene, ViewLayer | Synchronizing object | Eye_White.L
Fra:1 Mem:29.23M (Peak 29.23M) | Time:00:00.40 | Mem:0.00M, Peak:0.00M | Scene, ViewLayer | Synchronizing object | Iris_ink.L
Fra:1 Mem:29.23M (Peak 29.23M) | Time:00:00.40 | Mem:0.00M, Peak:0.00M | Scene, ViewLayer | Synchronizing object | Eye_Glint.L
Fra:1 Mem:29.26M (Peak 29.26M) | Time:00:00.40 | Mem:0.00M, Peak:0.00M | Scene, ViewLayer | Synchronizing object | Upper_Lid.L
Fra:1 Mem:29.26M (Peak 29.26M) | Time:00:00.40 | Mem:0.00M, Peak:0.00M | Scene, ViewLayer | Synchronizing object | Eyebrow.L
Fra:1 Mem:29.27M (Peak 29.27M) | Time:00:00.40 | Mem:0.00M, Peak:0.00M | Scene, ViewLayer | Synchronizing object | Eye_White.R
Fra:1 Mem:29.27M (Peak 29.27M) | Time:00:00.40 | Mem:0.00M, Peak:0.00M | Scene, ViewLayer | Synchronizing object | Iris_hair.R
Fra:1 Mem:29.27M (Peak 29.27M) | Time:00:00.40 | Mem:0.00M, Peak:0.00M | Scene, ViewLayer | Synchronizing object | Eye_Glint.R
Fra:1 Mem:29.27M (Peak 29.27M) | Time:00:00.40 | Mem:0.00M, Peak:0.00M | Scene, ViewLayer | Synchronizing object | Upper_Lid.R
Fra:1 Mem:29.27M (Peak 29.27M) | Time:00:00.40 | Mem:0.00M, Peak:0.00M | Scene, ViewLayer | Synchronizing object | Eyebrow.R
Fra:1 Mem:29.28M (Peak 29.28M) | Time:00:00.40 | Mem:0.00M, Peak:0.00M | Scene, ViewLayer | Synchronizing object | Nose
Fra:1 Mem:29.28M (Peak 29.28M) | Time:00:00.40 | Mem:0.00M, Peak:0.00M | Scene, ViewLayer | Synchronizing object | Mouth
Fra:1 Mem:29.29M (Peak 29.29M) | Time:00:00.40 | Mem:0.00M, Peak:0.00M | Scene, ViewLayer | Synchronizing object | Bangs_00
Fra:1 Mem:29.29M (Peak 29.29M) | Time:00:00.40 | Mem:0.00M, Peak:0.00M | Scene, ViewLayer | Synchronizing object | Bangs_01
Fra:1 Mem:29.30M (Peak 29.30M) | Time:00:00.40 | Mem:0.00M, Peak:0.00M | Scene, ViewLayer | Synchronizing object | Bangs_02
Fra:1 Mem:29.34M (Peak 29.34M) | Time:00:00.40 | Mem:0.00M, Peak:0.00M | Scene, ViewLayer | Synchronizing object | Bangs_04
Fra:1 Mem:29.38M (Peak 29.38M) | Time:00:00.40 | Mem:0.00M, Peak:0.00M | Scene, ViewLayer | Synchronizing object | Bangs_05
Fra:1 Mem:29.39M (Peak 29.39M) | Time:00:00.40 | Mem:0.00M, Peak:0.00M | Scene, ViewLayer | Synchronizing object | Bangs_06
Fra:1 Mem:29.40M (Peak 29.40M) | Time:00:00.40 | Mem:0.00M, Peak:0.00M | Scene, ViewLayer | Synchronizing object | Bangs_07
Fra:1 Mem:29.41M (Peak 29.41M) | Time:00:00.40 | Mem:0.00M, Peak:0.00M | Scene, ViewLayer | Synchronizing object | Bangs_08
Fra:1 Mem:29.44M (Peak 29.44M) | Time:00:00.40 | Mem:0.00M, Peak:0.00M | Scene, ViewLayer | Synchronizing object | Temple_0.L
Fra:1 Mem:29.44M (Peak 29.44M) | Time:00:00.40 | Mem:0.00M, Peak:0.00M | Scene, ViewLayer | Synchronizing object | Temple_2.L
Fra:1 Mem:29.45M (Peak 29.45M) | Time:00:00.40 | Mem:0.00M, Peak:0.00M | Scene, ViewLayer | Synchronizing object | Temple_3.L
Fra:1 Mem:29.46M (Peak 29.46M) | Time:00:00.40 | Mem:0.00M, Peak:0.00M | Scene, ViewLayer | Synchronizing object | Temple_4.L
Fra:1 Mem:29.47M (Peak 29.47M) | Time:00:00.40 | Mem:0.00M, Peak:0.00M | Scene, ViewLayer | Synchronizing object | Crown_0.L
Fra:1 Mem:29.48M (Peak 29.48M) | Time:00:00.40 | Mem:0.00M, Peak:0.00M | Scene, ViewLayer | Synchronizing object | Crown_1.L
Fra:1 Mem:29.49M (Peak 29.49M) | Time:00:00.40 | Mem:0.00M, Peak:0.00M | Scene, ViewLayer | Synchronizing object | Crown_2.L
Fra:1 Mem:29.52M (Peak 29.52M) | Time:00:00.40 | Mem:0.00M, Peak:0.00M | Scene, ViewLayer | Synchronizing object | Nape_0.L
Fra:1 Mem:29.53M (Peak 29.53M) | Time:00:00.40 | Mem:0.00M, Peak:0.00M | Scene, ViewLayer | Synchronizing object | Review_Fill
Fra:1 Mem:29.55M (Peak 29.55M) | Time:00:00.40 | Mem:0.00M, Peak:0.00M | Scene, ViewLayer | Synchronizing object | Review_Key
Fra:1 Mem:29.55M (Peak 29.55M) | Time:00:00.40 | Mem:0.00M, Peak:0.00M | Scene, ViewLayer | Synchronizing object | Review_Ground
Fra:1 Mem:29.56M (Peak 29.56M) | Time:00:00.40 | Mem:0.00M, Peak:0.00M | Scene, ViewLayer | Synchronizing object | Tee_Bar
Fra:1 Mem:29.58M (Peak 29.58M) | Time:00:00.40 | Mem:0.00M, Peak:0.00M | Scene, ViewLayer | Synchronizing object | Temple_1.R
Fra:1 Mem:29.61M (Peak 29.61M) | Time:00:00.40 | Mem:0.00M, Peak:0.00M | Scene, ViewLayer | Synchronizing object | Temple_2.R
Fra:1 Mem:29.61M (Peak 29.61M) | Time:00:00.40 | Mem:0.00M, Peak:0.00M | Scene, ViewLayer | Synchronizing object | Tee_Dot_1.246
Fra:1 Mem:29.63M (Peak 29.63M) | Time:00:00.40 | Mem:0.00M, Peak:0.00M | Scene, ViewLayer | Synchronizing object | Temple_3.R
Fra:1 Mem:29.62M (Peak 29.63M) | Time:00:00.40 | Mem:0.00M, Peak:0.00M | Scene, ViewLayer | Synchronizing object | Tee_Dot_1.275
Fra:1 Mem:29.63M (Peak 29.63M) | Time:00:00.40 | Mem:0.00M, Peak:0.00M | Scene, ViewLayer | Synchronizing object | Crown_1.R
Fra:1 Mem:29.63M (Peak 29.64M) | Time:00:00.40 | Mem:0.00M, Peak:0.00M | Scene, ViewLayer | Synchronizing object | Back_Lock_6
Fra:1 Mem:29.68M (Peak 29.68M) | Time:00:00.40 | Mem:0.00M, Peak:0.00M | Scene, ViewLayer | Synchronizing object | Crown_2.R
Fra:1 Mem:29.69M (Peak 29.69M) | Time:00:00.40 | Mem:0.00M, Peak:0.00M | Scene, ViewLayer | Synchronizing object | Back_Lock_5
Fra:1 Mem:29.69M (Peak 29.69M) | Time:00:00.40 | Mem:0.00M, Peak:0.00M | Scene, ViewLayer | Synchronizing object | Nape_1.R
Fra:1 Mem:29.71M (Peak 29.71M) | Time:00:00.40 | Mem:0.00M, Peak:0.00M | Scene, ViewLayer | Synchronizing object | Nape_2.R
Fra:1 Mem:29.72M (Peak 29.72M) | Time:00:00.40 | Mem:0.00M, Peak:0.00M | Scene, ViewLayer | Synchronizing object | Nape_3.R
Fra:1 Mem:29.74M (Peak 29.74M) | Time:00:00.40 | Mem:0.00M, Peak:0.00M | Scene, ViewLayer | Synchronizing object | Back_Lock_4
Fra:1 Mem:29.76M (Peak 29.76M) | Time:00:00.40 | Mem:0.00M, Peak:0.00M | Scene, ViewLayer | Synchronizing object | Back_Lock_3
Fra:1 Mem:29.78M (Peak 29.78M) | Time:00:00.40 | Mem:0.00M, Peak:0.00M | Scene, ViewLayer | Initializing
Fra:1 Mem:26.43M (Peak 29.78M) | Time:00:00.40 | Mem:0.00M, Peak:0.00M | Scene, ViewLayer | Updating Images | Loading CHR001_GreyStudy_BaseColor
Fra:1 Mem:26.96M (Peak 30.43M) | Time:00:00.40 | Mem:4.00M, Peak:4.00M | Scene, ViewLayer | Waiting for render to start
Fra:1 Mem:26.96M (Peak 30.43M) | Time:00:00.40 | Mem:4.00M, Peak:4.00M | Scene, ViewLayer | Updating Scene
Fra:1 Mem:26.96M (Peak 30.43M) | Time:00:00.40 | Mem:4.00M, Peak:4.00M | Scene, ViewLayer | Updating Shaders
Fra:1 Mem:26.96M (Peak 30.43M) | Time:00:00.40 | Mem:4.00M, Peak:4.00M | Scene, ViewLayer | Loading render kernels (may take a few minutes the first time)
Fra:1 Mem:27.05M (Peak 30.43M) | Time:00:00.40 | Mem:4.00M, Peak:4.00M | Scene, ViewLayer | Updating Procedurals
Fra:1 Mem:27.05M (Peak 30.43M) | Time:00:00.40 | Mem:4.00M, Peak:4.00M | Scene, ViewLayer | Updating Background
Fra:1 Mem:27.05M (Peak 30.43M) | Time:00:00.40 | Mem:4.00M, Peak:4.00M | Scene, ViewLayer | Updating Camera
Fra:1 Mem:27.05M (Peak 30.43M) | Time:00:00.40 | Mem:4.00M, Peak:4.00M | Scene, ViewLayer | Updating Meshes Flags
Fra:1 Mem:27.05M (Peak 30.43M) | Time:00:00.40 | Mem:4.00M, Peak:4.00M | Scene, ViewLayer | Updating Objects
Fra:1 Mem:27.05M (Peak 30.43M) | Time:00:00.40 | Mem:4.00M, Peak:4.00M | Scene, ViewLayer | Updating Objects | Copying Transformations to device
Fra:1 Mem:27.07M (Peak 30.43M) | Time:00:00.40 | Mem:4.03M, Peak:4.03M | Scene, ViewLayer | Updating Particle Systems
Fra:1 Mem:27.07M (Peak 30.43M) | Time:00:00.40 | Mem:4.03M, Peak:4.03M | Scene, ViewLayer | Updating Particle Systems | Copying Particles to device
Fra:1 Mem:27.07M (Peak 30.43M) | Time:00:00.40 | Mem:4.03M, Peak:4.03M | Scene, ViewLayer | Updating Meshes
Fra:1 Mem:27.07M (Peak 30.43M) | Time:00:00.40 | Mem:4.03M, Peak:4.03M | Scene, ViewLayer | Updating Objects | Applying Static Transformations
Fra:1 Mem:27.07M (Peak 30.43M) | Time:00:00.40 | Mem:4.03M, Peak:4.03M | Scene, ViewLayer | Updating Mesh | Computing attributes
Fra:1 Mem:27.87M (Peak 30.43M) | Time:00:00.40 | Mem:4.04M, Peak:4.04M | Scene, ViewLayer | Updating Mesh | Copying Attributes to device
Fra:1 Mem:27.86M (Peak 30.43M) | Time:00:00.40 | Mem:4.81M, Peak:4.81M | Scene, ViewLayer | Updating Scene BVH | Building
Fra:1 Mem:27.86M (Peak 30.43M) | Time:00:00.40 | Mem:4.81M, Peak:4.81M | Scene, ViewLayer | Updating Scene BVH | Building BVH
Fra:1 Mem:27.86M (Peak 30.43M) | Time:00:00.40 | Mem:5.63M, Peak:5.63M | Scene, ViewLayer | Updating Scene BVH | Building BVH 0%
Fra:1 Mem:27.86M (Peak 30.43M) | Time:00:00.41 | Mem:6.53M, Peak:7.35M | Scene, ViewLayer | Updating Scene BVH | Copying BVH to device
Fra:1 Mem:27.86M (Peak 30.43M) | Time:00:00.41 | Mem:6.53M, Peak:7.35M | Scene, ViewLayer | Updating Mesh | Computing normals
Fra:1 Mem:28.59M (Peak 30.43M) | Time:00:00.41 | Mem:6.53M, Peak:7.35M | Scene, ViewLayer | Updating Mesh | Copying Mesh to device
Fra:1 Mem:28.59M (Peak 30.43M) | Time:00:00.41 | Mem:7.26M, Peak:7.35M | Scene, ViewLayer | Updating Objects Flags
Fra:1 Mem:28.59M (Peak 30.43M) | Time:00:00.41 | Mem:7.26M, Peak:7.35M | Scene, ViewLayer | Updating Primitive Offsets
Fra:1 Mem:28.59M (Peak 30.43M) | Time:00:00.41 | Mem:7.26M, Peak:7.35M | Scene, ViewLayer | Updating Images
Fra:1 Mem:28.59M (Peak 30.43M) | Time:00:00.41 | Mem:7.26M, Peak:7.35M | Scene, ViewLayer | Updating Camera Volume
Fra:1 Mem:28.59M (Peak 30.43M) | Time:00:00.41 | Mem:7.26M, Peak:7.35M | Scene, ViewLayer | Updating Lookup Tables
Fra:1 Mem:28.59M (Peak 30.43M) | Time:00:00.41 | Mem:7.34M, Peak:7.35M | Scene, ViewLayer | Updating Lights
Fra:1 Mem:28.59M (Peak 30.43M) | Time:00:00.41 | Mem:7.34M, Peak:7.35M | Scene, ViewLayer | Updating Lights | Computing tree
Fra:1 Mem:28.59M (Peak 30.43M) | Time:00:00.41 | Mem:7.34M, Peak:7.35M | Scene, ViewLayer | Updating Integrator
Fra:1 Mem:28.59M (Peak 30.43M) | Time:00:00.41 | Mem:7.34M, Peak:7.35M | Scene, ViewLayer | Updating Film
Fra:1 Mem:28.59M (Peak 30.43M) | Time:00:00.41 | Mem:7.26M, Peak:7.35M | Scene, ViewLayer | Updating Lookup Tables
Fra:1 Mem:28.59M (Peak 30.43M) | Time:00:00.41 | Mem:7.35M, Peak:7.35M | Scene, ViewLayer | Updating Baking
Fra:1 Mem:28.59M (Peak 30.43M) | Time:00:00.41 | Mem:7.35M, Peak:7.35M | Scene, ViewLayer | Updating Device | Writing constant memory
Fra:1 Mem:28.60M (Peak 30.43M) | Time:00:00.41 | Mem:7.35M, Peak:7.35M | Scene, ViewLayer | Loading denoising kernels (may take a few minutes the first time)
Fra:1 Mem:28.60M (Peak 30.43M) | Time:00:00.41 | Mem:7.35M, Peak:7.35M | Scene, ViewLayer | Sample 0/24
Fra:1 Mem:78.77M (Peak 78.77M) | Time:00:00.56 | Remaining:00:03.62 | Mem:57.46M, Peak:57.46M | Scene, ViewLayer | Sample 1/24
Fra:1 Mem:99.87M (Peak 131.51M) | Time:00:06.00 | Mem:57.46M, Peak:57.46M | Scene, ViewLayer | Sample 24/24
Fra:1 Mem:99.87M (Peak 131.51M) | Time:00:06.00 | Mem:57.46M, Peak:57.46M | Scene, ViewLayer | Finished
Saved: '/home/lzzz/MyProjects/N-SIDE/output/characters/CHR-001/model-r1/back.png'
Time: 00:06.05 (Saving: 00:00.04)

Fra:8 Mem:25.39M (Peak 25.39M) | Time:00:00.00 | Mem:0.00M, Peak:0.00M | Scene, ViewLayer | Synchronizing object | Neck
Fra:8 Mem:25.51M (Peak 25.51M) | Time:00:00.00 | Mem:0.00M, Peak:0.00M | Scene, ViewLayer | Synchronizing object | TShirt
Fra:8 Mem:25.66M (Peak 25.66M) | Time:00:00.00 | Mem:0.00M, Peak:0.00M | Scene, ViewLayer | Synchronizing object | TShirt_Collar
Fra:8 Mem:25.95M (Peak 25.95M) | Time:00:00.01 | Mem:0.00M, Peak:0.00M | Scene, ViewLayer | Synchronizing object | Jacket_Body
Fra:8 Mem:25.95M (Peak 25.95M) | Time:00:00.01 | Mem:0.00M, Peak:0.00M | Scene, ViewLayer | Synchronizing object | Hood
Fra:8 Mem:26.47M (Peak 26.47M) | Time:00:00.03 | Mem:0.00M, Peak:0.00M | Scene, ViewLayer | Synchronizing object | Sleeve.L
Fra:8 Mem:26.49M (Peak 26.49M) | Time:00:00.03 | Mem:0.00M, Peak:0.00M | Scene, ViewLayer | Synchronizing object | Sleeve_Cuff.L
Fra:8 Mem:26.54M (Peak 26.54M) | Time:00:00.03 | Mem:0.00M, Peak:0.00M | Scene, ViewLayer | Synchronizing object | Hood_Cord.L
Fra:8 Mem:26.65M (Peak 26.65M) | Time:00:00.03 | Mem:0.00M, Peak:0.00M | Scene, ViewLayer | Synchronizing object | Palm.L
Fra:8 Mem:26.66M (Peak 26.66M) | Time:00:00.03 | Mem:0.00M, Peak:0.00M | Scene, ViewLayer | Synchronizing object | Index_Mesh.L
Fra:8 Mem:26.69M (Peak 26.69M) | Time:00:00.03 | Mem:0.00M, Peak:0.00M | Scene, ViewLayer | Synchronizing object | Ring_Mesh.L
Fra:8 Mem:26.69M (Peak 26.69M) | Time:00:00.03 | Mem:0.00M, Peak:0.00M | Scene, ViewLayer | Synchronizing object | Pinky_Mesh.L
Fra:8 Mem:26.72M (Peak 26.72M) | Time:00:00.03 | Mem:0.00M, Peak:0.00M | Scene, ViewLayer | Synchronizing object | Thumb_Mesh.L
Fra:8 Mem:26.88M (Peak 26.88M) | Time:00:00.06 | Mem:0.00M, Peak:0.00M | Scene, ViewLayer | Synchronizing object | Trousers.L
Fra:8 Mem:26.88M (Peak 26.88M) | Time:00:00.06 | Mem:0.00M, Peak:0.00M | Scene, ViewLayer | Synchronizing object | Sneaker_Sole.L
Fra:8 Mem:26.91M (Peak 26.91M) | Time:00:00.06 | Mem:0.00M, Peak:0.00M | Scene, ViewLayer | Synchronizing object | Sock.L
Fra:8 Mem:27.04M (Peak 27.04M) | Time:00:00.06 | Mem:0.00M, Peak:0.00M | Scene, ViewLayer | Synchronizing object | Lace_0.L
Fra:8 Mem:27.08M (Peak 27.08M) | Time:00:00.06 | Mem:0.00M, Peak:0.00M | Scene, ViewLayer | Synchronizing object | Lace_2.L
Fra:8 Mem:27.08M (Peak 27.08M) | Time:00:00.06 | Mem:0.00M, Peak:0.00M | Scene, ViewLayer | Synchronizing object | Lace_3.L
Fra:8 Mem:27.08M (Peak 27.08M) | Time:00:00.06 | Mem:0.00M, Peak:0.00M | Scene, ViewLayer | Synchronizing object | Heel_Tab.L
Fra:8 Mem:27.26M (Peak 27.26M) | Time:00:00.07 | Mem:0.00M, Peak:0.00M | Scene, ViewLayer | Synchronizing object | Sleeve.R
Fra:8 Mem:27.26M (Peak 27.26M) | Time:00:00.07 | Mem:0.00M, Peak:0.00M | Scene, ViewLayer | Synchronizing object | Sleeve_Cuff.R
Fra:8 Mem:27.32M (Peak 27.32M) | Time:00:00.07 | Mem:0.00M, Peak:0.00M | Scene, ViewLayer | Synchronizing object | Hood_Cord.R
Fra:8 Mem:27.44M (Peak 27.44M) | Time:00:00.08 | Mem:0.00M, Peak:0.00M | Scene, ViewLayer | Synchronizing object | Palm.R
Fra:8 Mem:27.45M (Peak 27.45M) | Time:00:00.08 | Mem:0.00M, Peak:0.00M | Scene, ViewLayer | Synchronizing object | Index_Mesh.R
Fra:8 Mem:27.48M (Peak 27.48M) | Time:00:00.08 | Mem:0.00M, Peak:0.00M | Scene, ViewLayer | Synchronizing object | Middle_Mesh.R
Fra:8 Mem:27.48M (Peak 27.48M) | Time:00:00.08 | Mem:0.00M, Peak:0.00M | Scene, ViewLayer | Synchronizing object | Pinky_Mesh.R
Fra:8 Mem:27.51M (Peak 27.51M) | Time:00:00.08 | Mem:0.00M, Peak:0.00M | Scene, ViewLayer | Synchronizing object | Thumb_Mesh.R
Fra:8 Mem:27.67M (Peak 27.67M) | Time:00:00.11 | Mem:0.00M, Peak:0.00M | Scene, ViewLayer | Synchronizing object | Trousers.R
Fra:8 Mem:27.67M (Peak 27.67M) | Time:00:00.11 | Mem:0.00M, Peak:0.00M | Scene, ViewLayer | Synchronizing object | Sneaker_Sole.R
Fra:8 Mem:27.77M (Peak 27.77M) | Time:00:00.11 | Mem:0.00M, Peak:0.00M | Scene, ViewLayer | Synchronizing object | Sneaker_Upper.R
Fra:8 Mem:27.80M (Peak 27.80M) | Time:00:00.11 | Mem:0.00M, Peak:0.00M | Scene, ViewLayer | Synchronizing object | Sock.R
Fra:8 Mem:27.83M (Peak 27.83M) | Time:00:00.11 | Mem:0.00M, Peak:0.00M | Scene, ViewLayer | Synchronizing object | Lace_0.R
Fra:8 Mem:27.87M (Peak 27.87M) | Time:00:00.11 | Mem:0.00M, Peak:0.00M | Scene, ViewLayer | Synchronizing object | Lace_1.R
Fra:8 Mem:27.87M (Peak 27.87M) | Time:00:00.11 | Mem:0.00M, Peak:0.00M | Scene, ViewLayer | Synchronizing object | Lace_2.R
Fra:8 Mem:27.87M (Peak 27.87M) | Time:00:00.11 | Mem:0.00M, Peak:0.00M | Scene, ViewLayer | Synchronizing object | Heel_Tab.R
Fra:8 Mem:28.19M (Peak 28.19M) | Time:00:00.39 | Mem:0.00M, Peak:0.00M | Scene, ViewLayer | Synchronizing object | Face_Head
Fra:8 Mem:28.58M (Peak 28.58M) | Time:00:00.40 | Mem:0.00M, Peak:0.00M | Scene, ViewLayer | Synchronizing object | Ear.L
Fra:8 Mem:28.61M (Peak 28.61M) | Time:00:00.40 | Mem:0.00M, Peak:0.00M | Scene, ViewLayer | Synchronizing object | Ear_Fold.L
Fra:8 Mem:28.66M (Peak 28.66M) | Time:00:00.40 | Mem:0.00M, Peak:0.00M | Scene, ViewLayer | Synchronizing object | Ear.R
Fra:8 Mem:28.66M (Peak 28.66M) | Time:00:00.40 | Mem:0.00M, Peak:0.00M | Scene, ViewLayer | Synchronizing object | Eye_White.L
Fra:8 Mem:28.69M (Peak 28.69M) | Time:00:00.40 | Mem:0.00M, Peak:0.00M | Scene, ViewLayer | Synchronizing object | Iris_ink.L
Fra:8 Mem:28.71M (Peak 28.71M) | Time:00:00.40 | Mem:0.00M, Peak:0.00M | Scene, ViewLayer | Synchronizing object | Eye_Glint.L
Fra:8 Mem:28.72M (Peak 28.72M) | Time:00:00.40 | Mem:0.00M, Peak:0.00M | Scene, ViewLayer | Synchronizing object | Upper_Lid.L
Fra:8 Mem:28.72M (Peak 28.72M) | Time:00:00.40 | Mem:0.00M, Peak:0.00M | Scene, ViewLayer | Synchronizing object | Eyebrow.L
Fra:8 Mem:28.72M (Peak 28.72M) | Time:00:00.40 | Mem:0.00M, Peak:0.00M | Scene, ViewLayer | Synchronizing object | Iris_ink.R
Fra:8 Mem:28.73M (Peak 28.73M) | Time:00:00.40 | Mem:0.00M, Peak:0.00M | Scene, ViewLayer | Synchronizing object | Eye_Glint.R
Fra:8 Mem:28.73M (Peak 28.73M) | Time:00:00.40 | Mem:0.00M, Peak:0.00M | Scene, ViewLayer | Synchronizing object | Eyebrow.R
Fra:8 Mem:28.74M (Peak 28.74M) | Time:00:00.40 | Mem:0.00M, Peak:0.00M | Scene, ViewLayer | Synchronizing object | Nose
Fra:8 Mem:28.74M (Peak 28.74M) | Time:00:00.40 | Mem:0.00M, Peak:0.00M | Scene, ViewLayer | Synchronizing object | Mouth
Fra:8 Mem:28.74M (Peak 28.74M) | Time:00:00.40 | Mem:0.00M, Peak:0.00M | Scene, ViewLayer | Synchronizing object | Hair_Cap
Fra:8 Mem:28.75M (Peak 28.75M) | Time:00:00.40 | Mem:0.00M, Peak:0.00M | Scene, ViewLayer | Synchronizing object | Bangs_01
Fra:8 Mem:28.75M (Peak 28.75M) | Time:00:00.40 | Mem:0.00M, Peak:0.00M | Scene, ViewLayer | Synchronizing object | Bangs_02
Fra:8 Mem:28.82M (Peak 28.82M) | Time:00:00.40 | Mem:0.00M, Peak:0.00M | Scene, ViewLayer | Synchronizing object | Bangs_04
Fra:8 Mem:28.82M (Peak 28.82M) | Time:00:00.40 | Mem:0.00M, Peak:0.00M | Scene, ViewLayer | Synchronizing object | Bangs_05
Fra:8 Mem:28.83M (Peak 28.83M) | Time:00:00.40 | Mem:0.00M, Peak:0.00M | Scene, ViewLayer | Synchronizing object | Bangs_06
Fra:8 Mem:28.87M (Peak 28.87M) | Time:00:00.40 | Mem:0.00M, Peak:0.00M | Scene, ViewLayer | Synchronizing object | Bangs_07
Fra:8 Mem:28.87M (Peak 28.87M) | Time:00:00.40 | Mem:0.00M, Peak:0.00M | Scene, ViewLayer | Synchronizing object | Temple_0.L
Fra:8 Mem:28.88M (Peak 28.88M) | Time:00:00.40 | Mem:0.00M, Peak:0.00M | Scene, ViewLayer | Synchronizing object | Temple_1.L
Fra:8 Mem:28.89M (Peak 28.89M) | Time:00:00.40 | Mem:0.00M, Peak:0.00M | Scene, ViewLayer | Synchronizing object | Temple_2.L
Fra:8 Mem:28.93M (Peak 28.93M) | Time:00:00.40 | Mem:0.00M, Peak:0.00M | Scene, ViewLayer | Synchronizing object | Temple_3.L
Fra:8 Mem:28.92M (Peak 28.93M) | Time:00:00.40 | Mem:0.00M, Peak:0.00M | Scene, ViewLayer | Synchronizing object | Crown_0.L
Fra:8 Mem:28.94M (Peak 28.94M) | Time:00:00.40 | Mem:0.00M, Peak:0.00M | Scene, ViewLayer | Synchronizing object | Review_Fill
Fra:8 Mem:28.95M (Peak 28.95M) | Time:00:00.40 | Mem:0.00M, Peak:0.00M | Scene, ViewLayer | Synchronizing object | Review_Key
Fra:8 Mem:28.96M (Peak 28.96M) | Time:00:00.40 | Mem:0.00M, Peak:0.00M | Scene, ViewLayer | Synchronizing object | Review_Ground
Fra:8 Mem:28.96M (Peak 28.96M) | Time:00:00.40 | Mem:0.00M, Peak:0.00M | Scene, ViewLayer | Synchronizing object | Nape_0.L
Fra:8 Mem:28.98M (Peak 28.98M) | Time:00:00.40 | Mem:0.00M, Peak:0.00M | Scene, ViewLayer | Synchronizing object | Nape_1.L
Fra:8 Mem:28.97M (Peak 28.98M) | Time:00:00.40 | Mem:0.00M, Peak:0.00M | Scene, ViewLayer | Synchronizing object | Tee_Bar
Fra:8 Mem:29.00M (Peak 29.00M) | Time:00:00.40 | Mem:0.00M, Peak:0.00M | Scene, ViewLayer | Synchronizing object | Nape_2.L
Fra:8 Mem:29.02M (Peak 29.02M) | Time:00:00.40 | Mem:0.00M, Peak:0.00M | Scene, ViewLayer | Synchronizing object | Nape_3.L
Fra:8 Mem:29.03M (Peak 29.03M) | Time:00:00.40 | Mem:0.00M, Peak:0.00M | Scene, ViewLayer | Synchronizing object | Temple_0.R
Fra:8 Mem:29.04M (Peak 29.04M) | Time:00:00.40 | Mem:0.00M, Peak:0.00M | Scene, ViewLayer | Synchronizing object | Temple_1.R
Fra:8 Mem:29.07M (Peak 29.07M) | Time:00:00.40 | Mem:0.00M, Peak:0.00M | Scene, ViewLayer | Synchronizing object | Temple_2.R
Fra:8 Mem:29.07M (Peak 29.07M) | Time:00:00.40 | Mem:0.00M, Peak:0.00M | Scene, ViewLayer | Synchronizing object | Tee_Dot_1.275
Fra:8 Mem:29.09M (Peak 29.08M) | Time:00:00.40 | Mem:0.00M, Peak:0.00M | Scene, ViewLayer | Synchronizing object | Crown_0.R
Fra:8 Mem:29.08M (Peak 29.08M) | Time:00:00.40 | Mem:0.00M, Peak:0.00M | Scene, ViewLayer | Synchronizing object | Back_Lock_6
Fra:8 Mem:29.09M (Peak 29.09M) | Time:00:00.40 | Mem:0.00M, Peak:0.00M | Scene, ViewLayer | Synchronizing object | Crown_2.R
Fra:8 Mem:29.12M (Peak 29.12M) | Time:00:00.40 | Mem:0.00M, Peak:0.00M | Scene, ViewLayer | Synchronizing object | Nape_0.R
Fra:8 Mem:29.13M (Peak 29.13M) | Time:00:00.40 | Mem:0.00M, Peak:0.00M | Scene, ViewLayer | Synchronizing object | Back_Lock_5
Fra:8 Mem:29.16M (Peak 29.16M) | Time:00:00.40 | Mem:0.00M, Peak:0.00M | Scene, ViewLayer | Synchronizing object | Nape_1.R
Fra:8 Mem:29.17M (Peak 29.17M) | Time:00:00.40 | Mem:0.00M, Peak:0.00M | Scene, ViewLayer | Synchronizing object | Nape_3.R
Fra:8 Mem:29.19M (Peak 29.19M) | Time:00:00.40 | Mem:0.00M, Peak:0.00M | Scene, ViewLayer | Synchronizing object | Back_Lock_4
Fra:8 Mem:29.20M (Peak 29.20M) | Time:00:00.40 | Mem:0.00M, Peak:0.00M | Scene, ViewLayer | Synchronizing object | Back_Lock_3
Fra:8 Mem:29.24M (Peak 29.24M) | Time:00:00.40 | Mem:0.00M, Peak:0.00M | Scene, ViewLayer | Initializing
Fra:8 Mem:25.89M (Peak 29.24M) | Time:00:00.40 | Mem:0.00M, Peak:0.00M | Scene, ViewLayer | Updating Images | Loading CHR001_GreyStudy_BaseColor
Fra:8 Mem:26.69M (Peak 29.89M) | Time:00:00.41 | Mem:4.00M, Peak:4.00M | Scene, ViewLayer | Waiting for render to start
Fra:8 Mem:26.69M (Peak 29.89M) | Time:00:00.41 | Mem:4.00M, Peak:4.00M | Scene, ViewLayer | Updating Scene
Fra:8 Mem:26.69M (Peak 29.89M) | Time:00:00.41 | Mem:4.00M, Peak:4.00M | Scene, ViewLayer | Updating Shaders
Fra:8 Mem:26.69M (Peak 29.89M) | Time:00:00.41 | Mem:4.00M, Peak:4.00M | Scene, ViewLayer | Loading render kernels (may take a few minutes the first time)
Fra:8 Mem:26.78M (Peak 29.89M) | Time:00:00.41 | Mem:4.00M, Peak:4.00M | Scene, ViewLayer | Updating Procedurals
Fra:8 Mem:26.78M (Peak 29.89M) | Time:00:00.41 | Mem:4.00M, Peak:4.00M | Scene, ViewLayer | Updating Background
Fra:8 Mem:26.78M (Peak 29.89M) | Time:00:00.41 | Mem:4.00M, Peak:4.00M | Scene, ViewLayer | Updating Camera
Fra:8 Mem:26.78M (Peak 29.89M) | Time:00:00.41 | Mem:4.00M, Peak:4.00M | Scene, ViewLayer | Updating Meshes Flags
Fra:8 Mem:26.78M (Peak 29.89M) | Time:00:00.41 | Mem:4.00M, Peak:4.00M | Scene, ViewLayer | Updating Objects
Fra:8 Mem:26.78M (Peak 29.89M) | Time:00:00.41 | Mem:4.00M, Peak:4.00M | Scene, ViewLayer | Updating Objects | Copying Transformations to device
Fra:8 Mem:26.80M (Peak 29.89M) | Time:00:00.41 | Mem:4.03M, Peak:4.03M | Scene, ViewLayer | Updating Particle Systems
Fra:8 Mem:26.80M (Peak 29.89M) | Time:00:00.41 | Mem:4.03M, Peak:4.03M | Scene, ViewLayer | Updating Particle Systems | Copying Particles to device
Fra:8 Mem:26.80M (Peak 29.89M) | Time:00:00.41 | Mem:4.03M, Peak:4.03M | Scene, ViewLayer | Updating Meshes
Fra:8 Mem:26.80M (Peak 29.89M) | Time:00:00.41 | Mem:4.03M, Peak:4.03M | Scene, ViewLayer | Updating Objects | Applying Static Transformations
Fra:8 Mem:26.80M (Peak 29.89M) | Time:00:00.41 | Mem:4.03M, Peak:4.03M | Scene, ViewLayer | Updating Mesh | Computing attributes
Fra:8 Mem:27.60M (Peak 29.89M) | Time:00:00.41 | Mem:4.04M, Peak:4.04M | Scene, ViewLayer | Updating Mesh | Copying Attributes to device
Fra:8 Mem:27.59M (Peak 29.89M) | Time:00:00.41 | Mem:4.81M, Peak:4.81M | Scene, ViewLayer | Updating Scene BVH | Building
Fra:8 Mem:27.59M (Peak 29.89M) | Time:00:00.41 | Mem:4.81M, Peak:4.81M | Scene, ViewLayer | Updating Scene BVH | Building BVH
Fra:8 Mem:27.59M (Peak 29.89M) | Time:00:00.41 | Mem:5.63M, Peak:5.63M | Scene, ViewLayer | Updating Scene BVH | Building BVH 0%
Fra:8 Mem:27.59M (Peak 29.89M) | Time:00:00.41 | Mem:6.53M, Peak:7.35M | Scene, ViewLayer | Updating Scene BVH | Copying BVH to device
Fra:8 Mem:27.59M (Peak 29.89M) | Time:00:00.41 | Mem:6.53M, Peak:7.35M | Scene, ViewLayer | Updating Mesh | Computing normals
Fra:8 Mem:28.32M (Peak 29.89M) | Time:00:00.41 | Mem:6.53M, Peak:7.35M | Scene, ViewLayer | Updating Mesh | Copying Mesh to device
Fra:8 Mem:28.32M (Peak 29.89M) | Time:00:00.41 | Mem:7.26M, Peak:7.35M | Scene, ViewLayer | Updating Objects Flags
Fra:8 Mem:28.32M (Peak 29.89M) | Time:00:00.41 | Mem:7.26M, Peak:7.35M | Scene, ViewLayer | Updating Primitive Offsets
Fra:8 Mem:28.32M (Peak 29.89M) | Time:00:00.41 | Mem:7.26M, Peak:7.35M | Scene, ViewLayer | Updating Images
Fra:8 Mem:28.32M (Peak 29.89M) | Time:00:00.41 | Mem:7.26M, Peak:7.35M | Scene, ViewLayer | Updating Camera Volume
Fra:8 Mem:28.32M (Peak 29.89M) | Time:00:00.41 | Mem:7.26M, Peak:7.35M | Scene, ViewLayer | Updating Lookup Tables
Fra:8 Mem:28.32M (Peak 29.89M) | Time:00:00.41 | Mem:7.34M, Peak:7.35M | Scene, ViewLayer | Updating Lights
Fra:8 Mem:28.32M (Peak 29.89M) | Time:00:00.41 | Mem:7.34M, Peak:7.35M | Scene, ViewLayer | Updating Lights | Computing tree
Fra:8 Mem:28.32M (Peak 29.89M) | Time:00:00.41 | Mem:7.34M, Peak:7.35M | Scene, ViewLayer | Updating Integrator
Fra:8 Mem:28.32M (Peak 29.89M) | Time:00:00.41 | Mem:7.34M, Peak:7.35M | Scene, ViewLayer | Updating Film
Fra:8 Mem:28.32M (Peak 29.89M) | Time:00:00.41 | Mem:7.26M, Peak:7.35M | Scene, ViewLayer | Updating Lookup Tables
Fra:8 Mem:28.32M (Peak 29.89M) | Time:00:00.41 | Mem:7.35M, Peak:7.35M | Scene, ViewLayer | Updating Baking
Fra:8 Mem:28.32M (Peak 29.89M) | Time:00:00.41 | Mem:7.35M, Peak:7.35M | Scene, ViewLayer | Updating Device | Writing constant memory
Fra:8 Mem:28.33M (Peak 29.89M) | Time:00:00.41 | Mem:7.35M, Peak:7.35M | Scene, ViewLayer | Loading denoising kernels (may take a few minutes the first time)
Fra:8 Mem:28.33M (Peak 29.89M) | Time:00:00.41 | Mem:7.35M, Peak:7.35M | Scene, ViewLayer | Sample 0/24
Fra:8 Mem:78.50M (Peak 78.50M) | Time:00:00.56 | Remaining:00:03.54 | Mem:57.46M, Peak:57.46M | Scene, ViewLayer | Sample 1/24
Fra:8 Mem:99.60M (Peak 131.24M) | Time:00:06.02 | Mem:57.46M, Peak:57.46M | Scene, ViewLayer | Sample 24/24
Fra:8 Mem:99.60M (Peak 131.24M) | Time:00:06.02 | Mem:57.46M, Peak:57.46M | Scene, ViewLayer | Finished
Saved: '/home/lzzz/MyProjects/N-SIDE/output/characters/CHR-001/model-r1/walk-contact.png'
Time: 00:06.06 (Saving: 00:00.04)

Fra:6 Mem:25.21M (Peak 25.21M) | Time:00:00.00 | Mem:0.00M, Peak:0.00M | Scene, ViewLayer | Synchronizing object | Neck
Fra:6 Mem:25.33M (Peak 25.33M) | Time:00:00.00 | Mem:0.00M, Peak:0.00M | Scene, ViewLayer | Synchronizing object | TShirt
Fra:6 Mem:25.48M (Peak 25.48M) | Time:00:00.00 | Mem:0.00M, Peak:0.00M | Scene, ViewLayer | Synchronizing object | TShirt_Collar
Fra:6 Mem:25.77M (Peak 25.77M) | Time:00:00.01 | Mem:0.00M, Peak:0.00M | Scene, ViewLayer | Synchronizing object | Jacket_Body
Fra:6 Mem:25.77M (Peak 25.77M) | Time:00:00.01 | Mem:0.00M, Peak:0.00M | Scene, ViewLayer | Synchronizing object | Hood
Fra:6 Mem:26.29M (Peak 26.29M) | Time:00:00.03 | Mem:0.00M, Peak:0.00M | Scene, ViewLayer | Synchronizing object | Sleeve.L
Fra:6 Mem:26.29M (Peak 26.29M) | Time:00:00.03 | Mem:0.00M, Peak:0.00M | Scene, ViewLayer | Synchronizing object | Sleeve_Cuff.L
Fra:6 Mem:26.32M (Peak 26.32M) | Time:00:00.03 | Mem:0.00M, Peak:0.00M | Scene, ViewLayer | Synchronizing object | Hood_Cord.L
Fra:6 Mem:26.47M (Peak 26.47M) | Time:00:00.04 | Mem:0.00M, Peak:0.00M | Scene, ViewLayer | Synchronizing object | Palm.L
Fra:6 Mem:26.47M (Peak 26.47M) | Time:00:00.04 | Mem:0.00M, Peak:0.00M | Scene, ViewLayer | Synchronizing object | Middle_Mesh.L
Fra:6 Mem:26.51M (Peak 26.51M) | Time:00:00.04 | Mem:0.00M, Peak:0.00M | Scene, ViewLayer | Synchronizing object | Ring_Mesh.L
Fra:6 Mem:26.52M (Peak 26.52M) | Time:00:00.04 | Mem:0.00M, Peak:0.00M | Scene, ViewLayer | Synchronizing object | Thumb_Mesh.L
Fra:6 Mem:26.53M (Peak 26.53M) | Time:00:00.04 | Mem:0.00M, Peak:0.00M | Scene, ViewLayer | Synchronizing object | Pinky_Mesh.L
Fra:6 Mem:26.70M (Peak 26.70M) | Time:00:00.06 | Mem:0.00M, Peak:0.00M | Scene, ViewLayer | Synchronizing object | Trousers.L
Fra:6 Mem:26.70M (Peak 26.70M) | Time:00:00.06 | Mem:0.00M, Peak:0.00M | Scene, ViewLayer | Synchronizing object | Sneaker_Sole.L
Fra:6 Mem:26.79M (Peak 26.79M) | Time:00:00.06 | Mem:0.00M, Peak:0.00M | Scene, ViewLayer | Synchronizing object | Sock.L
Fra:6 Mem:26.84M (Peak 26.84M) | Time:00:00.06 | Mem:0.00M, Peak:0.00M | Scene, ViewLayer | Synchronizing object | Lace_0.L
Fra:6 Mem:26.90M (Peak 26.90M) | Time:00:00.06 | Mem:0.00M, Peak:0.00M | Scene, ViewLayer | Synchronizing object | Lace_1.L
Fra:6 Mem:26.90M (Peak 26.90M) | Time:00:00.06 | Mem:0.00M, Peak:0.00M | Scene, ViewLayer | Synchronizing object | Lace_3.L
Fra:6 Mem:26.90M (Peak 26.90M) | Time:00:00.06 | Mem:0.00M, Peak:0.00M | Scene, ViewLayer | Synchronizing object | Heel_Tab.L
Fra:6 Mem:27.08M (Peak 27.08M) | Time:00:00.08 | Mem:0.00M, Peak:0.00M | Scene, ViewLayer | Synchronizing object | Sleeve.R
Fra:6 Mem:27.08M (Peak 27.08M) | Time:00:00.08 | Mem:0.00M, Peak:0.00M | Scene, ViewLayer | Synchronizing object | Sleeve_Cuff.R
Fra:6 Mem:27.09M (Peak 27.09M) | Time:00:00.08 | Mem:0.00M, Peak:0.00M | Scene, ViewLayer | Synchronizing object | Zip_Tape.R
Fra:6 Mem:27.17M (Peak 27.17M) | Time:00:00.08 | Mem:0.00M, Peak:0.00M | Scene, ViewLayer | Synchronizing object | Hood_Cord.R
Fra:6 Mem:27.26M (Peak 27.26M) | Time:00:00.08 | Mem:0.00M, Peak:0.00M | Scene, ViewLayer | Synchronizing object | Palm.R
Fra:6 Mem:27.26M (Peak 27.26M) | Time:00:00.08 | Mem:0.00M, Peak:0.00M | Scene, ViewLayer | Synchronizing object | Index_Mesh.R
Fra:6 Mem:27.28M (Peak 27.28M) | Time:00:00.08 | Mem:0.00M, Peak:0.00M | Scene, ViewLayer | Synchronizing object | Middle_Mesh.R
Fra:6 Mem:27.30M (Peak 27.30M) | Time:00:00.08 | Mem:0.00M, Peak:0.00M | Scene, ViewLayer | Synchronizing object | Ring_Mesh.R
Fra:6 Mem:27.31M (Peak 27.31M) | Time:00:00.08 | Mem:0.00M, Peak:0.00M | Scene, ViewLayer | Synchronizing object | Pinky_Mesh.R
Fra:6 Mem:27.32M (Peak 27.32M) | Time:00:00.08 | Mem:0.00M, Peak:0.00M | Scene, ViewLayer | Synchronizing object | Thumb_Mesh.R
Fra:6 Mem:27.49M (Peak 27.49M) | Time:00:00.11 | Mem:0.00M, Peak:0.00M | Scene, ViewLayer | Synchronizing object | Trousers.R
Fra:6 Mem:27.52M (Peak 27.52M) | Time:00:00.11 | Mem:0.00M, Peak:0.00M | Scene, ViewLayer | Synchronizing object | Sneaker_Upper.R
Fra:6 Mem:27.56M (Peak 27.56M) | Time:00:00.11 | Mem:0.00M, Peak:0.00M | Scene, ViewLayer | Synchronizing object | Lace_0.R
Fra:6 Mem:27.69M (Peak 27.69M) | Time:00:00.11 | Mem:0.00M, Peak:0.00M | Scene, ViewLayer | Synchronizing object | Lace_1.R
Fra:6 Mem:27.69M (Peak 27.69M) | Time:00:00.11 | Mem:0.00M, Peak:0.00M | Scene, ViewLayer | Synchronizing object | Lace_3.R
Fra:6 Mem:27.69M (Peak 27.69M) | Time:00:00.11 | Mem:0.00M, Peak:0.00M | Scene, ViewLayer | Synchronizing object | Heel_Tab.R
Fra:6 Mem:28.01M (Peak 28.01M) | Time:00:00.39 | Mem:0.00M, Peak:0.00M | Scene, ViewLayer | Synchronizing object | Face_Head
Fra:6 Mem:28.40M (Peak 28.40M) | Time:00:00.40 | Mem:0.00M, Peak:0.00M | Scene, ViewLayer | Synchronizing object | Ear.L
Fra:6 Mem:28.40M (Peak 28.40M) | Time:00:00.40 | Mem:0.00M, Peak:0.00M | Scene, ViewLayer | Synchronizing object | Ear_Fold.L
Fra:6 Mem:28.48M (Peak 28.48M) | Time:00:00.40 | Mem:0.00M, Peak:0.00M | Scene, ViewLayer | Synchronizing object | Ear.R
Fra:6 Mem:28.48M (Peak 28.48M) | Time:00:00.40 | Mem:0.00M, Peak:0.00M | Scene, ViewLayer | Synchronizing object | Ear_Fold.R
Fra:6 Mem:28.51M (Peak 28.51M) | Time:00:00.40 | Mem:0.00M, Peak:0.00M | Scene, ViewLayer | Synchronizing object | Iris_hair.L
Fra:6 Mem:28.51M (Peak 28.51M) | Time:00:00.40 | Mem:0.00M, Peak:0.00M | Scene, ViewLayer | Synchronizing object | Iris_ink.L
Fra:6 Mem:28.52M (Peak 28.52M) | Time:00:00.40 | Mem:0.00M, Peak:0.00M | Scene, ViewLayer | Synchronizing object | Eye_Glint.L
Fra:6 Mem:28.54M (Peak 28.54M) | Time:00:00.40 | Mem:0.00M, Peak:0.00M | Scene, ViewLayer | Synchronizing object | Upper_Lid.L
Fra:6 Mem:28.55M (Peak 28.55M) | Time:00:00.40 | Mem:0.00M, Peak:0.00M | Scene, ViewLayer | Synchronizing object | Eyebrow.L
Fra:6 Mem:28.54M (Peak 28.55M) | Time:00:00.40 | Mem:0.00M, Peak:0.00M | Scene, ViewLayer | Synchronizing object | Iris_hair.R
Fra:6 Mem:28.55M (Peak 28.55M) | Time:00:00.40 | Mem:0.00M, Peak:0.00M | Scene, ViewLayer | Synchronizing object | Iris_ink.R
Fra:6 Mem:28.55M (Peak 28.55M) | Time:00:00.40 | Mem:0.00M, Peak:0.00M | Scene, ViewLayer | Synchronizing object | Eye_Glint.R
Fra:6 Mem:28.55M (Peak 28.55M) | Time:00:00.40 | Mem:0.00M, Peak:0.00M | Scene, ViewLayer | Synchronizing object | Upper_Lid.R
Fra:6 Mem:28.55M (Peak 28.55M) | Time:00:00.40 | Mem:0.00M, Peak:0.00M | Scene, ViewLayer | Synchronizing object | Nose
Fra:6 Mem:28.57M (Peak 28.57M) | Time:00:00.40 | Mem:0.00M, Peak:0.00M | Scene, ViewLayer | Synchronizing object | Mouth
Fra:6 Mem:28.56M (Peak 28.57M) | Time:00:00.40 | Mem:0.00M, Peak:0.00M | Scene, ViewLayer | Synchronizing object | Hair_Cap
Fra:6 Mem:28.57M (Peak 28.57M) | Time:00:00.40 | Mem:0.00M, Peak:0.00M | Scene, ViewLayer | Synchronizing object | Bangs_00
Fra:6 Mem:28.57M (Peak 28.57M) | Time:00:00.40 | Mem:0.00M, Peak:0.00M | Scene, ViewLayer | Synchronizing object | Bangs_01
Fra:6 Mem:28.58M (Peak 28.58M) | Time:00:00.40 | Mem:0.00M, Peak:0.00M | Scene, ViewLayer | Synchronizing object | Bangs_02
Fra:6 Mem:28.63M (Peak 28.63M) | Time:00:00.40 | Mem:0.00M, Peak:0.00M | Scene, ViewLayer | Synchronizing object | Bangs_03
Fra:6 Mem:28.64M (Peak 28.64M) | Time:00:00.40 | Mem:0.00M, Peak:0.00M | Scene, ViewLayer | Synchronizing object | Bangs_04
Fra:6 Mem:28.65M (Peak 28.65M) | Time:00:00.40 | Mem:0.00M, Peak:0.00M | Scene, ViewLayer | Synchronizing object | Bangs_06
Fra:6 Mem:28.68M (Peak 28.68M) | Time:00:00.40 | Mem:0.00M, Peak:0.00M | Scene, ViewLayer | Synchronizing object | Bangs_07
Fra:6 Mem:28.69M (Peak 28.69M) | Time:00:00.40 | Mem:0.00M, Peak:0.00M | Scene, ViewLayer | Synchronizing object | Bangs_08
Fra:6 Mem:28.71M (Peak 28.71M) | Time:00:00.40 | Mem:0.00M, Peak:0.00M | Scene, ViewLayer | Synchronizing object | Temple_0.L
Fra:6 Mem:28.72M (Peak 28.72M) | Time:00:00.40 | Mem:0.00M, Peak:0.00M | Scene, ViewLayer | Synchronizing object | Temple_2.L
Fra:6 Mem:28.73M (Peak 28.73M) | Time:00:00.40 | Mem:0.00M, Peak:0.00M | Scene, ViewLayer | Synchronizing object | Temple_4.L
Fra:6 Mem:28.76M (Peak 28.76M) | Time:00:00.40 | Mem:0.00M, Peak:0.00M | Scene, ViewLayer | Synchronizing object | Review_Rim
Fra:6 Mem:28.78M (Peak 28.78M) | Time:00:00.40 | Mem:0.00M, Peak:0.00M | Scene, ViewLayer | Synchronizing object | Crown_1.L
Fra:6 Mem:28.80M (Peak 28.80M) | Time:00:00.40 | Mem:0.00M, Peak:0.00M | Scene, ViewLayer | Synchronizing object | Nape_1.L
Fra:6 Mem:28.80M (Peak 28.80M) | Time:00:00.40 | Mem:0.00M, Peak:0.00M | Scene, ViewLayer | Synchronizing object | Review_Key
Fra:6 Mem:28.80M (Peak 28.80M) | Time:00:00.40 | Mem:0.00M, Peak:0.00M | Scene, ViewLayer | Synchronizing object | Review_Ground
Fra:6 Mem:28.80M (Peak 28.80M) | Time:00:00.40 | Mem:0.00M, Peak:0.00M | Scene, ViewLayer | Synchronizing object | Nape_3.L
Fra:6 Mem:28.82M (Peak 28.82M) | Time:00:00.40 | Mem:0.00M, Peak:0.00M | Scene, ViewLayer | Synchronizing object | Tee_Bar
Fra:6 Mem:28.86M (Peak 28.86M) | Time:00:00.40 | Mem:0.00M, Peak:0.00M | Scene, ViewLayer | Synchronizing object | Temple_0.R
Fra:6 Mem:28.88M (Peak 28.88M) | Time:00:00.40 | Mem:0.00M, Peak:0.00M | Scene, ViewLayer | Synchronizing object | Temple_1.R
Fra:6 Mem:28.87M (Peak 28.88M) | Time:00:00.40 | Mem:0.00M, Peak:0.00M | Scene, ViewLayer | Synchronizing object | Temple_2.R
Fra:6 Mem:28.88M (Peak 28.88M) | Time:00:00.40 | Mem:0.00M, Peak:0.00M | Scene, ViewLayer | Synchronizing object | Temple_3.R
Fra:6 Mem:28.89M (Peak 28.89M) | Time:00:00.40 | Mem:0.00M, Peak:0.00M | Scene, ViewLayer | Synchronizing object | Temple_4.R
Fra:6 Mem:28.91M (Peak 28.91M) | Time:00:00.40 | Mem:0.00M, Peak:0.00M | Scene, ViewLayer | Synchronizing object | Crown_0.R
Fra:6 Mem:28.91M (Peak 28.91M) | Time:00:00.40 | Mem:0.00M, Peak:0.00M | Scene, ViewLayer | Synchronizing object | Crown_1.R
Fra:6 Mem:28.92M (Peak 28.92M) | Time:00:00.40 | Mem:0.00M, Peak:0.00M | Scene, ViewLayer | Synchronizing object | Back_Lock_6
Fra:6 Mem:28.94M (Peak 28.94M) | Time:00:00.40 | Mem:0.00M, Peak:0.00M | Scene, ViewLayer | Synchronizing object | Nape_0.R
Fra:6 Mem:28.95M (Peak 28.95M) | Time:00:00.40 | Mem:0.00M, Peak:0.00M | Scene, ViewLayer | Synchronizing object | Nape_1.R
Fra:6 Mem:28.96M (Peak 28.96M) | Time:00:00.40 | Mem:0.00M, Peak:0.00M | Scene, ViewLayer | Synchronizing object | Nape_2.R
Fra:6 Mem:29.01M (Peak 29.01M) | Time:00:00.40 | Mem:0.00M, Peak:0.00M | Scene, ViewLayer | Synchronizing object | Nape_3.R
Fra:6 Mem:29.01M (Peak 29.01M) | Time:00:00.40 | Mem:0.00M, Peak:0.00M | Scene, ViewLayer | Synchronizing object | Back_Lock_5
Fra:6 Mem:29.03M (Peak 29.03M) | Time:00:00.40 | Mem:0.00M, Peak:0.00M | Scene, ViewLayer | Synchronizing object | Back_Lock_3
Fra:6 Mem:29.04M (Peak 29.04M) | Time:00:00.40 | Mem:0.00M, Peak:0.00M | Scene, ViewLayer | Synchronizing object | Back_Lock_4
Fra:6 Mem:29.06M (Peak 29.06M) | Time:00:00.40 | Mem:0.00M, Peak:0.00M | Scene, ViewLayer | Initializing
Fra:6 Mem:25.71M (Peak 29.06M) | Time:00:00.40 | Mem:0.00M, Peak:0.00M | Scene, ViewLayer | Updating Images | Loading CHR001_GreyStudy_BaseColor
Fra:6 Mem:26.60M (Peak 29.71M) | Time:00:00.41 | Mem:4.00M, Peak:4.00M | Scene, ViewLayer | Waiting for render to start
Fra:6 Mem:26.60M (Peak 29.71M) | Time:00:00.41 | Mem:4.00M, Peak:4.00M | Scene, ViewLayer | Updating Scene
Fra:6 Mem:26.60M (Peak 29.71M) | Time:00:00.41 | Mem:4.00M, Peak:4.00M | Scene, ViewLayer | Updating Shaders
Fra:6 Mem:26.60M (Peak 29.71M) | Time:00:00.41 | Mem:4.00M, Peak:4.00M | Scene, ViewLayer | Loading render kernels (may take a few minutes the first time)
Fra:6 Mem:26.69M (Peak 29.71M) | Time:00:00.41 | Mem:4.00M, Peak:4.00M | Scene, ViewLayer | Updating Procedurals
Fra:6 Mem:26.69M (Peak 29.71M) | Time:00:00.41 | Mem:4.00M, Peak:4.00M | Scene, ViewLayer | Updating Background
Fra:6 Mem:26.69M (Peak 29.71M) | Time:00:00.41 | Mem:4.00M, Peak:4.00M | Scene, ViewLayer | Updating Camera
Fra:6 Mem:26.69M (Peak 29.71M) | Time:00:00.41 | Mem:4.00M, Peak:4.00M | Scene, ViewLayer | Updating Meshes Flags
Fra:6 Mem:26.69M (Peak 29.71M) | Time:00:00.41 | Mem:4.00M, Peak:4.00M | Scene, ViewLayer | Updating Objects
Fra:6 Mem:26.69M (Peak 29.71M) | Time:00:00.41 | Mem:4.00M, Peak:4.00M | Scene, ViewLayer | Updating Objects | Copying Transformations to device
Fra:6 Mem:26.71M (Peak 29.71M) | Time:00:00.41 | Mem:4.03M, Peak:4.03M | Scene, ViewLayer | Updating Particle Systems
Fra:6 Mem:26.71M (Peak 29.71M) | Time:00:00.41 | Mem:4.03M, Peak:4.03M | Scene, ViewLayer | Updating Particle Systems | Copying Particles to device
Fra:6 Mem:26.71M (Peak 29.71M) | Time:00:00.41 | Mem:4.03M, Peak:4.03M | Scene, ViewLayer | Updating Meshes
Fra:6 Mem:26.71M (Peak 29.71M) | Time:00:00.41 | Mem:4.03M, Peak:4.03M | Scene, ViewLayer | Updating Objects | Applying Static Transformations
Fra:6 Mem:26.71M (Peak 29.71M) | Time:00:00.41 | Mem:4.03M, Peak:4.03M | Scene, ViewLayer | Updating Mesh | Computing attributes
Fra:6 Mem:27.51M (Peak 29.71M) | Time:00:00.41 | Mem:4.04M, Peak:4.04M | Scene, ViewLayer | Updating Mesh | Copying Attributes to device
Fra:6 Mem:27.50M (Peak 29.71M) | Time:00:00.41 | Mem:4.81M, Peak:4.81M | Scene, ViewLayer | Updating Scene BVH | Building
Fra:6 Mem:27.50M (Peak 29.71M) | Time:00:00.41 | Mem:4.81M, Peak:4.81M | Scene, ViewLayer | Updating Scene BVH | Building BVH
Fra:6 Mem:27.50M (Peak 29.71M) | Time:00:00.41 | Mem:5.63M, Peak:5.63M | Scene, ViewLayer | Updating Scene BVH | Building BVH 0%
Fra:6 Mem:27.50M (Peak 29.71M) | Time:00:00.41 | Mem:6.53M, Peak:7.35M | Scene, ViewLayer | Updating Scene BVH | Copying BVH to device
Fra:6 Mem:27.50M (Peak 29.71M) | Time:00:00.41 | Mem:6.53M, Peak:7.35M | Scene, ViewLayer | Updating Mesh | Computing normals
Fra:6 Mem:28.23M (Peak 29.71M) | Time:00:00.41 | Mem:6.53M, Peak:7.35M | Scene, ViewLayer | Updating Mesh | Copying Mesh to device
Fra:6 Mem:28.23M (Peak 29.71M) | Time:00:00.41 | Mem:7.26M, Peak:7.35M | Scene, ViewLayer | Updating Objects Flags
Fra:6 Mem:28.23M (Peak 29.71M) | Time:00:00.41 | Mem:7.26M, Peak:7.35M | Scene, ViewLayer | Updating Primitive Offsets
Fra:6 Mem:28.23M (Peak 29.71M) | Time:00:00.41 | Mem:7.26M, Peak:7.35M | Scene, ViewLayer | Updating Images
Fra:6 Mem:28.23M (Peak 29.71M) | Time:00:00.41 | Mem:7.26M, Peak:7.35M | Scene, ViewLayer | Updating Camera Volume
Fra:6 Mem:28.23M (Peak 29.71M) | Time:00:00.41 | Mem:7.26M, Peak:7.35M | Scene, ViewLayer | Updating Lookup Tables
Fra:6 Mem:28.23M (Peak 29.71M) | Time:00:00.41 | Mem:7.34M, Peak:7.35M | Scene, ViewLayer | Updating Lights
Fra:6 Mem:28.23M (Peak 29.71M) | Time:00:00.41 | Mem:7.34M, Peak:7.35M | Scene, ViewLayer | Updating Lights | Computing tree
Fra:6 Mem:28.23M (Peak 29.71M) | Time:00:00.41 | Mem:7.34M, Peak:7.35M | Scene, ViewLayer | Updating Integrator
Fra:6 Mem:28.23M (Peak 29.71M) | Time:00:00.41 | Mem:7.34M, Peak:7.35M | Scene, ViewLayer | Updating Film
Fra:6 Mem:28.23M (Peak 29.71M) | Time:00:00.41 | Mem:7.26M, Peak:7.35M | Scene, ViewLayer | Updating Lookup Tables
Fra:6 Mem:28.23M (Peak 29.71M) | Time:00:00.41 | Mem:7.35M, Peak:7.35M | Scene, ViewLayer | Updating Baking
Fra:6 Mem:28.23M (Peak 29.71M) | Time:00:00.41 | Mem:7.35M, Peak:7.35M | Scene, ViewLayer | Updating Device | Writing constant memory
Fra:6 Mem:28.24M (Peak 29.71M) | Time:00:00.41 | Mem:7.35M, Peak:7.35M | Scene, ViewLayer | Loading denoising kernels (may take a few minutes the first time)
Fra:6 Mem:28.24M (Peak 29.71M) | Time:00:00.41 | Mem:7.35M, Peak:7.35M | Scene, ViewLayer | Sample 0/24
Fra:6 Mem:78.41M (Peak 78.41M) | Time:00:00.56 | Remaining:00:03.51 | Mem:57.46M, Peak:57.46M | Scene, ViewLayer | Sample 1/24
Fra:6 Mem:99.51M (Peak 131.15M) | Time:00:05.95 | Mem:57.46M, Peak:57.46M | Scene, ViewLayer | Sample 24/24
Fra:6 Mem:99.51M (Peak 131.15M) | Time:00:05.95 | Mem:57.46M, Peak:57.46M | Scene, ViewLayer | Finished
Saved: '/home/lzzz/MyProjects/N-SIDE/output/characters/CHR-001/model-r1/run-contact.png'
Time: 00:05.99 (Saving: 00:00.04)

Fra:1 Mem:25.93M (Peak 25.93M) | Time:00:00.00 | Mem:0.00M, Peak:0.00M | Scene, ViewLayer | Synchronizing object | Neck
Fra:1 Mem:26.05M (Peak 26.05M) | Time:00:00.00 | Mem:0.00M, Peak:0.00M | Scene, ViewLayer | Synchronizing object | TShirt
Fra:1 Mem:26.20M (Peak 26.20M) | Time:00:00.00 | Mem:0.00M, Peak:0.00M | Scene, ViewLayer | Synchronizing object | TShirt_Collar
Fra:1 Mem:26.49M (Peak 26.49M) | Time:00:00.01 | Mem:0.00M, Peak:0.00M | Scene, ViewLayer | Synchronizing object | Jacket_Body
Fra:1 Mem:26.49M (Peak 26.49M) | Time:00:00.01 | Mem:0.00M, Peak:0.00M | Scene, ViewLayer | Synchronizing object | Hood
Fra:1 Mem:27.01M (Peak 27.01M) | Time:00:00.03 | Mem:0.00M, Peak:0.00M | Scene, ViewLayer | Synchronizing object | Sleeve.L
Fra:1 Mem:27.01M (Peak 27.01M) | Time:00:00.03 | Mem:0.00M, Peak:0.00M | Scene, ViewLayer | Synchronizing object | Zip_Tape.L
Fra:1 Mem:27.07M (Peak 27.07M) | Time:00:00.03 | Mem:0.00M, Peak:0.00M | Scene, ViewLayer | Synchronizing object | Hood_Cord.L
Fra:1 Mem:27.19M (Peak 27.19M) | Time:00:00.03 | Mem:0.00M, Peak:0.00M | Scene, ViewLayer | Synchronizing object | Palm.L
Fra:1 Mem:27.19M (Peak 27.19M) | Time:00:00.03 | Mem:0.00M, Peak:0.00M | Scene, ViewLayer | Synchronizing object | Index_Mesh.L
Fra:1 Mem:27.20M (Peak 27.20M) | Time:00:00.03 | Mem:0.00M, Peak:0.00M | Scene, ViewLayer | Synchronizing object | Ring_Mesh.L
Fra:1 Mem:27.24M (Peak 27.24M) | Time:00:00.03 | Mem:0.00M, Peak:0.00M | Scene, ViewLayer | Synchronizing object | Pinky_Mesh.L
Fra:1 Mem:27.25M (Peak 27.25M) | Time:00:00.03 | Mem:0.00M, Peak:0.00M | Scene, ViewLayer | Synchronizing object | Thumb_Mesh.L
Fra:1 Mem:27.42M (Peak 27.42M) | Time:00:00.06 | Mem:0.00M, Peak:0.00M | Scene, ViewLayer | Synchronizing object | Trousers.L
Fra:1 Mem:27.42M (Peak 27.42M) | Time:00:00.06 | Mem:0.00M, Peak:0.00M | Scene, ViewLayer | Synchronizing object | Sneaker_Sole.L
Fra:1 Mem:27.47M (Peak 27.47M) | Time:00:00.06 | Mem:0.00M, Peak:0.00M | Scene, ViewLayer | Synchronizing object | Sneaker_Upper.L
Fra:1 Mem:27.46M (Peak 27.47M) | Time:00:00.06 | Mem:0.00M, Peak:0.00M | Scene, ViewLayer | Synchronizing object | Sock.L
Fra:1 Mem:27.54M (Peak 27.54M) | Time:00:00.06 | Mem:0.00M, Peak:0.00M | Scene, ViewLayer | Synchronizing object | Lace_0.L
Fra:1 Mem:27.56M (Peak 27.56M) | Time:00:00.06 | Mem:0.00M, Peak:0.00M | Scene, ViewLayer | Synchronizing object | Lace_1.L
Fra:1 Mem:27.60M (Peak 27.60M) | Time:00:00.06 | Mem:0.00M, Peak:0.00M | Scene, ViewLayer | Synchronizing object | Lace_2.L
Fra:1 Mem:27.63M (Peak 27.63M) | Time:00:00.06 | Mem:0.00M, Peak:0.00M | Scene, ViewLayer | Synchronizing object | Heel_Tab.L
Fra:1 Mem:27.80M (Peak 27.80M) | Time:00:00.07 | Mem:0.00M, Peak:0.00M | Scene, ViewLayer | Synchronizing object | Sleeve.R
Fra:1 Mem:27.81M (Peak 27.81M) | Time:00:00.07 | Mem:0.00M, Peak:0.00M | Scene, ViewLayer | Synchronizing object | Sleeve_Cuff.R
Fra:1 Mem:27.86M (Peak 27.86M) | Time:00:00.07 | Mem:0.00M, Peak:0.00M | Scene, ViewLayer | Synchronizing object | Hood_Cord.R
Fra:1 Mem:27.98M (Peak 27.98M) | Time:00:00.08 | Mem:0.00M, Peak:0.00M | Scene, ViewLayer | Synchronizing object | Palm.R
Fra:1 Mem:27.98M (Peak 27.98M) | Time:00:00.08 | Mem:0.00M, Peak:0.00M | Scene, ViewLayer | Synchronizing object | Index_Mesh.R
Fra:1 Mem:28.01M (Peak 28.01M) | Time:00:00.08 | Mem:0.00M, Peak:0.00M | Scene, ViewLayer | Synchronizing object | Ring_Mesh.R
Fra:1 Mem:28.04M (Peak 28.04M) | Time:00:00.08 | Mem:0.00M, Peak:0.00M | Scene, ViewLayer | Synchronizing object | Pinky_Mesh.R
Fra:1 Mem:28.04M (Peak 28.04M) | Time:00:00.08 | Mem:0.00M, Peak:0.00M | Scene, ViewLayer | Synchronizing object | Thumb_Mesh.R
Fra:1 Mem:28.21M (Peak 28.21M) | Time:00:00.11 | Mem:0.00M, Peak:0.00M | Scene, ViewLayer | Synchronizing object | Trousers.R
Fra:1 Mem:28.21M (Peak 28.21M) | Time:00:00.11 | Mem:0.00M, Peak:0.00M | Scene, ViewLayer | Synchronizing object | Sneaker_Upper.R
Fra:1 Mem:28.24M (Peak 28.24M) | Time:00:00.11 | Mem:0.00M, Peak:0.00M | Scene, ViewLayer | Synchronizing object | Lace_0.R
Fra:1 Mem:28.38M (Peak 28.38M) | Time:00:00.11 | Mem:0.00M, Peak:0.00M | Scene, ViewLayer | Synchronizing object | Lace_1.R
Fra:1 Mem:28.39M (Peak 28.39M) | Time:00:00.11 | Mem:0.00M, Peak:0.00M | Scene, ViewLayer | Synchronizing object | Lace_2.R
Fra:1 Mem:28.41M (Peak 28.41M) | Time:00:00.11 | Mem:0.00M, Peak:0.00M | Scene, ViewLayer | Synchronizing object | Lace_3.R
Fra:1 Mem:28.41M (Peak 28.41M) | Time:00:00.11 | Mem:0.00M, Peak:0.00M | Scene, ViewLayer | Synchronizing object | Heel_Tab.R
Fra:1 Mem:28.73M (Peak 28.73M) | Time:00:00.39 | Mem:0.00M, Peak:0.00M | Scene, ViewLayer | Synchronizing object | Face_Head
Fra:1 Mem:29.12M (Peak 29.12M) | Time:00:00.40 | Mem:0.00M, Peak:0.00M | Scene, ViewLayer | Synchronizing object | Ear.L
Fra:1 Mem:29.13M (Peak 29.13M) | Time:00:00.40 | Mem:0.00M, Peak:0.00M | Scene, ViewLayer | Synchronizing object | Ear_Fold.L
Fra:1 Mem:29.20M (Peak 29.20M) | Time:00:00.40 | Mem:0.00M, Peak:0.00M | Scene, ViewLayer | Synchronizing object | Ear.R
Fra:1 Mem:29.21M (Peak 29.21M) | Time:00:00.40 | Mem:0.00M, Peak:0.00M | Scene, ViewLayer | Synchronizing object | Ear_Fold.R
Fra:1 Mem:29.23M (Peak 29.23M) | Time:00:00.40 | Mem:0.00M, Peak:0.00M | Scene, ViewLayer | Synchronizing object | Iris_ink.L
Fra:1 Mem:29.24M (Peak 29.24M) | Time:00:00.40 | Mem:0.00M, Peak:0.00M | Scene, ViewLayer | Synchronizing object | Eye_Glint.L
Fra:1 Mem:29.25M (Peak 29.25M) | Time:00:00.40 | Mem:0.00M, Peak:0.00M | Scene, ViewLayer | Synchronizing object | Upper_Lid.L
Fra:1 Mem:29.27M (Peak 29.27M) | Time:00:00.40 | Mem:0.00M, Peak:0.00M | Scene, ViewLayer | Synchronizing object | Eyebrow.L
Fra:1 Mem:29.26M (Peak 29.27M) | Time:00:00.40 | Mem:0.00M, Peak:0.00M | Scene, ViewLayer | Synchronizing object | Iris_hair.R
Fra:1 Mem:29.27M (Peak 29.27M) | Time:00:00.40 | Mem:0.00M, Peak:0.00M | Scene, ViewLayer | Synchronizing object | Iris_ink.R
Fra:1 Mem:29.27M (Peak 29.27M) | Time:00:00.40 | Mem:0.00M, Peak:0.00M | Scene, ViewLayer | Synchronizing object | Upper_Lid.R
Fra:1 Mem:29.27M (Peak 29.27M) | Time:00:00.40 | Mem:0.00M, Peak:0.00M | Scene, ViewLayer | Synchronizing object | Eyebrow.R
Fra:1 Mem:29.28M (Peak 29.28M) | Time:00:00.40 | Mem:0.00M, Peak:0.00M | Scene, ViewLayer | Synchronizing object | Mouth
Fra:1 Mem:29.28M (Peak 29.28M) | Time:00:00.40 | Mem:0.00M, Peak:0.00M | Scene, ViewLayer | Synchronizing object | Hair_Cap
Fra:1 Mem:29.31M (Peak 29.31M) | Time:00:00.40 | Mem:0.00M, Peak:0.00M | Scene, ViewLayer | Synchronizing object | Bangs_00
Fra:1 Mem:29.31M (Peak 29.31M) | Time:00:00.40 | Mem:0.00M, Peak:0.00M | Scene, ViewLayer | Synchronizing object | Bangs_01
Fra:1 Mem:29.32M (Peak 29.32M) | Time:00:00.40 | Mem:0.00M, Peak:0.00M | Scene, ViewLayer | Synchronizing object | Bangs_03
Fra:1 Mem:29.36M (Peak 29.36M) | Time:00:00.40 | Mem:0.00M, Peak:0.00M | Scene, ViewLayer | Synchronizing object | Bangs_04
Fra:1 Mem:29.37M (Peak 29.37M) | Time:00:00.40 | Mem:0.00M, Peak:0.00M | Scene, ViewLayer | Synchronizing object | Bangs_05
Fra:1 Mem:29.38M (Peak 29.38M) | Time:00:00.40 | Mem:0.00M, Peak:0.00M | Scene, ViewLayer | Synchronizing object | Bangs_06
Fra:1 Mem:29.40M (Peak 29.40M) | Time:00:00.40 | Mem:0.00M, Peak:0.00M | Scene, ViewLayer | Synchronizing object | Bangs_07
Fra:1 Mem:29.42M (Peak 29.42M) | Time:00:00.40 | Mem:0.00M, Peak:0.00M | Scene, ViewLayer | Synchronizing object | Bangs_08
Fra:1 Mem:29.42M (Peak 29.42M) | Time:00:00.40 | Mem:0.00M, Peak:0.00M | Scene, ViewLayer | Synchronizing object | Temple_0.L
Fra:1 Mem:29.45M (Peak 29.45M) | Time:00:00.40 | Mem:0.00M, Peak:0.00M | Scene, ViewLayer | Synchronizing object | Temple_1.L
Fra:1 Mem:29.45M (Peak 29.45M) | Time:00:00.40 | Mem:0.00M, Peak:0.00M | Scene, ViewLayer | Synchronizing object | Temple_2.L
Fra:1 Mem:29.46M (Peak 29.46M) | Time:00:00.40 | Mem:0.00M, Peak:0.00M | Scene, ViewLayer | Synchronizing object | Temple_4.L
Fra:1 Mem:29.47M (Peak 29.47M) | Time:00:00.40 | Mem:0.00M, Peak:0.00M | Scene, ViewLayer | Synchronizing object | Crown_0.L
Fra:1 Mem:29.48M (Peak 29.48M) | Time:00:00.40 | Mem:0.00M, Peak:0.00M | Scene, ViewLayer | Synchronizing object | Crown_1.L
Fra:1 Mem:29.52M (Peak 29.52M) | Time:00:00.40 | Mem:0.00M, Peak:0.00M | Scene, ViewLayer | Synchronizing object | Crown_2.L
Fra:1 Mem:29.51M (Peak 29.52M) | Time:00:00.40 | Mem:0.00M, Peak:0.00M | Scene, ViewLayer | Synchronizing object | Nape_0.L
Fra:1 Mem:29.54M (Peak 29.54M) | Time:00:00.40 | Mem:0.00M, Peak:0.00M | Scene, ViewLayer | Synchronizing object | Review_Rim
Fra:1 Mem:29.55M (Peak 29.55M) | Time:00:00.40 | Mem:0.00M, Peak:0.00M | Scene, ViewLayer | Synchronizing object | Nape_3.L
Fra:1 Mem:29.55M (Peak 29.55M) | Time:00:00.40 | Mem:0.00M, Peak:0.00M | Scene, ViewLayer | Synchronizing object | Review_Fill
Fra:1 Mem:29.56M (Peak 29.56M) | Time:00:00.40 | Mem:0.00M, Peak:0.00M | Scene, ViewLayer | Synchronizing object | Temple_1.R
Fra:1 Mem:29.58M (Peak 29.58M) | Time:00:00.40 | Mem:0.00M, Peak:0.00M | Scene, ViewLayer | Synchronizing object | Temple_2.R
Fra:1 Mem:29.60M (Peak 29.60M) | Time:00:00.40 | Mem:0.00M, Peak:0.00M | Scene, ViewLayer | Synchronizing object | Temple_3.R
Fra:1 Mem:29.60M (Peak 29.60M) | Time:00:00.40 | Mem:0.00M, Peak:0.00M | Scene, ViewLayer | Synchronizing object | Review_Key
Fra:1 Mem:29.62M (Peak 29.62M) | Time:00:00.40 | Mem:0.00M, Peak:0.00M | Scene, ViewLayer | Synchronizing object | Crown_0.R
Fra:1 Mem:29.62M (Peak 29.62M) | Time:00:00.40 | Mem:0.00M, Peak:0.00M | Scene, ViewLayer | Synchronizing object | Crown_1.R
Fra:1 Mem:29.64M (Peak 29.65M) | Time:00:00.40 | Mem:0.00M, Peak:0.00M | Scene, ViewLayer | Synchronizing object | Review_Ground
Fra:1 Mem:29.65M (Peak 29.65M) | Time:00:00.40 | Mem:0.00M, Peak:0.00M | Scene, ViewLayer | Synchronizing object | Nape_0.R
Fra:1 Mem:29.66M (Peak 29.66M) | Time:00:00.40 | Mem:0.00M, Peak:0.00M | Scene, ViewLayer | Synchronizing object | Nape_1.R
Fra:1 Mem:29.67M (Peak 29.67M) | Time:00:00.40 | Mem:0.00M, Peak:0.00M | Scene, ViewLayer | Synchronizing object | Tee_Bar
Fra:1 Mem:29.69M (Peak 29.69M) | Time:00:00.40 | Mem:0.00M, Peak:0.00M | Scene, ViewLayer | Synchronizing object | Nape_2.R
Fra:1 Mem:29.69M (Peak 29.69M) | Time:00:00.40 | Mem:0.00M, Peak:0.00M | Scene, ViewLayer | Synchronizing object | Back_Lock_3
Fra:1 Mem:29.71M (Peak 29.71M) | Time:00:00.40 | Mem:0.00M, Peak:0.00M | Scene, ViewLayer | Synchronizing object | Back_Lock_4
Fra:1 Mem:29.75M (Peak 29.75M) | Time:00:00.40 | Mem:0.00M, Peak:0.00M | Scene, ViewLayer | Synchronizing object | Tee_Dot_1.275
Fra:1 Mem:29.75M (Peak 29.75M) | Time:00:00.40 | Mem:0.00M, Peak:0.00M | Scene, ViewLayer | Synchronizing object | Back_Lock_6
Fra:1 Mem:29.78M (Peak 29.78M) | Time:00:00.40 | Mem:0.00M, Peak:0.00M | Scene, ViewLayer | Initializing
Fra:1 Mem:26.43M (Peak 29.78M) | Time:00:00.40 | Mem:0.00M, Peak:0.00M | Scene, ViewLayer | Updating Images | Loading CHR001_GreyStudy_BaseColor
Fra:1 Mem:26.96M (Peak 30.43M) | Time:00:00.40 | Mem:4.00M, Peak:4.00M | Scene, ViewLayer | Waiting for render to start
Fra:1 Mem:26.96M (Peak 30.43M) | Time:00:00.40 | Mem:4.00M, Peak:4.00M | Scene, ViewLayer | Updating Scene
Fra:1 Mem:26.96M (Peak 30.43M) | Time:00:00.40 | Mem:4.00M, Peak:4.00M | Scene, ViewLayer | Updating Shaders
Fra:1 Mem:26.96M (Peak 30.43M) | Time:00:00.40 | Mem:4.00M, Peak:4.00M | Scene, ViewLayer | Loading render kernels (may take a few minutes the first time)
Fra:1 Mem:27.05M (Peak 30.43M) | Time:00:00.40 | Mem:4.00M, Peak:4.00M | Scene, ViewLayer | Updating Procedurals
Fra:1 Mem:27.05M (Peak 30.43M) | Time:00:00.40 | Mem:4.00M, Peak:4.00M | Scene, ViewLayer | Updating Background
Fra:1 Mem:27.05M (Peak 30.43M) | Time:00:00.40 | Mem:4.00M, Peak:4.00M | Scene, ViewLayer | Updating Camera
Fra:1 Mem:27.05M (Peak 30.43M) | Time:00:00.40 | Mem:4.00M, Peak:4.00M | Scene, ViewLayer | Updating Meshes Flags
Fra:1 Mem:27.05M (Peak 30.43M) | Time:00:00.40 | Mem:4.00M, Peak:4.00M | Scene, ViewLayer | Updating Objects
Fra:1 Mem:27.05M (Peak 30.43M) | Time:00:00.40 | Mem:4.00M, Peak:4.00M | Scene, ViewLayer | Updating Objects | Copying Transformations to device
Fra:1 Mem:27.07M (Peak 30.43M) | Time:00:00.41 | Mem:4.03M, Peak:4.03M | Scene, ViewLayer | Updating Particle Systems
Fra:1 Mem:27.07M (Peak 30.43M) | Time:00:00.41 | Mem:4.03M, Peak:4.03M | Scene, ViewLayer | Updating Particle Systems | Copying Particles to device
Fra:1 Mem:27.07M (Peak 30.43M) | Time:00:00.41 | Mem:4.03M, Peak:4.03M | Scene, ViewLayer | Updating Meshes
Fra:1 Mem:27.07M (Peak 30.43M) | Time:00:00.41 | Mem:4.03M, Peak:4.03M | Scene, ViewLayer | Updating Objects | Applying Static Transformations
Fra:1 Mem:27.07M (Peak 30.43M) | Time:00:00.41 | Mem:4.03M, Peak:4.03M | Scene, ViewLayer | Updating Mesh | Computing attributes
Fra:1 Mem:27.87M (Peak 30.43M) | Time:00:00.41 | Mem:4.04M, Peak:4.04M | Scene, ViewLayer | Updating Mesh | Copying Attributes to device
Fra:1 Mem:27.86M (Peak 30.43M) | Time:00:00.41 | Mem:4.81M, Peak:4.81M | Scene, ViewLayer | Updating Scene BVH | Building
Fra:1 Mem:27.86M (Peak 30.43M) | Time:00:00.41 | Mem:4.81M, Peak:4.81M | Scene, ViewLayer | Updating Scene BVH | Building BVH
Fra:1 Mem:27.86M (Peak 30.43M) | Time:00:00.41 | Mem:5.63M, Peak:5.63M | Scene, ViewLayer | Updating Scene BVH | Building BVH 0%
Fra:1 Mem:27.86M (Peak 30.43M) | Time:00:00.41 | Mem:6.53M, Peak:7.35M | Scene, ViewLayer | Updating Scene BVH | Copying BVH to device
Fra:1 Mem:27.86M (Peak 30.43M) | Time:00:00.41 | Mem:6.53M, Peak:7.35M | Scene, ViewLayer | Updating Mesh | Computing normals
Fra:1 Mem:28.59M (Peak 30.43M) | Time:00:00.41 | Mem:6.53M, Peak:7.35M | Scene, ViewLayer | Updating Mesh | Copying Mesh to device
Fra:1 Mem:28.59M (Peak 30.43M) | Time:00:00.41 | Mem:7.26M, Peak:7.35M | Scene, ViewLayer | Updating Objects Flags
Fra:1 Mem:28.59M (Peak 30.43M) | Time:00:00.41 | Mem:7.26M, Peak:7.35M | Scene, ViewLayer | Updating Primitive Offsets
Fra:1 Mem:28.59M (Peak 30.43M) | Time:00:00.41 | Mem:7.26M, Peak:7.35M | Scene, ViewLayer | Updating Images
Fra:1 Mem:28.59M (Peak 30.43M) | Time:00:00.41 | Mem:7.26M, Peak:7.35M | Scene, ViewLayer | Updating Camera Volume
Fra:1 Mem:28.59M (Peak 30.43M) | Time:00:00.41 | Mem:7.26M, Peak:7.35M | Scene, ViewLayer | Updating Lookup Tables
Fra:1 Mem:28.59M (Peak 30.43M) | Time:00:00.41 | Mem:7.34M, Peak:7.35M | Scene, ViewLayer | Updating Lights
Fra:1 Mem:28.59M (Peak 30.43M) | Time:00:00.41 | Mem:7.34M, Peak:7.35M | Scene, ViewLayer | Updating Lights | Computing tree
Fra:1 Mem:28.59M (Peak 30.43M) | Time:00:00.41 | Mem:7.34M, Peak:7.35M | Scene, ViewLayer | Updating Integrator
Fra:1 Mem:28.59M (Peak 30.43M) | Time:00:00.41 | Mem:7.34M, Peak:7.35M | Scene, ViewLayer | Updating Film
Fra:1 Mem:28.59M (Peak 30.43M) | Time:00:00.41 | Mem:7.26M, Peak:7.35M | Scene, ViewLayer | Updating Lookup Tables
Fra:1 Mem:28.59M (Peak 30.43M) | Time:00:00.41 | Mem:7.35M, Peak:7.35M | Scene, ViewLayer | Updating Baking
Fra:1 Mem:28.59M (Peak 30.43M) | Time:00:00.41 | Mem:7.35M, Peak:7.35M | Scene, ViewLayer | Updating Device | Writing constant memory
Fra:1 Mem:28.60M (Peak 30.43M) | Time:00:00.41 | Mem:7.35M, Peak:7.35M | Scene, ViewLayer | Loading denoising kernels (may take a few minutes the first time)
Fra:1 Mem:28.60M (Peak 30.43M) | Time:00:00.41 | Mem:7.35M, Peak:7.35M | Scene, ViewLayer | Sample 0/24
Fra:1 Mem:78.77M (Peak 78.77M) | Time:00:00.59 | Remaining:00:04.07 | Mem:57.46M, Peak:57.46M | Scene, ViewLayer | Sample 1/24
Fra:1 Mem:99.87M (Peak 131.51M) | Time:00:06.41 | Mem:57.46M, Peak:57.46M | Scene, ViewLayer | Sample 24/24
Fra:1 Mem:99.87M (Peak 131.51M) | Time:00:06.41 | Mem:57.46M, Peak:57.46M | Scene, ViewLayer | Finished
Saved: '/home/lzzz/MyProjects/N-SIDE/output/characters/CHR-001/model-r1/face.png'
Time: 00:06.46 (Saving: 00:00.04)

Fra:1 Mem:25.39M (Peak 25.39M) | Time:00:00.00 | Mem:0.00M, Peak:0.00M | Scene, ViewLayer | Synchronizing object | Neck
Fra:1 Mem:25.51M (Peak 25.51M) | Time:00:00.00 | Mem:0.00M, Peak:0.00M | Scene, ViewLayer | Synchronizing object | TShirt
Fra:1 Mem:25.66M (Peak 25.66M) | Time:00:00.00 | Mem:0.00M, Peak:0.00M | Scene, ViewLayer | Synchronizing object | TShirt_Collar
Fra:1 Mem:25.95M (Peak 25.95M) | Time:00:00.01 | Mem:0.00M, Peak:0.00M | Scene, ViewLayer | Synchronizing object | Jacket_Body
Fra:1 Mem:25.95M (Peak 25.95M) | Time:00:00.01 | Mem:0.00M, Peak:0.00M | Scene, ViewLayer | Synchronizing object | Hood
Fra:1 Mem:26.47M (Peak 26.47M) | Time:00:00.02 | Mem:0.00M, Peak:0.00M | Scene, ViewLayer | Synchronizing object | Sleeve.L
Fra:1 Mem:26.47M (Peak 26.47M) | Time:00:00.02 | Mem:0.00M, Peak:0.00M | Scene, ViewLayer | Synchronizing object | Zip_Tape.L
Fra:1 Mem:26.54M (Peak 26.54M) | Time:00:00.02 | Mem:0.00M, Peak:0.00M | Scene, ViewLayer | Synchronizing object | Hood_Cord.L
Fra:1 Mem:26.65M (Peak 26.65M) | Time:00:00.03 | Mem:0.00M, Peak:0.00M | Scene, ViewLayer | Synchronizing object | Palm.L
Fra:1 Mem:26.65M (Peak 26.65M) | Time:00:00.03 | Mem:0.00M, Peak:0.00M | Scene, ViewLayer | Synchronizing object | Index_Mesh.L
Fra:1 Mem:26.67M (Peak 26.67M) | Time:00:00.03 | Mem:0.00M, Peak:0.00M | Scene, ViewLayer | Synchronizing object | Ring_Mesh.L
Fra:1 Mem:26.69M (Peak 26.69M) | Time:00:00.03 | Mem:0.00M, Peak:0.00M | Scene, ViewLayer | Synchronizing object | Pinky_Mesh.L
Fra:1 Mem:26.70M (Peak 26.70M) | Time:00:00.03 | Mem:0.00M, Peak:0.00M | Scene, ViewLayer | Synchronizing object | Thumb_Mesh.L
Fra:1 Mem:26.88M (Peak 26.88M) | Time:00:00.06 | Mem:0.00M, Peak:0.00M | Scene, ViewLayer | Synchronizing object | Trousers.L
Fra:1 Mem:26.88M (Peak 26.88M) | Time:00:00.06 | Mem:0.00M, Peak:0.00M | Scene, ViewLayer | Synchronizing object | Sneaker_Upper.L
Fra:1 Mem:26.95M (Peak 26.95M) | Time:00:00.06 | Mem:0.00M, Peak:0.00M | Scene, ViewLayer | Synchronizing object | Sock.L
Fra:1 Mem:27.08M (Peak 27.08M) | Time:00:00.06 | Mem:0.00M, Peak:0.00M | Scene, ViewLayer | Synchronizing object | Lace_0.L
Fra:1 Mem:27.07M (Peak 27.08M) | Time:00:00.06 | Mem:0.00M, Peak:0.00M | Scene, ViewLayer | Synchronizing object | Lace_2.L
Fra:1 Mem:27.08M (Peak 27.08M) | Time:00:00.06 | Mem:0.00M, Peak:0.00M | Scene, ViewLayer | Synchronizing object | Lace_3.L
Fra:1 Mem:27.08M (Peak 27.08M) | Time:00:00.06 | Mem:0.00M, Peak:0.00M | Scene, ViewLayer | Synchronizing object | Heel_Tab.L
Fra:1 Mem:27.26M (Peak 27.26M) | Time:00:00.07 | Mem:0.00M, Peak:0.00M | Scene, ViewLayer | Synchronizing object | Sleeve.R
Fra:1 Mem:27.26M (Peak 27.26M) | Time:00:00.07 | Mem:0.00M, Peak:0.00M | Scene, ViewLayer | Synchronizing object | Sleeve_Cuff.R
Fra:1 Mem:27.34M (Peak 27.34M) | Time:00:00.07 | Mem:0.00M, Peak:0.00M | Scene, ViewLayer | Synchronizing object | Zip_Tape.R
Fra:1 Mem:27.36M (Peak 27.36M) | Time:00:00.07 | Mem:0.00M, Peak:0.00M | Scene, ViewLayer | Synchronizing object | Hood_Cord.R
Fra:1 Mem:27.44M (Peak 27.44M) | Time:00:00.08 | Mem:0.00M, Peak:0.00M | Scene, ViewLayer | Synchronizing object | Palm.R
Fra:1 Mem:27.44M (Peak 27.44M) | Time:00:00.08 | Mem:0.00M, Peak:0.00M | Scene, ViewLayer | Synchronizing object | Index_Mesh.R
Fra:1 Mem:27.45M (Peak 27.45M) | Time:00:00.08 | Mem:0.00M, Peak:0.00M | Scene, ViewLayer | Synchronizing object | Middle_Mesh.R
Fra:1 Mem:27.48M (Peak 27.48M) | Time:00:00.08 | Mem:0.00M, Peak:0.00M | Scene, ViewLayer | Synchronizing object | Ring_Mesh.R
Fra:1 Mem:27.49M (Peak 27.49M) | Time:00:00.08 | Mem:0.00M, Peak:0.00M | Scene, ViewLayer | Synchronizing object | Pinky_Mesh.R
Fra:1 Mem:27.50M (Peak 27.50M) | Time:00:00.08 | Mem:0.00M, Peak:0.00M | Scene, ViewLayer | Synchronizing object | Thumb_Mesh.R
Fra:1 Mem:27.67M (Peak 27.67M) | Time:00:00.10 | Mem:0.00M, Peak:0.00M | Scene, ViewLayer | Synchronizing object | Trousers.R
Fra:1 Mem:27.67M (Peak 27.67M) | Time:00:00.10 | Mem:0.00M, Peak:0.00M | Scene, ViewLayer | Synchronizing object | Sneaker_Sole.R
Fra:1 Mem:27.70M (Peak 27.70M) | Time:00:00.10 | Mem:0.00M, Peak:0.00M | Scene, ViewLayer | Synchronizing object | Sock.R
Fra:1 Mem:27.81M (Peak 27.81M) | Time:00:00.10 | Mem:0.00M, Peak:0.00M | Scene, ViewLayer | Synchronizing object | Lace_0.R
Fra:1 Mem:27.86M (Peak 27.86M) | Time:00:00.10 | Mem:0.00M, Peak:0.00M | Scene, ViewLayer | Synchronizing object | Lace_1.R
Fra:1 Mem:27.87M (Peak 27.87M) | Time:00:00.10 | Mem:0.00M, Peak:0.00M | Scene, ViewLayer | Synchronizing object | Lace_2.R
Fra:1 Mem:27.87M (Peak 27.87M) | Time:00:00.10 | Mem:0.00M, Peak:0.00M | Scene, ViewLayer | Synchronizing object | Lace_3.R
Fra:1 Mem:27.87M (Peak 27.87M) | Time:00:00.10 | Mem:0.00M, Peak:0.00M | Scene, ViewLayer | Synchronizing object | Heel_Tab.R
Fra:1 Mem:28.19M (Peak 28.19M) | Time:00:00.39 | Mem:0.00M, Peak:0.00M | Scene, ViewLayer | Synchronizing object | Face_Head
Fra:1 Mem:28.58M (Peak 28.58M) | Time:00:00.39 | Mem:0.00M, Peak:0.00M | Scene, ViewLayer | Synchronizing object | Ear.L
Fra:1 Mem:28.58M (Peak 28.58M) | Time:00:00.39 | Mem:0.00M, Peak:0.00M | Scene, ViewLayer | Synchronizing object | Ear_Fold.L
Fra:1 Mem:28.66M (Peak 28.66M) | Time:00:00.40 | Mem:0.00M, Peak:0.00M | Scene, ViewLayer | Synchronizing object | Ear.R
Fra:1 Mem:28.67M (Peak 28.67M) | Time:00:00.40 | Mem:0.00M, Peak:0.00M | Scene, ViewLayer | Synchronizing object | Eye_White.L
Fra:1 Mem:28.69M (Peak 28.69M) | Time:00:00.40 | Mem:0.00M, Peak:0.00M | Scene, ViewLayer | Synchronizing object | Iris_ink.L
Fra:1 Mem:28.72M (Peak 28.72M) | Time:00:00.40 | Mem:0.00M, Peak:0.00M | Scene, ViewLayer | Synchronizing object | Eye_Glint.L
Fra:1 Mem:28.72M (Peak 28.72M) | Time:00:00.40 | Mem:0.00M, Peak:0.00M | Scene, ViewLayer | Synchronizing object | Eyebrow.L
Fra:1 Mem:28.72M (Peak 28.72M) | Time:00:00.40 | Mem:0.00M, Peak:0.00M | Scene, ViewLayer | Synchronizing object | Eye_White.R
Fra:1 Mem:28.73M (Peak 28.73M) | Time:00:00.40 | Mem:0.00M, Peak:0.00M | Scene, ViewLayer | Synchronizing object | Iris_ink.R
Fra:1 Mem:28.73M (Peak 28.73M) | Time:00:00.40 | Mem:0.00M, Peak:0.00M | Scene, ViewLayer | Synchronizing object | Upper_Lid.R
Fra:1 Mem:28.74M (Peak 28.74M) | Time:00:00.40 | Mem:0.00M, Peak:0.00M | Scene, ViewLayer | Synchronizing object | Eyebrow.R
Fra:1 Mem:28.74M (Peak 28.74M) | Time:00:00.40 | Mem:0.00M, Peak:0.00M | Scene, ViewLayer | Synchronizing object | Mouth
Fra:1 Mem:28.74M (Peak 28.74M) | Time:00:00.40 | Mem:0.00M, Peak:0.00M | Scene, ViewLayer | Synchronizing object | Hair_Cap
Fra:1 Mem:28.75M (Peak 28.75M) | Time:00:00.40 | Mem:0.00M, Peak:0.00M | Scene, ViewLayer | Synchronizing object | Bangs_00
Fra:1 Mem:28.75M (Peak 28.75M) | Time:00:00.40 | Mem:0.00M, Peak:0.00M | Scene, ViewLayer | Synchronizing object | Bangs_02
Fra:1 Mem:28.76M (Peak 28.76M) | Time:00:00.40 | Mem:0.00M, Peak:0.00M | Scene, ViewLayer | Synchronizing object | Bangs_03
Fra:1 Mem:28.81M (Peak 28.81M) | Time:00:00.40 | Mem:0.00M, Peak:0.00M | Scene, ViewLayer | Synchronizing object | Bangs_04
Fra:1 Mem:28.83M (Peak 28.83M) | Time:00:00.40 | Mem:0.00M, Peak:0.00M | Scene, ViewLayer | Synchronizing object | Bangs_05
Fra:1 Mem:28.85M (Peak 28.84M) | Time:00:00.40 | Mem:0.00M, Peak:0.00M | Scene, ViewLayer | Synchronizing object | Bangs_06
Fra:1 Mem:28.86M (Peak 28.86M) | Time:00:00.40 | Mem:0.00M, Peak:0.00M | Scene, ViewLayer | Synchronizing object | Bangs_07
Fra:1 Mem:28.89M (Peak 28.89M) | Time:00:00.40 | Mem:0.00M, Peak:0.00M | Scene, ViewLayer | Synchronizing object | Bangs_08
Fra:1 Mem:28.91M (Peak 28.91M) | Time:00:00.40 | Mem:0.00M, Peak:0.00M | Scene, ViewLayer | Synchronizing object | Review_Rim
Fra:1 Mem:28.90M (Peak 28.91M) | Time:00:00.40 | Mem:0.00M, Peak:0.00M | Scene, ViewLayer | Synchronizing object | Temple_2.L
Fra:1 Mem:28.90M (Peak 28.91M) | Time:00:00.40 | Mem:0.00M, Peak:0.00M | Scene, ViewLayer | Synchronizing object | Temple_3.L
Fra:1 Mem:28.93M (Peak 28.93M) | Time:00:00.40 | Mem:0.00M, Peak:0.00M | Scene, ViewLayer | Synchronizing object | Review_Key
Fra:1 Mem:28.93M (Peak 28.93M) | Time:00:00.40 | Mem:0.00M, Peak:0.00M | Scene, ViewLayer | Synchronizing object | Temple_4.L
Fra:1 Mem:28.94M (Peak 28.94M) | Time:00:00.40 | Mem:0.00M, Peak:0.00M | Scene, ViewLayer | Synchronizing object | Review_Ground
Fra:1 Mem:28.96M (Peak 28.96M) | Time:00:00.40 | Mem:0.00M, Peak:0.00M | Scene, ViewLayer | Synchronizing object | Crown_0.L
Fra:1 Mem:28.96M (Peak 28.96M) | Time:00:00.40 | Mem:0.00M, Peak:0.00M | Scene, ViewLayer | Synchronizing object | Crown_1.L
Fra:1 Mem:28.97M (Peak 28.97M) | Time:00:00.40 | Mem:0.00M, Peak:0.00M | Scene, ViewLayer | Synchronizing object | Crown_2.L
Fra:1 Mem:28.97M (Peak 28.97M) | Time:00:00.40 | Mem:0.00M, Peak:0.00M | Scene, ViewLayer | Synchronizing object | Nape_0.L
Fra:1 Mem:29.00M (Peak 29.00M) | Time:00:00.40 | Mem:0.00M, Peak:0.00M | Scene, ViewLayer | Synchronizing object | Nape_1.L
Fra:1 Mem:29.02M (Peak 29.02M) | Time:00:00.40 | Mem:0.00M, Peak:0.00M | Scene, ViewLayer | Synchronizing object | Nape_2.L
Fra:1 Mem:29.02M (Peak 29.02M) | Time:00:00.40 | Mem:0.00M, Peak:0.00M | Scene, ViewLayer | Synchronizing object | Temple_0.R
Fra:1 Mem:29.03M (Peak 29.03M) | Time:00:00.40 | Mem:0.00M, Peak:0.00M | Scene, ViewLayer | Synchronizing object | Temple_1.R
Fra:1 Mem:29.06M (Peak 29.06M) | Time:00:00.40 | Mem:0.00M, Peak:0.00M | Scene, ViewLayer | Synchronizing object | Tee_Dot_1.275
Fra:1 Mem:29.07M (Peak 29.07M) | Time:00:00.40 | Mem:0.00M, Peak:0.00M | Scene, ViewLayer | Synchronizing object | Temple_2.R
Fra:1 Mem:29.07M (Peak 29.07M) | Time:00:00.40 | Mem:0.00M, Peak:0.00M | Scene, ViewLayer | Synchronizing object | Back_Lock_6
Fra:1 Mem:29.08M (Peak 29.08M) | Time:00:00.40 | Mem:0.00M, Peak:0.00M | Scene, ViewLayer | Synchronizing object | Crown_1.R
Fra:1 Mem:29.09M (Peak 29.09M) | Time:00:00.40 | Mem:0.00M, Peak:0.00M | Scene, ViewLayer | Synchronizing object | Crown_2.R
Fra:1 Mem:29.12M (Peak 29.12M) | Time:00:00.40 | Mem:0.00M, Peak:0.00M | Scene, ViewLayer | Synchronizing object | Nape_0.R
Fra:1 Mem:29.14M (Peak 29.14M) | Time:00:00.40 | Mem:0.00M, Peak:0.00M | Scene, ViewLayer | Synchronizing object | Nape_1.R
Fra:1 Mem:29.16M (Peak 29.16M) | Time:00:00.40 | Mem:0.00M, Peak:0.00M | Scene, ViewLayer | Synchronizing object | Back_Lock_5
Fra:1 Mem:29.16M (Peak 29.16M) | Time:00:00.40 | Mem:0.00M, Peak:0.00M | Scene, ViewLayer | Synchronizing object | Back_Lock_3
Fra:1 Mem:29.18M (Peak 29.18M) | Time:00:00.40 | Mem:0.00M, Peak:0.00M | Scene, ViewLayer | Synchronizing object | Back_Lock_4
Fra:1 Mem:29.24M (Peak 29.24M) | Time:00:00.40 | Mem:0.00M, Peak:0.00M | Scene, ViewLayer | Initializing
Fra:1 Mem:25.89M (Peak 29.24M) | Time:00:00.40 | Mem:0.00M, Peak:0.00M | Scene, ViewLayer | Updating Images | Loading CHR001_GreyStudy_BaseColor
Fra:1 Mem:26.69M (Peak 29.89M) | Time:00:00.40 | Mem:4.00M, Peak:4.00M | Scene, ViewLayer | Waiting for render to start
Fra:1 Mem:26.69M (Peak 29.89M) | Time:00:00.40 | Mem:4.00M, Peak:4.00M | Scene, ViewLayer | Updating Scene
Fra:1 Mem:26.69M (Peak 29.89M) | Time:00:00.40 | Mem:4.00M, Peak:4.00M | Scene, ViewLayer | Updating Shaders
Fra:1 Mem:26.69M (Peak 29.89M) | Time:00:00.40 | Mem:4.00M, Peak:4.00M | Scene, ViewLayer | Loading render kernels (may take a few minutes the first time)
Fra:1 Mem:26.78M (Peak 29.89M) | Time:00:00.40 | Mem:4.00M, Peak:4.00M | Scene, ViewLayer | Updating Procedurals
Fra:1 Mem:26.78M (Peak 29.89M) | Time:00:00.40 | Mem:4.00M, Peak:4.00M | Scene, ViewLayer | Updating Background
Fra:1 Mem:26.78M (Peak 29.89M) | Time:00:00.40 | Mem:4.00M, Peak:4.00M | Scene, ViewLayer | Updating Camera
Fra:1 Mem:26.78M (Peak 29.89M) | Time:00:00.40 | Mem:4.00M, Peak:4.00M | Scene, ViewLayer | Updating Meshes Flags
Fra:1 Mem:26.78M (Peak 29.89M) | Time:00:00.40 | Mem:4.00M, Peak:4.00M | Scene, ViewLayer | Updating Objects
Fra:1 Mem:26.78M (Peak 29.89M) | Time:00:00.40 | Mem:4.00M, Peak:4.00M | Scene, ViewLayer | Updating Objects | Copying Transformations to device
Fra:1 Mem:26.80M (Peak 29.89M) | Time:00:00.40 | Mem:4.03M, Peak:4.03M | Scene, ViewLayer | Updating Particle Systems
Fra:1 Mem:26.80M (Peak 29.89M) | Time:00:00.40 | Mem:4.03M, Peak:4.03M | Scene, ViewLayer | Updating Particle Systems | Copying Particles to device
Fra:1 Mem:26.80M (Peak 29.89M) | Time:00:00.40 | Mem:4.03M, Peak:4.03M | Scene, ViewLayer | Updating Meshes
Fra:1 Mem:26.80M (Peak 29.89M) | Time:00:00.40 | Mem:4.03M, Peak:4.03M | Scene, ViewLayer | Updating Objects | Applying Static Transformations
Fra:1 Mem:26.80M (Peak 29.89M) | Time:00:00.40 | Mem:4.03M, Peak:4.03M | Scene, ViewLayer | Updating Mesh | Computing attributes
Fra:1 Mem:27.60M (Peak 29.89M) | Time:00:00.40 | Mem:4.04M, Peak:4.04M | Scene, ViewLayer | Updating Mesh | Copying Attributes to device
Fra:1 Mem:27.59M (Peak 29.89M) | Time:00:00.40 | Mem:4.81M, Peak:4.81M | Scene, ViewLayer | Updating Scene BVH | Building
Fra:1 Mem:27.59M (Peak 29.89M) | Time:00:00.40 | Mem:4.81M, Peak:4.81M | Scene, ViewLayer | Updating Scene BVH | Building BVH
Fra:1 Mem:27.59M (Peak 29.89M) | Time:00:00.40 | Mem:5.63M, Peak:5.63M | Scene, ViewLayer | Updating Scene BVH | Building BVH 0%
Fra:1 Mem:27.59M (Peak 29.89M) | Time:00:00.41 | Mem:6.53M, Peak:7.35M | Scene, ViewLayer | Updating Scene BVH | Copying BVH to device
Fra:1 Mem:27.59M (Peak 29.89M) | Time:00:00.41 | Mem:6.53M, Peak:7.35M | Scene, ViewLayer | Updating Mesh | Computing normals
Fra:1 Mem:28.32M (Peak 29.89M) | Time:00:00.41 | Mem:6.53M, Peak:7.35M | Scene, ViewLayer | Updating Mesh | Copying Mesh to device
Fra:1 Mem:28.32M (Peak 29.89M) | Time:00:00.41 | Mem:7.26M, Peak:7.35M | Scene, ViewLayer | Updating Objects Flags
Fra:1 Mem:28.32M (Peak 29.89M) | Time:00:00.41 | Mem:7.26M, Peak:7.35M | Scene, ViewLayer | Updating Primitive Offsets
Fra:1 Mem:28.32M (Peak 29.89M) | Time:00:00.41 | Mem:7.26M, Peak:7.35M | Scene, ViewLayer | Updating Images
Fra:1 Mem:28.32M (Peak 29.89M) | Time:00:00.41 | Mem:7.26M, Peak:7.35M | Scene, ViewLayer | Updating Camera Volume
Fra:1 Mem:28.32M (Peak 29.89M) | Time:00:00.41 | Mem:7.26M, Peak:7.35M | Scene, ViewLayer | Updating Lookup Tables
Fra:1 Mem:28.32M (Peak 29.89M) | Time:00:00.41 | Mem:7.34M, Peak:7.35M | Scene, ViewLayer | Updating Lights
Fra:1 Mem:28.32M (Peak 29.89M) | Time:00:00.41 | Mem:7.34M, Peak:7.35M | Scene, ViewLayer | Updating Lights | Computing tree
Fra:1 Mem:28.32M (Peak 29.89M) | Time:00:00.41 | Mem:7.34M, Peak:7.35M | Scene, ViewLayer | Updating Integrator
Fra:1 Mem:28.32M (Peak 29.89M) | Time:00:00.41 | Mem:7.34M, Peak:7.35M | Scene, ViewLayer | Updating Film
Fra:1 Mem:28.32M (Peak 29.89M) | Time:00:00.41 | Mem:7.26M, Peak:7.35M | Scene, ViewLayer | Updating Lookup Tables
Fra:1 Mem:28.32M (Peak 29.89M) | Time:00:00.41 | Mem:7.35M, Peak:7.35M | Scene, ViewLayer | Updating Baking
Fra:1 Mem:28.32M (Peak 29.89M) | Time:00:00.41 | Mem:7.35M, Peak:7.35M | Scene, ViewLayer | Updating Device | Writing constant memory
Fra:1 Mem:28.33M (Peak 29.89M) | Time:00:00.41 | Mem:7.35M, Peak:7.35M | Scene, ViewLayer | Loading denoising kernels (may take a few minutes the first time)
Fra:1 Mem:28.33M (Peak 29.89M) | Time:00:00.41 | Mem:7.35M, Peak:7.35M | Scene, ViewLayer | Sample 0/24
Fra:1 Mem:78.50M (Peak 78.50M) | Time:00:00.56 | Remaining:00:03.55 | Mem:57.46M, Peak:57.46M | Scene, ViewLayer | Sample 1/24
Fra:1 Mem:99.60M (Peak 131.24M) | Time:00:05.96 | Mem:57.46M, Peak:57.46M | Scene, ViewLayer | Sample 24/24
Fra:1 Mem:99.60M (Peak 131.24M) | Time:00:05.96 | Mem:57.46M, Peak:57.46M | Scene, ViewLayer | Finished
Saved: '/home/lzzz/MyProjects/N-SIDE/output/characters/CHR-001/model-r1/walk-lift.png'
Time: 00:06.01 (Saving: 00:00.04)

Fra:1 Mem:25.21M (Peak 25.21M) | Time:00:00.00 | Mem:0.00M, Peak:0.00M | Scene, ViewLayer | Synchronizing object | Neck
Fra:1 Mem:25.33M (Peak 25.33M) | Time:00:00.00 | Mem:0.00M, Peak:0.00M | Scene, ViewLayer | Synchronizing object | TShirt
Fra:1 Mem:25.48M (Peak 25.48M) | Time:00:00.00 | Mem:0.00M, Peak:0.00M | Scene, ViewLayer | Synchronizing object | TShirt_Collar
Fra:1 Mem:25.77M (Peak 25.77M) | Time:00:00.01 | Mem:0.00M, Peak:0.00M | Scene, ViewLayer | Synchronizing object | Jacket_Body
Fra:1 Mem:25.77M (Peak 25.77M) | Time:00:00.01 | Mem:0.00M, Peak:0.00M | Scene, ViewLayer | Synchronizing object | Hood
Fra:1 Mem:26.29M (Peak 26.29M) | Time:00:00.02 | Mem:0.00M, Peak:0.00M | Scene, ViewLayer | Synchronizing object | Sleeve.L
Fra:1 Mem:26.29M (Peak 26.29M) | Time:00:00.02 | Mem:0.00M, Peak:0.00M | Scene, ViewLayer | Synchronizing object | Sleeve_Cuff.L
Fra:1 Mem:26.31M (Peak 26.31M) | Time:00:00.02 | Mem:0.00M, Peak:0.00M | Scene, ViewLayer | Synchronizing object | Hood_Cord.L
Fra:1 Mem:26.47M (Peak 26.47M) | Time:00:00.03 | Mem:0.00M, Peak:0.00M | Scene, ViewLayer | Synchronizing object | Palm.L
Fra:1 Mem:26.48M (Peak 26.48M) | Time:00:00.03 | Mem:0.00M, Peak:0.00M | Scene, ViewLayer | Synchronizing object | Index_Mesh.L
Fra:1 Mem:26.50M (Peak 26.50M) | Time:00:00.03 | Mem:0.00M, Peak:0.00M | Scene, ViewLayer | Synchronizing object | Ring_Mesh.L
Fra:1 Mem:26.51M (Peak 26.51M) | Time:00:00.03 | Mem:0.00M, Peak:0.00M | Scene, ViewLayer | Synchronizing object | Pinky_Mesh.L
Fra:1 Mem:26.53M (Peak 26.53M) | Time:00:00.03 | Mem:0.00M, Peak:0.00M | Scene, ViewLayer | Synchronizing object | Thumb_Mesh.L
Fra:1 Mem:26.70M (Peak 26.70M) | Time:00:00.05 | Mem:0.00M, Peak:0.00M | Scene, ViewLayer | Synchronizing object | Trousers.L
Fra:1 Mem:26.70M (Peak 26.70M) | Time:00:00.05 | Mem:0.00M, Peak:0.00M | Scene, ViewLayer | Synchronizing object | Sneaker_Sole.L
Fra:1 Mem:26.73M (Peak 26.73M) | Time:00:00.05 | Mem:0.00M, Peak:0.00M | Scene, ViewLayer | Synchronizing object | Sock.L
Fra:1 Mem:26.84M (Peak 26.84M) | Time:00:00.05 | Mem:0.00M, Peak:0.00M | Scene, ViewLayer | Synchronizing object | Lace_0.L
Fra:1 Mem:26.89M (Peak 26.89M) | Time:00:00.05 | Mem:0.00M, Peak:0.00M | Scene, ViewLayer | Synchronizing object | Lace_1.L
Fra:1 Mem:26.89M (Peak 26.89M) | Time:00:00.05 | Mem:0.00M, Peak:0.00M | Scene, ViewLayer | Synchronizing object | Lace_2.L
Fra:1 Mem:26.91M (Peak 26.91M) | Time:00:00.05 | Mem:0.00M, Peak:0.00M | Scene, ViewLayer | Synchronizing object | Lace_3.L
Fra:1 Mem:26.90M (Peak 26.91M) | Time:00:00.05 | Mem:0.00M, Peak:0.00M | Scene, ViewLayer | Synchronizing object | Heel_Tab.L
Fra:1 Mem:27.08M (Peak 27.08M) | Time:00:00.07 | Mem:0.00M, Peak:0.00M | Scene, ViewLayer | Synchronizing object | Sleeve.R
Fra:1 Mem:27.09M (Peak 27.09M) | Time:00:00.07 | Mem:0.00M, Peak:0.00M | Scene, ViewLayer | Synchronizing object | Zip_Tape.R
Fra:1 Mem:27.15M (Peak 27.15M) | Time:00:00.07 | Mem:0.00M, Peak:0.00M | Scene, ViewLayer | Synchronizing object | Hood_Cord.R
Fra:1 Mem:27.26M (Peak 27.26M) | Time:00:00.08 | Mem:0.00M, Peak:0.00M | Scene, ViewLayer | Synchronizing object | Palm.R
Fra:1 Mem:27.28M (Peak 27.28M) | Time:00:00.08 | Mem:0.00M, Peak:0.00M | Scene, ViewLayer | Synchronizing object | Index_Mesh.R
Fra:1 Mem:27.30M (Peak 27.30M) | Time:00:00.08 | Mem:0.00M, Peak:0.00M | Scene, ViewLayer | Synchronizing object | Middle_Mesh.R
Fra:1 Mem:27.30M (Peak 27.30M) | Time:00:00.08 | Mem:0.00M, Peak:0.00M | Scene, ViewLayer | Synchronizing object | Pinky_Mesh.R
Fra:1 Mem:27.33M (Peak 27.33M) | Time:00:00.08 | Mem:0.00M, Peak:0.00M | Scene, ViewLayer | Synchronizing object | Thumb_Mesh.R
Fra:1 Mem:27.49M (Peak 27.49M) | Time:00:00.10 | Mem:0.00M, Peak:0.00M | Scene, ViewLayer | Synchronizing object | Trousers.R
Fra:1 Mem:27.49M (Peak 27.49M) | Time:00:00.10 | Mem:0.00M, Peak:0.00M | Scene, ViewLayer | Synchronizing object | Sneaker_Upper.R
Fra:1 Mem:27.52M (Peak 27.52M) | Time:00:00.10 | Mem:0.00M, Peak:0.00M | Scene, ViewLayer | Synchronizing object | Sock.R
Fra:1 Mem:27.53M (Peak 27.53M) | Time:00:00.10 | Mem:0.00M, Peak:0.00M | Scene, ViewLayer | Synchronizing object | Lace_0.R
Fra:1 Mem:27.66M (Peak 27.66M) | Time:00:00.10 | Mem:0.00M, Peak:0.00M | Scene, ViewLayer | Synchronizing object | Lace_1.R
Fra:1 Mem:27.67M (Peak 27.67M) | Time:00:00.10 | Mem:0.00M, Peak:0.00M | Scene, ViewLayer | Synchronizing object | Lace_3.R
Fra:1 Mem:27.71M (Peak 27.71M) | Time:00:00.10 | Mem:0.00M, Peak:0.00M | Scene, ViewLayer | Synchronizing object | Heel_Tab.R
Fra:1 Mem:28.01M (Peak 28.01M) | Time:00:00.39 | Mem:0.00M, Peak:0.00M | Scene, ViewLayer | Synchronizing object | Face_Head
Fra:1 Mem:28.40M (Peak 28.40M) | Time:00:00.39 | Mem:0.00M, Peak:0.00M | Scene, ViewLayer | Synchronizing object | Ear.L
Fra:1 Mem:28.41M (Peak 28.41M) | Time:00:00.39 | Mem:0.00M, Peak:0.00M | Scene, ViewLayer | Synchronizing object | Ear_Fold.L
Fra:1 Mem:28.48M (Peak 28.48M) | Time:00:00.40 | Mem:0.00M, Peak:0.00M | Scene, ViewLayer | Synchronizing object | Ear.R
Fra:1 Mem:28.48M (Peak 28.48M) | Time:00:00.40 | Mem:0.00M, Peak:0.00M | Scene, ViewLayer | Synchronizing object | Iris_hair.L
Fra:1 Mem:28.51M (Peak 28.51M) | Time:00:00.40 | Mem:0.00M, Peak:0.00M | Scene, ViewLayer | Synchronizing object | Iris_ink.L
Fra:1 Mem:28.52M (Peak 28.52M) | Time:00:00.40 | Mem:0.00M, Peak:0.00M | Scene, ViewLayer | Synchronizing object | Eye_Glint.L
Fra:1 Mem:28.54M (Peak 28.54M) | Time:00:00.40 | Mem:0.00M, Peak:0.00M | Scene, ViewLayer | Synchronizing object | Upper_Lid.L
Fra:1 Mem:28.54M (Peak 28.54M) | Time:00:00.40 | Mem:0.00M, Peak:0.00M | Scene, ViewLayer | Synchronizing object | Eyebrow.L
Fra:1 Mem:28.54M (Peak 28.54M) | Time:00:00.40 | Mem:0.00M, Peak:0.00M | Scene, ViewLayer | Synchronizing object | Eye_White.R
Fra:1 Mem:28.55M (Peak 28.55M) | Time:00:00.40 | Mem:0.00M, Peak:0.00M | Scene, ViewLayer | Synchronizing object | Iris_hair.R
Fra:1 Mem:28.55M (Peak 28.55M) | Time:00:00.40 | Mem:0.00M, Peak:0.00M | Scene, ViewLayer | Synchronizing object | Eye_Glint.R
Fra:1 Mem:28.55M (Peak 28.55M) | Time:00:00.40 | Mem:0.00M, Peak:0.00M | Scene, ViewLayer | Synchronizing object | Upper_Lid.R
Fra:1 Mem:28.57M (Peak 28.57M) | Time:00:00.40 | Mem:0.00M, Peak:0.00M | Scene, ViewLayer | Synchronizing object | Nose
Fra:1 Mem:28.56M (Peak 28.57M) | Time:00:00.40 | Mem:0.00M, Peak:0.00M | Scene, ViewLayer | Synchronizing object | Mouth
Fra:1 Mem:28.57M (Peak 28.57M) | Time:00:00.40 | Mem:0.00M, Peak:0.00M | Scene, ViewLayer | Synchronizing object | Bangs_00
Fra:1 Mem:28.58M (Peak 28.58M) | Time:00:00.40 | Mem:0.00M, Peak:0.00M | Scene, ViewLayer | Synchronizing object | Bangs_01
Fra:1 Mem:28.60M (Peak 28.60M) | Time:00:00.40 | Mem:0.00M, Peak:0.00M | Scene, ViewLayer | Synchronizing object | Bangs_02
Fra:1 Mem:28.61M (Peak 28.61M) | Time:00:00.40 | Mem:0.00M, Peak:0.00M | Scene, ViewLayer | Synchronizing object | Bangs_03
Fra:1 Mem:28.63M (Peak 28.63M) | Time:00:00.40 | Mem:0.00M, Peak:0.00M | Scene, ViewLayer | Synchronizing object | Bangs_04
Fra:1 Mem:28.65M (Peak 28.65M) | Time:00:00.40 | Mem:0.00M, Peak:0.00M | Scene, ViewLayer | Synchronizing object | Bangs_06
Fra:1 Mem:28.66M (Peak 28.66M) | Time:00:00.40 | Mem:0.00M, Peak:0.00M | Scene, ViewLayer | Synchronizing object | Bangs_07
Fra:1 Mem:28.69M (Peak 28.69M) | Time:00:00.40 | Mem:0.00M, Peak:0.00M | Scene, ViewLayer | Synchronizing object | Bangs_08
Fra:1 Mem:28.71M (Peak 28.71M) | Time:00:00.40 | Mem:0.00M, Peak:0.00M | Scene, ViewLayer | Synchronizing object | Temple_0.L
Fra:1 Mem:28.72M (Peak 28.72M) | Time:00:00.40 | Mem:0.00M, Peak:0.00M | Scene, ViewLayer | Synchronizing object | Temple_1.L
Fra:1 Mem:28.73M (Peak 28.73M) | Time:00:00.40 | Mem:0.00M, Peak:0.00M | Scene, ViewLayer | Synchronizing object | Temple_2.L
Fra:1 Mem:28.74M (Peak 28.74M) | Time:00:00.40 | Mem:0.00M, Peak:0.00M | Scene, ViewLayer | Synchronizing object | Review_Rim
Fra:1 Mem:28.75M (Peak 28.75M) | Time:00:00.40 | Mem:0.00M, Peak:0.00M | Scene, ViewLayer | Synchronizing object | Crown_0.L
Fra:1 Mem:28.78M (Peak 28.78M) | Time:00:00.40 | Mem:0.00M, Peak:0.00M | Scene, ViewLayer | Synchronizing object | Crown_1.L
Fra:1 Mem:28.79M (Peak 28.79M) | Time:00:00.40 | Mem:0.00M, Peak:0.00M | Scene, ViewLayer | Synchronizing object | Nape_0.L
Fra:1 Mem:28.80M (Peak 28.80M) | Time:00:00.40 | Mem:0.00M, Peak:0.00M | Scene, ViewLayer | Synchronizing object | Nape_1.L
Fra:1 Mem:28.81M (Peak 28.81M) | Time:00:00.40 | Mem:0.00M, Peak:0.00M | Scene, ViewLayer | Synchronizing object | Nape_2.L
Fra:1 Mem:28.82M (Peak 28.82M) | Time:00:00.40 | Mem:0.00M, Peak:0.00M | Scene, ViewLayer | Synchronizing object | Review_Key
Fra:1 Mem:28.83M (Peak 28.83M) | Time:00:00.40 | Mem:0.00M, Peak:0.00M | Scene, ViewLayer | Synchronizing object | Review_Ground
Fra:1 Mem:28.83M (Peak 28.83M) | Time:00:00.40 | Mem:0.00M, Peak:0.00M | Scene, ViewLayer | Synchronizing object | Temple_0.R
Fra:1 Mem:28.83M (Peak 28.83M) | Time:00:00.40 | Mem:0.00M, Peak:0.00M | Scene, ViewLayer | Synchronizing object | Tee_Bar
Fra:1 Mem:28.85M (Peak 28.85M) | Time:00:00.40 | Mem:0.00M, Peak:0.00M | Scene, ViewLayer | Synchronizing object | Temple_1.R
Fra:1 Mem:28.86M (Peak 28.86M) | Time:00:00.40 | Mem:0.00M, Peak:0.00M | Scene, ViewLayer | Synchronizing object | Temple_2.R
Fra:1 Mem:28.89M (Peak 28.89M) | Time:00:00.40 | Mem:0.00M, Peak:0.00M | Scene, ViewLayer | Synchronizing object | Temple_4.R
Fra:1 Mem:28.90M (Peak 28.90M) | Time:00:00.40 | Mem:0.00M, Peak:0.00M | Scene, ViewLayer | Synchronizing object | Crown_0.R
Fra:1 Mem:28.91M (Peak 28.91M) | Time:00:00.40 | Mem:0.00M, Peak:0.00M | Scene, ViewLayer | Synchronizing object | Crown_1.R
Fra:1 Mem:28.92M (Peak 28.92M) | Time:00:00.40 | Mem:0.00M, Peak:0.00M | Scene, ViewLayer | Synchronizing object | Crown_2.R
Fra:1 Mem:28.93M (Peak 28.93M) | Time:00:00.40 | Mem:0.00M, Peak:0.00M | Scene, ViewLayer | Synchronizing object | Nape_0.R
Fra:1 Mem:28.95M (Peak 28.95M) | Time:00:00.40 | Mem:0.00M, Peak:0.00M | Scene, ViewLayer | Synchronizing object | Back_Lock_6
Fra:1 Mem:28.96M (Peak 28.96M) | Time:00:00.40 | Mem:0.00M, Peak:0.00M | Scene, ViewLayer | Synchronizing object | Nape_2.R
Fra:1 Mem:28.98M (Peak 28.98M) | Time:00:00.40 | Mem:0.00M, Peak:0.00M | Scene, ViewLayer | Synchronizing object | Nape_3.R
Fra:1 Mem:29.00M (Peak 29.00M) | Time:00:00.40 | Mem:0.00M, Peak:0.00M | Scene, ViewLayer | Synchronizing object | Back_Lock_5
Fra:1 Mem:29.01M (Peak 29.01M) | Time:00:00.40 | Mem:0.00M, Peak:0.00M | Scene, ViewLayer | Synchronizing object | Back_Lock_4
Fra:1 Mem:29.06M (Peak 29.06M) | Time:00:00.40 | Mem:0.00M, Peak:0.00M | Scene, ViewLayer | Initializing
Fra:1 Mem:25.71M (Peak 29.06M) | Time:00:00.40 | Mem:0.00M, Peak:0.00M | Scene, ViewLayer | Updating Images | Loading CHR001_GreyStudy_BaseColor
Fra:1 Mem:26.60M (Peak 29.71M) | Time:00:00.40 | Mem:4.00M, Peak:4.00M | Scene, ViewLayer | Waiting for render to start
Fra:1 Mem:26.60M (Peak 29.71M) | Time:00:00.40 | Mem:4.00M, Peak:4.00M | Scene, ViewLayer | Updating Scene
Fra:1 Mem:26.60M (Peak 29.71M) | Time:00:00.40 | Mem:4.00M, Peak:4.00M | Scene, ViewLayer | Updating Shaders
Fra:1 Mem:26.60M (Peak 29.71M) | Time:00:00.40 | Mem:4.00M, Peak:4.00M | Scene, ViewLayer | Loading render kernels (may take a few minutes the first time)
Fra:1 Mem:26.69M (Peak 29.71M) | Time:00:00.40 | Mem:4.00M, Peak:4.00M | Scene, ViewLayer | Updating Procedurals
Fra:1 Mem:26.69M (Peak 29.71M) | Time:00:00.40 | Mem:4.00M, Peak:4.00M | Scene, ViewLayer | Updating Background
Fra:1 Mem:26.69M (Peak 29.71M) | Time:00:00.40 | Mem:4.00M, Peak:4.00M | Scene, ViewLayer | Updating Camera
Fra:1 Mem:26.69M (Peak 29.71M) | Time:00:00.40 | Mem:4.00M, Peak:4.00M | Scene, ViewLayer | Updating Meshes Flags
Fra:1 Mem:26.69M (Peak 29.71M) | Time:00:00.40 | Mem:4.00M, Peak:4.00M | Scene, ViewLayer | Updating Objects
Fra:1 Mem:26.69M (Peak 29.71M) | Time:00:00.40 | Mem:4.00M, Peak:4.00M | Scene, ViewLayer | Updating Objects | Copying Transformations to device
Fra:1 Mem:26.71M (Peak 29.71M) | Time:00:00.40 | Mem:4.03M, Peak:4.03M | Scene, ViewLayer | Updating Particle Systems
Fra:1 Mem:26.71M (Peak 29.71M) | Time:00:00.40 | Mem:4.03M, Peak:4.03M | Scene, ViewLayer | Updating Particle Systems | Copying Particles to device
Fra:1 Mem:26.71M (Peak 29.71M) | Time:00:00.40 | Mem:4.03M, Peak:4.03M | Scene, ViewLayer | Updating Meshes
Fra:1 Mem:26.71M (Peak 29.71M) | Time:00:00.40 | Mem:4.03M, Peak:4.03M | Scene, ViewLayer | Updating Objects | Applying Static Transformations
Fra:1 Mem:26.71M (Peak 29.71M) | Time:00:00.40 | Mem:4.03M, Peak:4.03M | Scene, ViewLayer | Updating Mesh | Computing attributes
Fra:1 Mem:27.51M (Peak 29.71M) | Time:00:00.40 | Mem:4.04M, Peak:4.04M | Scene, ViewLayer | Updating Mesh | Copying Attributes to device
Fra:1 Mem:27.50M (Peak 29.71M) | Time:00:00.40 | Mem:4.81M, Peak:4.81M | Scene, ViewLayer | Updating Scene BVH | Building
Fra:1 Mem:27.50M (Peak 29.71M) | Time:00:00.40 | Mem:4.81M, Peak:4.81M | Scene, ViewLayer | Updating Scene BVH | Building BVH
Fra:1 Mem:27.50M (Peak 29.71M) | Time:00:00.40 | Mem:5.63M, Peak:5.63M | Scene, ViewLayer | Updating Scene BVH | Building BVH 0%
Fra:1 Mem:27.50M (Peak 29.71M) | Time:00:00.41 | Mem:6.53M, Peak:7.35M | Scene, ViewLayer | Updating Scene BVH | Copying BVH to device
Fra:1 Mem:27.50M (Peak 29.71M) | Time:00:00.41 | Mem:6.53M, Peak:7.35M | Scene, ViewLayer | Updating Mesh | Computing normals
Fra:1 Mem:28.23M (Peak 29.71M) | Time:00:00.41 | Mem:6.53M, Peak:7.35M | Scene, ViewLayer | Updating Mesh | Copying Mesh to device
Fra:1 Mem:28.23M (Peak 29.71M) | Time:00:00.41 | Mem:7.26M, Peak:7.35M | Scene, ViewLayer | Updating Objects Flags
Fra:1 Mem:28.23M (Peak 29.71M) | Time:00:00.41 | Mem:7.26M, Peak:7.35M | Scene, ViewLayer | Updating Primitive Offsets
Fra:1 Mem:28.23M (Peak 29.71M) | Time:00:00.41 | Mem:7.26M, Peak:7.35M | Scene, ViewLayer | Updating Images
Fra:1 Mem:28.23M (Peak 29.71M) | Time:00:00.41 | Mem:7.26M, Peak:7.35M | Scene, ViewLayer | Updating Camera Volume
Fra:1 Mem:28.23M (Peak 29.71M) | Time:00:00.41 | Mem:7.26M, Peak:7.35M | Scene, ViewLayer | Updating Lookup Tables
Fra:1 Mem:28.23M (Peak 29.71M) | Time:00:00.41 | Mem:7.34M, Peak:7.35M | Scene, ViewLayer | Updating Lights
Fra:1 Mem:28.23M (Peak 29.71M) | Time:00:00.41 | Mem:7.34M, Peak:7.35M | Scene, ViewLayer | Updating Lights | Computing tree
Fra:1 Mem:28.23M (Peak 29.71M) | Time:00:00.41 | Mem:7.34M, Peak:7.35M | Scene, ViewLayer | Updating Integrator
Fra:1 Mem:28.23M (Peak 29.71M) | Time:00:00.41 | Mem:7.34M, Peak:7.35M | Scene, ViewLayer | Updating Film
Fra:1 Mem:28.23M (Peak 29.71M) | Time:00:00.41 | Mem:7.26M, Peak:7.35M | Scene, ViewLayer | Updating Lookup Tables
Fra:1 Mem:28.23M (Peak 29.71M) | Time:00:00.41 | Mem:7.35M, Peak:7.35M | Scene, ViewLayer | Updating Baking
Fra:1 Mem:28.23M (Peak 29.71M) | Time:00:00.41 | Mem:7.35M, Peak:7.35M | Scene, ViewLayer | Updating Device | Writing constant memory
Fra:1 Mem:28.24M (Peak 29.71M) | Time:00:00.41 | Mem:7.35M, Peak:7.35M | Scene, ViewLayer | Loading denoising kernels (may take a few minutes the first time)
Fra:1 Mem:28.24M (Peak 29.71M) | Time:00:00.41 | Mem:7.35M, Peak:7.35M | Scene, ViewLayer | Sample 0/24
Fra:1 Mem:78.41M (Peak 78.41M) | Time:00:00.56 | Remaining:00:03.58 | Mem:57.46M, Peak:57.46M | Scene, ViewLayer | Sample 1/24
Fra:1 Mem:99.51M (Peak 131.15M) | Time:00:05.98 | Mem:57.46M, Peak:57.46M | Scene, ViewLayer | Sample 24/24
Fra:1 Mem:99.51M (Peak 131.15M) | Time:00:05.98 | Mem:57.46M, Peak:57.46M | Scene, ViewLayer | Finished
Saved: '/home/lzzz/MyProjects/N-SIDE/output/characters/CHR-001/model-r1/run-lift.png'
Time: 00:06.02 (Saving: 00:00.04)


{"status": "exported-candidate", "blender": "4.5.14 LTS", "units": "meters", "dcc_forward": "-Y", "gltf_forward": "+Z", "standing_height_design_m": 1.78, "head_to_chin_m": 0.265, "age_actual": 20, "age_appearance": 18, "palette": "unapproved grayscale study; grayscale hair is not a character color decision", "bones": 32, "editable_meshes": 103, "source_vertices": 6841, "clips": {"Idle": {"seconds": 2.0, "fps": 30, "in_place": true}, "Walk": {"seconds": 1.0, "fps": 30, "in_place": true}, "Run": {"seconds": 0.6666666666666666, "fps": 30, "in_place": true}}, "runtime": "NOT RUN; root integrates and captures the real Bevy path", "views": [{"label": "front", "clip": "Idle", "frame": 1, "file": "output/characters/CHR-001/model-r1/front.png"}, {"label": "three-quarter", "clip": "Idle", "frame": 1, "file": "output/characters/CHR-001/model-r1/three-quarter.png"}, {"label": "back", "clip": "Idle", "frame": 1, "file": "output/characters/CHR-001/model-r1/back.png"}, {"label": "walk-contact", "clip": "Walk", "frame": 8, "file": "output/characters/CHR-001/model-r1/walk-contact.png"}, {"label": "run-contact", "clip": "Run", "frame": 6, "file": "output/characters/CHR-001/model-r1/run-contact.png"}, {"label": "face", "clip": "Idle", "frame": 1, "file": "output/characters/CHR-001/model-r1/face.png"}, {"label": "walk-lift", "clip": "Walk", "frame": 1, "file": "output/characters/CHR-001/model-r1/walk-lift.png"}, {"label": "run-lift", "clip": "Run", "frame": 1, "file": "output/characters/CHR-001/model-r1/run-lift.png"}]}

Blender quit
