Info: Removed 8 vertices
Info: Removed 2 vertices
Info: Removed 0 vertices
Info: Removed 3 vertices
Info: Removed 6 vertices
Info: Removed 3 vertices
Info: Removed 4 vertices
Info: Removed 4 vertices
Info: Removed 4 vertices
Info: Removed 4 vertices
Info: Removed 4 vertices
Info: Removed 4 vertices
Info: Removed 12 vertices
Info: Removed 4 vertices
Info: Removed 5 vertices
Info: Removed 2 vertices
Info: Removed 3 vertices
Info: Removed 3 vertices
Info: Removed 3 vertices
Info: Removed 3 vertices
Info: Removed 3 vertices
Info: Removed 3 vertices
Info: Removed 6 vertices
Info: Removed 3 vertices
Info: Removed 4 vertices
Info: Removed 4 vertices
Info: Removed 4 vertices
Info: Removed 4 vertices
Info: Removed 4 vertices
Info: Removed 4 vertices
Info: Removed 12 vertices
Info: Removed 4 vertices
Info: Removed 5 vertices
Info: Removed 2 vertices
Info: Removed 3 vertices
Info: Removed 3 vertices
Info: Removed 3 vertices
Info: Removed 3 vertices
Info: Removed 3 vertices
Info: Removed 0 vertices
Info: Removed 14 vertices
Info: Removed 5 vertices
Info: Removed 3 vertices
Info: Removed 5 vertices
Info: Removed 3 vertices
Info: Removed 1 vertex
Info: Removed 0 vertices
Info: Removed 0 vertices
Info: Removed 0 vertices
Info: Removed 13 vertices
Info: Removed 13 vertices
Info: Removed 4 vertices
Info: Removed 1 vertex
Info: Removed 0 vertices
Info: Removed 0 vertices
Info: Removed 0 vertices
Info: Removed 13 vertices
Info: Removed 13 vertices
Info: Removed 4 vertices
Info: Removed 0 vertices
Info: Removed 5 vertices
Info: Removed 6 vertices
Info: Removed 0 vertices
Info: Removed 0 vertices
Info: Removed 0 vertices
Info: Removed 0 vertices
Info: Removed 0 vertices
Info: Removed 0 vertices
Info: Removed 0 vertices
Info: Removed 0 vertices
Info: Removed 0 vertices
Info: Removed 0 vertices
Info: Removed 0 vertices
Info: Removed 0 vertices
Info: Removed 0 vertices
Info: Removed 0 vertices
Info: Removed 0 vertices
Info: Removed 0 vertices
Info: Removed 0 vertices
Info: Removed 0 vertices
Info: Removed 0 vertices
Info: Removed 0 vertices
Info: Removed 0 vertices
Info: Removed 0 vertices
Info: Removed 0 vertices
Info: Removed 0 vertices
Info: Removed 0 vertices
Info: Removed 0 vertices
Info: Removed 0 vertices
Info: Removed 0 vertices
Info: Removed 0 vertices
Info: Removed 0 vertices
Info: Removed 0 vertices
Info: Removed 0 vertices
Info: Removed 0 vertices
Info: Removed 0 vertices
Info: Saved as "yao-grey-study.blend"
INFO Draco mesh compression is available, use library at /home/lzzz/MyProjects/N-SIDE/output/tools/blender-4.5.14-linux-x64/4.5/scripts/addons_core/io_scene_gltf2/libextern_draco.so
00:45:11 | INFO: Starting glTF 2.0 export
00:45:11 | INFO: Extracting primitive: CHR001_RuntimeMesh
00:45:11 | INFO: Primitives created: 1
00:45:11 | INFO: Finished glTF 2.0 export in 0.3675253391265869 s
Blender 4.5.14 LTS (hash 62c1db4208e8 built 2026-09-15 01:31:19)
Fra:1 Mem:26.44M (Peak 26.44M) | Time:00:00.00 | Mem:0.00M, Peak:0.00M | Scene, ViewLayer | Synchronizing object | TShirt
Fra:1 Mem:26.60M (Peak 26.60M) | Time:00:00.00 | Mem:0.00M, Peak:0.00M | Scene, ViewLayer | Synchronizing object | TShirt_Collar
Fra:1 Mem:26.60M (Peak 26.60M) | Time:00:00.00 | Mem:0.00M, Peak:0.00M | Scene, ViewLayer | Synchronizing object | Hood
Fra:1 Mem:26.62M (Peak 26.62M) | Time:00:00.00 | Mem:0.00M, Peak:0.00M | Scene, ViewLayer | Synchronizing object | Zip_Tape.L
Fra:1 Mem:26.65M (Peak 26.65M) | Time:00:00.00 | Mem:0.00M, Peak:0.00M | Scene, ViewLayer | Synchronizing object | Hood_Cord.L
Fra:1 Mem:26.73M (Peak 26.73M) | Time:00:00.01 | Mem:0.00M, Peak:0.00M | Scene, ViewLayer | Synchronizing object | Palm.L
Fra:1 Mem:26.73M (Peak 26.73M) | Time:00:00.01 | Mem:0.00M, Peak:0.00M | Scene, ViewLayer | Synchronizing object | Index_Mesh.L
Fra:1 Mem:26.77M (Peak 26.77M) | Time:00:00.01 | Mem:0.00M, Peak:0.00M | Scene, ViewLayer | Synchronizing object | Ring_Mesh.L
Fra:1 Mem:26.80M (Peak 26.80M) | Time:00:00.01 | Mem:0.00M, Peak:0.00M | Scene, ViewLayer | Synchronizing object | Pinky_Mesh.L
Fra:1 Mem:26.80M (Peak 26.80M) | Time:00:00.01 | Mem:0.00M, Peak:0.00M | Scene, ViewLayer | Synchronizing object | Thumb_Mesh.L
Fra:1 Mem:26.97M (Peak 26.97M) | Time:00:00.03 | Mem:0.00M, Peak:0.00M | Scene, ViewLayer | Synchronizing object | Trousers.L
Fra:1 Mem:26.97M (Peak 26.97M) | Time:00:00.03 | Mem:0.00M, Peak:0.00M | Scene, ViewLayer | Synchronizing object | Sneaker_Upper.L
Fra:1 Mem:27.05M (Peak 27.05M) | Time:00:00.03 | Mem:0.00M, Peak:0.00M | Scene, ViewLayer | Synchronizing object | Lace_0.L
Fra:1 Mem:27.16M (Peak 27.16M) | Time:00:00.03 | Mem:0.00M, Peak:0.00M | Scene, ViewLayer | Synchronizing object | Lace_1.L
Fra:1 Mem:27.16M (Peak 27.16M) | Time:00:00.03 | Mem:0.00M, Peak:0.00M | Scene, ViewLayer | Synchronizing object | Lace_2.L
Fra:1 Mem:27.17M (Peak 27.17M) | Time:00:00.03 | Mem:0.00M, Peak:0.00M | Scene, ViewLayer | Synchronizing object | Heel_Tab.L
Fra:1 Mem:27.17M (Peak 27.17M) | Time:00:00.03 | Mem:0.00M, Peak:0.00M | Scene, ViewLayer | Synchronizing object | Sleeve_Cuff.R
Fra:1 Mem:27.18M (Peak 27.18M) | Time:00:00.03 | Mem:0.00M, Peak:0.00M | Scene, ViewLayer | Synchronizing object | Zip_Tape.R
Fra:1 Mem:27.21M (Peak 27.21M) | Time:00:00.03 | Mem:0.00M, Peak:0.00M | Scene, ViewLayer | Synchronizing object | Hood_Cord.R
Fra:1 Mem:27.30M (Peak 27.30M) | Time:00:00.04 | Mem:0.00M, Peak:0.00M | Scene, ViewLayer | Synchronizing object | Palm.R
Fra:1 Mem:27.32M (Peak 27.32M) | Time:00:00.04 | Mem:0.00M, Peak:0.00M | Scene, ViewLayer | Synchronizing object | Index_Mesh.R
Fra:1 Mem:27.33M (Peak 27.33M) | Time:00:00.04 | Mem:0.00M, Peak:0.00M | Scene, ViewLayer | Synchronizing object | Ring_Mesh.R
Fra:1 Mem:27.34M (Peak 27.34M) | Time:00:00.04 | Mem:0.00M, Peak:0.00M | Scene, ViewLayer | Synchronizing object | Pinky_Mesh.R
Fra:1 Mem:27.37M (Peak 27.37M) | Time:00:00.04 | Mem:0.00M, Peak:0.00M | Scene, ViewLayer | Synchronizing object | Thumb_Mesh.R
Fra:1 Mem:27.54M (Peak 27.54M) | Time:00:00.07 | Mem:0.00M, Peak:0.00M | Scene, ViewLayer | Synchronizing object | Trousers.R
Fra:1 Mem:27.54M (Peak 27.54M) | Time:00:00.07 | Mem:0.00M, Peak:0.00M | Scene, ViewLayer | Synchronizing object | Sneaker_Upper.R
Fra:1 Mem:27.64M (Peak 27.64M) | Time:00:00.07 | Mem:0.00M, Peak:0.00M | Scene, ViewLayer | Synchronizing object | Sock.R
Fra:1 Mem:27.67M (Peak 27.67M) | Time:00:00.07 | Mem:0.00M, Peak:0.00M | Scene, ViewLayer | Synchronizing object | Lace_0.R
Fra:1 Mem:27.75M (Peak 27.75M) | Time:00:00.07 | Mem:0.00M, Peak:0.00M | Scene, ViewLayer | Synchronizing object | Lace_1.R
Fra:1 Mem:27.75M (Peak 27.75M) | Time:00:00.07 | Mem:0.00M, Peak:0.00M | Scene, ViewLayer | Synchronizing object | Lace_3.R
Fra:1 Mem:27.75M (Peak 27.75M) | Time:00:00.07 | Mem:0.00M, Peak:0.00M | Scene, ViewLayer | Synchronizing object | Heel_Tab.R
Fra:1 Mem:28.33M (Peak 28.33M) | Time:00:00.09 | Mem:0.00M, Peak:0.00M | Scene, ViewLayer | Synchronizing object | Jacket_ContinuousShoulders
Fra:1 Mem:29.38M (Peak 29.38M) | Time:00:00.37 | Mem:0.00M, Peak:0.00M | Scene, ViewLayer | Synchronizing object | Face_Head
Fra:1 Mem:29.92M (Peak 29.92M) | Time:00:00.38 | Mem:0.00M, Peak:0.00M | Scene, ViewLayer | Synchronizing object | Ear.L
Fra:1 Mem:29.92M (Peak 29.92M) | Time:00:00.38 | Mem:0.00M, Peak:0.00M | Scene, ViewLayer | Synchronizing object | Ear_Fold.L
Fra:1 Mem:30.00M (Peak 30.00M) | Time:00:00.38 | Mem:0.00M, Peak:0.00M | Scene, ViewLayer | Synchronizing object | Ear.R
Fra:1 Mem:30.00M (Peak 30.00M) | Time:00:00.38 | Mem:0.00M, Peak:0.00M | Scene, ViewLayer | Synchronizing object | Ear_Fold.R
Fra:1 Mem:30.02M (Peak 30.03M) | Time:00:00.38 | Mem:0.00M, Peak:0.00M | Scene, ViewLayer | Synchronizing object | Iris_hair.L
Fra:1 Mem:30.03M (Peak 30.03M) | Time:00:00.38 | Mem:0.00M, Peak:0.00M | Scene, ViewLayer | Synchronizing object | Iris_ink.L
Fra:1 Mem:30.05M (Peak 30.05M) | Time:00:00.38 | Mem:0.00M, Peak:0.00M | Scene, ViewLayer | Synchronizing object | Eye_Glint.L
Fra:1 Mem:30.06M (Peak 30.06M) | Time:00:00.38 | Mem:0.00M, Peak:0.00M | Scene, ViewLayer | Synchronizing object | Upper_Lid.L
Fra:1 Mem:30.06M (Peak 30.06M) | Time:00:00.38 | Mem:0.00M, Peak:0.00M | Scene, ViewLayer | Synchronizing object | Lower_Lid.L
Fra:1 Mem:30.07M (Peak 30.07M) | Time:00:00.38 | Mem:0.00M, Peak:0.00M | Scene, ViewLayer | Synchronizing object | Eye_White.R
Fra:1 Mem:30.09M (Peak 30.09M) | Time:00:00.38 | Mem:0.00M, Peak:0.00M | Scene, ViewLayer | Synchronizing object | Iris_hair.R
Fra:1 Mem:30.10M (Peak 30.10M) | Time:00:00.38 | Mem:0.00M, Peak:0.00M | Scene, ViewLayer | Synchronizing object | Iris_ink.R
Fra:1 Mem:30.10M (Peak 30.10M) | Time:00:00.38 | Mem:0.00M, Peak:0.00M | Scene, ViewLayer | Synchronizing object | Eye_Glint.R
Fra:1 Mem:30.11M (Peak 30.11M) | Time:00:00.38 | Mem:0.00M, Peak:0.00M | Scene, ViewLayer | Synchronizing object | Upper_Lid.R
Fra:1 Mem:30.11M (Peak 30.11M) | Time:00:00.38 | Mem:0.00M, Peak:0.00M | Scene, ViewLayer | Synchronizing object | Lower_Lid.R
Fra:1 Mem:30.12M (Peak 30.12M) | Time:00:00.38 | Mem:0.00M, Peak:0.00M | Scene, ViewLayer | Synchronizing object | Eyebrow.R
Fra:1 Mem:30.14M (Peak 30.14M) | Time:00:00.38 | Mem:0.00M, Peak:0.00M | Scene, ViewLayer | Synchronizing object | Nose
Fra:1 Mem:30.15M (Peak 30.15M) | Time:00:00.38 | Mem:0.00M, Peak:0.00M | Scene, ViewLayer | Synchronizing object | Mouth
Fra:1 Mem:30.15M (Peak 30.15M) | Time:00:00.38 | Mem:0.00M, Peak:0.00M | Scene, ViewLayer | Synchronizing object | Bangs_00
Fra:1 Mem:30.17M (Peak 30.17M) | Time:00:00.38 | Mem:0.00M, Peak:0.00M | Scene, ViewLayer | Synchronizing object | Bangs_01
Fra:1 Mem:30.21M (Peak 30.21M) | Time:00:00.38 | Mem:0.00M, Peak:0.00M | Scene, ViewLayer | Synchronizing object | Bangs_02
Fra:1 Mem:30.21M (Peak 30.21M) | Time:00:00.38 | Mem:0.00M, Peak:0.00M | Scene, ViewLayer | Synchronizing object | Bangs_03
Fra:1 Mem:30.24M (Peak 30.24M) | Time:00:00.38 | Mem:0.00M, Peak:0.00M | Scene, ViewLayer | Synchronizing object | Bangs_04
Fra:1 Mem:30.27M (Peak 30.27M) | Time:00:00.38 | Mem:0.00M, Peak:0.00M | Scene, ViewLayer | Synchronizing object | Temple_0.L
Fra:1 Mem:30.28M (Peak 30.28M) | Time:00:00.38 | Mem:0.00M, Peak:0.00M | Scene, ViewLayer | Synchronizing object | Temple_1.L
Fra:1 Mem:30.29M (Peak 30.29M) | Time:00:00.38 | Mem:0.00M, Peak:0.00M | Scene, ViewLayer | Synchronizing object | Temple_2.L
Fra:1 Mem:30.30M (Peak 30.30M) | Time:00:00.38 | Mem:0.00M, Peak:0.00M | Scene, ViewLayer | Synchronizing object | Temple_3.L
Fra:1 Mem:30.32M (Peak 30.32M) | Time:00:00.38 | Mem:0.00M, Peak:0.00M | Scene, ViewLayer | Synchronizing object | Crown_1.L
Fra:1 Mem:30.33M (Peak 30.33M) | Time:00:00.38 | Mem:0.00M, Peak:0.00M | Scene, ViewLayer | Synchronizing object | Review_Rim
Fra:1 Mem:30.35M (Peak 30.35M) | Time:00:00.38 | Mem:0.00M, Peak:0.00M | Scene, ViewLayer | Synchronizing object | Nape_0.L
Fra:1 Mem:30.37M (Peak 30.37M) | Time:00:00.38 | Mem:0.00M, Peak:0.00M | Scene, ViewLayer | Synchronizing object | Nape_1.L
Fra:1 Mem:30.39M (Peak 30.39M) | Time:00:00.38 | Mem:0.00M, Peak:0.00M | Scene, ViewLayer | Synchronizing object | Nape_2.L
Fra:1 Mem:30.40M (Peak 30.40M) | Time:00:00.38 | Mem:0.00M, Peak:0.00M | Scene, ViewLayer | Synchronizing object | Review_Fill
Fra:1 Mem:30.41M (Peak 30.41M) | Time:00:00.38 | Mem:0.00M, Peak:0.00M | Scene, ViewLayer | Synchronizing object | Temple_1.R
Fra:1 Mem:30.42M (Peak 30.42M) | Time:00:00.38 | Mem:0.00M, Peak:0.00M | Scene, ViewLayer | Synchronizing object | Review_Key
Fra:1 Mem:30.43M (Peak 30.43M) | Time:00:00.38 | Mem:0.00M, Peak:0.00M | Scene, ViewLayer | Synchronizing object | Temple_2.R
Fra:1 Mem:30.44M (Peak 30.44M) | Time:00:00.38 | Mem:0.00M, Peak:0.00M | Scene, ViewLayer | Synchronizing object | Review_Ground
Fra:1 Mem:30.44M (Peak 30.44M) | Time:00:00.38 | Mem:0.00M, Peak:0.00M | Scene, ViewLayer | Synchronizing object | Temple_4.R
Fra:1 Mem:30.46M (Peak 30.46M) | Time:00:00.38 | Mem:0.00M, Peak:0.00M | Scene, ViewLayer | Synchronizing object | Tee_Bar
Fra:1 Mem:30.48M (Peak 30.48M) | Time:00:00.38 | Mem:0.00M, Peak:0.00M | Scene, ViewLayer | Synchronizing object | Crown_0.R
Fra:1 Mem:30.51M (Peak 30.51M) | Time:00:00.38 | Mem:0.00M, Peak:0.00M | Scene, ViewLayer | Synchronizing object | Crown_1.R
Fra:1 Mem:30.51M (Peak 30.51M) | Time:00:00.38 | Mem:0.00M, Peak:0.00M | Scene, ViewLayer | Synchronizing object | Nape_1.R
Fra:1 Mem:30.52M (Peak 30.52M) | Time:00:00.38 | Mem:0.00M, Peak:0.00M | Scene, ViewLayer | Synchronizing object | Nape_3.R
Fra:1 Mem:30.55M (Peak 30.55M) | Time:00:00.38 | Mem:0.00M, Peak:0.00M | Scene, ViewLayer | Synchronizing object | Back_Lock_3
Fra:1 Mem:30.59M (Peak 30.59M) | Time:00:00.38 | Mem:0.00M, Peak:0.00M | Scene, ViewLayer | Synchronizing object | Back_Lock_4
Fra:1 Mem:30.61M (Peak 30.61M) | Time:00:00.38 | Mem:0.00M, Peak:0.00M | Scene, ViewLayer | Synchronizing object | Tee_Dot_1.275
Fra:1 Mem:30.62M (Peak 30.62M) | Time:00:00.38 | Mem:0.00M, Peak:0.00M | Scene, ViewLayer | Synchronizing object | Back_Lock_5
Fra:1 Mem:30.62M (Peak 30.62M) | Time:00:00.38 | Mem:0.00M, Peak:0.00M | Scene, ViewLayer | Synchronizing object | Back_Lock_6
Fra:1 Mem:30.64M (Peak 30.64M) | Time:00:00.38 | Mem:0.00M, Peak:0.00M | Scene, ViewLayer | Initializing
Fra:1 Mem:27.07M (Peak 30.64M) | Time:00:00.38 | Mem:0.00M, Peak:0.00M | Scene, ViewLayer | Updating Images | Loading CHR001_GreyStudy_BaseColor
Fra:1 Mem:27.77M (Peak 31.07M) | Time:00:00.39 | Mem:4.00M, Peak:4.00M | Scene, ViewLayer | Waiting for render to start
Fra:1 Mem:27.77M (Peak 31.07M) | Time:00:00.39 | Mem:4.00M, Peak:4.00M | Scene, ViewLayer | Updating Scene
Fra:1 Mem:27.77M (Peak 31.07M) | Time:00:00.39 | Mem:4.00M, Peak:4.00M | Scene, ViewLayer | Updating Shaders
Fra:1 Mem:27.77M (Peak 31.07M) | Time:00:00.39 | Mem:4.00M, Peak:4.00M | Scene, ViewLayer | Loading render kernels (may take a few minutes the first time)
Fra:1 Mem:27.86M (Peak 31.07M) | Time:00:00.39 | Mem:4.00M, Peak:4.00M | Scene, ViewLayer | Updating Procedurals
Fra:1 Mem:27.86M (Peak 31.07M) | Time:00:00.39 | Mem:4.00M, Peak:4.00M | Scene, ViewLayer | Updating Background
Fra:1 Mem:27.86M (Peak 31.07M) | Time:00:00.39 | Mem:4.00M, Peak:4.00M | Scene, ViewLayer | Updating Camera
Fra:1 Mem:27.86M (Peak 31.07M) | Time:00:00.39 | Mem:4.00M, Peak:4.00M | Scene, ViewLayer | Updating Meshes Flags
Fra:1 Mem:27.86M (Peak 31.07M) | Time:00:00.39 | Mem:4.00M, Peak:4.00M | Scene, ViewLayer | Updating Objects
Fra:1 Mem:27.86M (Peak 31.07M) | Time:00:00.39 | Mem:4.00M, Peak:4.00M | Scene, ViewLayer | Updating Objects | Copying Transformations to device
Fra:1 Mem:27.88M (Peak 31.07M) | Time:00:00.39 | Mem:4.02M, Peak:4.02M | Scene, ViewLayer | Updating Particle Systems
Fra:1 Mem:27.88M (Peak 31.07M) | Time:00:00.39 | Mem:4.02M, Peak:4.02M | Scene, ViewLayer | Updating Particle Systems | Copying Particles to device
Fra:1 Mem:27.88M (Peak 31.07M) | Time:00:00.39 | Mem:4.03M, Peak:4.03M | Scene, ViewLayer | Updating Meshes
Fra:1 Mem:27.88M (Peak 31.07M) | Time:00:00.39 | Mem:4.03M, Peak:4.03M | Scene, ViewLayer | Updating Objects | Applying Static Transformations
Fra:1 Mem:27.88M (Peak 31.07M) | Time:00:00.39 | Mem:4.03M, Peak:4.03M | Scene, ViewLayer | Updating Mesh | Computing attributes
Fra:1 Mem:28.73M (Peak 31.07M) | Time:00:00.39 | Mem:4.03M, Peak:4.03M | Scene, ViewLayer | Updating Mesh | Copying Attributes to device
Fra:1 Mem:28.72M (Peak 31.07M) | Time:00:00.39 | Mem:4.86M, Peak:4.86M | Scene, ViewLayer | Updating Scene BVH | Building
Fra:1 Mem:28.72M (Peak 31.07M) | Time:00:00.39 | Mem:4.86M, Peak:4.86M | Scene, ViewLayer | Updating Scene BVH | Building BVH
Fra:1 Mem:28.72M (Peak 31.07M) | Time:00:00.39 | Mem:5.74M, Peak:5.74M | Scene, ViewLayer | Updating Scene BVH | Building BVH 0%
Fra:1 Mem:28.72M (Peak 31.07M) | Time:00:00.39 | Mem:6.70M, Peak:7.58M | Scene, ViewLayer | Updating Scene BVH | Copying BVH to device
Fra:1 Mem:28.72M (Peak 31.07M) | Time:00:00.39 | Mem:6.70M, Peak:7.58M | Scene, ViewLayer | Updating Mesh | Computing normals
Fra:1 Mem:29.50M (Peak 31.07M) | Time:00:00.39 | Mem:6.70M, Peak:7.58M | Scene, ViewLayer | Updating Mesh | Copying Mesh to device
Fra:1 Mem:29.50M (Peak 31.07M) | Time:00:00.39 | Mem:7.48M, Peak:7.58M | Scene, ViewLayer | Updating Objects Flags
Fra:1 Mem:29.50M (Peak 31.07M) | Time:00:00.39 | Mem:7.48M, Peak:7.58M | Scene, ViewLayer | Updating Primitive Offsets
Fra:1 Mem:29.50M (Peak 31.07M) | Time:00:00.39 | Mem:7.48M, Peak:7.58M | Scene, ViewLayer | Updating Images
Fra:1 Mem:29.50M (Peak 31.07M) | Time:00:00.39 | Mem:7.48M, Peak:7.58M | Scene, ViewLayer | Updating Camera Volume
Fra:1 Mem:29.50M (Peak 31.07M) | Time:00:00.39 | Mem:7.48M, Peak:7.58M | Scene, ViewLayer | Updating Lookup Tables
Fra:1 Mem:29.50M (Peak 31.07M) | Time:00:00.39 | Mem:7.57M, Peak:7.58M | Scene, ViewLayer | Updating Lights
Fra:1 Mem:29.50M (Peak 31.07M) | Time:00:00.39 | Mem:7.57M, Peak:7.58M | Scene, ViewLayer | Updating Lights | Computing tree
Fra:1 Mem:29.50M (Peak 31.07M) | Time:00:00.39 | Mem:7.57M, Peak:7.58M | Scene, ViewLayer | Updating Integrator
Fra:1 Mem:29.50M (Peak 31.07M) | Time:00:00.39 | Mem:7.57M, Peak:7.58M | Scene, ViewLayer | Updating Film
Fra:1 Mem:29.51M (Peak 31.07M) | Time:00:00.39 | Mem:7.49M, Peak:7.58M | Scene, ViewLayer | Updating Lookup Tables
Fra:1 Mem:29.51M (Peak 31.07M) | Time:00:00.39 | Mem:7.57M, Peak:7.58M | Scene, ViewLayer | Updating Baking
Fra:1 Mem:29.51M (Peak 31.07M) | Time:00:00.39 | Mem:7.57M, Peak:7.58M | Scene, ViewLayer | Updating Device | Writing constant memory
Fra:1 Mem:29.51M (Peak 31.07M) | Time:00:00.39 | Mem:7.57M, Peak:7.58M | Scene, ViewLayer | Loading denoising kernels (may take a few minutes the first time)
Fra:1 Mem:29.51M (Peak 31.07M) | Time:00:00.39 | Mem:7.57M, Peak:7.58M | Scene, ViewLayer | Sample 0/24
Fra:1 Mem:79.69M (Peak 79.69M) | Time:00:00.55 | Remaining:00:03.73 | Mem:57.68M, Peak:57.68M | Scene, ViewLayer | Sample 1/24
Fra:1 Mem:100.79M (Peak 132.43M) | Time:00:05.89 | Mem:57.68M, Peak:57.68M | Scene, ViewLayer | Sample 24/24
Fra:1 Mem:100.79M (Peak 132.43M) | Time:00:05.89 | Mem:57.68M, Peak:57.68M | Scene, ViewLayer | Finished
Saved: '/home/lzzz/MyProjects/N-SIDE/output/characters/CHR-001/model-r1/front.png'
Time: 00:05.93 (Saving: 00:00.04)

Fra:1 Mem:26.55M (Peak 26.55M) | Time:00:00.00 | Mem:0.00M, Peak:0.00M | Scene, ViewLayer | Synchronizing object | TShirt
Fra:1 Mem:26.71M (Peak 26.71M) | Time:00:00.00 | Mem:0.00M, Peak:0.00M | Scene, ViewLayer | Synchronizing object | TShirt_Collar
Fra:1 Mem:26.71M (Peak 26.71M) | Time:00:00.00 | Mem:0.00M, Peak:0.00M | Scene, ViewLayer | Synchronizing object | Sleeve_Cuff.L
Fra:1 Mem:26.73M (Peak 26.73M) | Time:00:00.00 | Mem:0.00M, Peak:0.00M | Scene, ViewLayer | Synchronizing object | Hood_Cord.L
Fra:1 Mem:26.84M (Peak 26.84M) | Time:00:00.01 | Mem:0.00M, Peak:0.00M | Scene, ViewLayer | Synchronizing object | Palm.L
Fra:1 Mem:26.84M (Peak 26.84M) | Time:00:00.01 | Mem:0.00M, Peak:0.00M | Scene, ViewLayer | Synchronizing object | Middle_Mesh.L
Fra:1 Mem:26.87M (Peak 26.87M) | Time:00:00.01 | Mem:0.00M, Peak:0.00M | Scene, ViewLayer | Synchronizing object | Ring_Mesh.L
Fra:1 Mem:26.89M (Peak 26.89M) | Time:00:00.01 | Mem:0.00M, Peak:0.00M | Scene, ViewLayer | Synchronizing object | Pinky_Mesh.L
Fra:1 Mem:26.90M (Peak 26.90M) | Time:00:00.01 | Mem:0.00M, Peak:0.00M | Scene, ViewLayer | Synchronizing object | Thumb_Mesh.L
Fra:1 Mem:27.07M (Peak 27.07M) | Time:00:00.04 | Mem:0.00M, Peak:0.00M | Scene, ViewLayer | Synchronizing object | Trousers.L
Fra:1 Mem:27.07M (Peak 27.07M) | Time:00:00.04 | Mem:0.00M, Peak:0.00M | Scene, ViewLayer | Synchronizing object | Sneaker_Sole.L
Fra:1 Mem:27.14M (Peak 27.14M) | Time:00:00.04 | Mem:0.00M, Peak:0.00M | Scene, ViewLayer | Synchronizing object | Sneaker_Upper.L
Fra:1 Mem:27.20M (Peak 27.20M) | Time:00:00.04 | Mem:0.00M, Peak:0.00M | Scene, ViewLayer | Synchronizing object | Lace_0.L
Fra:1 Mem:27.26M (Peak 27.26M) | Time:00:00.04 | Mem:0.00M, Peak:0.00M | Scene, ViewLayer | Synchronizing object | Lace_1.L
Fra:1 Mem:27.26M (Peak 27.26M) | Time:00:00.04 | Mem:0.00M, Peak:0.00M | Scene, ViewLayer | Synchronizing object | Heel_Tab.L
Fra:1 Mem:27.26M (Peak 27.26M) | Time:00:00.04 | Mem:0.00M, Peak:0.00M | Scene, ViewLayer | Synchronizing object | Sleeve_Cuff.R
Fra:1 Mem:27.27M (Peak 27.27M) | Time:00:00.04 | Mem:0.00M, Peak:0.00M | Scene, ViewLayer | Synchronizing object | Zip_Tape.R
Fra:1 Mem:27.28M (Peak 27.28M) | Time:00:00.04 | Mem:0.00M, Peak:0.00M | Scene, ViewLayer | Synchronizing object | Hood_Cord.R
Fra:1 Mem:27.39M (Peak 27.39M) | Time:00:00.04 | Mem:0.00M, Peak:0.00M | Scene, ViewLayer | Synchronizing object | Palm.R
Fra:1 Mem:27.39M (Peak 27.39M) | Time:00:00.04 | Mem:0.00M, Peak:0.00M | Scene, ViewLayer | Synchronizing object | Middle_Mesh.R
Fra:1 Mem:27.42M (Peak 27.42M) | Time:00:00.04 | Mem:0.00M, Peak:0.00M | Scene, ViewLayer | Synchronizing object | Ring_Mesh.R
Fra:1 Mem:27.43M (Peak 27.43M) | Time:00:00.04 | Mem:0.00M, Peak:0.00M | Scene, ViewLayer | Synchronizing object | Pinky_Mesh.R
Fra:1 Mem:27.44M (Peak 27.44M) | Time:00:00.04 | Mem:0.00M, Peak:0.00M | Scene, ViewLayer | Synchronizing object | Thumb_Mesh.R
Fra:1 Mem:27.63M (Peak 27.63M) | Time:00:00.07 | Mem:0.00M, Peak:0.00M | Scene, ViewLayer | Synchronizing object | Trousers.R
Fra:1 Mem:27.65M (Peak 27.65M) | Time:00:00.07 | Mem:0.00M, Peak:0.00M | Scene, ViewLayer | Synchronizing object | Sneaker_Sole.R
Fra:1 Mem:27.65M (Peak 27.65M) | Time:00:00.07 | Mem:0.00M, Peak:0.00M | Scene, ViewLayer | Synchronizing object | Sock.R
Fra:1 Mem:27.72M (Peak 27.73M) | Time:00:00.07 | Mem:0.00M, Peak:0.00M | Scene, ViewLayer | Synchronizing object | Lace_0.R
Fra:1 Mem:27.80M (Peak 27.80M) | Time:00:00.07 | Mem:0.00M, Peak:0.00M | Scene, ViewLayer | Synchronizing object | Lace_1.R
Fra:1 Mem:27.81M (Peak 27.81M) | Time:00:00.07 | Mem:0.00M, Peak:0.00M | Scene, ViewLayer | Synchronizing object | Lace_3.R
Fra:1 Mem:27.83M (Peak 27.83M) | Time:00:00.07 | Mem:0.00M, Peak:0.00M | Scene, ViewLayer | Synchronizing object | Heel_Tab.R
Fra:1 Mem:28.41M (Peak 28.41M) | Time:00:00.09 | Mem:0.00M, Peak:0.00M | Scene, ViewLayer | Synchronizing object | Jacket_ContinuousShoulders
Fra:1 Mem:29.46M (Peak 29.46M) | Time:00:00.38 | Mem:0.00M, Peak:0.00M | Scene, ViewLayer | Synchronizing object | Face_Head
Fra:1 Mem:30.00M (Peak 30.00M) | Time:00:00.38 | Mem:0.00M, Peak:0.00M | Scene, ViewLayer | Synchronizing object | Ear.L
Fra:1 Mem:30.00M (Peak 30.00M) | Time:00:00.38 | Mem:0.00M, Peak:0.00M | Scene, ViewLayer | Synchronizing object | Ear_Fold.L
Fra:1 Mem:30.08M (Peak 30.08M) | Time:00:00.39 | Mem:0.00M, Peak:0.00M | Scene, ViewLayer | Synchronizing object | Ear.R
Fra:1 Mem:30.08M (Peak 30.08M) | Time:00:00.39 | Mem:0.00M, Peak:0.00M | Scene, ViewLayer | Synchronizing object | Ear_Fold.R
Fra:1 Mem:30.11M (Peak 30.11M) | Time:00:00.39 | Mem:0.00M, Peak:0.00M | Scene, ViewLayer | Synchronizing object | Eye_White.L
Fra:1 Mem:30.11M (Peak 30.11M) | Time:00:00.39 | Mem:0.00M, Peak:0.00M | Scene, ViewLayer | Synchronizing object | Iris_ink.L
Fra:1 Mem:30.13M (Peak 30.13M) | Time:00:00.39 | Mem:0.00M, Peak:0.00M | Scene, ViewLayer | Synchronizing object | Eye_Glint.L
Fra:1 Mem:30.14M (Peak 30.14M) | Time:00:00.39 | Mem:0.00M, Peak:0.00M | Scene, ViewLayer | Synchronizing object | Upper_Lid.L
Fra:1 Mem:30.14M (Peak 30.14M) | Time:00:00.39 | Mem:0.00M, Peak:0.00M | Scene, ViewLayer | Synchronizing object | Eyebrow.L
Fra:1 Mem:30.15M (Peak 30.15M) | Time:00:00.39 | Mem:0.00M, Peak:0.00M | Scene, ViewLayer | Synchronizing object | Iris_hair.R
Fra:1 Mem:30.17M (Peak 30.17M) | Time:00:00.39 | Mem:0.00M, Peak:0.00M | Scene, ViewLayer | Synchronizing object | Iris_ink.R
Fra:1 Mem:30.18M (Peak 30.18M) | Time:00:00.39 | Mem:0.00M, Peak:0.00M | Scene, ViewLayer | Synchronizing object | Eye_Glint.R
Fra:1 Mem:30.18M (Peak 30.18M) | Time:00:00.39 | Mem:0.00M, Peak:0.00M | Scene, ViewLayer | Synchronizing object | Upper_Lid.R
Fra:1 Mem:30.19M (Peak 30.19M) | Time:00:00.39 | Mem:0.00M, Peak:0.00M | Scene, ViewLayer | Synchronizing object | Eyebrow.R
Fra:1 Mem:30.19M (Peak 30.19M) | Time:00:00.39 | Mem:0.00M, Peak:0.00M | Scene, ViewLayer | Synchronizing object | Nose
Fra:1 Mem:30.22M (Peak 30.22M) | Time:00:00.39 | Mem:0.00M, Peak:0.00M | Scene, ViewLayer | Synchronizing object | Mouth
Fra:1 Mem:30.22M (Peak 30.22M) | Time:00:00.39 | Mem:0.00M, Peak:0.00M | Scene, ViewLayer | Synchronizing object | Hair_Cap
Fra:1 Mem:30.23M (Peak 30.23M) | Time:00:00.39 | Mem:0.00M, Peak:0.00M | Scene, ViewLayer | Synchronizing object | Bangs_01
Fra:1 Mem:30.25M (Peak 30.25M) | Time:00:00.39 | Mem:0.00M, Peak:0.00M | Scene, ViewLayer | Synchronizing object | Bangs_02
Fra:1 Mem:30.27M (Peak 30.27M) | Time:00:00.39 | Mem:0.00M, Peak:0.00M | Scene, ViewLayer | Synchronizing object | Bangs_03
Fra:1 Mem:30.30M (Peak 30.30M) | Time:00:00.39 | Mem:0.00M, Peak:0.00M | Scene, ViewLayer | Synchronizing object | Bangs_04
Fra:1 Mem:30.31M (Peak 30.31M) | Time:00:00.39 | Mem:0.00M, Peak:0.00M | Scene, ViewLayer | Synchronizing object | Temple_0.L
Fra:1 Mem:30.32M (Peak 30.32M) | Time:00:00.39 | Mem:0.00M, Peak:0.00M | Scene, ViewLayer | Synchronizing object | Temple_1.L
Fra:1 Mem:30.34M (Peak 30.34M) | Time:00:00.39 | Mem:0.00M, Peak:0.00M | Scene, ViewLayer | Synchronizing object | Review_Key
Fra:1 Mem:30.35M (Peak 30.35M) | Time:00:00.39 | Mem:0.00M, Peak:0.00M | Scene, ViewLayer | Synchronizing object | Temple_4.L
Fra:1 Mem:30.35M (Peak 30.35M) | Time:00:00.39 | Mem:0.00M, Peak:0.00M | Scene, ViewLayer | Synchronizing object | Review_Ground
Fra:1 Mem:30.37M (Peak 30.37M) | Time:00:00.39 | Mem:0.00M, Peak:0.00M | Scene, ViewLayer | Synchronizing object | Crown_0.L
Fra:1 Mem:30.37M (Peak 30.37M) | Time:00:00.39 | Mem:0.00M, Peak:0.00M | Scene, ViewLayer | Synchronizing object | Nape_0.L
Fra:1 Mem:30.38M (Peak 30.38M) | Time:00:00.39 | Mem:0.00M, Peak:0.00M | Scene, ViewLayer | Synchronizing object | Tee_Bar
Fra:1 Mem:30.40M (Peak 30.40M) | Time:00:00.39 | Mem:0.00M, Peak:0.00M | Scene, ViewLayer | Synchronizing object | Nape_1.L
Fra:1 Mem:30.41M (Peak 30.41M) | Time:00:00.39 | Mem:0.00M, Peak:0.00M | Scene, ViewLayer | Synchronizing object | Nape_2.L
Fra:1 Mem:30.43M (Peak 30.43M) | Time:00:00.39 | Mem:0.00M, Peak:0.00M | Scene, ViewLayer | Synchronizing object | Tee_Dot_1.246
Fra:1 Mem:30.44M (Peak 30.44M) | Time:00:00.39 | Mem:0.00M, Peak:0.00M | Scene, ViewLayer | Synchronizing object | Nape_3.L
Fra:1 Mem:30.44M (Peak 30.44M) | Time:00:00.39 | Mem:0.00M, Peak:0.00M | Scene, ViewLayer | Synchronizing object | Temple_0.R
Fra:1 Mem:30.45M (Peak 30.45M) | Time:00:00.39 | Mem:0.00M, Peak:0.00M | Scene, ViewLayer | Synchronizing object | Tee_Dot_1.275
Fra:1 Mem:30.47M (Peak 30.47M) | Time:00:00.39 | Mem:0.00M, Peak:0.00M | Scene, ViewLayer | Synchronizing object | Back_Lock_6
Fra:1 Mem:30.49M (Peak 30.49M) | Time:00:00.39 | Mem:0.00M, Peak:0.00M | Scene, ViewLayer | Synchronizing object | Temple_3.R
Fra:1 Mem:30.50M (Peak 30.50M) | Time:00:00.39 | Mem:0.00M, Peak:0.00M | Scene, ViewLayer | Synchronizing object | Temple_4.R
Fra:1 Mem:30.52M (Peak 30.52M) | Time:00:00.39 | Mem:0.00M, Peak:0.00M | Scene, ViewLayer | Synchronizing object | Crown_1.R
Fra:1 Mem:30.53M (Peak 30.53M) | Time:00:00.39 | Mem:0.00M, Peak:0.00M | Scene, ViewLayer | Synchronizing object | Nape_0.R
Fra:1 Mem:30.55M (Peak 30.55M) | Time:00:00.39 | Mem:0.00M, Peak:0.00M | Scene, ViewLayer | Synchronizing object | Nape_1.R
Fra:1 Mem:30.56M (Peak 30.56M) | Time:00:00.39 | Mem:0.00M, Peak:0.00M | Scene, ViewLayer | Synchronizing object | Nape_2.R
Fra:1 Mem:30.58M (Peak 30.58M) | Time:00:00.39 | Mem:0.00M, Peak:0.00M | Scene, ViewLayer | Synchronizing object | Nape_3.R
Fra:1 Mem:30.60M (Peak 30.60M) | Time:00:00.39 | Mem:0.00M, Peak:0.00M | Scene, ViewLayer | Synchronizing object | Back_Lock_4
Fra:1 Mem:30.61M (Peak 30.61M) | Time:00:00.39 | Mem:0.00M, Peak:0.00M | Scene, ViewLayer | Synchronizing object | Back_Lock_3
Fra:1 Mem:30.64M (Peak 30.64M) | Time:00:00.39 | Mem:0.00M, Peak:0.00M | Scene, ViewLayer | Initializing
Fra:1 Mem:27.07M (Peak 30.64M) | Time:00:00.39 | Mem:0.00M, Peak:0.00M | Scene, ViewLayer | Updating Images | Loading CHR001_GreyStudy_BaseColor
Fra:1 Mem:27.77M (Peak 31.07M) | Time:00:00.39 | Mem:4.00M, Peak:4.00M | Scene, ViewLayer | Waiting for render to start
Fra:1 Mem:27.77M (Peak 31.07M) | Time:00:00.39 | Mem:4.00M, Peak:4.00M | Scene, ViewLayer | Updating Scene
Fra:1 Mem:27.77M (Peak 31.07M) | Time:00:00.39 | Mem:4.00M, Peak:4.00M | Scene, ViewLayer | Updating Shaders
Fra:1 Mem:27.77M (Peak 31.07M) | Time:00:00.39 | Mem:4.00M, Peak:4.00M | Scene, ViewLayer | Loading render kernels (may take a few minutes the first time)
Fra:1 Mem:27.86M (Peak 31.07M) | Time:00:00.39 | Mem:4.00M, Peak:4.00M | Scene, ViewLayer | Updating Procedurals
Fra:1 Mem:27.86M (Peak 31.07M) | Time:00:00.39 | Mem:4.00M, Peak:4.00M | Scene, ViewLayer | Updating Background
Fra:1 Mem:27.86M (Peak 31.07M) | Time:00:00.39 | Mem:4.00M, Peak:4.00M | Scene, ViewLayer | Updating Camera
Fra:1 Mem:27.86M (Peak 31.07M) | Time:00:00.39 | Mem:4.00M, Peak:4.00M | Scene, ViewLayer | Updating Meshes Flags
Fra:1 Mem:27.86M (Peak 31.07M) | Time:00:00.39 | Mem:4.00M, Peak:4.00M | Scene, ViewLayer | Updating Objects
Fra:1 Mem:27.86M (Peak 31.07M) | Time:00:00.39 | Mem:4.00M, Peak:4.00M | Scene, ViewLayer | Updating Objects | Copying Transformations to device
Fra:1 Mem:27.88M (Peak 31.07M) | Time:00:00.39 | Mem:4.02M, Peak:4.02M | Scene, ViewLayer | Updating Particle Systems
Fra:1 Mem:27.88M (Peak 31.07M) | Time:00:00.39 | Mem:4.02M, Peak:4.02M | Scene, ViewLayer | Updating Particle Systems | Copying Particles to device
Fra:1 Mem:27.88M (Peak 31.07M) | Time:00:00.39 | Mem:4.03M, Peak:4.03M | Scene, ViewLayer | Updating Meshes
Fra:1 Mem:27.88M (Peak 31.07M) | Time:00:00.39 | Mem:4.03M, Peak:4.03M | Scene, ViewLayer | Updating Objects | Applying Static Transformations
Fra:1 Mem:27.88M (Peak 31.07M) | Time:00:00.39 | Mem:4.03M, Peak:4.03M | Scene, ViewLayer | Updating Mesh | Computing attributes
Fra:1 Mem:28.73M (Peak 31.07M) | Time:00:00.39 | Mem:4.03M, Peak:4.03M | Scene, ViewLayer | Updating Mesh | Copying Attributes to device
Fra:1 Mem:28.72M (Peak 31.07M) | Time:00:00.39 | Mem:4.86M, Peak:4.86M | Scene, ViewLayer | Updating Scene BVH | Building
Fra:1 Mem:28.72M (Peak 31.07M) | Time:00:00.39 | Mem:4.86M, Peak:4.86M | Scene, ViewLayer | Updating Scene BVH | Building BVH
Fra:1 Mem:28.72M (Peak 31.07M) | Time:00:00.39 | Mem:5.74M, Peak:5.74M | Scene, ViewLayer | Updating Scene BVH | Building BVH 0%
Fra:1 Mem:28.72M (Peak 31.07M) | Time:00:00.40 | Mem:6.70M, Peak:7.58M | Scene, ViewLayer | Updating Scene BVH | Copying BVH to device
Fra:1 Mem:28.72M (Peak 31.07M) | Time:00:00.40 | Mem:6.70M, Peak:7.58M | Scene, ViewLayer | Updating Mesh | Computing normals
Fra:1 Mem:29.50M (Peak 31.07M) | Time:00:00.40 | Mem:6.70M, Peak:7.58M | Scene, ViewLayer | Updating Mesh | Copying Mesh to device
Fra:1 Mem:29.50M (Peak 31.07M) | Time:00:00.40 | Mem:7.48M, Peak:7.58M | Scene, ViewLayer | Updating Objects Flags
Fra:1 Mem:29.50M (Peak 31.07M) | Time:00:00.40 | Mem:7.48M, Peak:7.58M | Scene, ViewLayer | Updating Primitive Offsets
Fra:1 Mem:29.50M (Peak 31.07M) | Time:00:00.40 | Mem:7.48M, Peak:7.58M | Scene, ViewLayer | Updating Images
Fra:1 Mem:29.50M (Peak 31.07M) | Time:00:00.40 | Mem:7.48M, Peak:7.58M | Scene, ViewLayer | Updating Camera Volume
Fra:1 Mem:29.50M (Peak 31.07M) | Time:00:00.40 | Mem:7.48M, Peak:7.58M | Scene, ViewLayer | Updating Lookup Tables
Fra:1 Mem:29.50M (Peak 31.07M) | Time:00:00.40 | Mem:7.57M, Peak:7.58M | Scene, ViewLayer | Updating Lights
Fra:1 Mem:29.50M (Peak 31.07M) | Time:00:00.40 | Mem:7.57M, Peak:7.58M | Scene, ViewLayer | Updating Lights | Computing tree
Fra:1 Mem:29.50M (Peak 31.07M) | Time:00:00.40 | Mem:7.57M, Peak:7.58M | Scene, ViewLayer | Updating Integrator
Fra:1 Mem:29.50M (Peak 31.07M) | Time:00:00.40 | Mem:7.57M, Peak:7.58M | Scene, ViewLayer | Updating Film
Fra:1 Mem:29.51M (Peak 31.07M) | Time:00:00.40 | Mem:7.49M, Peak:7.58M | Scene, ViewLayer | Updating Lookup Tables
Fra:1 Mem:29.51M (Peak 31.07M) | Time:00:00.40 | Mem:7.57M, Peak:7.58M | Scene, ViewLayer | Updating Baking
Fra:1 Mem:29.51M (Peak 31.07M) | Time:00:00.40 | Mem:7.57M, Peak:7.58M | Scene, ViewLayer | Updating Device | Writing constant memory
Fra:1 Mem:29.51M (Peak 31.07M) | Time:00:00.40 | Mem:7.57M, Peak:7.58M | Scene, ViewLayer | Loading denoising kernels (may take a few minutes the first time)
Fra:1 Mem:29.51M (Peak 31.07M) | Time:00:00.40 | Mem:7.57M, Peak:7.58M | Scene, ViewLayer | Sample 0/24
Fra:1 Mem:79.69M (Peak 79.69M) | Time:00:00.55 | Remaining:00:03.59 | Mem:57.68M, Peak:57.68M | Scene, ViewLayer | Sample 1/24
Fra:1 Mem:100.79M (Peak 132.43M) | Time:00:05.98 | Mem:57.68M, Peak:57.68M | Scene, ViewLayer | Sample 24/24
Fra:1 Mem:100.79M (Peak 132.43M) | Time:00:05.98 | Mem:57.68M, Peak:57.68M | Scene, ViewLayer | Finished
Saved: '/home/lzzz/MyProjects/N-SIDE/output/characters/CHR-001/model-r1/three-quarter.png'
Time: 00:06.02 (Saving: 00:00.04)

Fra:1 Mem:26.55M (Peak 26.55M) | Time:00:00.00 | Mem:0.00M, Peak:0.00M | Scene, ViewLayer | Synchronizing object | TShirt
Fra:1 Mem:26.71M (Peak 26.71M) | Time:00:00.00 | Mem:0.00M, Peak:0.00M | Scene, ViewLayer | Synchronizing object | TShirt_Collar
Fra:1 Mem:26.71M (Peak 26.71M) | Time:00:00.00 | Mem:0.00M, Peak:0.00M | Scene, ViewLayer | Synchronizing object | Hood
Fra:1 Mem:26.73M (Peak 26.73M) | Time:00:00.00 | Mem:0.00M, Peak:0.00M | Scene, ViewLayer | Synchronizing object | Zip_Tape.L
Fra:1 Mem:26.77M (Peak 26.77M) | Time:00:00.00 | Mem:0.00M, Peak:0.00M | Scene, ViewLayer | Synchronizing object | Hood_Cord.L
Fra:1 Mem:26.84M (Peak 26.84M) | Time:00:00.01 | Mem:0.00M, Peak:0.00M | Scene, ViewLayer | Synchronizing object | Palm.L
Fra:1 Mem:26.84M (Peak 26.84M) | Time:00:00.01 | Mem:0.00M, Peak:0.00M | Scene, ViewLayer | Synchronizing object | Ring_Mesh.L
Fra:1 Mem:26.87M (Peak 26.87M) | Time:00:00.01 | Mem:0.00M, Peak:0.00M | Scene, ViewLayer | Synchronizing object | Pinky_Mesh.L
Fra:1 Mem:26.89M (Peak 26.89M) | Time:00:00.01 | Mem:0.00M, Peak:0.00M | Scene, ViewLayer | Synchronizing object | Thumb_Mesh.L
Fra:1 Mem:27.07M (Peak 27.07M) | Time:00:00.04 | Mem:0.00M, Peak:0.00M | Scene, ViewLayer | Synchronizing object | Trousers.L
Fra:1 Mem:27.07M (Peak 27.07M) | Time:00:00.04 | Mem:0.00M, Peak:0.00M | Scene, ViewLayer | Synchronizing object | Sneaker_Sole.L
Fra:1 Mem:27.10M (Peak 27.10M) | Time:00:00.04 | Mem:0.00M, Peak:0.00M | Scene, ViewLayer | Synchronizing object | Lace_0.L
Fra:1 Mem:27.23M (Peak 27.23M) | Time:00:00.04 | Mem:0.00M, Peak:0.00M | Scene, ViewLayer | Synchronizing object | Lace_1.L
Fra:1 Mem:27.26M (Peak 27.26M) | Time:00:00.04 | Mem:0.00M, Peak:0.00M | Scene, ViewLayer | Synchronizing object | Lace_2.L
Fra:1 Mem:27.26M (Peak 27.26M) | Time:00:00.04 | Mem:0.00M, Peak:0.00M | Scene, ViewLayer | Synchronizing object | Lace_3.L
Fra:1 Mem:27.26M (Peak 27.26M) | Time:00:00.04 | Mem:0.00M, Peak:0.00M | Scene, ViewLayer | Synchronizing object | Heel_Tab.L
Fra:1 Mem:27.29M (Peak 27.29M) | Time:00:00.04 | Mem:0.00M, Peak:0.00M | Scene, ViewLayer | Synchronizing object | Sleeve_Cuff.R
Fra:1 Mem:27.30M (Peak 27.30M) | Time:00:00.04 | Mem:0.00M, Peak:0.00M | Scene, ViewLayer | Synchronizing object | Zip_Tape.R
Fra:1 Mem:27.35M (Peak 27.35M) | Time:00:00.04 | Mem:0.00M, Peak:0.00M | Scene, ViewLayer | Synchronizing object | Hood_Cord.R
Fra:1 Mem:27.39M (Peak 27.39M) | Time:00:00.04 | Mem:0.00M, Peak:0.00M | Scene, ViewLayer | Synchronizing object | Palm.R
Fra:1 Mem:27.39M (Peak 27.39M) | Time:00:00.04 | Mem:0.00M, Peak:0.00M | Scene, ViewLayer | Synchronizing object | Index_Mesh.R
Fra:1 Mem:27.42M (Peak 27.42M) | Time:00:00.04 | Mem:0.00M, Peak:0.00M | Scene, ViewLayer | Synchronizing object | Pinky_Mesh.R
Fra:1 Mem:27.44M (Peak 27.44M) | Time:00:00.04 | Mem:0.00M, Peak:0.00M | Scene, ViewLayer | Synchronizing object | Thumb_Mesh.R
Fra:1 Mem:27.63M (Peak 27.63M) | Time:00:00.07 | Mem:0.00M, Peak:0.00M | Scene, ViewLayer | Synchronizing object | Trousers.R
Fra:1 Mem:27.63M (Peak 27.63M) | Time:00:00.07 | Mem:0.00M, Peak:0.00M | Scene, ViewLayer | Synchronizing object | Sneaker_Upper.R
Fra:1 Mem:27.66M (Peak 27.66M) | Time:00:00.07 | Mem:0.00M, Peak:0.00M | Scene, ViewLayer | Synchronizing object | Sock.R
Fra:1 Mem:27.78M (Peak 27.78M) | Time:00:00.07 | Mem:0.00M, Peak:0.00M | Scene, ViewLayer | Synchronizing object | Lace_0.R
Fra:1 Mem:27.83M (Peak 27.83M) | Time:00:00.07 | Mem:0.00M, Peak:0.00M | Scene, ViewLayer | Synchronizing object | Lace_1.R
Fra:1 Mem:27.83M (Peak 27.83M) | Time:00:00.07 | Mem:0.00M, Peak:0.00M | Scene, ViewLayer | Synchronizing object | Lace_2.R
Fra:1 Mem:27.83M (Peak 27.83M) | Time:00:00.07 | Mem:0.00M, Peak:0.00M | Scene, ViewLayer | Synchronizing object | Heel_Tab.R
Fra:1 Mem:28.41M (Peak 28.41M) | Time:00:00.09 | Mem:0.00M, Peak:0.00M | Scene, ViewLayer | Synchronizing object | Jacket_ContinuousShoulders
Fra:1 Mem:29.46M (Peak 29.46M) | Time:00:00.38 | Mem:0.00M, Peak:0.00M | Scene, ViewLayer | Synchronizing object | Face_Head
Fra:1 Mem:30.00M (Peak 30.00M) | Time:00:00.39 | Mem:0.00M, Peak:0.00M | Scene, ViewLayer | Synchronizing object | Ear.L
Fra:1 Mem:30.01M (Peak 30.01M) | Time:00:00.39 | Mem:0.00M, Peak:0.00M | Scene, ViewLayer | Synchronizing object | Ear_Fold.L
Fra:1 Mem:30.08M (Peak 30.08M) | Time:00:00.39 | Mem:0.00M, Peak:0.00M | Scene, ViewLayer | Synchronizing object | Ear.R
Fra:1 Mem:30.08M (Peak 30.08M) | Time:00:00.39 | Mem:0.00M, Peak:0.00M | Scene, ViewLayer | Synchronizing object | Ear_Fold.R
Fra:1 Mem:30.11M (Peak 30.11M) | Time:00:00.39 | Mem:0.00M, Peak:0.00M | Scene, ViewLayer | Synchronizing object | Iris_hair.L
Fra:1 Mem:30.12M (Peak 30.12M) | Time:00:00.39 | Mem:0.00M, Peak:0.00M | Scene, ViewLayer | Synchronizing object | Iris_ink.L
Fra:1 Mem:30.13M (Peak 30.13M) | Time:00:00.39 | Mem:0.00M, Peak:0.00M | Scene, ViewLayer | Synchronizing object | Eye_Glint.L
Fra:1 Mem:30.14M (Peak 30.14M) | Time:00:00.39 | Mem:0.00M, Peak:0.00M | Scene, ViewLayer | Synchronizing object | Lower_Lid.L
Fra:1 Mem:30.14M (Peak 30.14M) | Time:00:00.39 | Mem:0.00M, Peak:0.00M | Scene, ViewLayer | Synchronizing object | Eyebrow.L
Fra:1 Mem:30.15M (Peak 30.15M) | Time:00:00.39 | Mem:0.00M, Peak:0.00M | Scene, ViewLayer | Synchronizing object | Eye_White.R
Fra:1 Mem:30.15M (Peak 30.15M) | Time:00:00.39 | Mem:0.00M, Peak:0.00M | Scene, ViewLayer | Synchronizing object | Iris_hair.R
Fra:1 Mem:30.16M (Peak 30.16M) | Time:00:00.39 | Mem:0.00M, Peak:0.00M | Scene, ViewLayer | Synchronizing object | Iris_ink.R
Fra:1 Mem:30.17M (Peak 30.17M) | Time:00:00.39 | Mem:0.00M, Peak:0.00M | Scene, ViewLayer | Synchronizing object | Eye_Glint.R
Fra:1 Mem:30.18M (Peak 30.18M) | Time:00:00.39 | Mem:0.00M, Peak:0.00M | Scene, ViewLayer | Synchronizing object | Upper_Lid.R
Fra:1 Mem:30.19M (Peak 30.19M) | Time:00:00.39 | Mem:0.00M, Peak:0.00M | Scene, ViewLayer | Synchronizing object | Lower_Lid.R
Fra:1 Mem:30.20M (Peak 30.20M) | Time:00:00.39 | Mem:0.00M, Peak:0.00M | Scene, ViewLayer | Synchronizing object | Nose
Fra:1 Mem:30.22M (Peak 30.22M) | Time:00:00.39 | Mem:0.00M, Peak:0.00M | Scene, ViewLayer | Synchronizing object | Mouth
Fra:1 Mem:30.21M (Peak 30.22M) | Time:00:00.39 | Mem:0.00M, Peak:0.00M | Scene, ViewLayer | Synchronizing object | Hair_Cap
Fra:1 Mem:30.24M (Peak 30.24M) | Time:00:00.39 | Mem:0.00M, Peak:0.00M | Scene, ViewLayer | Synchronizing object | Bangs_00
Fra:1 Mem:30.25M (Peak 30.25M) | Time:00:00.39 | Mem:0.00M, Peak:0.00M | Scene, ViewLayer | Synchronizing object | Bangs_01
Fra:1 Mem:30.26M (Peak 30.26M) | Time:00:00.39 | Mem:0.00M, Peak:0.00M | Scene, ViewLayer | Synchronizing object | Bangs_02
Fra:1 Mem:30.30M (Peak 30.30M) | Time:00:00.39 | Mem:0.00M, Peak:0.00M | Scene, ViewLayer | Synchronizing object | Bangs_03
Fra:1 Mem:30.30M (Peak 30.30M) | Time:00:00.39 | Mem:0.00M, Peak:0.00M | Scene, ViewLayer | Synchronizing object | Temple_1.L
Fra:1 Mem:30.33M (Peak 30.33M) | Time:00:00.39 | Mem:0.00M, Peak:0.00M | Scene, ViewLayer | Synchronizing object | Review_Rim
Fra:1 Mem:30.35M (Peak 30.35M) | Time:00:00.39 | Mem:0.00M, Peak:0.00M | Scene, ViewLayer | Synchronizing object | Review_Fill
Fra:1 Mem:30.35M (Peak 30.35M) | Time:00:00.39 | Mem:0.00M, Peak:0.00M | Scene, ViewLayer | Synchronizing object | Review_Key
Fra:1 Mem:30.35M (Peak 30.35M) | Time:00:00.39 | Mem:0.00M, Peak:0.00M | Scene, ViewLayer | Synchronizing object | Review_Ground
Fra:1 Mem:30.35M (Peak 30.35M) | Time:00:00.39 | Mem:0.00M, Peak:0.00M | Scene, ViewLayer | Synchronizing object | Crown_1.L
Fra:1 Mem:30.35M (Peak 30.35M) | Time:00:00.39 | Mem:0.00M, Peak:0.00M | Scene, ViewLayer | Synchronizing object | Tee_Bar
Fra:1 Mem:30.39M (Peak 30.39M) | Time:00:00.39 | Mem:0.00M, Peak:0.00M | Scene, ViewLayer | Synchronizing object | Nape_0.L
Fra:1 Mem:30.42M (Peak 30.42M) | Time:00:00.39 | Mem:0.00M, Peak:0.00M | Scene, ViewLayer | Synchronizing object | Nape_1.L
Fra:1 Mem:30.43M (Peak 30.43M) | Time:00:00.39 | Mem:0.00M, Peak:0.00M | Scene, ViewLayer | Synchronizing object | Nape_2.L
Fra:1 Mem:30.44M (Peak 30.44M) | Time:00:00.39 | Mem:0.00M, Peak:0.00M | Scene, ViewLayer | Synchronizing object | Tee_Dot_1.246
Fra:1 Mem:30.44M (Peak 30.44M) | Time:00:00.39 | Mem:0.00M, Peak:0.00M | Scene, ViewLayer | Synchronizing object | Temple_2.R
Fra:1 Mem:30.46M (Peak 30.46M) | Time:00:00.39 | Mem:0.00M, Peak:0.00M | Scene, ViewLayer | Synchronizing object | Temple_3.R
Fra:1 Mem:30.47M (Peak 30.47M) | Time:00:00.39 | Mem:0.00M, Peak:0.00M | Scene, ViewLayer | Synchronizing object | Tee_Dot_1.275
Fra:1 Mem:30.49M (Peak 30.49M) | Time:00:00.39 | Mem:0.00M, Peak:0.00M | Scene, ViewLayer | Synchronizing object | Temple_4.R
Fra:1 Mem:30.51M (Peak 30.51M) | Time:00:00.39 | Mem:0.00M, Peak:0.00M | Scene, ViewLayer | Synchronizing object | Crown_0.R
Fra:1 Mem:30.52M (Peak 30.52M) | Time:00:00.39 | Mem:0.00M, Peak:0.00M | Scene, ViewLayer | Synchronizing object | Back_Lock_6
Fra:1 Mem:30.53M (Peak 30.53M) | Time:00:00.39 | Mem:0.00M, Peak:0.00M | Scene, ViewLayer | Synchronizing object | Nape_0.R
Fra:1 Mem:30.55M (Peak 30.55M) | Time:00:00.39 | Mem:0.00M, Peak:0.00M | Scene, ViewLayer | Synchronizing object | Nape_1.R
Fra:1 Mem:30.56M (Peak 30.56M) | Time:00:00.39 | Mem:0.00M, Peak:0.00M | Scene, ViewLayer | Synchronizing object | Nape_2.R
Fra:1 Mem:30.57M (Peak 30.57M) | Time:00:00.39 | Mem:0.00M, Peak:0.00M | Scene, ViewLayer | Synchronizing object | Nape_3.R
Fra:1 Mem:30.60M (Peak 30.60M) | Time:00:00.39 | Mem:0.00M, Peak:0.00M | Scene, ViewLayer | Synchronizing object | Back_Lock_3
Fra:1 Mem:30.61M (Peak 30.61M) | Time:00:00.39 | Mem:0.00M, Peak:0.00M | Scene, ViewLayer | Synchronizing object | Back_Lock_4
Fra:1 Mem:30.64M (Peak 30.64M) | Time:00:00.39 | Mem:0.00M, Peak:0.00M | Scene, ViewLayer | Initializing
Fra:1 Mem:27.07M (Peak 30.64M) | Time:00:00.39 | Mem:0.00M, Peak:0.00M | Scene, ViewLayer | Updating Images | Loading CHR001_GreyStudy_BaseColor
Fra:1 Mem:27.77M (Peak 31.07M) | Time:00:00.40 | Mem:4.00M, Peak:4.00M | Scene, ViewLayer | Waiting for render to start
Fra:1 Mem:27.77M (Peak 31.07M) | Time:00:00.40 | Mem:4.00M, Peak:4.00M | Scene, ViewLayer | Updating Scene
Fra:1 Mem:27.77M (Peak 31.07M) | Time:00:00.40 | Mem:4.00M, Peak:4.00M | Scene, ViewLayer | Updating Shaders
Fra:1 Mem:27.77M (Peak 31.07M) | Time:00:00.40 | Mem:4.00M, Peak:4.00M | Scene, ViewLayer | Loading render kernels (may take a few minutes the first time)
Fra:1 Mem:27.86M (Peak 31.07M) | Time:00:00.40 | Mem:4.00M, Peak:4.00M | Scene, ViewLayer | Updating Procedurals
Fra:1 Mem:27.86M (Peak 31.07M) | Time:00:00.40 | Mem:4.00M, Peak:4.00M | Scene, ViewLayer | Updating Background
Fra:1 Mem:27.86M (Peak 31.07M) | Time:00:00.40 | Mem:4.00M, Peak:4.00M | Scene, ViewLayer | Updating Camera
Fra:1 Mem:27.86M (Peak 31.07M) | Time:00:00.40 | Mem:4.00M, Peak:4.00M | Scene, ViewLayer | Updating Meshes Flags
Fra:1 Mem:27.86M (Peak 31.07M) | Time:00:00.40 | Mem:4.00M, Peak:4.00M | Scene, ViewLayer | Updating Objects
Fra:1 Mem:27.86M (Peak 31.07M) | Time:00:00.40 | Mem:4.00M, Peak:4.00M | Scene, ViewLayer | Updating Objects | Copying Transformations to device
Fra:1 Mem:27.88M (Peak 31.07M) | Time:00:00.40 | Mem:4.02M, Peak:4.02M | Scene, ViewLayer | Updating Particle Systems
Fra:1 Mem:27.88M (Peak 31.07M) | Time:00:00.40 | Mem:4.02M, Peak:4.02M | Scene, ViewLayer | Updating Particle Systems | Copying Particles to device
Fra:1 Mem:27.88M (Peak 31.07M) | Time:00:00.40 | Mem:4.03M, Peak:4.03M | Scene, ViewLayer | Updating Meshes
Fra:1 Mem:27.88M (Peak 31.07M) | Time:00:00.40 | Mem:4.03M, Peak:4.03M | Scene, ViewLayer | Updating Objects | Applying Static Transformations
Fra:1 Mem:27.88M (Peak 31.07M) | Time:00:00.40 | Mem:4.03M, Peak:4.03M | Scene, ViewLayer | Updating Mesh | Computing attributes
Fra:1 Mem:28.73M (Peak 31.07M) | Time:00:00.40 | Mem:4.03M, Peak:4.03M | Scene, ViewLayer | Updating Mesh | Copying Attributes to device
Fra:1 Mem:28.72M (Peak 31.07M) | Time:00:00.40 | Mem:4.86M, Peak:4.86M | Scene, ViewLayer | Updating Scene BVH | Building
Fra:1 Mem:28.72M (Peak 31.07M) | Time:00:00.40 | Mem:4.86M, Peak:4.86M | Scene, ViewLayer | Updating Scene BVH | Building BVH
Fra:1 Mem:28.72M (Peak 31.07M) | Time:00:00.40 | Mem:5.74M, Peak:5.74M | Scene, ViewLayer | Updating Scene BVH | Building BVH 0%
Fra:1 Mem:28.72M (Peak 31.07M) | Time:00:00.40 | Mem:6.70M, Peak:7.58M | Scene, ViewLayer | Updating Scene BVH | Copying BVH to device
Fra:1 Mem:28.72M (Peak 31.07M) | Time:00:00.40 | Mem:6.70M, Peak:7.58M | Scene, ViewLayer | Updating Mesh | Computing normals
Fra:1 Mem:29.50M (Peak 31.07M) | Time:00:00.40 | Mem:6.70M, Peak:7.58M | Scene, ViewLayer | Updating Mesh | Copying Mesh to device
Fra:1 Mem:29.50M (Peak 31.07M) | Time:00:00.40 | Mem:7.48M, Peak:7.58M | Scene, ViewLayer | Updating Objects Flags
Fra:1 Mem:29.50M (Peak 31.07M) | Time:00:00.40 | Mem:7.48M, Peak:7.58M | Scene, ViewLayer | Updating Primitive Offsets
Fra:1 Mem:29.50M (Peak 31.07M) | Time:00:00.40 | Mem:7.48M, Peak:7.58M | Scene, ViewLayer | Updating Images
Fra:1 Mem:29.50M (Peak 31.07M) | Time:00:00.40 | Mem:7.48M, Peak:7.58M | Scene, ViewLayer | Updating Camera Volume
Fra:1 Mem:29.50M (Peak 31.07M) | Time:00:00.40 | Mem:7.48M, Peak:7.58M | Scene, ViewLayer | Updating Lookup Tables
Fra:1 Mem:29.50M (Peak 31.07M) | Time:00:00.40 | Mem:7.57M, Peak:7.58M | Scene, ViewLayer | Updating Lights
Fra:1 Mem:29.50M (Peak 31.07M) | Time:00:00.40 | Mem:7.57M, Peak:7.58M | Scene, ViewLayer | Updating Lights | Computing tree
Fra:1 Mem:29.50M (Peak 31.07M) | Time:00:00.40 | Mem:7.57M, Peak:7.58M | Scene, ViewLayer | Updating Integrator
Fra:1 Mem:29.50M (Peak 31.07M) | Time:00:00.40 | Mem:7.57M, Peak:7.58M | Scene, ViewLayer | Updating Film
Fra:1 Mem:29.51M (Peak 31.07M) | Time:00:00.40 | Mem:7.49M, Peak:7.58M | Scene, ViewLayer | Updating Lookup Tables
Fra:1 Mem:29.51M (Peak 31.07M) | Time:00:00.40 | Mem:7.57M, Peak:7.58M | Scene, ViewLayer | Updating Baking
Fra:1 Mem:29.51M (Peak 31.07M) | Time:00:00.40 | Mem:7.57M, Peak:7.58M | Scene, ViewLayer | Updating Device | Writing constant memory
Fra:1 Mem:29.51M (Peak 31.07M) | Time:00:00.40 | Mem:7.57M, Peak:7.58M | Scene, ViewLayer | Loading denoising kernels (may take a few minutes the first time)
Fra:1 Mem:29.51M (Peak 31.07M) | Time:00:00.40 | Mem:7.57M, Peak:7.58M | Scene, ViewLayer | Sample 0/24
Fra:1 Mem:79.69M (Peak 79.69M) | Time:00:00.55 | Remaining:00:03.55 | Mem:57.68M, Peak:57.68M | Scene, ViewLayer | Sample 1/24
Fra:1 Mem:100.79M (Peak 132.43M) | Time:00:05.97 | Mem:57.68M, Peak:57.68M | Scene, ViewLayer | Sample 24/24
Fra:1 Mem:100.79M (Peak 132.43M) | Time:00:05.97 | Mem:57.68M, Peak:57.68M | Scene, ViewLayer | Finished
Saved: '/home/lzzz/MyProjects/N-SIDE/output/characters/CHR-001/model-r1/back.png'
Time: 00:06.01 (Saving: 00:00.03)

Fra:8 Mem:26.01M (Peak 26.01M) | Time:00:00.00 | Mem:0.00M, Peak:0.00M | Scene, ViewLayer | Synchronizing object | TShirt
Fra:8 Mem:26.17M (Peak 26.17M) | Time:00:00.00 | Mem:0.00M, Peak:0.00M | Scene, ViewLayer | Synchronizing object | TShirt_Collar
Fra:8 Mem:26.17M (Peak 26.17M) | Time:00:00.00 | Mem:0.00M, Peak:0.00M | Scene, ViewLayer | Synchronizing object | Sleeve_Cuff.L
Fra:8 Mem:26.19M (Peak 26.19M) | Time:00:00.00 | Mem:0.00M, Peak:0.00M | Scene, ViewLayer | Synchronizing object | Zip_Tape.L
Fra:8 Mem:26.22M (Peak 26.22M) | Time:00:00.00 | Mem:0.00M, Peak:0.00M | Scene, ViewLayer | Synchronizing object | Hood_Cord.L
Fra:8 Mem:26.30M (Peak 26.30M) | Time:00:00.01 | Mem:0.00M, Peak:0.00M | Scene, ViewLayer | Synchronizing object | Palm.L
Fra:8 Mem:26.30M (Peak 26.30M) | Time:00:00.01 | Mem:0.00M, Peak:0.00M | Scene, ViewLayer | Synchronizing object | Index_Mesh.L
Fra:8 Mem:26.33M (Peak 26.33M) | Time:00:00.01 | Mem:0.00M, Peak:0.00M | Scene, ViewLayer | Synchronizing object | Ring_Mesh.L
Fra:8 Mem:26.34M (Peak 26.34M) | Time:00:00.01 | Mem:0.00M, Peak:0.00M | Scene, ViewLayer | Synchronizing object | Pinky_Mesh.L
Fra:8 Mem:26.37M (Peak 26.37M) | Time:00:00.01 | Mem:0.00M, Peak:0.00M | Scene, ViewLayer | Synchronizing object | Thumb_Mesh.L
Fra:8 Mem:26.53M (Peak 26.53M) | Time:00:00.04 | Mem:0.00M, Peak:0.00M | Scene, ViewLayer | Synchronizing object | Trousers.L
Fra:8 Mem:26.53M (Peak 26.53M) | Time:00:00.04 | Mem:0.00M, Peak:0.00M | Scene, ViewLayer | Synchronizing object | Sneaker_Sole.L
Fra:8 Mem:26.61M (Peak 26.61M) | Time:00:00.04 | Mem:0.00M, Peak:0.00M | Scene, ViewLayer | Synchronizing object | Lace_0.L
Fra:8 Mem:26.72M (Peak 26.72M) | Time:00:00.04 | Mem:0.00M, Peak:0.00M | Scene, ViewLayer | Synchronizing object | Lace_1.L
Fra:8 Mem:26.72M (Peak 26.72M) | Time:00:00.04 | Mem:0.00M, Peak:0.00M | Scene, ViewLayer | Synchronizing object | Lace_3.L
Fra:8 Mem:26.73M (Peak 26.73M) | Time:00:00.04 | Mem:0.00M, Peak:0.00M | Scene, ViewLayer | Synchronizing object | Heel_Tab.L
Fra:8 Mem:26.73M (Peak 26.73M) | Time:00:00.04 | Mem:0.00M, Peak:0.00M | Scene, ViewLayer | Synchronizing object | Sleeve_Cuff.R
Fra:8 Mem:26.73M (Peak 26.73M) | Time:00:00.04 | Mem:0.00M, Peak:0.00M | Scene, ViewLayer | Synchronizing object | Zip_Tape.R
Fra:8 Mem:26.74M (Peak 26.74M) | Time:00:00.04 | Mem:0.00M, Peak:0.00M | Scene, ViewLayer | Synchronizing object | Hood_Cord.R
Fra:8 Mem:26.85M (Peak 26.85M) | Time:00:00.05 | Mem:0.00M, Peak:0.00M | Scene, ViewLayer | Synchronizing object | Palm.R
Fra:8 Mem:26.85M (Peak 26.85M) | Time:00:00.05 | Mem:0.00M, Peak:0.00M | Scene, ViewLayer | Synchronizing object | Middle_Mesh.R
Fra:8 Mem:26.88M (Peak 26.88M) | Time:00:00.05 | Mem:0.00M, Peak:0.00M | Scene, ViewLayer | Synchronizing object | Ring_Mesh.R
Fra:8 Mem:26.89M (Peak 26.89M) | Time:00:00.05 | Mem:0.00M, Peak:0.00M | Scene, ViewLayer | Synchronizing object | Pinky_Mesh.R
Fra:8 Mem:26.90M (Peak 26.90M) | Time:00:00.05 | Mem:0.00M, Peak:0.00M | Scene, ViewLayer | Synchronizing object | Thumb_Mesh.R
Fra:8 Mem:27.09M (Peak 27.09M) | Time:00:00.07 | Mem:0.00M, Peak:0.00M | Scene, ViewLayer | Synchronizing object | Trousers.R
Fra:8 Mem:27.09M (Peak 27.09M) | Time:00:00.07 | Mem:0.00M, Peak:0.00M | Scene, ViewLayer | Synchronizing object | Sneaker_Sole.R
Fra:8 Mem:27.11M (Peak 27.11M) | Time:00:00.07 | Mem:0.00M, Peak:0.00M | Scene, ViewLayer | Synchronizing object | Sock.R
Fra:8 Mem:27.22M (Peak 27.22M) | Time:00:00.07 | Mem:0.00M, Peak:0.00M | Scene, ViewLayer | Synchronizing object | Lace_0.R
Fra:8 Mem:27.29M (Peak 27.29M) | Time:00:00.07 | Mem:0.00M, Peak:0.00M | Scene, ViewLayer | Synchronizing object | Lace_1.R
Fra:8 Mem:27.29M (Peak 27.29M) | Time:00:00.07 | Mem:0.00M, Peak:0.00M | Scene, ViewLayer | Synchronizing object | Heel_Tab.R
Fra:8 Mem:27.87M (Peak 27.87M) | Time:00:00.09 | Mem:0.00M, Peak:0.00M | Scene, ViewLayer | Synchronizing object | Jacket_ContinuousShoulders
Fra:8 Mem:28.92M (Peak 28.92M) | Time:00:00.38 | Mem:0.00M, Peak:0.00M | Scene, ViewLayer | Synchronizing object | Face_Head
Fra:8 Mem:29.46M (Peak 29.46M) | Time:00:00.39 | Mem:0.00M, Peak:0.00M | Scene, ViewLayer | Synchronizing object | Ear.L
Fra:8 Mem:29.49M (Peak 29.49M) | Time:00:00.39 | Mem:0.00M, Peak:0.00M | Scene, ViewLayer | Synchronizing object | Ear_Fold.L
Fra:8 Mem:29.54M (Peak 29.54M) | Time:00:00.39 | Mem:0.00M, Peak:0.00M | Scene, ViewLayer | Synchronizing object | Ear.R
Fra:8 Mem:29.56M (Peak 29.56M) | Time:00:00.39 | Mem:0.00M, Peak:0.00M | Scene, ViewLayer | Synchronizing object | Iris_hair.L
Fra:8 Mem:29.57M (Peak 29.57M) | Time:00:00.39 | Mem:0.00M, Peak:0.00M | Scene, ViewLayer | Synchronizing object | Iris_ink.L
Fra:8 Mem:29.59M (Peak 29.59M) | Time:00:00.39 | Mem:0.00M, Peak:0.00M | Scene, ViewLayer | Synchronizing object | Eye_Glint.L
Fra:8 Mem:29.60M (Peak 29.60M) | Time:00:00.39 | Mem:0.00M, Peak:0.00M | Scene, ViewLayer | Synchronizing object | Lower_Lid.L
Fra:8 Mem:29.61M (Peak 29.61M) | Time:00:00.39 | Mem:0.00M, Peak:0.00M | Scene, ViewLayer | Synchronizing object | Eyebrow.L
Fra:8 Mem:29.63M (Peak 29.63M) | Time:00:00.39 | Mem:0.00M, Peak:0.00M | Scene, ViewLayer | Synchronizing object | Eye_White.R
Fra:8 Mem:29.63M (Peak 29.63M) | Time:00:00.39 | Mem:0.00M, Peak:0.00M | Scene, ViewLayer | Synchronizing object | Iris_hair.R
Fra:8 Mem:29.64M (Peak 29.64M) | Time:00:00.39 | Mem:0.00M, Peak:0.00M | Scene, ViewLayer | Synchronizing object | Iris_ink.R
Fra:8 Mem:29.64M (Peak 29.64M) | Time:00:00.39 | Mem:0.00M, Peak:0.00M | Scene, ViewLayer | Synchronizing object | Lower_Lid.R
Fra:8 Mem:29.67M (Peak 29.67M) | Time:00:00.39 | Mem:0.00M, Peak:0.00M | Scene, ViewLayer | Synchronizing object | Eyebrow.R
Fra:8 Mem:29.67M (Peak 29.67M) | Time:00:00.39 | Mem:0.00M, Peak:0.00M | Scene, ViewLayer | Synchronizing object | Nose
Fra:8 Mem:29.68M (Peak 29.68M) | Time:00:00.39 | Mem:0.00M, Peak:0.00M | Scene, ViewLayer | Synchronizing object | Mouth
Fra:8 Mem:29.68M (Peak 29.68M) | Time:00:00.39 | Mem:0.00M, Peak:0.00M | Scene, ViewLayer | Synchronizing object | Bangs_01
Fra:8 Mem:29.69M (Peak 29.69M) | Time:00:00.39 | Mem:0.00M, Peak:0.00M | Scene, ViewLayer | Synchronizing object | Bangs_03
Fra:8 Mem:29.74M (Peak 29.74M) | Time:00:00.39 | Mem:0.00M, Peak:0.00M | Scene, ViewLayer | Synchronizing object | Bangs_04
Fra:8 Mem:29.75M (Peak 29.75M) | Time:00:00.39 | Mem:0.00M, Peak:0.00M | Scene, ViewLayer | Synchronizing object | Temple_0.L
Fra:8 Mem:29.79M (Peak 29.79M) | Time:00:00.39 | Mem:0.00M, Peak:0.00M | Scene, ViewLayer | Synchronizing object | Review_Rim
Fra:8 Mem:29.80M (Peak 29.80M) | Time:00:00.39 | Mem:0.00M, Peak:0.00M | Scene, ViewLayer | Synchronizing object | Temple_2.L
Fra:8 Mem:29.80M (Peak 29.80M) | Time:00:00.39 | Mem:0.00M, Peak:0.00M | Scene, ViewLayer | Synchronizing object | Temple_3.L
Fra:8 Mem:29.81M (Peak 29.81M) | Time:00:00.39 | Mem:0.00M, Peak:0.00M | Scene, ViewLayer | Synchronizing object | Crown_0.L
Fra:8 Mem:29.84M (Peak 29.84M) | Time:00:00.39 | Mem:0.00M, Peak:0.00M | Scene, ViewLayer | Synchronizing object | Crown_1.L
Fra:8 Mem:29.87M (Peak 29.87M) | Time:00:00.39 | Mem:0.00M, Peak:0.00M | Scene, ViewLayer | Synchronizing object | Nape_0.L
Fra:8 Mem:29.88M (Peak 29.88M) | Time:00:00.39 | Mem:0.00M, Peak:0.00M | Scene, ViewLayer | Synchronizing object | Nape_3.L
Fra:8 Mem:29.88M (Peak 29.88M) | Time:00:00.39 | Mem:0.00M, Peak:0.00M | Scene, ViewLayer | Synchronizing object | Review_Ground
Fra:8 Mem:29.88M (Peak 29.88M) | Time:00:00.39 | Mem:0.00M, Peak:0.00M | Scene, ViewLayer | Synchronizing object | Temple_0.R
Fra:8 Mem:29.88M (Peak 29.88M) | Time:00:00.39 | Mem:0.00M, Peak:0.00M | Scene, ViewLayer | Synchronizing object | Tee_Bar
Fra:8 Mem:29.89M (Peak 29.89M) | Time:00:00.39 | Mem:0.00M, Peak:0.00M | Scene, ViewLayer | Synchronizing object | Temple_1.R
Fra:8 Mem:29.90M (Peak 29.90M) | Time:00:00.39 | Mem:0.00M, Peak:0.00M | Scene, ViewLayer | Synchronizing object | Tee_Dot_1.246
Fra:8 Mem:29.93M (Peak 29.93M) | Time:00:00.39 | Mem:0.00M, Peak:0.00M | Scene, ViewLayer | Synchronizing object | Tee_Dot_1.275
Fra:8 Mem:29.94M (Peak 29.94M) | Time:00:00.39 | Mem:0.00M, Peak:0.00M | Scene, ViewLayer | Synchronizing object | Temple_2.R
Fra:8 Mem:29.95M (Peak 29.95M) | Time:00:00.39 | Mem:0.00M, Peak:0.00M | Scene, ViewLayer | Synchronizing object | Back_Lock_6
Fra:8 Mem:29.95M (Peak 29.95M) | Time:00:00.39 | Mem:0.00M, Peak:0.00M | Scene, ViewLayer | Synchronizing object | Crown_0.R
Fra:8 Mem:29.97M (Peak 29.97M) | Time:00:00.39 | Mem:0.00M, Peak:0.00M | Scene, ViewLayer | Synchronizing object | Crown_1.R
Fra:8 Mem:29.99M (Peak 29.99M) | Time:00:00.39 | Mem:0.00M, Peak:0.00M | Scene, ViewLayer | Synchronizing object | Back_Lock_5
Fra:8 Mem:30.02M (Peak 30.02M) | Time:00:00.39 | Mem:0.00M, Peak:0.00M | Scene, ViewLayer | Synchronizing object | Nape_0.R
Fra:8 Mem:30.03M (Peak 30.03M) | Time:00:00.39 | Mem:0.00M, Peak:0.00M | Scene, ViewLayer | Synchronizing object | Nape_1.R
Fra:8 Mem:30.04M (Peak 30.04M) | Time:00:00.39 | Mem:0.00M, Peak:0.00M | Scene, ViewLayer | Synchronizing object | Back_Lock_4
Fra:8 Mem:30.05M (Peak 30.05M) | Time:00:00.39 | Mem:0.00M, Peak:0.00M | Scene, ViewLayer | Synchronizing object | Back_Lock_3
Fra:8 Mem:30.10M (Peak 30.10M) | Time:00:00.39 | Mem:0.00M, Peak:0.00M | Scene, ViewLayer | Initializing
Fra:8 Mem:26.53M (Peak 30.10M) | Time:00:00.39 | Mem:0.00M, Peak:0.00M | Scene, ViewLayer | Updating Images | Loading CHR001_GreyStudy_BaseColor
Fra:8 Mem:27.50M (Peak 30.53M) | Time:00:00.40 | Mem:4.00M, Peak:4.00M | Scene, ViewLayer | Waiting for render to start
Fra:8 Mem:27.50M (Peak 30.53M) | Time:00:00.40 | Mem:4.00M, Peak:4.00M | Scene, ViewLayer | Updating Scene
Fra:8 Mem:27.50M (Peak 30.53M) | Time:00:00.40 | Mem:4.00M, Peak:4.00M | Scene, ViewLayer | Updating Shaders
Fra:8 Mem:27.50M (Peak 30.53M) | Time:00:00.40 | Mem:4.00M, Peak:4.00M | Scene, ViewLayer | Loading render kernels (may take a few minutes the first time)
Fra:8 Mem:27.59M (Peak 30.53M) | Time:00:00.40 | Mem:4.00M, Peak:4.00M | Scene, ViewLayer | Updating Procedurals
Fra:8 Mem:27.59M (Peak 30.53M) | Time:00:00.40 | Mem:4.00M, Peak:4.00M | Scene, ViewLayer | Updating Background
Fra:8 Mem:27.59M (Peak 30.53M) | Time:00:00.40 | Mem:4.00M, Peak:4.00M | Scene, ViewLayer | Updating Camera
Fra:8 Mem:27.59M (Peak 30.53M) | Time:00:00.40 | Mem:4.00M, Peak:4.00M | Scene, ViewLayer | Updating Meshes Flags
Fra:8 Mem:27.59M (Peak 30.53M) | Time:00:00.40 | Mem:4.00M, Peak:4.00M | Scene, ViewLayer | Updating Objects
Fra:8 Mem:27.59M (Peak 30.53M) | Time:00:00.40 | Mem:4.00M, Peak:4.00M | Scene, ViewLayer | Updating Objects | Copying Transformations to device
Fra:8 Mem:27.61M (Peak 30.53M) | Time:00:00.40 | Mem:4.02M, Peak:4.02M | Scene, ViewLayer | Updating Particle Systems
Fra:8 Mem:27.61M (Peak 30.53M) | Time:00:00.40 | Mem:4.02M, Peak:4.02M | Scene, ViewLayer | Updating Particle Systems | Copying Particles to device
Fra:8 Mem:27.61M (Peak 30.53M) | Time:00:00.40 | Mem:4.03M, Peak:4.03M | Scene, ViewLayer | Updating Meshes
Fra:8 Mem:27.61M (Peak 30.53M) | Time:00:00.40 | Mem:4.03M, Peak:4.03M | Scene, ViewLayer | Updating Objects | Applying Static Transformations
Fra:8 Mem:27.61M (Peak 30.53M) | Time:00:00.40 | Mem:4.03M, Peak:4.03M | Scene, ViewLayer | Updating Mesh | Computing attributes
Fra:8 Mem:28.46M (Peak 30.53M) | Time:00:00.40 | Mem:4.03M, Peak:4.03M | Scene, ViewLayer | Updating Mesh | Copying Attributes to device
Fra:8 Mem:28.45M (Peak 30.53M) | Time:00:00.40 | Mem:4.86M, Peak:4.86M | Scene, ViewLayer | Updating Scene BVH | Building
Fra:8 Mem:28.45M (Peak 30.53M) | Time:00:00.40 | Mem:4.86M, Peak:4.86M | Scene, ViewLayer | Updating Scene BVH | Building BVH
Fra:8 Mem:28.45M (Peak 30.53M) | Time:00:00.40 | Mem:5.74M, Peak:5.74M | Scene, ViewLayer | Updating Scene BVH | Building BVH 0%
Fra:8 Mem:28.45M (Peak 30.53M) | Time:00:00.40 | Mem:6.70M, Peak:7.58M | Scene, ViewLayer | Updating Scene BVH | Copying BVH to device
Fra:8 Mem:28.45M (Peak 30.53M) | Time:00:00.40 | Mem:6.70M, Peak:7.58M | Scene, ViewLayer | Updating Mesh | Computing normals
Fra:8 Mem:29.23M (Peak 30.53M) | Time:00:00.40 | Mem:6.70M, Peak:7.58M | Scene, ViewLayer | Updating Mesh | Copying Mesh to device
Fra:8 Mem:29.23M (Peak 30.53M) | Time:00:00.40 | Mem:7.48M, Peak:7.58M | Scene, ViewLayer | Updating Objects Flags
Fra:8 Mem:29.23M (Peak 30.53M) | Time:00:00.40 | Mem:7.48M, Peak:7.58M | Scene, ViewLayer | Updating Primitive Offsets
Fra:8 Mem:29.23M (Peak 30.53M) | Time:00:00.40 | Mem:7.48M, Peak:7.58M | Scene, ViewLayer | Updating Images
Fra:8 Mem:29.23M (Peak 30.53M) | Time:00:00.40 | Mem:7.48M, Peak:7.58M | Scene, ViewLayer | Updating Camera Volume
Fra:8 Mem:29.23M (Peak 30.53M) | Time:00:00.40 | Mem:7.48M, Peak:7.58M | Scene, ViewLayer | Updating Lookup Tables
Fra:8 Mem:29.23M (Peak 30.53M) | Time:00:00.40 | Mem:7.57M, Peak:7.58M | Scene, ViewLayer | Updating Lights
Fra:8 Mem:29.23M (Peak 30.53M) | Time:00:00.40 | Mem:7.57M, Peak:7.58M | Scene, ViewLayer | Updating Lights | Computing tree
Fra:8 Mem:29.23M (Peak 30.53M) | Time:00:00.40 | Mem:7.57M, Peak:7.58M | Scene, ViewLayer | Updating Integrator
Fra:8 Mem:29.23M (Peak 30.53M) | Time:00:00.40 | Mem:7.57M, Peak:7.58M | Scene, ViewLayer | Updating Film
Fra:8 Mem:29.24M (Peak 30.53M) | Time:00:00.40 | Mem:7.49M, Peak:7.58M | Scene, ViewLayer | Updating Lookup Tables
Fra:8 Mem:29.24M (Peak 30.53M) | Time:00:00.40 | Mem:7.57M, Peak:7.58M | Scene, ViewLayer | Updating Baking
Fra:8 Mem:29.24M (Peak 30.53M) | Time:00:00.40 | Mem:7.57M, Peak:7.58M | Scene, ViewLayer | Updating Device | Writing constant memory
Fra:8 Mem:29.24M (Peak 30.53M) | Time:00:00.40 | Mem:7.57M, Peak:7.58M | Scene, ViewLayer | Loading denoising kernels (may take a few minutes the first time)
Fra:8 Mem:29.24M (Peak 30.53M) | Time:00:00.40 | Mem:7.57M, Peak:7.58M | Scene, ViewLayer | Sample 0/24
Fra:8 Mem:79.42M (Peak 79.42M) | Time:00:00.55 | Remaining:00:03.52 | Mem:57.68M, Peak:57.68M | Scene, ViewLayer | Sample 1/24
Fra:8 Mem:100.52M (Peak 132.16M) | Time:00:05.97 | Mem:57.68M, Peak:57.68M | Scene, ViewLayer | Sample 24/24
Fra:8 Mem:100.52M (Peak 132.16M) | Time:00:05.97 | Mem:57.68M, Peak:57.68M | Scene, ViewLayer | Finished
Saved: '/home/lzzz/MyProjects/N-SIDE/output/characters/CHR-001/model-r1/walk-contact.png'
Time: 00:06.02 (Saving: 00:00.04)

Fra:6 Mem:25.83M (Peak 25.83M) | Time:00:00.00 | Mem:0.00M, Peak:0.00M | Scene, ViewLayer | Synchronizing object | TShirt
Fra:6 Mem:25.99M (Peak 25.99M) | Time:00:00.00 | Mem:0.00M, Peak:0.00M | Scene, ViewLayer | Synchronizing object | TShirt_Collar
Fra:6 Mem:25.99M (Peak 25.99M) | Time:00:00.00 | Mem:0.00M, Peak:0.00M | Scene, ViewLayer | Synchronizing object | Sleeve_Cuff.L
Fra:6 Mem:26.00M (Peak 26.00M) | Time:00:00.00 | Mem:0.00M, Peak:0.00M | Scene, ViewLayer | Synchronizing object | Zip_Tape.L
Fra:6 Mem:26.01M (Peak 26.01M) | Time:00:00.00 | Mem:0.00M, Peak:0.00M | Scene, ViewLayer | Synchronizing object | Hood_Cord.L
Fra:6 Mem:26.12M (Peak 26.12M) | Time:00:00.01 | Mem:0.00M, Peak:0.00M | Scene, ViewLayer | Synchronizing object | Palm.L
Fra:6 Mem:26.12M (Peak 26.12M) | Time:00:00.01 | Mem:0.00M, Peak:0.00M | Scene, ViewLayer | Synchronizing object | Index_Mesh.L
Fra:6 Mem:26.15M (Peak 26.15M) | Time:00:00.01 | Mem:0.00M, Peak:0.00M | Scene, ViewLayer | Synchronizing object | Pinky_Mesh.L
Fra:6 Mem:26.18M (Peak 26.18M) | Time:00:00.01 | Mem:0.00M, Peak:0.00M | Scene, ViewLayer | Synchronizing object | Thumb_Mesh.L
Fra:6 Mem:26.35M (Peak 26.35M) | Time:00:00.04 | Mem:0.00M, Peak:0.00M | Scene, ViewLayer | Synchronizing object | Trousers.L
Fra:6 Mem:26.38M (Peak 26.38M) | Time:00:00.04 | Mem:0.00M, Peak:0.00M | Scene, ViewLayer | Synchronizing object | Sock.L
Fra:6 Mem:26.43M (Peak 26.43M) | Time:00:00.04 | Mem:0.00M, Peak:0.00M | Scene, ViewLayer | Synchronizing object | Lace_0.L
Fra:6 Mem:26.54M (Peak 26.54M) | Time:00:00.04 | Mem:0.00M, Peak:0.00M | Scene, ViewLayer | Synchronizing object | Lace_1.L
Fra:6 Mem:26.54M (Peak 26.54M) | Time:00:00.04 | Mem:0.00M, Peak:0.00M | Scene, ViewLayer | Synchronizing object | Lace_2.L
Fra:6 Mem:26.54M (Peak 26.54M) | Time:00:00.04 | Mem:0.00M, Peak:0.00M | Scene, ViewLayer | Synchronizing object | Heel_Tab.L
Fra:6 Mem:26.55M (Peak 26.55M) | Time:00:00.04 | Mem:0.00M, Peak:0.00M | Scene, ViewLayer | Synchronizing object | Sleeve_Cuff.R
Fra:6 Mem:26.55M (Peak 26.55M) | Time:00:00.04 | Mem:0.00M, Peak:0.00M | Scene, ViewLayer | Synchronizing object | Zip_Tape.R
Fra:6 Mem:26.56M (Peak 26.56M) | Time:00:00.04 | Mem:0.00M, Peak:0.00M | Scene, ViewLayer | Synchronizing object | Hood_Cord.R
Fra:6 Mem:26.67M (Peak 26.67M) | Time:00:00.04 | Mem:0.00M, Peak:0.00M | Scene, ViewLayer | Synchronizing object | Palm.R
Fra:6 Mem:26.68M (Peak 26.68M) | Time:00:00.04 | Mem:0.00M, Peak:0.00M | Scene, ViewLayer | Synchronizing object | Index_Mesh.R
Fra:6 Mem:26.70M (Peak 26.70M) | Time:00:00.04 | Mem:0.00M, Peak:0.00M | Scene, ViewLayer | Synchronizing object | Ring_Mesh.R
Fra:6 Mem:26.73M (Peak 26.73M) | Time:00:00.04 | Mem:0.00M, Peak:0.00M | Scene, ViewLayer | Synchronizing object | Pinky_Mesh.R
Fra:6 Mem:26.74M (Peak 26.74M) | Time:00:00.04 | Mem:0.00M, Peak:0.00M | Scene, ViewLayer | Synchronizing object | Thumb_Mesh.R
Fra:6 Mem:26.91M (Peak 26.91M) | Time:00:00.07 | Mem:0.00M, Peak:0.00M | Scene, ViewLayer | Synchronizing object | Trousers.R
Fra:6 Mem:26.91M (Peak 26.91M) | Time:00:00.07 | Mem:0.00M, Peak:0.00M | Scene, ViewLayer | Synchronizing object | Sneaker_Sole.R
Fra:6 Mem:26.93M (Peak 26.93M) | Time:00:00.07 | Mem:0.00M, Peak:0.00M | Scene, ViewLayer | Synchronizing object | Sneaker_Upper.R
Fra:6 Mem:27.05M (Peak 27.05M) | Time:00:00.07 | Mem:0.00M, Peak:0.00M | Scene, ViewLayer | Synchronizing object | Sock.R
Fra:6 Mem:27.09M (Peak 27.09M) | Time:00:00.07 | Mem:0.00M, Peak:0.00M | Scene, ViewLayer | Synchronizing object | Lace_0.R
Fra:6 Mem:27.11M (Peak 27.11M) | Time:00:00.07 | Mem:0.00M, Peak:0.00M | Scene, ViewLayer | Synchronizing object | Lace_1.R
Fra:6 Mem:27.11M (Peak 27.11M) | Time:00:00.07 | Mem:0.00M, Peak:0.00M | Scene, ViewLayer | Synchronizing object | Lace_2.R
Fra:6 Mem:27.11M (Peak 27.11M) | Time:00:00.07 | Mem:0.00M, Peak:0.00M | Scene, ViewLayer | Synchronizing object | Lace_3.R
Fra:6 Mem:27.11M (Peak 27.11M) | Time:00:00.07 | Mem:0.00M, Peak:0.00M | Scene, ViewLayer | Synchronizing object | Heel_Tab.R
Fra:6 Mem:27.70M (Peak 27.70M) | Time:00:00.09 | Mem:0.00M, Peak:0.00M | Scene, ViewLayer | Synchronizing object | Jacket_ContinuousShoulders
Fra:6 Mem:28.74M (Peak 28.74M) | Time:00:00.38 | Mem:0.00M, Peak:0.00M | Scene, ViewLayer | Synchronizing object | Face_Head
Fra:6 Mem:29.28M (Peak 29.28M) | Time:00:00.39 | Mem:0.00M, Peak:0.00M | Scene, ViewLayer | Synchronizing object | Ear.L
Fra:6 Mem:29.29M (Peak 29.29M) | Time:00:00.39 | Mem:0.00M, Peak:0.00M | Scene, ViewLayer | Synchronizing object | Ear_Fold.L
Fra:6 Mem:29.36M (Peak 29.36M) | Time:00:00.39 | Mem:0.00M, Peak:0.00M | Scene, ViewLayer | Synchronizing object | Ear.R
Fra:6 Mem:29.36M (Peak 29.36M) | Time:00:00.39 | Mem:0.00M, Peak:0.00M | Scene, ViewLayer | Synchronizing object | Ear_Fold.R
Fra:6 Mem:29.39M (Peak 29.39M) | Time:00:00.39 | Mem:0.00M, Peak:0.00M | Scene, ViewLayer | Synchronizing object | Eye_White.L
Fra:6 Mem:29.39M (Peak 29.39M) | Time:00:00.39 | Mem:0.00M, Peak:0.00M | Scene, ViewLayer | Synchronizing object | Iris_hair.L
Fra:6 Mem:29.40M (Peak 29.40M) | Time:00:00.39 | Mem:0.00M, Peak:0.00M | Scene, ViewLayer | Synchronizing object | Eye_Glint.L
Fra:6 Mem:29.42M (Peak 29.42M) | Time:00:00.39 | Mem:0.00M, Peak:0.00M | Scene, ViewLayer | Synchronizing object | Upper_Lid.L
Fra:6 Mem:29.42M (Peak 29.42M) | Time:00:00.39 | Mem:0.00M, Peak:0.00M | Scene, ViewLayer | Synchronizing object | Eye_White.R
Fra:6 Mem:29.43M (Peak 29.43M) | Time:00:00.39 | Mem:0.00M, Peak:0.00M | Scene, ViewLayer | Synchronizing object | Iris_hair.R
Fra:6 Mem:29.44M (Peak 29.44M) | Time:00:00.39 | Mem:0.00M, Peak:0.00M | Scene, ViewLayer | Synchronizing object | Iris_ink.R
Fra:6 Mem:29.45M (Peak 29.45M) | Time:00:00.39 | Mem:0.00M, Peak:0.00M | Scene, ViewLayer | Synchronizing object | Upper_Lid.R
Fra:6 Mem:29.47M (Peak 29.47M) | Time:00:00.39 | Mem:0.00M, Peak:0.00M | Scene, ViewLayer | Synchronizing object | Lower_Lid.R
Fra:6 Mem:29.48M (Peak 29.48M) | Time:00:00.39 | Mem:0.00M, Peak:0.00M | Scene, ViewLayer | Synchronizing object | Eyebrow.R
Fra:6 Mem:29.49M (Peak 29.49M) | Time:00:00.39 | Mem:0.00M, Peak:0.00M | Scene, ViewLayer | Synchronizing object | Nose
Fra:6 Mem:29.50M (Peak 29.50M) | Time:00:00.39 | Mem:0.00M, Peak:0.00M | Scene, ViewLayer | Synchronizing object | Mouth
Fra:6 Mem:29.50M (Peak 29.50M) | Time:00:00.39 | Mem:0.00M, Peak:0.00M | Scene, ViewLayer | Synchronizing object | Hair_Cap
Fra:6 Mem:29.52M (Peak 29.52M) | Time:00:00.39 | Mem:0.00M, Peak:0.00M | Scene, ViewLayer | Synchronizing object | Bangs_00
Fra:6 Mem:29.53M (Peak 29.53M) | Time:00:00.39 | Mem:0.00M, Peak:0.00M | Scene, ViewLayer | Synchronizing object | Bangs_02
Fra:6 Mem:29.54M (Peak 29.54M) | Time:00:00.39 | Mem:0.00M, Peak:0.00M | Scene, ViewLayer | Synchronizing object | Bangs_03
Fra:6 Mem:29.58M (Peak 29.58M) | Time:00:00.39 | Mem:0.00M, Peak:0.00M | Scene, ViewLayer | Synchronizing object | Bangs_04
Fra:6 Mem:29.59M (Peak 29.59M) | Time:00:00.39 | Mem:0.00M, Peak:0.00M | Scene, ViewLayer | Synchronizing object | Temple_0.L
Fra:6 Mem:29.61M (Peak 29.61M) | Time:00:00.39 | Mem:0.00M, Peak:0.00M | Scene, ViewLayer | Synchronizing object | Temple_1.L
Fra:6 Mem:29.63M (Peak 29.63M) | Time:00:00.39 | Mem:0.00M, Peak:0.00M | Scene, ViewLayer | Synchronizing object | Temple_2.L
Fra:6 Mem:29.64M (Peak 29.64M) | Time:00:00.39 | Mem:0.00M, Peak:0.00M | Scene, ViewLayer | Synchronizing object | Temple_3.L
Fra:6 Mem:29.64M (Peak 29.64M) | Time:00:00.39 | Mem:0.00M, Peak:0.00M | Scene, ViewLayer | Synchronizing object | Crown_0.L
Fra:6 Mem:29.66M (Peak 29.66M) | Time:00:00.39 | Mem:0.00M, Peak:0.00M | Scene, ViewLayer | Synchronizing object | Crown_1.L
Fra:6 Mem:29.67M (Peak 29.67M) | Time:00:00.39 | Mem:0.00M, Peak:0.00M | Scene, ViewLayer | Synchronizing object | Nape_1.L
Fra:6 Mem:29.67M (Peak 29.67M) | Time:00:00.39 | Mem:0.00M, Peak:0.00M | Scene, ViewLayer | Synchronizing object | Review_Fill
Fra:6 Mem:29.68M (Peak 29.68M) | Time:00:00.39 | Mem:0.00M, Peak:0.00M | Scene, ViewLayer | Synchronizing object | Nape_3.L
Fra:6 Mem:29.72M (Peak 29.72M) | Time:00:00.39 | Mem:0.00M, Peak:0.00M | Scene, ViewLayer | Synchronizing object | Review_Key
Fra:6 Mem:29.73M (Peak 29.73M) | Time:00:00.39 | Mem:0.00M, Peak:0.00M | Scene, ViewLayer | Synchronizing object | Review_Ground
Fra:6 Mem:29.73M (Peak 29.73M) | Time:00:00.39 | Mem:0.00M, Peak:0.00M | Scene, ViewLayer | Synchronizing object | Temple_2.R
Fra:6 Mem:29.73M (Peak 29.73M) | Time:00:00.39 | Mem:0.00M, Peak:0.00M | Scene, ViewLayer | Synchronizing object | Temple_3.R
Fra:6 Mem:29.75M (Peak 29.75M) | Time:00:00.39 | Mem:0.00M, Peak:0.00M | Scene, ViewLayer | Synchronizing object | Tee_Bar
Fra:6 Mem:29.77M (Peak 29.77M) | Time:00:00.39 | Mem:0.00M, Peak:0.00M | Scene, ViewLayer | Synchronizing object | Temple_4.R
Fra:6 Mem:29.77M (Peak 29.77M) | Time:00:00.39 | Mem:0.00M, Peak:0.00M | Scene, ViewLayer | Synchronizing object | Crown_0.R
Fra:6 Mem:29.80M (Peak 29.80M) | Time:00:00.39 | Mem:0.00M, Peak:0.00M | Scene, ViewLayer | Synchronizing object | Crown_1.R
Fra:6 Mem:29.81M (Peak 29.81M) | Time:00:00.39 | Mem:0.00M, Peak:0.00M | Scene, ViewLayer | Synchronizing object | Nape_0.R
Fra:6 Mem:29.82M (Peak 29.82M) | Time:00:00.39 | Mem:0.00M, Peak:0.00M | Scene, ViewLayer | Synchronizing object | Tee_Dot_1.246
Fra:6 Mem:29.84M (Peak 29.84M) | Time:00:00.39 | Mem:0.00M, Peak:0.00M | Scene, ViewLayer | Synchronizing object | Nape_2.R
Fra:6 Mem:29.84M (Peak 29.84M) | Time:00:00.39 | Mem:0.00M, Peak:0.00M | Scene, ViewLayer | Synchronizing object | Tee_Dot_1.275
Fra:6 Mem:29.85M (Peak 29.85M) | Time:00:00.39 | Mem:0.00M, Peak:0.00M | Scene, ViewLayer | Synchronizing object | Back_Lock_3
Fra:6 Mem:29.86M (Peak 29.86M) | Time:00:00.39 | Mem:0.00M, Peak:0.00M | Scene, ViewLayer | Synchronizing object | Back_Lock_6
Fra:6 Mem:29.89M (Peak 29.89M) | Time:00:00.39 | Mem:0.00M, Peak:0.00M | Scene, ViewLayer | Synchronizing object | Back_Lock_4
Fra:6 Mem:29.89M (Peak 29.89M) | Time:00:00.39 | Mem:0.00M, Peak:0.00M | Scene, ViewLayer | Synchronizing object | Back_Lock_5
Fra:6 Mem:29.92M (Peak 29.92M) | Time:00:00.39 | Mem:0.00M, Peak:0.00M | Scene, ViewLayer | Initializing
Fra:6 Mem:26.35M (Peak 29.92M) | Time:00:00.39 | Mem:0.00M, Peak:0.00M | Scene, ViewLayer | Updating Images | Loading CHR001_GreyStudy_BaseColor
Fra:6 Mem:27.41M (Peak 30.35M) | Time:00:00.40 | Mem:4.00M, Peak:4.00M | Scene, ViewLayer | Waiting for render to start
Fra:6 Mem:27.41M (Peak 30.35M) | Time:00:00.40 | Mem:4.00M, Peak:4.00M | Scene, ViewLayer | Updating Scene
Fra:6 Mem:27.41M (Peak 30.35M) | Time:00:00.40 | Mem:4.00M, Peak:4.00M | Scene, ViewLayer | Updating Shaders
Fra:6 Mem:27.41M (Peak 30.35M) | Time:00:00.40 | Mem:4.00M, Peak:4.00M | Scene, ViewLayer | Loading render kernels (may take a few minutes the first time)
Fra:6 Mem:27.50M (Peak 30.35M) | Time:00:00.40 | Mem:4.00M, Peak:4.00M | Scene, ViewLayer | Updating Procedurals
Fra:6 Mem:27.50M (Peak 30.35M) | Time:00:00.40 | Mem:4.00M, Peak:4.00M | Scene, ViewLayer | Updating Background
Fra:6 Mem:27.50M (Peak 30.35M) | Time:00:00.40 | Mem:4.00M, Peak:4.00M | Scene, ViewLayer | Updating Camera
Fra:6 Mem:27.50M (Peak 30.35M) | Time:00:00.40 | Mem:4.00M, Peak:4.00M | Scene, ViewLayer | Updating Meshes Flags
Fra:6 Mem:27.50M (Peak 30.35M) | Time:00:00.40 | Mem:4.00M, Peak:4.00M | Scene, ViewLayer | Updating Objects
Fra:6 Mem:27.50M (Peak 30.35M) | Time:00:00.40 | Mem:4.00M, Peak:4.00M | Scene, ViewLayer | Updating Objects | Copying Transformations to device
Fra:6 Mem:27.52M (Peak 30.35M) | Time:00:00.40 | Mem:4.02M, Peak:4.02M | Scene, ViewLayer | Updating Particle Systems
Fra:6 Mem:27.52M (Peak 30.35M) | Time:00:00.40 | Mem:4.02M, Peak:4.02M | Scene, ViewLayer | Updating Particle Systems | Copying Particles to device
Fra:6 Mem:27.52M (Peak 30.35M) | Time:00:00.40 | Mem:4.03M, Peak:4.03M | Scene, ViewLayer | Updating Meshes
Fra:6 Mem:27.52M (Peak 30.35M) | Time:00:00.40 | Mem:4.03M, Peak:4.03M | Scene, ViewLayer | Updating Objects | Applying Static Transformations
Fra:6 Mem:27.52M (Peak 30.35M) | Time:00:00.40 | Mem:4.03M, Peak:4.03M | Scene, ViewLayer | Updating Mesh | Computing attributes
Fra:6 Mem:28.37M (Peak 30.35M) | Time:00:00.40 | Mem:4.03M, Peak:4.03M | Scene, ViewLayer | Updating Mesh | Copying Attributes to device
Fra:6 Mem:28.36M (Peak 30.35M) | Time:00:00.40 | Mem:4.86M, Peak:4.86M | Scene, ViewLayer | Updating Scene BVH | Building
Fra:6 Mem:28.36M (Peak 30.35M) | Time:00:00.40 | Mem:4.86M, Peak:4.86M | Scene, ViewLayer | Updating Scene BVH | Building BVH
Fra:6 Mem:28.36M (Peak 30.35M) | Time:00:00.40 | Mem:5.74M, Peak:5.74M | Scene, ViewLayer | Updating Scene BVH | Building BVH 0%
Fra:6 Mem:28.36M (Peak 30.35M) | Time:00:00.40 | Mem:6.70M, Peak:7.58M | Scene, ViewLayer | Updating Scene BVH | Copying BVH to device
Fra:6 Mem:28.36M (Peak 30.35M) | Time:00:00.40 | Mem:6.70M, Peak:7.58M | Scene, ViewLayer | Updating Mesh | Computing normals
Fra:6 Mem:29.14M (Peak 30.35M) | Time:00:00.40 | Mem:6.70M, Peak:7.58M | Scene, ViewLayer | Updating Mesh | Copying Mesh to device
Fra:6 Mem:29.14M (Peak 30.35M) | Time:00:00.40 | Mem:7.48M, Peak:7.58M | Scene, ViewLayer | Updating Objects Flags
Fra:6 Mem:29.14M (Peak 30.35M) | Time:00:00.40 | Mem:7.48M, Peak:7.58M | Scene, ViewLayer | Updating Primitive Offsets
Fra:6 Mem:29.14M (Peak 30.35M) | Time:00:00.40 | Mem:7.48M, Peak:7.58M | Scene, ViewLayer | Updating Images
Fra:6 Mem:29.14M (Peak 30.35M) | Time:00:00.40 | Mem:7.48M, Peak:7.58M | Scene, ViewLayer | Updating Camera Volume
Fra:6 Mem:29.14M (Peak 30.35M) | Time:00:00.40 | Mem:7.48M, Peak:7.58M | Scene, ViewLayer | Updating Lookup Tables
Fra:6 Mem:29.14M (Peak 30.35M) | Time:00:00.40 | Mem:7.57M, Peak:7.58M | Scene, ViewLayer | Updating Lights
Fra:6 Mem:29.14M (Peak 30.35M) | Time:00:00.40 | Mem:7.57M, Peak:7.58M | Scene, ViewLayer | Updating Lights | Computing tree
Fra:6 Mem:29.14M (Peak 30.35M) | Time:00:00.40 | Mem:7.57M, Peak:7.58M | Scene, ViewLayer | Updating Integrator
Fra:6 Mem:29.14M (Peak 30.35M) | Time:00:00.40 | Mem:7.57M, Peak:7.58M | Scene, ViewLayer | Updating Film
Fra:6 Mem:29.15M (Peak 30.35M) | Time:00:00.40 | Mem:7.49M, Peak:7.58M | Scene, ViewLayer | Updating Lookup Tables
Fra:6 Mem:29.15M (Peak 30.35M) | Time:00:00.40 | Mem:7.57M, Peak:7.58M | Scene, ViewLayer | Updating Baking
Fra:6 Mem:29.15M (Peak 30.35M) | Time:00:00.40 | Mem:7.57M, Peak:7.58M | Scene, ViewLayer | Updating Device | Writing constant memory
Fra:6 Mem:29.15M (Peak 30.35M) | Time:00:00.40 | Mem:7.57M, Peak:7.58M | Scene, ViewLayer | Loading denoising kernels (may take a few minutes the first time)
Fra:6 Mem:29.15M (Peak 30.35M) | Time:00:00.40 | Mem:7.57M, Peak:7.58M | Scene, ViewLayer | Sample 0/24
Fra:6 Mem:79.33M (Peak 79.33M) | Time:00:00.55 | Remaining:00:03.50 | Mem:57.68M, Peak:57.68M | Scene, ViewLayer | Sample 1/24
Fra:6 Mem:100.43M (Peak 132.07M) | Time:00:05.94 | Mem:57.68M, Peak:57.68M | Scene, ViewLayer | Sample 24/24
Fra:6 Mem:100.43M (Peak 132.07M) | Time:00:05.94 | Mem:57.68M, Peak:57.68M | Scene, ViewLayer | Finished
Saved: '/home/lzzz/MyProjects/N-SIDE/output/characters/CHR-001/model-r1/run-contact.png'
Time: 00:05.98 (Saving: 00:00.03)

Fra:1 Mem:26.55M (Peak 26.55M) | Time:00:00.00 | Mem:0.00M, Peak:0.00M | Scene, ViewLayer | Synchronizing object | TShirt
Fra:1 Mem:26.71M (Peak 26.71M) | Time:00:00.00 | Mem:0.00M, Peak:0.00M | Scene, ViewLayer | Synchronizing object | TShirt_Collar
Fra:1 Mem:26.71M (Peak 26.71M) | Time:00:00.00 | Mem:0.00M, Peak:0.00M | Scene, ViewLayer | Synchronizing object | Sleeve_Cuff.L
Fra:1 Mem:26.73M (Peak 26.73M) | Time:00:00.00 | Mem:0.00M, Peak:0.00M | Scene, ViewLayer | Synchronizing object | Zip_Tape.L
Fra:1 Mem:26.73M (Peak 26.73M) | Time:00:00.00 | Mem:0.00M, Peak:0.00M | Scene, ViewLayer | Synchronizing object | Hood_Cord.L
Fra:1 Mem:26.84M (Peak 26.84M) | Time:00:00.01 | Mem:0.00M, Peak:0.00M | Scene, ViewLayer | Synchronizing object | Palm.L
Fra:1 Mem:26.84M (Peak 26.84M) | Time:00:00.01 | Mem:0.00M, Peak:0.00M | Scene, ViewLayer | Synchronizing object | Middle_Mesh.L
Fra:1 Mem:26.87M (Peak 26.87M) | Time:00:00.01 | Mem:0.00M, Peak:0.00M | Scene, ViewLayer | Synchronizing object | Ring_Mesh.L
Fra:1 Mem:26.90M (Peak 26.90M) | Time:00:00.01 | Mem:0.00M, Peak:0.00M | Scene, ViewLayer | Synchronizing object | Pinky_Mesh.L
Fra:1 Mem:26.89M (Peak 26.90M) | Time:00:00.01 | Mem:0.00M, Peak:0.00M | Scene, ViewLayer | Synchronizing object | Thumb_Mesh.L
Fra:1 Mem:27.07M (Peak 27.07M) | Time:00:00.04 | Mem:0.00M, Peak:0.00M | Scene, ViewLayer | Synchronizing object | Trousers.L
Fra:1 Mem:27.07M (Peak 27.07M) | Time:00:00.04 | Mem:0.00M, Peak:0.00M | Scene, ViewLayer | Synchronizing object | Sneaker_Sole.L
Fra:1 Mem:27.10M (Peak 27.10M) | Time:00:00.04 | Mem:0.00M, Peak:0.00M | Scene, ViewLayer | Synchronizing object | Sneaker_Upper.L
Fra:1 Mem:27.18M (Peak 27.18M) | Time:00:00.04 | Mem:0.00M, Peak:0.00M | Scene, ViewLayer | Synchronizing object | Sock.L
Fra:1 Mem:27.23M (Peak 27.23M) | Time:00:00.04 | Mem:0.00M, Peak:0.00M | Scene, ViewLayer | Synchronizing object | Lace_0.L
Fra:1 Mem:27.27M (Peak 27.27M) | Time:00:00.04 | Mem:0.00M, Peak:0.00M | Scene, ViewLayer | Synchronizing object | Lace_1.L
Fra:1 Mem:27.27M (Peak 27.27M) | Time:00:00.04 | Mem:0.00M, Peak:0.00M | Scene, ViewLayer | Synchronizing object | Lace_2.L
Fra:1 Mem:27.26M (Peak 27.27M) | Time:00:00.04 | Mem:0.00M, Peak:0.00M | Scene, ViewLayer | Synchronizing object | Lace_3.L
Fra:1 Mem:27.27M (Peak 27.27M) | Time:00:00.04 | Mem:0.00M, Peak:0.00M | Scene, ViewLayer | Synchronizing object | Heel_Tab.L
Fra:1 Mem:27.27M (Peak 27.27M) | Time:00:00.04 | Mem:0.00M, Peak:0.00M | Scene, ViewLayer | Synchronizing object | Sleeve_Cuff.R
Fra:1 Mem:27.27M (Peak 27.27M) | Time:00:00.04 | Mem:0.00M, Peak:0.00M | Scene, ViewLayer | Synchronizing object | Zip_Tape.R
Fra:1 Mem:27.28M (Peak 27.28M) | Time:00:00.04 | Mem:0.00M, Peak:0.00M | Scene, ViewLayer | Synchronizing object | Hood_Cord.R
Fra:1 Mem:27.39M (Peak 27.39M) | Time:00:00.04 | Mem:0.00M, Peak:0.00M | Scene, ViewLayer | Synchronizing object | Palm.R
Fra:1 Mem:27.39M (Peak 27.39M) | Time:00:00.04 | Mem:0.00M, Peak:0.00M | Scene, ViewLayer | Synchronizing object | Index_Mesh.R
Fra:1 Mem:27.42M (Peak 27.42M) | Time:00:00.04 | Mem:0.00M, Peak:0.00M | Scene, ViewLayer | Synchronizing object | Ring_Mesh.R
Fra:1 Mem:27.43M (Peak 27.43M) | Time:00:00.04 | Mem:0.00M, Peak:0.00M | Scene, ViewLayer | Synchronizing object | Pinky_Mesh.R
Fra:1 Mem:27.44M (Peak 27.44M) | Time:00:00.04 | Mem:0.00M, Peak:0.00M | Scene, ViewLayer | Synchronizing object | Thumb_Mesh.R
Fra:1 Mem:27.63M (Peak 27.63M) | Time:00:00.07 | Mem:0.00M, Peak:0.00M | Scene, ViewLayer | Synchronizing object | Trousers.R
Fra:1 Mem:27.63M (Peak 27.63M) | Time:00:00.07 | Mem:0.00M, Peak:0.00M | Scene, ViewLayer | Synchronizing object | Sneaker_Sole.R
Fra:1 Mem:27.65M (Peak 27.65M) | Time:00:00.07 | Mem:0.00M, Peak:0.00M | Scene, ViewLayer | Synchronizing object | Sneaker_Upper.R
Fra:1 Mem:27.73M (Peak 27.73M) | Time:00:00.07 | Mem:0.00M, Peak:0.00M | Scene, ViewLayer | Synchronizing object | Lace_0.R
Fra:1 Mem:27.83M (Peak 27.83M) | Time:00:00.07 | Mem:0.00M, Peak:0.00M | Scene, ViewLayer | Synchronizing object | Lace_1.R
Fra:1 Mem:27.83M (Peak 27.83M) | Time:00:00.07 | Mem:0.00M, Peak:0.00M | Scene, ViewLayer | Synchronizing object | Lace_2.R
Fra:1 Mem:27.83M (Peak 27.83M) | Time:00:00.07 | Mem:0.00M, Peak:0.00M | Scene, ViewLayer | Synchronizing object | Lace_3.R
Fra:1 Mem:27.83M (Peak 27.83M) | Time:00:00.07 | Mem:0.00M, Peak:0.00M | Scene, ViewLayer | Synchronizing object | Heel_Tab.R
Fra:1 Mem:28.41M (Peak 28.41M) | Time:00:00.10 | Mem:0.00M, Peak:0.00M | Scene, ViewLayer | Synchronizing object | Jacket_ContinuousShoulders
Fra:1 Mem:29.46M (Peak 29.46M) | Time:00:00.38 | Mem:0.00M, Peak:0.00M | Scene, ViewLayer | Synchronizing object | Face_Head
Fra:1 Mem:30.00M (Peak 30.00M) | Time:00:00.38 | Mem:0.00M, Peak:0.00M | Scene, ViewLayer | Synchronizing object | Ear.L
Fra:1 Mem:30.01M (Peak 30.01M) | Time:00:00.38 | Mem:0.00M, Peak:0.00M | Scene, ViewLayer | Synchronizing object | Ear_Fold.L
Fra:1 Mem:30.08M (Peak 30.08M) | Time:00:00.39 | Mem:0.00M, Peak:0.00M | Scene, ViewLayer | Synchronizing object | Ear.R
Fra:1 Mem:30.08M (Peak 30.08M) | Time:00:00.39 | Mem:0.00M, Peak:0.00M | Scene, ViewLayer | Synchronizing object | Ear_Fold.R
Fra:1 Mem:30.11M (Peak 30.11M) | Time:00:00.39 | Mem:0.00M, Peak:0.00M | Scene, ViewLayer | Synchronizing object | Iris_ink.L
Fra:1 Mem:30.13M (Peak 30.13M) | Time:00:00.39 | Mem:0.00M, Peak:0.00M | Scene, ViewLayer | Synchronizing object | Eye_Glint.L
Fra:1 Mem:30.14M (Peak 30.14M) | Time:00:00.39 | Mem:0.00M, Peak:0.00M | Scene, ViewLayer | Synchronizing object | Lower_Lid.L
Fra:1 Mem:30.15M (Peak 30.15M) | Time:00:00.39 | Mem:0.00M, Peak:0.00M | Scene, ViewLayer | Synchronizing object | Eyebrow.L
Fra:1 Mem:30.17M (Peak 30.17M) | Time:00:00.39 | Mem:0.00M, Peak:0.00M | Scene, ViewLayer | Synchronizing object | Eye_White.R
Fra:1 Mem:30.18M (Peak 30.18M) | Time:00:00.39 | Mem:0.00M, Peak:0.00M | Scene, ViewLayer | Synchronizing object | Iris_hair.R
Fra:1 Mem:30.18M (Peak 30.18M) | Time:00:00.39 | Mem:0.00M, Peak:0.00M | Scene, ViewLayer | Synchronizing object | Upper_Lid.R
Fra:1 Mem:30.19M (Peak 30.19M) | Time:00:00.39 | Mem:0.00M, Peak:0.00M | Scene, ViewLayer | Synchronizing object | Lower_Lid.R
Fra:1 Mem:30.21M (Peak 30.21M) | Time:00:00.39 | Mem:0.00M, Peak:0.00M | Scene, ViewLayer | Synchronizing object | Eyebrow.R
Fra:1 Mem:30.21M (Peak 30.21M) | Time:00:00.39 | Mem:0.00M, Peak:0.00M | Scene, ViewLayer | Synchronizing object | Nose
Fra:1 Mem:30.22M (Peak 30.22M) | Time:00:00.39 | Mem:0.00M, Peak:0.00M | Scene, ViewLayer | Synchronizing object | Hair_Cap
Fra:1 Mem:30.24M (Peak 30.24M) | Time:00:00.39 | Mem:0.00M, Peak:0.00M | Scene, ViewLayer | Synchronizing object | Bangs_00
Fra:1 Mem:30.26M (Peak 30.26M) | Time:00:00.39 | Mem:0.00M, Peak:0.00M | Scene, ViewLayer | Synchronizing object | Bangs_01
Fra:1 Mem:30.26M (Peak 30.26M) | Time:00:00.39 | Mem:0.00M, Peak:0.00M | Scene, ViewLayer | Synchronizing object | Bangs_02
Fra:1 Mem:30.28M (Peak 30.28M) | Time:00:00.39 | Mem:0.00M, Peak:0.00M | Scene, ViewLayer | Synchronizing object | Bangs_03
Fra:1 Mem:30.30M (Peak 30.30M) | Time:00:00.39 | Mem:0.00M, Peak:0.00M | Scene, ViewLayer | Synchronizing object | Review_Rim
Fra:1 Mem:30.30M (Peak 30.30M) | Time:00:00.39 | Mem:0.00M, Peak:0.00M | Scene, ViewLayer | Synchronizing object | Temple_0.L
Fra:1 Mem:30.32M (Peak 30.32M) | Time:00:00.39 | Mem:0.00M, Peak:0.00M | Scene, ViewLayer | Synchronizing object | Temple_1.L
Fra:1 Mem:30.32M (Peak 30.32M) | Time:00:00.39 | Mem:0.00M, Peak:0.00M | Scene, ViewLayer | Synchronizing object | Review_Fill
Fra:1 Mem:30.33M (Peak 30.33M) | Time:00:00.39 | Mem:0.00M, Peak:0.00M | Scene, ViewLayer | Synchronizing object | Temple_3.L
Fra:1 Mem:30.36M (Peak 30.36M) | Time:00:00.39 | Mem:0.00M, Peak:0.00M | Scene, ViewLayer | Synchronizing object | Review_Key
Fra:1 Mem:30.37M (Peak 30.37M) | Time:00:00.39 | Mem:0.00M, Peak:0.00M | Scene, ViewLayer | Synchronizing object | Review_Ground
Fra:1 Mem:30.36M (Peak 30.37M) | Time:00:00.39 | Mem:0.00M, Peak:0.00M | Scene, ViewLayer | Synchronizing object | Crown_1.L
Fra:1 Mem:30.37M (Peak 30.37M) | Time:00:00.39 | Mem:0.00M, Peak:0.00M | Scene, ViewLayer | Synchronizing object | Nape_0.L
Fra:1 Mem:30.37M (Peak 30.37M) | Time:00:00.39 | Mem:0.00M, Peak:0.00M | Scene, ViewLayer | Synchronizing object | Tee_Bar
Fra:1 Mem:30.40M (Peak 30.40M) | Time:00:00.39 | Mem:0.00M, Peak:0.00M | Scene, ViewLayer | Synchronizing object | Nape_1.L
Fra:1 Mem:30.42M (Peak 30.42M) | Time:00:00.39 | Mem:0.00M, Peak:0.00M | Scene, ViewLayer | Synchronizing object | Nape_2.L
Fra:1 Mem:30.44M (Peak 30.44M) | Time:00:00.39 | Mem:0.00M, Peak:0.00M | Scene, ViewLayer | Synchronizing object | Nape_3.L
Fra:1 Mem:30.45M (Peak 30.45M) | Time:00:00.39 | Mem:0.00M, Peak:0.00M | Scene, ViewLayer | Synchronizing object | Tee_Dot_1.246
Fra:1 Mem:30.46M (Peak 30.46M) | Time:00:00.39 | Mem:0.00M, Peak:0.00M | Scene, ViewLayer | Synchronizing object | Temple_3.R
Fra:1 Mem:30.46M (Peak 30.46M) | Time:00:00.39 | Mem:0.00M, Peak:0.00M | Scene, ViewLayer | Synchronizing object | Tee_Dot_1.275
Fra:1 Mem:30.49M (Peak 30.49M) | Time:00:00.39 | Mem:0.00M, Peak:0.00M | Scene, ViewLayer | Synchronizing object | Back_Lock_6
Fra:1 Mem:30.50M (Peak 30.50M) | Time:00:00.39 | Mem:0.00M, Peak:0.00M | Scene, ViewLayer | Synchronizing object | Crown_1.R
Fra:1 Mem:30.53M (Peak 30.53M) | Time:00:00.39 | Mem:0.00M, Peak:0.00M | Scene, ViewLayer | Synchronizing object | Nape_0.R
Fra:1 Mem:30.54M (Peak 30.54M) | Time:00:00.39 | Mem:0.00M, Peak:0.00M | Scene, ViewLayer | Synchronizing object | Back_Lock_5
Fra:1 Mem:30.59M (Peak 30.59M) | Time:00:00.39 | Mem:0.00M, Peak:0.00M | Scene, ViewLayer | Synchronizing object | Nape_2.R
Fra:1 Mem:30.59M (Peak 30.59M) | Time:00:00.39 | Mem:0.00M, Peak:0.00M | Scene, ViewLayer | Synchronizing object | Nape_3.R
Fra:1 Mem:30.60M (Peak 30.60M) | Time:00:00.39 | Mem:0.00M, Peak:0.00M | Scene, ViewLayer | Synchronizing object | Back_Lock_3
Fra:1 Mem:30.64M (Peak 30.64M) | Time:00:00.39 | Mem:0.00M, Peak:0.00M | Scene, ViewLayer | Initializing
Fra:1 Mem:27.07M (Peak 30.64M) | Time:00:00.39 | Mem:0.00M, Peak:0.00M | Scene, ViewLayer | Updating Images | Loading CHR001_GreyStudy_BaseColor
Fra:1 Mem:27.77M (Peak 31.07M) | Time:00:00.39 | Mem:4.00M, Peak:4.00M | Scene, ViewLayer | Waiting for render to start
Fra:1 Mem:27.77M (Peak 31.07M) | Time:00:00.39 | Mem:4.00M, Peak:4.00M | Scene, ViewLayer | Updating Scene
Fra:1 Mem:27.77M (Peak 31.07M) | Time:00:00.39 | Mem:4.00M, Peak:4.00M | Scene, ViewLayer | Updating Shaders
Fra:1 Mem:27.77M (Peak 31.07M) | Time:00:00.39 | Mem:4.00M, Peak:4.00M | Scene, ViewLayer | Loading render kernels (may take a few minutes the first time)
Fra:1 Mem:27.86M (Peak 31.07M) | Time:00:00.39 | Mem:4.00M, Peak:4.00M | Scene, ViewLayer | Updating Procedurals
Fra:1 Mem:27.86M (Peak 31.07M) | Time:00:00.39 | Mem:4.00M, Peak:4.00M | Scene, ViewLayer | Updating Background
Fra:1 Mem:27.86M (Peak 31.07M) | Time:00:00.39 | Mem:4.00M, Peak:4.00M | Scene, ViewLayer | Updating Camera
Fra:1 Mem:27.86M (Peak 31.07M) | Time:00:00.39 | Mem:4.00M, Peak:4.00M | Scene, ViewLayer | Updating Meshes Flags
Fra:1 Mem:27.86M (Peak 31.07M) | Time:00:00.39 | Mem:4.00M, Peak:4.00M | Scene, ViewLayer | Updating Objects
Fra:1 Mem:27.86M (Peak 31.07M) | Time:00:00.39 | Mem:4.00M, Peak:4.00M | Scene, ViewLayer | Updating Objects | Copying Transformations to device
Fra:1 Mem:27.88M (Peak 31.07M) | Time:00:00.39 | Mem:4.02M, Peak:4.02M | Scene, ViewLayer | Updating Particle Systems
Fra:1 Mem:27.88M (Peak 31.07M) | Time:00:00.39 | Mem:4.02M, Peak:4.02M | Scene, ViewLayer | Updating Particle Systems | Copying Particles to device
Fra:1 Mem:27.88M (Peak 31.07M) | Time:00:00.39 | Mem:4.03M, Peak:4.03M | Scene, ViewLayer | Updating Meshes
Fra:1 Mem:27.88M (Peak 31.07M) | Time:00:00.39 | Mem:4.03M, Peak:4.03M | Scene, ViewLayer | Updating Objects | Applying Static Transformations
Fra:1 Mem:27.88M (Peak 31.07M) | Time:00:00.39 | Mem:4.03M, Peak:4.03M | Scene, ViewLayer | Updating Mesh | Computing attributes
Fra:1 Mem:28.73M (Peak 31.07M) | Time:00:00.39 | Mem:4.03M, Peak:4.03M | Scene, ViewLayer | Updating Mesh | Copying Attributes to device
Fra:1 Mem:28.72M (Peak 31.07M) | Time:00:00.39 | Mem:4.86M, Peak:4.86M | Scene, ViewLayer | Updating Scene BVH | Building
Fra:1 Mem:28.72M (Peak 31.07M) | Time:00:00.39 | Mem:4.86M, Peak:4.86M | Scene, ViewLayer | Updating Scene BVH | Building BVH
Fra:1 Mem:28.72M (Peak 31.07M) | Time:00:00.39 | Mem:5.74M, Peak:5.74M | Scene, ViewLayer | Updating Scene BVH | Building BVH 0%
Fra:1 Mem:28.72M (Peak 31.07M) | Time:00:00.40 | Mem:6.70M, Peak:7.58M | Scene, ViewLayer | Updating Scene BVH | Copying BVH to device
Fra:1 Mem:28.72M (Peak 31.07M) | Time:00:00.40 | Mem:6.70M, Peak:7.58M | Scene, ViewLayer | Updating Mesh | Computing normals
Fra:1 Mem:29.50M (Peak 31.07M) | Time:00:00.40 | Mem:6.70M, Peak:7.58M | Scene, ViewLayer | Updating Mesh | Copying Mesh to device
Fra:1 Mem:29.50M (Peak 31.07M) | Time:00:00.40 | Mem:7.48M, Peak:7.58M | Scene, ViewLayer | Updating Objects Flags
Fra:1 Mem:29.50M (Peak 31.07M) | Time:00:00.40 | Mem:7.48M, Peak:7.58M | Scene, ViewLayer | Updating Primitive Offsets
Fra:1 Mem:29.50M (Peak 31.07M) | Time:00:00.40 | Mem:7.48M, Peak:7.58M | Scene, ViewLayer | Updating Images
Fra:1 Mem:29.50M (Peak 31.07M) | Time:00:00.40 | Mem:7.48M, Peak:7.58M | Scene, ViewLayer | Updating Camera Volume
Fra:1 Mem:29.50M (Peak 31.07M) | Time:00:00.40 | Mem:7.48M, Peak:7.58M | Scene, ViewLayer | Updating Lookup Tables
Fra:1 Mem:29.50M (Peak 31.07M) | Time:00:00.40 | Mem:7.57M, Peak:7.58M | Scene, ViewLayer | Updating Lights
Fra:1 Mem:29.50M (Peak 31.07M) | Time:00:00.40 | Mem:7.57M, Peak:7.58M | Scene, ViewLayer | Updating Lights | Computing tree
Fra:1 Mem:29.50M (Peak 31.07M) | Time:00:00.40 | Mem:7.57M, Peak:7.58M | Scene, ViewLayer | Updating Integrator
Fra:1 Mem:29.50M (Peak 31.07M) | Time:00:00.40 | Mem:7.57M, Peak:7.58M | Scene, ViewLayer | Updating Film
Fra:1 Mem:29.51M (Peak 31.07M) | Time:00:00.40 | Mem:7.49M, Peak:7.58M | Scene, ViewLayer | Updating Lookup Tables
Fra:1 Mem:29.51M (Peak 31.07M) | Time:00:00.40 | Mem:7.57M, Peak:7.58M | Scene, ViewLayer | Updating Baking
Fra:1 Mem:29.51M (Peak 31.07M) | Time:00:00.40 | Mem:7.57M, Peak:7.58M | Scene, ViewLayer | Updating Device | Writing constant memory
Fra:1 Mem:29.51M (Peak 31.07M) | Time:00:00.40 | Mem:7.57M, Peak:7.58M | Scene, ViewLayer | Loading denoising kernels (may take a few minutes the first time)
Fra:1 Mem:29.51M (Peak 31.07M) | Time:00:00.40 | Mem:7.57M, Peak:7.58M | Scene, ViewLayer | Sample 0/24
Fra:1 Mem:79.69M (Peak 79.69M) | Time:00:00.57 | Remaining:00:03.93 | Mem:57.68M, Peak:57.68M | Scene, ViewLayer | Sample 1/24
Fra:1 Mem:100.79M (Peak 132.43M) | Time:00:06.28 | Mem:57.68M, Peak:57.68M | Scene, ViewLayer | Sample 24/24
Fra:1 Mem:100.79M (Peak 132.43M) | Time:00:06.28 | Mem:57.68M, Peak:57.68M | Scene, ViewLayer | Finished
Saved: '/home/lzzz/MyProjects/N-SIDE/output/characters/CHR-001/model-r1/face.png'
Time: 00:06.32 (Saving: 00:00.04)

Fra:1 Mem:26.01M (Peak 26.01M) | Time:00:00.00 | Mem:0.00M, Peak:0.00M | Scene, ViewLayer | Synchronizing object | TShirt
Fra:1 Mem:26.17M (Peak 26.17M) | Time:00:00.00 | Mem:0.00M, Peak:0.00M | Scene, ViewLayer | Synchronizing object | TShirt_Collar
Fra:1 Mem:26.17M (Peak 26.17M) | Time:00:00.00 | Mem:0.00M, Peak:0.00M | Scene, ViewLayer | Synchronizing object | Sleeve_Cuff.L
Fra:1 Mem:26.19M (Peak 26.19M) | Time:00:00.00 | Mem:0.00M, Peak:0.00M | Scene, ViewLayer | Synchronizing object | Zip_Tape.L
Fra:1 Mem:26.21M (Peak 26.21M) | Time:00:00.00 | Mem:0.00M, Peak:0.00M | Scene, ViewLayer | Synchronizing object | Hood_Cord.L
Fra:1 Mem:26.30M (Peak 26.30M) | Time:00:00.01 | Mem:0.00M, Peak:0.00M | Scene, ViewLayer | Synchronizing object | Palm.L
Fra:1 Mem:26.30M (Peak 26.30M) | Time:00:00.01 | Mem:0.00M, Peak:0.00M | Scene, ViewLayer | Synchronizing object | Index_Mesh.L
Fra:1 Mem:26.32M (Peak 26.32M) | Time:00:00.01 | Mem:0.00M, Peak:0.00M | Scene, ViewLayer | Synchronizing object | Ring_Mesh.L
Fra:1 Mem:26.35M (Peak 26.35M) | Time:00:00.01 | Mem:0.00M, Peak:0.00M | Scene, ViewLayer | Synchronizing object | Pinky_Mesh.L
Fra:1 Mem:26.35M (Peak 26.35M) | Time:00:00.01 | Mem:0.00M, Peak:0.00M | Scene, ViewLayer | Synchronizing object | Thumb_Mesh.L
Fra:1 Mem:26.53M (Peak 26.53M) | Time:00:00.04 | Mem:0.00M, Peak:0.00M | Scene, ViewLayer | Synchronizing object | Trousers.L
Fra:1 Mem:26.53M (Peak 26.53M) | Time:00:00.04 | Mem:0.00M, Peak:0.00M | Scene, ViewLayer | Synchronizing object | Sneaker_Upper.L
Fra:1 Mem:26.63M (Peak 26.63M) | Time:00:00.04 | Mem:0.00M, Peak:0.00M | Scene, ViewLayer | Synchronizing object | Sock.L
Fra:1 Mem:26.67M (Peak 26.67M) | Time:00:00.04 | Mem:0.00M, Peak:0.00M | Scene, ViewLayer | Synchronizing object | Lace_0.L
Fra:1 Mem:26.72M (Peak 26.72M) | Time:00:00.04 | Mem:0.00M, Peak:0.00M | Scene, ViewLayer | Synchronizing object | Lace_1.L
Fra:1 Mem:26.72M (Peak 26.72M) | Time:00:00.04 | Mem:0.00M, Peak:0.00M | Scene, ViewLayer | Synchronizing object | Lace_2.L
Fra:1 Mem:26.72M (Peak 26.72M) | Time:00:00.04 | Mem:0.00M, Peak:0.00M | Scene, ViewLayer | Synchronizing object | Heel_Tab.L
Fra:1 Mem:26.73M (Peak 26.73M) | Time:00:00.04 | Mem:0.00M, Peak:0.00M | Scene, ViewLayer | Synchronizing object | Sleeve_Cuff.R
Fra:1 Mem:26.75M (Peak 26.75M) | Time:00:00.04 | Mem:0.00M, Peak:0.00M | Scene, ViewLayer | Synchronizing object | Zip_Tape.R
Fra:1 Mem:26.81M (Peak 26.81M) | Time:00:00.04 | Mem:0.00M, Peak:0.00M | Scene, ViewLayer | Synchronizing object | Hood_Cord.R
Fra:1 Mem:26.85M (Peak 26.85M) | Time:00:00.05 | Mem:0.00M, Peak:0.00M | Scene, ViewLayer | Synchronizing object | Palm.R
Fra:1 Mem:26.85M (Peak 26.85M) | Time:00:00.05 | Mem:0.00M, Peak:0.00M | Scene, ViewLayer | Synchronizing object | Index_Mesh.R
Fra:1 Mem:26.89M (Peak 26.89M) | Time:00:00.05 | Mem:0.00M, Peak:0.00M | Scene, ViewLayer | Synchronizing object | Middle_Mesh.R
Fra:1 Mem:26.89M (Peak 26.89M) | Time:00:00.05 | Mem:0.00M, Peak:0.00M | Scene, ViewLayer | Synchronizing object | Pinky_Mesh.R
Fra:1 Mem:26.90M (Peak 26.90M) | Time:00:00.05 | Mem:0.00M, Peak:0.00M | Scene, ViewLayer | Synchronizing object | Thumb_Mesh.R
Fra:1 Mem:27.09M (Peak 27.09M) | Time:00:00.07 | Mem:0.00M, Peak:0.00M | Scene, ViewLayer | Synchronizing object | Trousers.R
Fra:1 Mem:27.11M (Peak 27.11M) | Time:00:00.07 | Mem:0.00M, Peak:0.00M | Scene, ViewLayer | Synchronizing object | Sneaker_Sole.R
Fra:1 Mem:27.11M (Peak 27.11M) | Time:00:00.07 | Mem:0.00M, Peak:0.00M | Scene, ViewLayer | Synchronizing object | Sock.R
Fra:1 Mem:27.22M (Peak 27.22M) | Time:00:00.07 | Mem:0.00M, Peak:0.00M | Scene, ViewLayer | Synchronizing object | Lace_0.R
Fra:1 Mem:27.28M (Peak 27.28M) | Time:00:00.07 | Mem:0.00M, Peak:0.00M | Scene, ViewLayer | Synchronizing object | Lace_1.R
Fra:1 Mem:27.29M (Peak 27.29M) | Time:00:00.07 | Mem:0.00M, Peak:0.00M | Scene, ViewLayer | Synchronizing object | Lace_2.R
Fra:1 Mem:27.29M (Peak 27.29M) | Time:00:00.07 | Mem:0.00M, Peak:0.00M | Scene, ViewLayer | Synchronizing object | Lace_3.R
Fra:1 Mem:27.30M (Peak 27.30M) | Time:00:00.07 | Mem:0.00M, Peak:0.00M | Scene, ViewLayer | Synchronizing object | Heel_Tab.R
Fra:1 Mem:27.87M (Peak 27.87M) | Time:00:00.09 | Mem:0.00M, Peak:0.00M | Scene, ViewLayer | Synchronizing object | Jacket_ContinuousShoulders
Fra:1 Mem:28.92M (Peak 28.92M) | Time:00:00.38 | Mem:0.00M, Peak:0.00M | Scene, ViewLayer | Synchronizing object | Face_Head
Fra:1 Mem:29.46M (Peak 29.46M) | Time:00:00.39 | Mem:0.00M, Peak:0.00M | Scene, ViewLayer | Synchronizing object | Ear.L
Fra:1 Mem:29.47M (Peak 29.47M) | Time:00:00.39 | Mem:0.00M, Peak:0.00M | Scene, ViewLayer | Synchronizing object | Ear_Fold.L
Fra:1 Mem:29.54M (Peak 29.54M) | Time:00:00.39 | Mem:0.00M, Peak:0.00M | Scene, ViewLayer | Synchronizing object | Ear.R
Fra:1 Mem:29.54M (Peak 29.54M) | Time:00:00.39 | Mem:0.00M, Peak:0.00M | Scene, ViewLayer | Synchronizing object | Eye_White.L
Fra:1 Mem:29.57M (Peak 29.57M) | Time:00:00.39 | Mem:0.00M, Peak:0.00M | Scene, ViewLayer | Synchronizing object | Iris_ink.L
Fra:1 Mem:29.60M (Peak 29.60M) | Time:00:00.39 | Mem:0.00M, Peak:0.00M | Scene, ViewLayer | Synchronizing object | Eye_Glint.L
Fra:1 Mem:29.60M (Peak 29.60M) | Time:00:00.39 | Mem:0.00M, Peak:0.00M | Scene, ViewLayer | Synchronizing object | Upper_Lid.L
Fra:1 Mem:29.61M (Peak 29.61M) | Time:00:00.39 | Mem:0.00M, Peak:0.00M | Scene, ViewLayer | Synchronizing object | Lower_Lid.L
Fra:1 Mem:29.61M (Peak 29.61M) | Time:00:00.39 | Mem:0.00M, Peak:0.00M | Scene, ViewLayer | Synchronizing object | Eye_White.R
Fra:1 Mem:29.64M (Peak 29.64M) | Time:00:00.39 | Mem:0.00M, Peak:0.00M | Scene, ViewLayer | Synchronizing object | Iris_hair.R
Fra:1 Mem:29.64M (Peak 29.64M) | Time:00:00.39 | Mem:0.00M, Peak:0.00M | Scene, ViewLayer | Synchronizing object | Upper_Lid.R
Fra:1 Mem:29.66M (Peak 29.66M) | Time:00:00.39 | Mem:0.00M, Peak:0.00M | Scene, ViewLayer | Synchronizing object | Lower_Lid.R
Fra:1 Mem:29.66M (Peak 29.66M) | Time:00:00.39 | Mem:0.00M, Peak:0.00M | Scene, ViewLayer | Synchronizing object | Eyebrow.R
Fra:1 Mem:29.66M (Peak 29.66M) | Time:00:00.39 | Mem:0.00M, Peak:0.00M | Scene, ViewLayer | Synchronizing object | Nose
Fra:1 Mem:29.67M (Peak 29.67M) | Time:00:00.39 | Mem:0.00M, Peak:0.00M | Scene, ViewLayer | Synchronizing object | Bangs_00
Fra:1 Mem:29.67M (Peak 29.67M) | Time:00:00.39 | Mem:0.00M, Peak:0.00M | Scene, ViewLayer | Synchronizing object | Bangs_01
Fra:1 Mem:29.70M (Peak 29.70M) | Time:00:00.39 | Mem:0.00M, Peak:0.00M | Scene, ViewLayer | Synchronizing object | Bangs_02
Fra:1 Mem:29.73M (Peak 29.73M) | Time:00:00.39 | Mem:0.00M, Peak:0.00M | Scene, ViewLayer | Synchronizing object | Bangs_03
Fra:1 Mem:29.74M (Peak 29.74M) | Time:00:00.39 | Mem:0.00M, Peak:0.00M | Scene, ViewLayer | Synchronizing object | Review_Rim
Fra:1 Mem:29.76M (Peak 29.76M) | Time:00:00.39 | Mem:0.00M, Peak:0.00M | Scene, ViewLayer | Synchronizing object | Bangs_04
Fra:1 Mem:29.78M (Peak 29.78M) | Time:00:00.39 | Mem:0.00M, Peak:0.00M | Scene, ViewLayer | Synchronizing object | Temple_1.L
Fra:1 Mem:29.79M (Peak 29.79M) | Time:00:00.39 | Mem:0.00M, Peak:0.00M | Scene, ViewLayer | Synchronizing object | Temple_2.L
Fra:1 Mem:29.80M (Peak 29.80M) | Time:00:00.39 | Mem:0.00M, Peak:0.00M | Scene, ViewLayer | Synchronizing object | Temple_4.L
Fra:1 Mem:29.82M (Peak 29.82M) | Time:00:00.39 | Mem:0.00M, Peak:0.00M | Scene, ViewLayer | Synchronizing object | Crown_0.L
Fra:1 Mem:29.85M (Peak 29.85M) | Time:00:00.39 | Mem:0.00M, Peak:0.00M | Scene, ViewLayer | Synchronizing object | Review_Key
Fra:1 Mem:29.85M (Peak 29.85M) | Time:00:00.39 | Mem:0.00M, Peak:0.00M | Scene, ViewLayer | Synchronizing object | Review_Ground
Fra:1 Mem:29.86M (Peak 29.86M) | Time:00:00.39 | Mem:0.00M, Peak:0.00M | Scene, ViewLayer | Synchronizing object | Crown_1.L
Fra:1 Mem:29.86M (Peak 29.86M) | Time:00:00.39 | Mem:0.00M, Peak:0.00M | Scene, ViewLayer | Synchronizing object | Tee_Bar
Fra:1 Mem:29.89M (Peak 29.89M) | Time:00:00.39 | Mem:0.00M, Peak:0.00M | Scene, ViewLayer | Synchronizing object | Tee_Dot_1.246
Fra:1 Mem:29.91M (Peak 29.91M) | Time:00:00.39 | Mem:0.00M, Peak:0.00M | Scene, ViewLayer | Synchronizing object | Nape_3.L
Fra:1 Mem:29.91M (Peak 29.91M) | Time:00:00.39 | Mem:0.00M, Peak:0.00M | Scene, ViewLayer | Synchronizing object | Tee_Dot_1.275
Fra:1 Mem:29.92M (Peak 29.92M) | Time:00:00.39 | Mem:0.00M, Peak:0.00M | Scene, ViewLayer | Synchronizing object | Temple_2.R
Fra:1 Mem:29.92M (Peak 29.92M) | Time:00:00.39 | Mem:0.00M, Peak:0.00M | Scene, ViewLayer | Synchronizing object | Back_Lock_6
Fra:1 Mem:29.94M (Peak 29.94M) | Time:00:00.39 | Mem:0.00M, Peak:0.00M | Scene, ViewLayer | Synchronizing object | Temple_4.R
Fra:1 Mem:29.97M (Peak 29.97M) | Time:00:00.39 | Mem:0.00M, Peak:0.00M | Scene, ViewLayer | Synchronizing object | Crown_0.R
Fra:1 Mem:30.00M (Peak 30.00M) | Time:00:00.39 | Mem:0.00M, Peak:0.00M | Scene, ViewLayer | Synchronizing object | Back_Lock_5
Fra:1 Mem:30.01M (Peak 30.01M) | Time:00:00.39 | Mem:0.00M, Peak:0.00M | Scene, ViewLayer | Synchronizing object | Nape_0.R
Fra:1 Mem:30.03M (Peak 30.03M) | Time:00:00.39 | Mem:0.00M, Peak:0.00M | Scene, ViewLayer | Synchronizing object | Nape_1.R
Fra:1 Mem:30.04M (Peak 30.04M) | Time:00:00.39 | Mem:0.00M, Peak:0.00M | Scene, ViewLayer | Synchronizing object | Back_Lock_4
Fra:1 Mem:30.06M (Peak 30.06M) | Time:00:00.39 | Mem:0.00M, Peak:0.00M | Scene, ViewLayer | Synchronizing object | Nape_2.R
Fra:1 Mem:30.07M (Peak 30.07M) | Time:00:00.39 | Mem:0.00M, Peak:0.00M | Scene, ViewLayer | Synchronizing object | Back_Lock_3
Fra:1 Mem:30.10M (Peak 30.10M) | Time:00:00.39 | Mem:0.00M, Peak:0.00M | Scene, ViewLayer | Initializing
Fra:1 Mem:26.53M (Peak 30.10M) | Time:00:00.39 | Mem:0.00M, Peak:0.00M | Scene, ViewLayer | Updating Images | Loading CHR001_GreyStudy_BaseColor
Fra:1 Mem:27.50M (Peak 30.53M) | Time:00:00.40 | Mem:4.00M, Peak:4.00M | Scene, ViewLayer | Waiting for render to start
Fra:1 Mem:27.50M (Peak 30.53M) | Time:00:00.40 | Mem:4.00M, Peak:4.00M | Scene, ViewLayer | Updating Scene
Fra:1 Mem:27.50M (Peak 30.53M) | Time:00:00.40 | Mem:4.00M, Peak:4.00M | Scene, ViewLayer | Updating Shaders
Fra:1 Mem:27.50M (Peak 30.53M) | Time:00:00.40 | Mem:4.00M, Peak:4.00M | Scene, ViewLayer | Loading render kernels (may take a few minutes the first time)
Fra:1 Mem:27.59M (Peak 30.53M) | Time:00:00.40 | Mem:4.00M, Peak:4.00M | Scene, ViewLayer | Updating Procedurals
Fra:1 Mem:27.59M (Peak 30.53M) | Time:00:00.40 | Mem:4.00M, Peak:4.00M | Scene, ViewLayer | Updating Background
Fra:1 Mem:27.59M (Peak 30.53M) | Time:00:00.40 | Mem:4.00M, Peak:4.00M | Scene, ViewLayer | Updating Camera
Fra:1 Mem:27.59M (Peak 30.53M) | Time:00:00.40 | Mem:4.00M, Peak:4.00M | Scene, ViewLayer | Updating Meshes Flags
Fra:1 Mem:27.59M (Peak 30.53M) | Time:00:00.40 | Mem:4.00M, Peak:4.00M | Scene, ViewLayer | Updating Objects
Fra:1 Mem:27.59M (Peak 30.53M) | Time:00:00.40 | Mem:4.00M, Peak:4.00M | Scene, ViewLayer | Updating Objects | Copying Transformations to device
Fra:1 Mem:27.61M (Peak 30.53M) | Time:00:00.40 | Mem:4.02M, Peak:4.02M | Scene, ViewLayer | Updating Particle Systems
Fra:1 Mem:27.61M (Peak 30.53M) | Time:00:00.40 | Mem:4.02M, Peak:4.02M | Scene, ViewLayer | Updating Particle Systems | Copying Particles to device
Fra:1 Mem:27.61M (Peak 30.53M) | Time:00:00.40 | Mem:4.03M, Peak:4.03M | Scene, ViewLayer | Updating Meshes
Fra:1 Mem:27.61M (Peak 30.53M) | Time:00:00.40 | Mem:4.03M, Peak:4.03M | Scene, ViewLayer | Updating Objects | Applying Static Transformations
Fra:1 Mem:27.61M (Peak 30.53M) | Time:00:00.40 | Mem:4.03M, Peak:4.03M | Scene, ViewLayer | Updating Mesh | Computing attributes
Fra:1 Mem:28.46M (Peak 30.53M) | Time:00:00.40 | Mem:4.03M, Peak:4.03M | Scene, ViewLayer | Updating Mesh | Copying Attributes to device
Fra:1 Mem:28.45M (Peak 30.53M) | Time:00:00.40 | Mem:4.86M, Peak:4.86M | Scene, ViewLayer | Updating Scene BVH | Building
Fra:1 Mem:28.45M (Peak 30.53M) | Time:00:00.40 | Mem:4.86M, Peak:4.86M | Scene, ViewLayer | Updating Scene BVH | Building BVH
Fra:1 Mem:28.45M (Peak 30.53M) | Time:00:00.40 | Mem:5.74M, Peak:5.74M | Scene, ViewLayer | Updating Scene BVH | Building BVH 0%
Fra:1 Mem:28.45M (Peak 30.53M) | Time:00:00.40 | Mem:6.70M, Peak:7.58M | Scene, ViewLayer | Updating Scene BVH | Copying BVH to device
Fra:1 Mem:28.45M (Peak 30.53M) | Time:00:00.40 | Mem:6.70M, Peak:7.58M | Scene, ViewLayer | Updating Mesh | Computing normals
Fra:1 Mem:29.23M (Peak 30.53M) | Time:00:00.40 | Mem:6.70M, Peak:7.58M | Scene, ViewLayer | Updating Mesh | Copying Mesh to device
Fra:1 Mem:29.23M (Peak 30.53M) | Time:00:00.40 | Mem:7.48M, Peak:7.58M | Scene, ViewLayer | Updating Objects Flags
Fra:1 Mem:29.23M (Peak 30.53M) | Time:00:00.40 | Mem:7.48M, Peak:7.58M | Scene, ViewLayer | Updating Primitive Offsets
Fra:1 Mem:29.23M (Peak 30.53M) | Time:00:00.40 | Mem:7.48M, Peak:7.58M | Scene, ViewLayer | Updating Images
Fra:1 Mem:29.23M (Peak 30.53M) | Time:00:00.40 | Mem:7.48M, Peak:7.58M | Scene, ViewLayer | Updating Camera Volume
Fra:1 Mem:29.23M (Peak 30.53M) | Time:00:00.40 | Mem:7.48M, Peak:7.58M | Scene, ViewLayer | Updating Lookup Tables
Fra:1 Mem:29.23M (Peak 30.53M) | Time:00:00.40 | Mem:7.57M, Peak:7.58M | Scene, ViewLayer | Updating Lights
Fra:1 Mem:29.23M (Peak 30.53M) | Time:00:00.40 | Mem:7.57M, Peak:7.58M | Scene, ViewLayer | Updating Lights | Computing tree
Fra:1 Mem:29.23M (Peak 30.53M) | Time:00:00.40 | Mem:7.57M, Peak:7.58M | Scene, ViewLayer | Updating Integrator
Fra:1 Mem:29.23M (Peak 30.53M) | Time:00:00.40 | Mem:7.57M, Peak:7.58M | Scene, ViewLayer | Updating Film
Fra:1 Mem:29.24M (Peak 30.53M) | Time:00:00.40 | Mem:7.49M, Peak:7.58M | Scene, ViewLayer | Updating Lookup Tables
Fra:1 Mem:29.24M (Peak 30.53M) | Time:00:00.40 | Mem:7.57M, Peak:7.58M | Scene, ViewLayer | Updating Baking
Fra:1 Mem:29.24M (Peak 30.53M) | Time:00:00.40 | Mem:7.57M, Peak:7.58M | Scene, ViewLayer | Updating Device | Writing constant memory
Fra:1 Mem:29.24M (Peak 30.53M) | Time:00:00.40 | Mem:7.57M, Peak:7.58M | Scene, ViewLayer | Loading denoising kernels (may take a few minutes the first time)
Fra:1 Mem:29.24M (Peak 30.53M) | Time:00:00.40 | Mem:7.57M, Peak:7.58M | Scene, ViewLayer | Sample 0/24
Fra:1 Mem:79.42M (Peak 79.42M) | Time:00:00.55 | Remaining:00:03.56 | Mem:57.68M, Peak:57.68M | Scene, ViewLayer | Sample 1/24
Fra:1 Mem:100.52M (Peak 132.16M) | Time:00:05.95 | Mem:57.68M, Peak:57.68M | Scene, ViewLayer | Sample 24/24
Fra:1 Mem:100.52M (Peak 132.16M) | Time:00:05.95 | Mem:57.68M, Peak:57.68M | Scene, ViewLayer | Finished
Saved: '/home/lzzz/MyProjects/N-SIDE/output/characters/CHR-001/model-r1/walk-lift.png'
Time: 00:06.00 (Saving: 00:00.04)

Fra:1 Mem:25.83M (Peak 25.83M) | Time:00:00.00 | Mem:0.00M, Peak:0.00M | Scene, ViewLayer | Synchronizing object | TShirt
Fra:1 Mem:25.99M (Peak 25.99M) | Time:00:00.00 | Mem:0.00M, Peak:0.00M | Scene, ViewLayer | Synchronizing object | TShirt_Collar
Fra:1 Mem:25.99M (Peak 25.99M) | Time:00:00.00 | Mem:0.00M, Peak:0.00M | Scene, ViewLayer | Synchronizing object | Sleeve_Cuff.L
Fra:1 Mem:26.01M (Peak 26.01M) | Time:00:00.00 | Mem:0.00M, Peak:0.00M | Scene, ViewLayer | Synchronizing object | Hood_Cord.L
Fra:1 Mem:26.12M (Peak 26.12M) | Time:00:00.01 | Mem:0.00M, Peak:0.00M | Scene, ViewLayer | Synchronizing object | Palm.L
Fra:1 Mem:26.12M (Peak 26.12M) | Time:00:00.01 | Mem:0.00M, Peak:0.00M | Scene, ViewLayer | Synchronizing object | Middle_Mesh.L
Fra:1 Mem:26.15M (Peak 26.15M) | Time:00:00.01 | Mem:0.00M, Peak:0.00M | Scene, ViewLayer | Synchronizing object | Ring_Mesh.L
Fra:1 Mem:26.16M (Peak 26.16M) | Time:00:00.01 | Mem:0.00M, Peak:0.00M | Scene, ViewLayer | Synchronizing object | Pinky_Mesh.L
Fra:1 Mem:26.19M (Peak 26.19M) | Time:00:00.01 | Mem:0.00M, Peak:0.00M | Scene, ViewLayer | Synchronizing object | Thumb_Mesh.L
Fra:1 Mem:26.35M (Peak 26.35M) | Time:00:00.04 | Mem:0.00M, Peak:0.00M | Scene, ViewLayer | Synchronizing object | Trousers.L
Fra:1 Mem:26.38M (Peak 26.38M) | Time:00:00.04 | Mem:0.00M, Peak:0.00M | Scene, ViewLayer | Synchronizing object | Sneaker_Sole.L
Fra:1 Mem:26.45M (Peak 26.45M) | Time:00:00.04 | Mem:0.00M, Peak:0.00M | Scene, ViewLayer | Synchronizing object | Sneaker_Upper.L
Fra:1 Mem:26.48M (Peak 26.48M) | Time:00:00.04 | Mem:0.00M, Peak:0.00M | Scene, ViewLayer | Synchronizing object | Sock.L
Fra:1 Mem:26.53M (Peak 26.53M) | Time:00:00.04 | Mem:0.00M, Peak:0.00M | Scene, ViewLayer | Synchronizing object | Lace_0.L
Fra:1 Mem:26.54M (Peak 26.54M) | Time:00:00.04 | Mem:0.00M, Peak:0.00M | Scene, ViewLayer | Synchronizing object | Lace_1.L
Fra:1 Mem:26.54M (Peak 26.54M) | Time:00:00.04 | Mem:0.00M, Peak:0.00M | Scene, ViewLayer | Synchronizing object | Lace_2.L
Fra:1 Mem:26.54M (Peak 26.54M) | Time:00:00.04 | Mem:0.00M, Peak:0.00M | Scene, ViewLayer | Synchronizing object | Lace_3.L
Fra:1 Mem:26.54M (Peak 26.54M) | Time:00:00.04 | Mem:0.00M, Peak:0.00M | Scene, ViewLayer | Synchronizing object | Sleeve_Cuff.R
Fra:1 Mem:26.56M (Peak 26.56M) | Time:00:00.04 | Mem:0.00M, Peak:0.00M | Scene, ViewLayer | Synchronizing object | Zip_Tape.R
Fra:1 Mem:26.56M (Peak 26.56M) | Time:00:00.04 | Mem:0.00M, Peak:0.00M | Scene, ViewLayer | Synchronizing object | Hood_Cord.R
Fra:1 Mem:26.67M (Peak 26.67M) | Time:00:00.05 | Mem:0.00M, Peak:0.00M | Scene, ViewLayer | Synchronizing object | Palm.R
Fra:1 Mem:26.67M (Peak 26.68M) | Time:00:00.05 | Mem:0.00M, Peak:0.00M | Scene, ViewLayer | Synchronizing object | Middle_Mesh.R
Fra:1 Mem:26.72M (Peak 26.72M) | Time:00:00.05 | Mem:0.00M, Peak:0.00M | Scene, ViewLayer | Synchronizing object | Ring_Mesh.R
Fra:1 Mem:26.72M (Peak 26.72M) | Time:00:00.05 | Mem:0.00M, Peak:0.00M | Scene, ViewLayer | Synchronizing object | Pinky_Mesh.R
Fra:1 Mem:26.73M (Peak 26.73M) | Time:00:00.05 | Mem:0.00M, Peak:0.00M | Scene, ViewLayer | Synchronizing object | Thumb_Mesh.R
Fra:1 Mem:26.91M (Peak 26.91M) | Time:00:00.07 | Mem:0.00M, Peak:0.00M | Scene, ViewLayer | Synchronizing object | Trousers.R
Fra:1 Mem:26.91M (Peak 26.91M) | Time:00:00.07 | Mem:0.00M, Peak:0.00M | Scene, ViewLayer | Synchronizing object | Sneaker_Sole.R
Fra:1 Mem:27.01M (Peak 27.01M) | Time:00:00.07 | Mem:0.00M, Peak:0.00M | Scene, ViewLayer | Synchronizing object | Sneaker_Upper.R
Fra:1 Mem:27.04M (Peak 27.04M) | Time:00:00.07 | Mem:0.00M, Peak:0.00M | Scene, ViewLayer | Synchronizing object | Sock.R
Fra:1 Mem:27.10M (Peak 27.10M) | Time:00:00.07 | Mem:0.00M, Peak:0.00M | Scene, ViewLayer | Synchronizing object | Lace_0.R
Fra:1 Mem:27.11M (Peak 27.11M) | Time:00:00.07 | Mem:0.00M, Peak:0.00M | Scene, ViewLayer | Synchronizing object | Lace_1.R
Fra:1 Mem:27.11M (Peak 27.11M) | Time:00:00.07 | Mem:0.00M, Peak:0.00M | Scene, ViewLayer | Synchronizing object | Lace_2.R
Fra:1 Mem:27.11M (Peak 27.11M) | Time:00:00.07 | Mem:0.00M, Peak:0.00M | Scene, ViewLayer | Synchronizing object | Lace_3.R
Fra:1 Mem:27.13M (Peak 27.13M) | Time:00:00.07 | Mem:0.00M, Peak:0.00M | Scene, ViewLayer | Synchronizing object | Heel_Tab.R
Fra:1 Mem:27.69M (Peak 27.69M) | Time:00:00.10 | Mem:0.00M, Peak:0.00M | Scene, ViewLayer | Synchronizing object | Jacket_ContinuousShoulders
Fra:1 Mem:28.74M (Peak 28.74M) | Time:00:00.38 | Mem:0.00M, Peak:0.00M | Scene, ViewLayer | Synchronizing object | Face_Head
Fra:1 Mem:29.28M (Peak 29.28M) | Time:00:00.38 | Mem:0.00M, Peak:0.00M | Scene, ViewLayer | Synchronizing object | Ear.L
Fra:1 Mem:29.29M (Peak 29.29M) | Time:00:00.38 | Mem:0.00M, Peak:0.00M | Scene, ViewLayer | Synchronizing object | Ear_Fold.L
Fra:1 Mem:29.36M (Peak 29.36M) | Time:00:00.39 | Mem:0.00M, Peak:0.00M | Scene, ViewLayer | Synchronizing object | Ear.R
Fra:1 Mem:29.36M (Peak 29.36M) | Time:00:00.39 | Mem:0.00M, Peak:0.00M | Scene, ViewLayer | Synchronizing object | Eye_White.L
Fra:1 Mem:29.39M (Peak 29.39M) | Time:00:00.39 | Mem:0.00M, Peak:0.00M | Scene, ViewLayer | Synchronizing object | Iris_hair.L
Fra:1 Mem:29.39M (Peak 29.39M) | Time:00:00.39 | Mem:0.00M, Peak:0.00M | Scene, ViewLayer | Synchronizing object | Iris_ink.L
Fra:1 Mem:29.41M (Peak 29.41M) | Time:00:00.39 | Mem:0.00M, Peak:0.00M | Scene, ViewLayer | Synchronizing object | Eye_Glint.L
Fra:1 Mem:29.43M (Peak 29.43M) | Time:00:00.39 | Mem:0.00M, Peak:0.00M | Scene, ViewLayer | Synchronizing object | Upper_Lid.L
Fra:1 Mem:29.43M (Peak 29.43M) | Time:00:00.39 | Mem:0.00M, Peak:0.00M | Scene, ViewLayer | Synchronizing object | Lower_Lid.L
Fra:1 Mem:29.43M (Peak 29.43M) | Time:00:00.39 | Mem:0.00M, Peak:0.00M | Scene, ViewLayer | Synchronizing object | Eye_White.R
Fra:1 Mem:29.45M (Peak 29.45M) | Time:00:00.39 | Mem:0.00M, Peak:0.00M | Scene, ViewLayer | Synchronizing object | Iris_hair.R
Fra:1 Mem:29.46M (Peak 29.46M) | Time:00:00.39 | Mem:0.00M, Peak:0.00M | Scene, ViewLayer | Synchronizing object | Iris_ink.R
Fra:1 Mem:29.46M (Peak 29.46M) | Time:00:00.39 | Mem:0.00M, Peak:0.00M | Scene, ViewLayer | Synchronizing object | Upper_Lid.R
Fra:1 Mem:29.47M (Peak 29.47M) | Time:00:00.39 | Mem:0.00M, Peak:0.00M | Scene, ViewLayer | Synchronizing object | Lower_Lid.R
Fra:1 Mem:29.47M (Peak 29.47M) | Time:00:00.39 | Mem:0.00M, Peak:0.00M | Scene, ViewLayer | Synchronizing object | Eyebrow.R
Fra:1 Mem:29.49M (Peak 29.49M) | Time:00:00.39 | Mem:0.00M, Peak:0.00M | Scene, ViewLayer | Synchronizing object | Nose
Fra:1 Mem:29.50M (Peak 29.50M) | Time:00:00.39 | Mem:0.00M, Peak:0.00M | Scene, ViewLayer | Synchronizing object | Mouth
Fra:1 Mem:29.50M (Peak 29.50M) | Time:00:00.39 | Mem:0.00M, Peak:0.00M | Scene, ViewLayer | Synchronizing object | Hair_Cap
Fra:1 Mem:29.50M (Peak 29.50M) | Time:00:00.39 | Mem:0.00M, Peak:0.00M | Scene, ViewLayer | Synchronizing object | Bangs_01
Fra:1 Mem:29.53M (Peak 29.54M) | Time:00:00.39 | Mem:0.00M, Peak:0.00M | Scene, ViewLayer | Synchronizing object | Bangs_02
Fra:1 Mem:29.54M (Peak 29.54M) | Time:00:00.39 | Mem:0.00M, Peak:0.00M | Scene, ViewLayer | Synchronizing object | Bangs_03
Fra:1 Mem:29.57M (Peak 29.57M) | Time:00:00.39 | Mem:0.00M, Peak:0.00M | Scene, ViewLayer | Synchronizing object | Bangs_04
Fra:1 Mem:29.61M (Peak 29.61M) | Time:00:00.39 | Mem:0.00M, Peak:0.00M | Scene, ViewLayer | Synchronizing object | Temple_0.L
Fra:1 Mem:29.61M (Peak 29.61M) | Time:00:00.39 | Mem:0.00M, Peak:0.00M | Scene, ViewLayer | Synchronizing object | Temple_2.L
Fra:1 Mem:29.63M (Peak 29.63M) | Time:00:00.39 | Mem:0.00M, Peak:0.00M | Scene, ViewLayer | Synchronizing object | Temple_3.L
Fra:1 Mem:29.64M (Peak 29.64M) | Time:00:00.39 | Mem:0.00M, Peak:0.00M | Scene, ViewLayer | Synchronizing object | Crown_0.L
Fra:1 Mem:29.66M (Peak 29.66M) | Time:00:00.39 | Mem:0.00M, Peak:0.00M | Scene, ViewLayer | Synchronizing object | Crown_1.L
Fra:1 Mem:29.67M (Peak 29.67M) | Time:00:00.39 | Mem:0.00M, Peak:0.00M | Scene, ViewLayer | Synchronizing object | Nape_1.L
Fra:1 Mem:29.68M (Peak 29.68M) | Time:00:00.39 | Mem:0.00M, Peak:0.00M | Scene, ViewLayer | Synchronizing object | Review_Key
Fra:1 Mem:29.68M (Peak 29.68M) | Time:00:00.39 | Mem:0.00M, Peak:0.00M | Scene, ViewLayer | Synchronizing object | Review_Ground
Fra:1 Mem:29.68M (Peak 29.68M) | Time:00:00.39 | Mem:0.00M, Peak:0.00M | Scene, ViewLayer | Synchronizing object | Nape_3.L
Fra:1 Mem:29.69M (Peak 29.69M) | Time:00:00.39 | Mem:0.00M, Peak:0.00M | Scene, ViewLayer | Synchronizing object | Tee_Bar
Fra:1 Mem:29.72M (Peak 29.72M) | Time:00:00.39 | Mem:0.00M, Peak:0.00M | Scene, ViewLayer | Synchronizing object | Temple_0.R
Fra:1 Mem:29.75M (Peak 29.75M) | Time:00:00.39 | Mem:0.00M, Peak:0.00M | Scene, ViewLayer | Synchronizing object | Temple_1.R
Fra:1 Mem:29.75M (Peak 29.75M) | Time:00:00.39 | Mem:0.00M, Peak:0.00M | Scene, ViewLayer | Synchronizing object | Temple_3.R
Fra:1 Mem:29.76M (Peak 29.76M) | Time:00:00.39 | Mem:0.00M, Peak:0.00M | Scene, ViewLayer | Synchronizing object | Temple_4.R
Fra:1 Mem:29.77M (Peak 29.77M) | Time:00:00.39 | Mem:0.00M, Peak:0.00M | Scene, ViewLayer | Synchronizing object | Crown_0.R
Fra:1 Mem:29.79M (Peak 29.79M) | Time:00:00.39 | Mem:0.00M, Peak:0.00M | Scene, ViewLayer | Synchronizing object | Tee_Dot_1.275
Fra:1 Mem:29.80M (Peak 29.80M) | Time:00:00.39 | Mem:0.00M, Peak:0.00M | Scene, ViewLayer | Synchronizing object | Nape_0.R
Fra:1 Mem:29.80M (Peak 29.80M) | Time:00:00.39 | Mem:0.00M, Peak:0.00M | Scene, ViewLayer | Synchronizing object | Back_Lock_6
Fra:1 Mem:29.81M (Peak 29.81M) | Time:00:00.39 | Mem:0.00M, Peak:0.00M | Scene, ViewLayer | Synchronizing object | Nape_2.R
Fra:1 Mem:29.84M (Peak 29.84M) | Time:00:00.39 | Mem:0.00M, Peak:0.00M | Scene, ViewLayer | Synchronizing object | Nape_3.R
Fra:1 Mem:29.85M (Peak 29.85M) | Time:00:00.39 | Mem:0.00M, Peak:0.00M | Scene, ViewLayer | Synchronizing object | Back_Lock_5
Fra:1 Mem:29.88M (Peak 29.88M) | Time:00:00.39 | Mem:0.00M, Peak:0.00M | Scene, ViewLayer | Synchronizing object | Back_Lock_3
Fra:1 Mem:29.90M (Peak 29.90M) | Time:00:00.39 | Mem:0.00M, Peak:0.00M | Scene, ViewLayer | Synchronizing object | Back_Lock_4
Fra:1 Mem:29.92M (Peak 29.92M) | Time:00:00.39 | Mem:0.00M, Peak:0.00M | Scene, ViewLayer | Initializing
Fra:1 Mem:26.35M (Peak 29.92M) | Time:00:00.39 | Mem:0.00M, Peak:0.00M | Scene, ViewLayer | Updating Images | Loading CHR001_GreyStudy_BaseColor
Fra:1 Mem:27.41M (Peak 30.35M) | Time:00:00.39 | Mem:4.00M, Peak:4.00M | Scene, ViewLayer | Waiting for render to start
Fra:1 Mem:27.41M (Peak 30.35M) | Time:00:00.39 | Mem:4.00M, Peak:4.00M | Scene, ViewLayer | Updating Scene
Fra:1 Mem:27.41M (Peak 30.35M) | Time:00:00.39 | Mem:4.00M, Peak:4.00M | Scene, ViewLayer | Updating Shaders
Fra:1 Mem:27.41M (Peak 30.35M) | Time:00:00.39 | Mem:4.00M, Peak:4.00M | Scene, ViewLayer | Loading render kernels (may take a few minutes the first time)
Fra:1 Mem:27.50M (Peak 30.35M) | Time:00:00.39 | Mem:4.00M, Peak:4.00M | Scene, ViewLayer | Updating Procedurals
Fra:1 Mem:27.50M (Peak 30.35M) | Time:00:00.39 | Mem:4.00M, Peak:4.00M | Scene, ViewLayer | Updating Background
Fra:1 Mem:27.50M (Peak 30.35M) | Time:00:00.39 | Mem:4.00M, Peak:4.00M | Scene, ViewLayer | Updating Camera
Fra:1 Mem:27.50M (Peak 30.35M) | Time:00:00.39 | Mem:4.00M, Peak:4.00M | Scene, ViewLayer | Updating Meshes Flags
Fra:1 Mem:27.50M (Peak 30.35M) | Time:00:00.39 | Mem:4.00M, Peak:4.00M | Scene, ViewLayer | Updating Objects
Fra:1 Mem:27.50M (Peak 30.35M) | Time:00:00.39 | Mem:4.00M, Peak:4.00M | Scene, ViewLayer | Updating Objects | Copying Transformations to device
Fra:1 Mem:27.52M (Peak 30.35M) | Time:00:00.39 | Mem:4.02M, Peak:4.02M | Scene, ViewLayer | Updating Particle Systems
Fra:1 Mem:27.52M (Peak 30.35M) | Time:00:00.39 | Mem:4.02M, Peak:4.02M | Scene, ViewLayer | Updating Particle Systems | Copying Particles to device
Fra:1 Mem:27.52M (Peak 30.35M) | Time:00:00.39 | Mem:4.03M, Peak:4.03M | Scene, ViewLayer | Updating Meshes
Fra:1 Mem:27.52M (Peak 30.35M) | Time:00:00.39 | Mem:4.03M, Peak:4.03M | Scene, ViewLayer | Updating Objects | Applying Static Transformations
Fra:1 Mem:27.52M (Peak 30.35M) | Time:00:00.39 | Mem:4.03M, Peak:4.03M | Scene, ViewLayer | Updating Mesh | Computing attributes
Fra:1 Mem:28.37M (Peak 30.35M) | Time:00:00.39 | Mem:4.03M, Peak:4.03M | Scene, ViewLayer | Updating Mesh | Copying Attributes to device
Fra:1 Mem:28.36M (Peak 30.35M) | Time:00:00.39 | Mem:4.86M, Peak:4.86M | Scene, ViewLayer | Updating Scene BVH | Building
Fra:1 Mem:28.36M (Peak 30.35M) | Time:00:00.39 | Mem:4.86M, Peak:4.86M | Scene, ViewLayer | Updating Scene BVH | Building BVH
Fra:1 Mem:28.36M (Peak 30.35M) | Time:00:00.39 | Mem:5.74M, Peak:5.74M | Scene, ViewLayer | Updating Scene BVH | Building BVH 0%
Fra:1 Mem:28.36M (Peak 30.35M) | Time:00:00.40 | Mem:6.70M, Peak:7.58M | Scene, ViewLayer | Updating Scene BVH | Copying BVH to device
Fra:1 Mem:28.36M (Peak 30.35M) | Time:00:00.40 | Mem:6.70M, Peak:7.58M | Scene, ViewLayer | Updating Mesh | Computing normals
Fra:1 Mem:29.14M (Peak 30.35M) | Time:00:00.40 | Mem:6.70M, Peak:7.58M | Scene, ViewLayer | Updating Mesh | Copying Mesh to device
Fra:1 Mem:29.14M (Peak 30.35M) | Time:00:00.40 | Mem:7.48M, Peak:7.58M | Scene, ViewLayer | Updating Objects Flags
Fra:1 Mem:29.14M (Peak 30.35M) | Time:00:00.40 | Mem:7.48M, Peak:7.58M | Scene, ViewLayer | Updating Primitive Offsets
Fra:1 Mem:29.14M (Peak 30.35M) | Time:00:00.40 | Mem:7.48M, Peak:7.58M | Scene, ViewLayer | Updating Images
Fra:1 Mem:29.14M (Peak 30.35M) | Time:00:00.40 | Mem:7.48M, Peak:7.58M | Scene, ViewLayer | Updating Camera Volume
Fra:1 Mem:29.14M (Peak 30.35M) | Time:00:00.40 | Mem:7.48M, Peak:7.58M | Scene, ViewLayer | Updating Lookup Tables
Fra:1 Mem:29.14M (Peak 30.35M) | Time:00:00.40 | Mem:7.57M, Peak:7.58M | Scene, ViewLayer | Updating Lights
Fra:1 Mem:29.14M (Peak 30.35M) | Time:00:00.40 | Mem:7.57M, Peak:7.58M | Scene, ViewLayer | Updating Lights | Computing tree
Fra:1 Mem:29.14M (Peak 30.35M) | Time:00:00.40 | Mem:7.57M, Peak:7.58M | Scene, ViewLayer | Updating Integrator
Fra:1 Mem:29.14M (Peak 30.35M) | Time:00:00.40 | Mem:7.57M, Peak:7.58M | Scene, ViewLayer | Updating Film
Fra:1 Mem:29.15M (Peak 30.35M) | Time:00:00.40 | Mem:7.49M, Peak:7.58M | Scene, ViewLayer | Updating Lookup Tables
Fra:1 Mem:29.15M (Peak 30.35M) | Time:00:00.40 | Mem:7.57M, Peak:7.58M | Scene, ViewLayer | Updating Baking
Fra:1 Mem:29.15M (Peak 30.35M) | Time:00:00.40 | Mem:7.57M, Peak:7.58M | Scene, ViewLayer | Updating Device | Writing constant memory
Fra:1 Mem:29.15M (Peak 30.35M) | Time:00:00.40 | Mem:7.57M, Peak:7.58M | Scene, ViewLayer | Loading denoising kernels (may take a few minutes the first time)
Fra:1 Mem:29.15M (Peak 30.35M) | Time:00:00.40 | Mem:7.57M, Peak:7.58M | Scene, ViewLayer | Sample 0/24
Fra:1 Mem:79.33M (Peak 79.33M) | Time:00:00.55 | Remaining:00:03.52 | Mem:57.68M, Peak:57.68M | Scene, ViewLayer | Sample 1/24
Fra:1 Mem:100.43M (Peak 132.07M) | Time:00:05.93 | Mem:57.68M, Peak:57.68M | Scene, ViewLayer | Sample 24/24
Fra:1 Mem:100.43M (Peak 132.07M) | Time:00:05.93 | Mem:57.68M, Peak:57.68M | Scene, ViewLayer | Finished
Saved: '/home/lzzz/MyProjects/N-SIDE/output/characters/CHR-001/model-r1/run-lift.png'
Time: 00:05.97 (Saving: 00:00.04)


{"status": "exported-candidate", "blender": "4.5.14 LTS", "units": "meters", "dcc_forward": "-Y", "gltf_forward": "+Z", "standing_height_design_m": 1.7666, "head_to_chin_m": 0.265, "age_actual": 20, "age_appearance": 18, "palette": "unapproved grayscale study; grayscale hair is not a character color decision", "bones": 32, "editable_meshes": 96, "source_vertices": 6717, "clips": {"Idle": {"seconds": 2.0, "fps": 30, "in_place": true}, "Walk": {"seconds": 1.0, "fps": 30, "in_place": true}, "Run": {"seconds": 0.6666666666666666, "fps": 30, "in_place": true}}, "runtime": "NOT RUN; root integrates and captures the real Bevy path", "views": [{"label": "front", "clip": "Idle", "frame": 1, "file": "output/characters/CHR-001/model-r1/front.png"}, {"label": "three-quarter", "clip": "Idle", "frame": 1, "file": "output/characters/CHR-001/model-r1/three-quarter.png"}, {"label": "back", "clip": "Idle", "frame": 1, "file": "output/characters/CHR-001/model-r1/back.png"}, {"label": "walk-contact", "clip": "Walk", "frame": 8, "file": "output/characters/CHR-001/model-r1/walk-contact.png"}, {"label": "run-contact", "clip": "Run", "frame": 6, "file": "output/characters/CHR-001/model-r1/run-contact.png"}, {"label": "face", "clip": "Idle", "frame": 1, "file": "output/characters/CHR-001/model-r1/face.png"}, {"label": "walk-lift", "clip": "Walk", "frame": 1, "file": "output/characters/CHR-001/model-r1/walk-lift.png"}, {"label": "run-lift", "clip": "Run", "frame": 1, "file": "output/characters/CHR-001/model-r1/run-lift.png"}]}

Blender quit
