Info: Saved as "yao-grey-study.blend"
INFO Draco mesh compression is available, use library at /home/lzzz/MyProjects/N-SIDE/output/tools/blender-4.5.14-linux-x64/4.5/scripts/addons_core/io_scene_gltf2/libextern_draco.so
00:32:31 | INFO: Starting glTF 2.0 export
00:32:31 | INFO: Extracting primitive: Back_Lock_3
00:32:31 | INFO: Primitives created: 1
00:32:31 | INFO: Extracting primitive: Back_Lock_4
00:32:31 | INFO: Primitives created: 1
00:32:31 | INFO: Extracting primitive: Back_Lock_5
00:32:31 | INFO: Primitives created: 1
00:32:31 | INFO: Extracting primitive: Back_Lock_6
00:32:31 | INFO: Primitives created: 1
00:32:31 | INFO: Extracting primitive: Bangs_00
00:32:31 | INFO: Primitives created: 1
00:32:31 | INFO: Extracting primitive: Bangs_01
00:32:31 | INFO: Primitives created: 1
00:32:31 | INFO: Extracting primitive: Bangs_02
00:32:31 | INFO: Primitives created: 1
00:32:31 | INFO: Extracting primitive: Bangs_03
00:32:31 | INFO: Primitives created: 1
00:32:31 | INFO: Extracting primitive: Bangs_04
00:32:31 | INFO: Primitives created: 1
00:32:31 | INFO: Extracting primitive: Bangs_05
00:32:31 | INFO: Primitives created: 1
00:32:31 | INFO: Extracting primitive: Bangs_06
00:32:31 | INFO: Primitives created: 1
00:32:31 | INFO: Extracting primitive: Bangs_07
00:32:31 | INFO: Primitives created: 1
00:32:31 | INFO: Extracting primitive: Bangs_08
00:32:31 | INFO: Primitives created: 1
00:32:31 | INFO: Extracting primitive: Crown_0.L
00:32:31 | INFO: Primitives created: 1
00:32:31 | INFO: Extracting primitive: Crown_0.R
00:32:31 | INFO: Primitives created: 1
00:32:31 | INFO: Extracting primitive: Crown_1.L
00:32:31 | INFO: Primitives created: 1
00:32:31 | INFO: Extracting primitive: Crown_1.R
00:32:31 | INFO: Primitives created: 1
00:32:31 | INFO: Extracting primitive: Crown_2.L
00:32:31 | INFO: Primitives created: 1
00:32:31 | INFO: Extracting primitive: Crown_2.R
00:32:31 | INFO: Primitives created: 1
00:32:31 | INFO: Extracting primitive: Mesh
00:32:31 | INFO: Primitives created: 1
00:32:31 | INFO: Extracting primitive: Mesh
00:32:31 | INFO: Primitives created: 1
00:32:31 | INFO: Extracting primitive: Ear_Fold.L
00:32:31 | INFO: Primitives created: 1
00:32:31 | INFO: Extracting primitive: Ear_Fold.R
00:32:31 | INFO: Primitives created: 1
00:32:31 | INFO: Extracting primitive: Eye_Glint.L
00:32:31 | INFO: Primitives created: 1
00:32:31 | INFO: Extracting primitive: Eye_Glint.R
00:32:31 | INFO: Primitives created: 1
00:32:31 | INFO: Extracting primitive: Eye_White.L
00:32:31 | INFO: Primitives created: 1
00:32:31 | INFO: Extracting primitive: Eye_White.R
00:32:31 | INFO: Primitives created: 1
00:32:31 | INFO: Extracting primitive: Eyebrow.L
00:32:31 | INFO: Primitives created: 1
00:32:31 | INFO: Extracting primitive: Eyebrow.R
00:32:31 | INFO: Primitives created: 1
00:32:32 | INFO: Extracting primitive: Mesh
00:32:32 | INFO: Primitives created: 1
00:32:32 | INFO: Extracting primitive: Hair_Cap
00:32:32 | INFO: Primitives created: 1
00:32:32 | INFO: Extracting primitive: Heel_Tab.L
00:32:32 | INFO: Primitives created: 1
00:32:32 | INFO: Extracting primitive: Heel_Tab.R
00:32:32 | INFO: Primitives created: 1
00:32:32 | INFO: Extracting primitive: Hood
00:32:32 | INFO: Primitives created: 1
00:32:32 | INFO: Extracting primitive: Hood_Cord.L
00:32:32 | INFO: Primitives created: 1
00:32:32 | INFO: Extracting primitive: Hood_Cord.R
00:32:32 | INFO: Primitives created: 1
00:32:32 | INFO: Extracting primitive: Index_Mesh.L
00:32:32 | INFO: Primitives created: 1
00:32:32 | INFO: Extracting primitive: Index_Mesh.R
00:32:32 | INFO: Primitives created: 1
00:32:32 | INFO: Extracting primitive: Iris_hair.L
00:32:32 | INFO: Primitives created: 1
00:32:32 | INFO: Extracting primitive: Iris_hair.R
00:32:32 | INFO: Primitives created: 1
00:32:32 | INFO: Extracting primitive: Iris_ink.L
00:32:32 | INFO: Primitives created: 1
00:32:32 | INFO: Extracting primitive: Iris_ink.R
00:32:32 | INFO: Primitives created: 1
00:32:32 | INFO: Extracting primitive: Mesh
00:32:32 | INFO: Primitives created: 1
00:32:32 | INFO: Extracting primitive: Lace_0.L
00:32:32 | INFO: Primitives created: 1
00:32:32 | INFO: Extracting primitive: Lace_0.R
00:32:32 | INFO: Primitives created: 1
00:32:32 | INFO: Extracting primitive: Lace_1.L
00:32:32 | INFO: Primitives created: 1
00:32:32 | INFO: Extracting primitive: Lace_1.R
00:32:32 | INFO: Primitives created: 1
00:32:32 | INFO: Extracting primitive: Lace_2.L
00:32:32 | INFO: Primitives created: 1
00:32:32 | INFO: Extracting primitive: Lace_2.R
00:32:32 | INFO: Primitives created: 1
00:32:32 | INFO: Extracting primitive: Lace_3.L
00:32:32 | INFO: Primitives created: 1
00:32:32 | INFO: Extracting primitive: Lace_3.R
00:32:32 | INFO: Primitives created: 1
00:32:32 | INFO: Extracting primitive: Middle_Mesh.L
00:32:32 | INFO: Primitives created: 1
00:32:32 | INFO: Extracting primitive: Middle_Mesh.R
00:32:32 | INFO: Primitives created: 1
00:32:32 | INFO: Extracting primitive: Mouth
00:32:32 | INFO: Primitives created: 1
00:32:32 | INFO: Extracting primitive: Nape_0.L
00:32:32 | INFO: Primitives created: 1
00:32:32 | INFO: Extracting primitive: Nape_0.R
00:32:32 | INFO: Primitives created: 1
00:32:32 | INFO: Extracting primitive: Nape_1.L
00:32:32 | INFO: Primitives created: 1
00:32:32 | INFO: Extracting primitive: Nape_1.R
00:32:32 | INFO: Primitives created: 1
00:32:32 | INFO: Extracting primitive: Nape_2.L
00:32:32 | INFO: Primitives created: 1
00:32:32 | INFO: Extracting primitive: Nape_2.R
00:32:32 | INFO: Primitives created: 1
00:32:32 | INFO: Extracting primitive: Nape_3.L
00:32:32 | INFO: Primitives created: 1
00:32:32 | INFO: Extracting primitive: Nape_3.R
00:32:32 | INFO: Primitives created: 1
00:32:32 | INFO: Extracting primitive: Neck
00:32:32 | INFO: Primitives created: 1
00:32:32 | INFO: Extracting primitive: Nose
00:32:32 | INFO: Primitives created: 1
00:32:32 | INFO: Extracting primitive: Mesh
00:32:32 | INFO: Primitives created: 1
00:32:32 | INFO: Extracting primitive: Mesh
00:32:32 | INFO: Primitives created: 1
00:32:32 | INFO: Extracting primitive: Pinky_Mesh.L
00:32:32 | INFO: Primitives created: 1
00:32:32 | INFO: Extracting primitive: Pinky_Mesh.R
00:32:32 | INFO: Primitives created: 1
00:32:32 | INFO: Extracting primitive: Ring_Mesh.L
00:32:32 | INFO: Primitives created: 1
00:32:32 | INFO: Extracting primitive: Ring_Mesh.R
00:32:32 | INFO: Primitives created: 1
00:32:32 | INFO: Extracting primitive: Mesh
00:32:32 | INFO: Primitives created: 1
00:32:32 | INFO: Extracting primitive: Mesh
00:32:32 | INFO: Primitives created: 1
00:32:32 | INFO: Extracting primitive: Sleeve_Cuff.L
00:32:32 | INFO: Primitives created: 1
00:32:32 | INFO: Extracting primitive: Sleeve_Cuff.R
00:32:32 | INFO: Primitives created: 1
00:32:32 | INFO: Extracting primitive: Sneaker_Sole.L
00:32:32 | INFO: Primitives created: 1
00:32:32 | INFO: Extracting primitive: Sneaker_Sole.R
00:32:32 | INFO: Primitives created: 1
00:32:32 | INFO: Extracting primitive: Sneaker_Upper.L
00:32:32 | INFO: Primitives created: 1
00:32:32 | INFO: Extracting primitive: Sneaker_Upper.R
00:32:32 | INFO: Primitives created: 1
00:32:32 | INFO: Extracting primitive: Sock.L
00:32:32 | INFO: Primitives created: 1
00:32:32 | INFO: Extracting primitive: Sock.R
00:32:32 | INFO: Primitives created: 1
00:32:32 | INFO: Extracting primitive: Tee_Bar
00:32:32 | INFO: Primitives created: 1
00:32:32 | INFO: Extracting primitive: Tee_Dot_1.246
00:32:32 | INFO: Primitives created: 1
00:32:32 | INFO: Extracting primitive: Tee_Dot_1.275
00:32:32 | INFO: Primitives created: 1
00:32:32 | INFO: Extracting primitive: Temple_0.L
00:32:32 | INFO: Primitives created: 1
00:32:32 | INFO: Extracting primitive: Temple_0.R
00:32:32 | INFO: Primitives created: 1
00:32:32 | INFO: Extracting primitive: Temple_1.L
00:32:32 | INFO: Primitives created: 1
00:32:32 | INFO: Extracting primitive: Temple_1.R
00:32:32 | INFO: Primitives created: 1
00:32:32 | INFO: Extracting primitive: Temple_2.L
00:32:32 | INFO: Primitives created: 1
00:32:32 | INFO: Extracting primitive: Temple_2.R
00:32:32 | INFO: Primitives created: 1
00:32:32 | INFO: Extracting primitive: Temple_3.L
00:32:32 | INFO: Primitives created: 1
00:32:32 | INFO: Extracting primitive: Temple_3.R
00:32:32 | INFO: Primitives created: 1
00:32:32 | INFO: Extracting primitive: Temple_4.L
00:32:32 | INFO: Primitives created: 1
00:32:32 | INFO: Extracting primitive: Temple_4.R
00:32:32 | INFO: Primitives created: 1
00:32:32 | INFO: Extracting primitive: Thumb_Mesh.L
00:32:32 | INFO: Primitives created: 1
00:32:32 | INFO: Extracting primitive: Thumb_Mesh.R
00:32:32 | INFO: Primitives created: 1
00:32:32 | INFO: Extracting primitive: Mesh
00:32:32 | INFO: Primitives created: 1
00:32:32 | INFO: Extracting primitive: Mesh
00:32:32 | INFO: Primitives created: 1
00:32:32 | INFO: Extracting primitive: Mesh
00:32:32 | INFO: Primitives created: 1
00:32:32 | INFO: Extracting primitive: Mesh
00:32:32 | INFO: Primitives created: 1
00:32:32 | INFO: Extracting primitive: Upper_Lid.L
00:32:32 | INFO: Primitives created: 1
00:32:32 | INFO: Extracting primitive: Upper_Lid.R
00:32:32 | INFO: Primitives created: 1
00:32:32 | INFO: Extracting primitive: Zip_Tape.L
00:32:32 | INFO: Primitives created: 1
00:32:32 | INFO: Extracting primitive: Zip_Tape.R
00:32:32 | INFO: Primitives created: 1
00:32:32 | INFO: Finished glTF 2.0 export in 1.0874791145324707 s
Blender 4.5.14 LTS (hash 62c1db4208e8 built 2026-09-15 01:31:19)
Fra:1 Mem:24.55M (Peak 24.55M) | Time:00:00.00 | Mem:0.00M, Peak:0.00M | Scene, ViewLayer | Synchronizing object | Neck
Fra:1 Mem:24.67M (Peak 24.67M) | Time:00:00.00 | Mem:0.00M, Peak:0.00M | Scene, ViewLayer | Synchronizing object | TShirt
Fra:1 Mem:24.82M (Peak 24.82M) | Time:00:00.00 | Mem:0.00M, Peak:0.00M | Scene, ViewLayer | Synchronizing object | TShirt_Collar
Fra:1 Mem:25.11M (Peak 25.11M) | Time:00:00.01 | Mem:0.00M, Peak:0.00M | Scene, ViewLayer | Synchronizing object | Jacket_Body
Fra:1 Mem:25.11M (Peak 25.11M) | Time:00:00.01 | Mem:0.00M, Peak:0.00M | Scene, ViewLayer | Synchronizing object | Hood
Fra:1 Mem:25.63M (Peak 25.63M) | Time:00:00.03 | Mem:0.00M, Peak:0.00M | Scene, ViewLayer | Synchronizing object | Sleeve.L
Fra:1 Mem:25.63M (Peak 25.63M) | Time:00:00.03 | Mem:0.00M, Peak:0.00M | Scene, ViewLayer | Synchronizing object | Hood_Cord.L
Fra:1 Mem:25.82M (Peak 25.82M) | Time:00:00.04 | Mem:0.00M, Peak:0.00M | Scene, ViewLayer | Synchronizing object | Palm.L
Fra:1 Mem:25.82M (Peak 25.82M) | Time:00:00.04 | Mem:0.00M, Peak:0.00M | Scene, ViewLayer | Synchronizing object | Index_Mesh.L
Fra:1 Mem:25.85M (Peak 25.85M) | Time:00:00.04 | Mem:0.00M, Peak:0.00M | Scene, ViewLayer | Synchronizing object | Ring_Mesh.L
Fra:1 Mem:25.86M (Peak 25.86M) | Time:00:00.04 | Mem:0.00M, Peak:0.00M | Scene, ViewLayer | Synchronizing object | Pinky_Mesh.L
Fra:1 Mem:25.89M (Peak 25.89M) | Time:00:00.04 | Mem:0.00M, Peak:0.00M | Scene, ViewLayer | Synchronizing object | Thumb_Mesh.L
Fra:1 Mem:26.05M (Peak 26.05M) | Time:00:00.06 | Mem:0.00M, Peak:0.00M | Scene, ViewLayer | Synchronizing object | Trousers.L
Fra:1 Mem:26.05M (Peak 26.05M) | Time:00:00.06 | Mem:0.00M, Peak:0.00M | Scene, ViewLayer | Synchronizing object | Lace_0.L
Fra:1 Mem:26.23M (Peak 26.23M) | Time:00:00.06 | Mem:0.00M, Peak:0.00M | Scene, ViewLayer | Synchronizing object | Lace_1.L
Fra:1 Mem:26.23M (Peak 26.23M) | Time:00:00.06 | Mem:0.00M, Peak:0.00M | Scene, ViewLayer | Synchronizing object | Lace_2.L
Fra:1 Mem:26.25M (Peak 26.25M) | Time:00:00.06 | Mem:0.00M, Peak:0.00M | Scene, ViewLayer | Synchronizing object | Lace_3.L
Fra:1 Mem:26.25M (Peak 26.25M) | Time:00:00.06 | Mem:0.00M, Peak:0.00M | Scene, ViewLayer | Synchronizing object | Heel_Tab.L
Fra:1 Mem:26.43M (Peak 26.43M) | Time:00:00.08 | Mem:0.00M, Peak:0.00M | Scene, ViewLayer | Synchronizing object | Sleeve.R
Fra:1 Mem:26.43M (Peak 26.43M) | Time:00:00.08 | Mem:0.00M, Peak:0.00M | Scene, ViewLayer | Synchronizing object | Hood_Cord.R
Fra:1 Mem:26.61M (Peak 26.61M) | Time:00:00.09 | Mem:0.00M, Peak:0.00M | Scene, ViewLayer | Synchronizing object | Palm.R
Fra:1 Mem:26.62M (Peak 26.62M) | Time:00:00.09 | Mem:0.00M, Peak:0.00M | Scene, ViewLayer | Synchronizing object | Index_Mesh.R
Fra:1 Mem:26.64M (Peak 26.64M) | Time:00:00.09 | Mem:0.00M, Peak:0.00M | Scene, ViewLayer | Synchronizing object | Pinky_Mesh.R
Fra:1 Mem:26.67M (Peak 26.67M) | Time:00:00.09 | Mem:0.00M, Peak:0.00M | Scene, ViewLayer | Synchronizing object | Thumb_Mesh.R
Fra:1 Mem:26.85M (Peak 26.85M) | Time:00:00.11 | Mem:0.00M, Peak:0.00M | Scene, ViewLayer | Synchronizing object | Trousers.R
Fra:1 Mem:26.85M (Peak 26.85M) | Time:00:00.11 | Mem:0.00M, Peak:0.00M | Scene, ViewLayer | Synchronizing object | Sneaker_Upper.R
Fra:1 Mem:26.90M (Peak 26.90M) | Time:00:00.11 | Mem:0.00M, Peak:0.00M | Scene, ViewLayer | Synchronizing object | Sock.R
Fra:1 Mem:27.02M (Peak 27.02M) | Time:00:00.11 | Mem:0.00M, Peak:0.00M | Scene, ViewLayer | Synchronizing object | Lace_0.R
Fra:1 Mem:27.03M (Peak 27.03M) | Time:00:00.11 | Mem:0.00M, Peak:0.00M | Scene, ViewLayer | Synchronizing object | Lace_2.R
Fra:1 Mem:27.05M (Peak 27.05M) | Time:00:00.11 | Mem:0.00M, Peak:0.00M | Scene, ViewLayer | Synchronizing object | Lace_3.R
Fra:1 Mem:27.05M (Peak 27.05M) | Time:00:00.11 | Mem:0.00M, Peak:0.00M | Scene, ViewLayer | Synchronizing object | Heel_Tab.R
Fra:1 Mem:27.37M (Peak 27.37M) | Time:00:00.41 | Mem:0.00M, Peak:0.00M | Scene, ViewLayer | Synchronizing object | Face_Head
Fra:1 Mem:27.77M (Peak 27.77M) | Time:00:00.41 | Mem:0.00M, Peak:0.00M | Scene, ViewLayer | Synchronizing object | Ear.L
Fra:1 Mem:27.77M (Peak 27.77M) | Time:00:00.41 | Mem:0.00M, Peak:0.00M | Scene, ViewLayer | Synchronizing object | Ear_Fold.L
Fra:1 Mem:27.85M (Peak 27.85M) | Time:00:00.42 | Mem:0.00M, Peak:0.00M | Scene, ViewLayer | Synchronizing object | Ear.R
Fra:1 Mem:27.85M (Peak 27.85M) | Time:00:00.42 | Mem:0.00M, Peak:0.00M | Scene, ViewLayer | Synchronizing object | Ear_Fold.R
Fra:1 Mem:27.85M (Peak 27.85M) | Time:00:00.42 | Mem:0.00M, Peak:0.00M | Scene, ViewLayer | Synchronizing object | Iris_hair.L
Fra:1 Mem:27.85M (Peak 27.85M) | Time:00:00.42 | Mem:0.00M, Peak:0.00M | Scene, ViewLayer | Synchronizing object | Iris_ink.L
Fra:1 Mem:27.89M (Peak 27.89M) | Time:00:00.42 | Mem:0.00M, Peak:0.00M | Scene, ViewLayer | Synchronizing object | Upper_Lid.L
Fra:1 Mem:27.90M (Peak 27.90M) | Time:00:00.42 | Mem:0.00M, Peak:0.00M | Scene, ViewLayer | Synchronizing object | Eyebrow.L
Fra:1 Mem:27.89M (Peak 27.90M) | Time:00:00.42 | Mem:0.00M, Peak:0.00M | Scene, ViewLayer | Synchronizing object | Eye_White.R
Fra:1 Mem:27.92M (Peak 27.92M) | Time:00:00.42 | Mem:0.00M, Peak:0.00M | Scene, ViewLayer | Synchronizing object | Iris_hair.R
Fra:1 Mem:27.91M (Peak 27.92M) | Time:00:00.42 | Mem:0.00M, Peak:0.00M | Scene, ViewLayer | Synchronizing object | Iris_ink.R
Fra:1 Mem:27.92M (Peak 27.92M) | Time:00:00.42 | Mem:0.00M, Peak:0.00M | Scene, ViewLayer | Synchronizing object | Upper_Lid.R
Fra:1 Mem:27.92M (Peak 27.92M) | Time:00:00.42 | Mem:0.00M, Peak:0.00M | Scene, ViewLayer | Synchronizing object | Eyebrow.R
Fra:1 Mem:27.92M (Peak 27.92M) | Time:00:00.42 | Mem:0.00M, Peak:0.00M | Scene, ViewLayer | Synchronizing object | Nose
Fra:1 Mem:27.93M (Peak 27.93M) | Time:00:00.42 | Mem:0.00M, Peak:0.00M | Scene, ViewLayer | Synchronizing object | Mouth
Fra:1 Mem:27.93M (Peak 27.93M) | Time:00:00.42 | Mem:0.00M, Peak:0.00M | Scene, ViewLayer | Synchronizing object | Hair_Cap
Fra:1 Mem:27.94M (Peak 27.94M) | Time:00:00.42 | Mem:0.00M, Peak:0.00M | Scene, ViewLayer | Synchronizing object | Bangs_01
Fra:1 Mem:27.94M (Peak 27.94M) | Time:00:00.42 | Mem:0.00M, Peak:0.00M | Scene, ViewLayer | Synchronizing object | Bangs_02
Fra:1 Mem:27.95M (Peak 27.95M) | Time:00:00.42 | Mem:0.00M, Peak:0.00M | Scene, ViewLayer | Synchronizing object | Bangs_03
Fra:1 Mem:28.01M (Peak 28.01M) | Time:00:00.42 | Mem:0.00M, Peak:0.00M | Scene, ViewLayer | Synchronizing object | Bangs_04
Fra:1 Mem:28.01M (Peak 28.01M) | Time:00:00.42 | Mem:0.00M, Peak:0.00M | Scene, ViewLayer | Synchronizing object | Bangs_05
Fra:1 Mem:28.02M (Peak 28.02M) | Time:00:00.42 | Mem:0.00M, Peak:0.00M | Scene, ViewLayer | Synchronizing object | Bangs_06
Fra:1 Mem:28.04M (Peak 28.04M) | Time:00:00.42 | Mem:0.00M, Peak:0.00M | Scene, ViewLayer | Synchronizing object | Bangs_07
Fra:1 Mem:28.07M (Peak 28.07M) | Time:00:00.42 | Mem:0.00M, Peak:0.00M | Scene, ViewLayer | Synchronizing object | Bangs_08
Fra:1 Mem:28.07M (Peak 28.07M) | Time:00:00.42 | Mem:0.00M, Peak:0.00M | Scene, ViewLayer | Synchronizing object | Temple_0.L
Fra:1 Mem:28.09M (Peak 28.09M) | Time:00:00.42 | Mem:0.00M, Peak:0.00M | Scene, ViewLayer | Synchronizing object | Review_Rim
Fra:1 Mem:28.09M (Peak 28.09M) | Time:00:00.42 | Mem:0.00M, Peak:0.00M | Scene, ViewLayer | Synchronizing object | Temple_4.L
Fra:1 Mem:28.11M (Peak 28.11M) | Time:00:00.42 | Mem:0.00M, Peak:0.00M | Scene, ViewLayer | Synchronizing object | Crown_0.L
Fra:1 Mem:28.15M (Peak 28.15M) | Time:00:00.42 | Mem:0.00M, Peak:0.00M | Scene, ViewLayer | Synchronizing object | Review_Fill
Fra:1 Mem:28.16M (Peak 28.16M) | Time:00:00.42 | Mem:0.00M, Peak:0.00M | Scene, ViewLayer | Synchronizing object | Review_Key
Fra:1 Mem:28.16M (Peak 28.16M) | Time:00:00.42 | Mem:0.00M, Peak:0.00M | Scene, ViewLayer | Synchronizing object | Crown_2.L
Fra:1 Mem:28.16M (Peak 28.16M) | Time:00:00.42 | Mem:0.00M, Peak:0.00M | Scene, ViewLayer | Synchronizing object | Nape_1.L
Fra:1 Mem:28.17M (Peak 28.17M) | Time:00:00.42 | Mem:0.00M, Peak:0.00M | Scene, ViewLayer | Synchronizing object | Nape_2.L
Fra:1 Mem:28.18M (Peak 28.18M) | Time:00:00.42 | Mem:0.00M, Peak:0.00M | Scene, ViewLayer | Synchronizing object | Tee_Bar
Fra:1 Mem:28.20M (Peak 28.20M) | Time:00:00.42 | Mem:0.00M, Peak:0.00M | Scene, ViewLayer | Synchronizing object | Nape_3.L
Fra:1 Mem:28.22M (Peak 28.22M) | Time:00:00.42 | Mem:0.00M, Peak:0.00M | Scene, ViewLayer | Synchronizing object | Temple_0.R
Fra:1 Mem:28.22M (Peak 28.23M) | Time:00:00.42 | Mem:0.00M, Peak:0.00M | Scene, ViewLayer | Synchronizing object | Temple_1.R
Fra:1 Mem:28.24M (Peak 28.24M) | Time:00:00.42 | Mem:0.00M, Peak:0.00M | Scene, ViewLayer | Synchronizing object | Temple_2.R
Fra:1 Mem:28.25M (Peak 28.25M) | Time:00:00.42 | Mem:0.00M, Peak:0.00M | Scene, ViewLayer | Synchronizing object | Temple_3.R
Fra:1 Mem:28.26M (Peak 28.26M) | Time:00:00.42 | Mem:0.00M, Peak:0.00M | Scene, ViewLayer | Synchronizing object | Temple_4.R
Fra:1 Mem:28.26M (Peak 28.26M) | Time:00:00.42 | Mem:0.00M, Peak:0.00M | Scene, ViewLayer | Synchronizing object | Crown_1.R
Fra:1 Mem:28.28M (Peak 28.28M) | Time:00:00.42 | Mem:0.00M, Peak:0.00M | Scene, ViewLayer | Synchronizing object | Crown_2.R
Fra:1 Mem:28.31M (Peak 28.31M) | Time:00:00.42 | Mem:0.00M, Peak:0.00M | Scene, ViewLayer | Synchronizing object | Nape_0.R
Fra:1 Mem:28.31M (Peak 28.31M) | Time:00:00.42 | Mem:0.00M, Peak:0.00M | Scene, ViewLayer | Synchronizing object | Nape_1.R
Fra:1 Mem:28.34M (Peak 28.34M) | Time:00:00.42 | Mem:0.00M, Peak:0.00M | Scene, ViewLayer | Synchronizing object | Nape_2.R
Fra:1 Mem:28.35M (Peak 28.35M) | Time:00:00.42 | Mem:0.00M, Peak:0.00M | Scene, ViewLayer | Synchronizing object | Nape_3.R
Fra:1 Mem:28.36M (Peak 28.36M) | Time:00:00.42 | Mem:0.00M, Peak:0.00M | Scene, ViewLayer | Synchronizing object | Back_Lock_3
Fra:1 Mem:28.37M (Peak 28.37M) | Time:00:00.42 | Mem:0.00M, Peak:0.00M | Scene, ViewLayer | Synchronizing object | Back_Lock_6
Fra:1 Mem:28.39M (Peak 28.39M) | Time:00:00.42 | Mem:0.00M, Peak:0.00M | Scene, ViewLayer | Synchronizing object | Back_Lock_5
Fra:1 Mem:28.43M (Peak 28.43M) | Time:00:00.42 | Mem:0.00M, Peak:0.00M | Scene, ViewLayer | Initializing
Fra:1 Mem:25.06M (Peak 28.43M) | Time:00:00.42 | Mem:0.00M, Peak:0.00M | Scene, ViewLayer | Updating Images | Loading CHR001_GreyStudy_BaseColor
Fra:1 Mem:25.59M (Peak 29.06M) | Time:00:00.42 | Mem:4.00M, Peak:4.00M | Scene, ViewLayer | Waiting for render to start
Fra:1 Mem:25.59M (Peak 29.06M) | Time:00:00.42 | Mem:4.00M, Peak:4.00M | Scene, ViewLayer | Updating Scene
Fra:1 Mem:25.59M (Peak 29.06M) | Time:00:00.42 | Mem:4.00M, Peak:4.00M | Scene, ViewLayer | Updating Shaders
Fra:1 Mem:25.59M (Peak 29.06M) | Time:00:00.42 | Mem:4.00M, Peak:4.00M | Scene, ViewLayer | Loading render kernels (may take a few minutes the first time)
Fra:1 Mem:25.67M (Peak 29.06M) | Time:00:00.42 | Mem:4.00M, Peak:4.00M | Scene, ViewLayer | Updating Procedurals
Fra:1 Mem:25.67M (Peak 29.06M) | Time:00:00.42 | Mem:4.00M, Peak:4.00M | Scene, ViewLayer | Updating Background
Fra:1 Mem:25.67M (Peak 29.06M) | Time:00:00.42 | Mem:4.00M, Peak:4.00M | Scene, ViewLayer | Updating Camera
Fra:1 Mem:25.67M (Peak 29.06M) | Time:00:00.42 | Mem:4.00M, Peak:4.00M | Scene, ViewLayer | Updating Meshes Flags
Fra:1 Mem:25.67M (Peak 29.06M) | Time:00:00.42 | Mem:4.00M, Peak:4.00M | Scene, ViewLayer | Updating Objects
Fra:1 Mem:25.67M (Peak 29.06M) | Time:00:00.42 | Mem:4.00M, Peak:4.00M | Scene, ViewLayer | Updating Objects | Copying Transformations to device
Fra:1 Mem:25.70M (Peak 29.06M) | Time:00:00.43 | Mem:4.03M, Peak:4.03M | Scene, ViewLayer | Updating Particle Systems
Fra:1 Mem:25.70M (Peak 29.06M) | Time:00:00.43 | Mem:4.03M, Peak:4.03M | Scene, ViewLayer | Updating Particle Systems | Copying Particles to device
Fra:1 Mem:25.70M (Peak 29.06M) | Time:00:00.43 | Mem:4.03M, Peak:4.03M | Scene, ViewLayer | Updating Meshes
Fra:1 Mem:25.70M (Peak 29.06M) | Time:00:00.43 | Mem:4.03M, Peak:4.03M | Scene, ViewLayer | Updating Objects | Applying Static Transformations
Fra:1 Mem:25.70M (Peak 29.06M) | Time:00:00.43 | Mem:4.03M, Peak:4.03M | Scene, ViewLayer | Updating Mesh | Computing attributes
Fra:1 Mem:26.50M (Peak 29.06M) | Time:00:00.43 | Mem:4.04M, Peak:4.04M | Scene, ViewLayer | Updating Mesh | Copying Attributes to device
Fra:1 Mem:26.48M (Peak 29.06M) | Time:00:00.43 | Mem:4.81M, Peak:4.81M | Scene, ViewLayer | Updating Scene BVH | Building
Fra:1 Mem:26.49M (Peak 29.06M) | Time:00:00.43 | Mem:4.81M, Peak:4.81M | Scene, ViewLayer | Updating Scene BVH | Building BVH
Fra:1 Mem:26.49M (Peak 29.06M) | Time:00:00.43 | Mem:5.64M, Peak:5.64M | Scene, ViewLayer | Updating Scene BVH | Building BVH 0%
Fra:1 Mem:26.49M (Peak 29.06M) | Time:00:00.43 | Mem:6.54M, Peak:7.36M | Scene, ViewLayer | Updating Scene BVH | Copying BVH to device
Fra:1 Mem:26.49M (Peak 29.06M) | Time:00:00.43 | Mem:6.54M, Peak:7.36M | Scene, ViewLayer | Updating Mesh | Computing normals
Fra:1 Mem:27.22M (Peak 29.06M) | Time:00:00.43 | Mem:6.54M, Peak:7.36M | Scene, ViewLayer | Updating Mesh | Copying Mesh to device
Fra:1 Mem:27.22M (Peak 29.06M) | Time:00:00.43 | Mem:7.27M, Peak:7.36M | Scene, ViewLayer | Updating Objects Flags
Fra:1 Mem:27.22M (Peak 29.06M) | Time:00:00.43 | Mem:7.27M, Peak:7.36M | Scene, ViewLayer | Updating Primitive Offsets
Fra:1 Mem:27.22M (Peak 29.06M) | Time:00:00.43 | Mem:7.27M, Peak:7.36M | Scene, ViewLayer | Updating Images
Fra:1 Mem:27.22M (Peak 29.06M) | Time:00:00.43 | Mem:7.27M, Peak:7.36M | Scene, ViewLayer | Updating Camera Volume
Fra:1 Mem:27.22M (Peak 29.06M) | Time:00:00.43 | Mem:7.27M, Peak:7.36M | Scene, ViewLayer | Updating Lookup Tables
Fra:1 Mem:27.22M (Peak 29.06M) | Time:00:00.43 | Mem:7.35M, Peak:7.36M | Scene, ViewLayer | Updating Lights
Fra:1 Mem:27.22M (Peak 29.06M) | Time:00:00.43 | Mem:7.35M, Peak:7.36M | Scene, ViewLayer | Updating Lights | Computing tree
Fra:1 Mem:27.22M (Peak 29.06M) | Time:00:00.43 | Mem:7.36M, Peak:7.36M | Scene, ViewLayer | Updating Integrator
Fra:1 Mem:27.22M (Peak 29.06M) | Time:00:00.43 | Mem:7.36M, Peak:7.36M | Scene, ViewLayer | Updating Film
Fra:1 Mem:27.23M (Peak 29.06M) | Time:00:00.43 | Mem:7.27M, Peak:7.36M | Scene, ViewLayer | Updating Lookup Tables
Fra:1 Mem:27.23M (Peak 29.06M) | Time:00:00.43 | Mem:7.36M, Peak:7.36M | Scene, ViewLayer | Updating Baking
Fra:1 Mem:27.23M (Peak 29.06M) | Time:00:00.43 | Mem:7.36M, Peak:7.36M | Scene, ViewLayer | Updating Device | Writing constant memory
Fra:1 Mem:27.23M (Peak 29.06M) | Time:00:00.43 | Mem:7.36M, Peak:7.36M | Scene, ViewLayer | Loading denoising kernels (may take a few minutes the first time)
Fra:1 Mem:27.23M (Peak 29.06M) | Time:00:00.43 | Mem:7.36M, Peak:7.36M | Scene, ViewLayer | Sample 0/24
Fra:1 Mem:77.41M (Peak 77.41M) | Time:00:00.65 | Remaining:00:05.12 | Mem:57.47M, Peak:57.47M | Scene, ViewLayer | Sample 1/24
Fra:1 Mem:98.51M (Peak 130.15M) | Time:00:07.36 | Mem:57.47M, Peak:57.47M | Scene, ViewLayer | Sample 24/24
Fra:1 Mem:98.51M (Peak 130.15M) | Time:00:07.36 | Mem:57.47M, Peak:57.47M | Scene, ViewLayer | Finished
Saved: '/home/lzzz/MyProjects/N-SIDE/output/characters/CHR-001/model-r1/front.png'
Time: 00:07.41 (Saving: 00:00.04)

Fra:1 Mem:24.55M (Peak 24.55M) | Time:00:00.00 | Mem:0.00M, Peak:0.00M | Scene, ViewLayer | Synchronizing object | Neck
Fra:1 Mem:24.67M (Peak 24.67M) | Time:00:00.00 | Mem:0.00M, Peak:0.00M | Scene, ViewLayer | Synchronizing object | TShirt
Fra:1 Mem:24.83M (Peak 24.83M) | Time:00:00.01 | Mem:0.00M, Peak:0.00M | Scene, ViewLayer | Synchronizing object | TShirt_Collar
Fra:1 Mem:25.11M (Peak 25.11M) | Time:00:00.02 | Mem:0.00M, Peak:0.00M | Scene, ViewLayer | Synchronizing object | Jacket_Body
Fra:1 Mem:25.16M (Peak 25.16M) | Time:00:00.02 | Mem:0.00M, Peak:0.00M | Scene, ViewLayer | Synchronizing object | Hood
Fra:1 Mem:25.63M (Peak 25.63M) | Time:00:00.03 | Mem:0.00M, Peak:0.00M | Scene, ViewLayer | Synchronizing object | Sleeve.L
Fra:1 Mem:25.63M (Peak 25.63M) | Time:00:00.03 | Mem:0.00M, Peak:0.00M | Scene, ViewLayer | Synchronizing object | Zip_Tape.L
Fra:1 Mem:25.65M (Peak 25.65M) | Time:00:00.03 | Mem:0.00M, Peak:0.00M | Scene, ViewLayer | Synchronizing object | Hood_Cord.L
Fra:1 Mem:25.82M (Peak 25.82M) | Time:00:00.04 | Mem:0.00M, Peak:0.00M | Scene, ViewLayer | Synchronizing object | Palm.L
Fra:1 Mem:25.82M (Peak 25.82M) | Time:00:00.04 | Mem:0.00M, Peak:0.00M | Scene, ViewLayer | Synchronizing object | Middle_Mesh.L
Fra:1 Mem:25.83M (Peak 25.83M) | Time:00:00.04 | Mem:0.00M, Peak:0.00M | Scene, ViewLayer | Synchronizing object | Pinky_Mesh.L
Fra:1 Mem:25.87M (Peak 25.87M) | Time:00:00.04 | Mem:0.00M, Peak:0.00M | Scene, ViewLayer | Synchronizing object | Thumb_Mesh.L
Fra:1 Mem:26.05M (Peak 26.05M) | Time:00:00.07 | Mem:0.00M, Peak:0.00M | Scene, ViewLayer | Synchronizing object | Trousers.L
Fra:1 Mem:26.05M (Peak 26.05M) | Time:00:00.07 | Mem:0.00M, Peak:0.00M | Scene, ViewLayer | Synchronizing object | Sneaker_Upper.L
Fra:1 Mem:26.13M (Peak 26.13M) | Time:00:00.07 | Mem:0.00M, Peak:0.00M | Scene, ViewLayer | Synchronizing object | Lace_0.L
Fra:1 Mem:26.24M (Peak 26.24M) | Time:00:00.07 | Mem:0.00M, Peak:0.00M | Scene, ViewLayer | Synchronizing object | Lace_1.L
Fra:1 Mem:26.24M (Peak 26.24M) | Time:00:00.07 | Mem:0.00M, Peak:0.00M | Scene, ViewLayer | Synchronizing object | Lace_3.L
Fra:1 Mem:26.25M (Peak 26.25M) | Time:00:00.07 | Mem:0.00M, Peak:0.00M | Scene, ViewLayer | Synchronizing object | Heel_Tab.L
Fra:1 Mem:26.43M (Peak 26.43M) | Time:00:00.08 | Mem:0.00M, Peak:0.00M | Scene, ViewLayer | Synchronizing object | Sleeve.R
Fra:1 Mem:26.43M (Peak 26.43M) | Time:00:00.08 | Mem:0.00M, Peak:0.00M | Scene, ViewLayer | Synchronizing object | Hood_Cord.R
Fra:1 Mem:26.61M (Peak 26.61M) | Time:00:00.09 | Mem:0.00M, Peak:0.00M | Scene, ViewLayer | Synchronizing object | Palm.R
Fra:1 Mem:26.62M (Peak 26.62M) | Time:00:00.09 | Mem:0.00M, Peak:0.00M | Scene, ViewLayer | Synchronizing object | Index_Mesh.R
Fra:1 Mem:26.65M (Peak 26.65M) | Time:00:00.09 | Mem:0.00M, Peak:0.00M | Scene, ViewLayer | Synchronizing object | Ring_Mesh.R
Fra:1 Mem:26.65M (Peak 26.65M) | Time:00:00.09 | Mem:0.00M, Peak:0.00M | Scene, ViewLayer | Synchronizing object | Pinky_Mesh.R
Fra:1 Mem:26.69M (Peak 26.69M) | Time:00:00.09 | Mem:0.00M, Peak:0.00M | Scene, ViewLayer | Synchronizing object | Thumb_Mesh.R
Fra:1 Mem:26.85M (Peak 26.85M) | Time:00:00.12 | Mem:0.00M, Peak:0.00M | Scene, ViewLayer | Synchronizing object | Trousers.R
Fra:1 Mem:26.85M (Peak 26.85M) | Time:00:00.12 | Mem:0.00M, Peak:0.00M | Scene, ViewLayer | Synchronizing object | Sneaker_Upper.R
Fra:1 Mem:26.88M (Peak 26.88M) | Time:00:00.12 | Mem:0.00M, Peak:0.00M | Scene, ViewLayer | Synchronizing object | Sock.R
Fra:1 Mem:26.97M (Peak 26.97M) | Time:00:00.12 | Mem:0.00M, Peak:0.00M | Scene, ViewLayer | Synchronizing object | Lace_0.R
Fra:1 Mem:27.03M (Peak 27.03M) | Time:00:00.12 | Mem:0.00M, Peak:0.00M | Scene, ViewLayer | Synchronizing object | Lace_1.R
Fra:1 Mem:27.05M (Peak 27.05M) | Time:00:00.12 | Mem:0.00M, Peak:0.00M | Scene, ViewLayer | Synchronizing object | Lace_3.R
Fra:1 Mem:27.06M (Peak 27.06M) | Time:00:00.12 | Mem:0.00M, Peak:0.00M | Scene, ViewLayer | Synchronizing object | Heel_Tab.R
Fra:1 Mem:27.37M (Peak 27.37M) | Time:00:00.42 | Mem:0.00M, Peak:0.00M | Scene, ViewLayer | Synchronizing object | Face_Head
Fra:1 Mem:27.77M (Peak 27.77M) | Time:00:00.43 | Mem:0.00M, Peak:0.00M | Scene, ViewLayer | Synchronizing object | Ear.L
Fra:1 Mem:27.77M (Peak 27.77M) | Time:00:00.43 | Mem:0.00M, Peak:0.00M | Scene, ViewLayer | Synchronizing object | Ear_Fold.L
Fra:1 Mem:27.85M (Peak 27.85M) | Time:00:00.43 | Mem:0.00M, Peak:0.00M | Scene, ViewLayer | Synchronizing object | Ear.R
Fra:1 Mem:27.85M (Peak 27.85M) | Time:00:00.43 | Mem:0.00M, Peak:0.00M | Scene, ViewLayer | Synchronizing object | Eye_White.L
Fra:1 Mem:27.87M (Peak 27.87M) | Time:00:00.43 | Mem:0.00M, Peak:0.00M | Scene, ViewLayer | Synchronizing object | Iris_hair.L
Fra:1 Mem:27.89M (Peak 27.89M) | Time:00:00.43 | Mem:0.00M, Peak:0.00M | Scene, ViewLayer | Synchronizing object | Iris_ink.L
Fra:1 Mem:27.88M (Peak 27.89M) | Time:00:00.43 | Mem:0.00M, Peak:0.00M | Scene, ViewLayer | Synchronizing object | Eye_Glint.L
Fra:1 Mem:27.90M (Peak 27.90M) | Time:00:00.43 | Mem:0.00M, Peak:0.00M | Scene, ViewLayer | Synchronizing object | Upper_Lid.L
Fra:1 Mem:27.91M (Peak 27.91M) | Time:00:00.43 | Mem:0.00M, Peak:0.00M | Scene, ViewLayer | Synchronizing object | Eyebrow.L
Fra:1 Mem:27.92M (Peak 27.92M) | Time:00:00.43 | Mem:0.00M, Peak:0.00M | Scene, ViewLayer | Synchronizing object | Eye_White.R
Fra:1 Mem:27.92M (Peak 27.92M) | Time:00:00.43 | Mem:0.00M, Peak:0.00M | Scene, ViewLayer | Synchronizing object | Iris_ink.R
Fra:1 Mem:27.92M (Peak 27.92M) | Time:00:00.43 | Mem:0.00M, Peak:0.00M | Scene, ViewLayer | Synchronizing object | Eye_Glint.R
Fra:1 Mem:27.92M (Peak 27.92M) | Time:00:00.43 | Mem:0.00M, Peak:0.00M | Scene, ViewLayer | Synchronizing object | Upper_Lid.R
Fra:1 Mem:27.92M (Peak 27.92M) | Time:00:00.43 | Mem:0.00M, Peak:0.00M | Scene, ViewLayer | Synchronizing object | Nose
Fra:1 Mem:27.92M (Peak 27.92M) | Time:00:00.43 | Mem:0.00M, Peak:0.00M | Scene, ViewLayer | Synchronizing object | Mouth
Fra:1 Mem:27.93M (Peak 27.93M) | Time:00:00.43 | Mem:0.00M, Peak:0.00M | Scene, ViewLayer | Synchronizing object | Bangs_00
Fra:1 Mem:27.94M (Peak 27.94M) | Time:00:00.43 | Mem:0.00M, Peak:0.00M | Scene, ViewLayer | Synchronizing object | Bangs_01
Fra:1 Mem:27.99M (Peak 27.99M) | Time:00:00.43 | Mem:0.00M, Peak:0.00M | Scene, ViewLayer | Synchronizing object | Bangs_02
Fra:1 Mem:27.98M (Peak 27.99M) | Time:00:00.43 | Mem:0.00M, Peak:0.00M | Scene, ViewLayer | Synchronizing object | Bangs_03
Fra:1 Mem:28.01M (Peak 28.01M) | Time:00:00.43 | Mem:0.00M, Peak:0.00M | Scene, ViewLayer | Synchronizing object | Bangs_04
Fra:1 Mem:28.03M (Peak 28.03M) | Time:00:00.43 | Mem:0.00M, Peak:0.00M | Scene, ViewLayer | Synchronizing object | Bangs_05
Fra:1 Mem:28.04M (Peak 28.04M) | Time:00:00.43 | Mem:0.00M, Peak:0.00M | Scene, ViewLayer | Synchronizing object | Bangs_06
Fra:1 Mem:28.06M (Peak 28.06M) | Time:00:00.43 | Mem:0.00M, Peak:0.00M | Scene, ViewLayer | Synchronizing object | Bangs_07
Fra:1 Mem:28.06M (Peak 28.06M) | Time:00:00.43 | Mem:0.00M, Peak:0.00M | Scene, ViewLayer | Synchronizing object | Bangs_08
Fra:1 Mem:28.07M (Peak 28.07M) | Time:00:00.43 | Mem:0.00M, Peak:0.00M | Scene, ViewLayer | Synchronizing object | Temple_0.L
Fra:1 Mem:28.09M (Peak 28.09M) | Time:00:00.43 | Mem:0.00M, Peak:0.00M | Scene, ViewLayer | Synchronizing object | Review_Fill
Fra:1 Mem:28.09M (Peak 28.09M) | Time:00:00.43 | Mem:0.00M, Peak:0.00M | Scene, ViewLayer | Synchronizing object | Temple_3.L
Fra:1 Mem:28.10M (Peak 28.10M) | Time:00:00.43 | Mem:0.00M, Peak:0.00M | Scene, ViewLayer | Synchronizing object | Temple_4.L
Fra:1 Mem:28.11M (Peak 28.11M) | Time:00:00.43 | Mem:0.00M, Peak:0.00M | Scene, ViewLayer | Synchronizing object | Review_Key
Fra:1 Mem:28.12M (Peak 28.12M) | Time:00:00.43 | Mem:0.00M, Peak:0.00M | Scene, ViewLayer | Synchronizing object | Review_Ground
Fra:1 Mem:28.12M (Peak 28.12M) | Time:00:00.43 | Mem:0.00M, Peak:0.00M | Scene, ViewLayer | Synchronizing object | Crown_0.L
Fra:1 Mem:28.12M (Peak 28.12M) | Time:00:00.43 | Mem:0.00M, Peak:0.00M | Scene, ViewLayer | Synchronizing object | Tee_Bar
Fra:1 Mem:28.13M (Peak 28.13M) | Time:00:00.43 | Mem:0.00M, Peak:0.00M | Scene, ViewLayer | Synchronizing object | Crown_1.L
Fra:1 Mem:28.14M (Peak 28.14M) | Time:00:00.43 | Mem:0.00M, Peak:0.00M | Scene, ViewLayer | Synchronizing object | Crown_2.L
Fra:1 Mem:28.18M (Peak 28.18M) | Time:00:00.43 | Mem:0.00M, Peak:0.00M | Scene, ViewLayer | Synchronizing object | Nape_0.L
Fra:1 Mem:28.18M (Peak 28.18M) | Time:00:00.43 | Mem:0.00M, Peak:0.00M | Scene, ViewLayer | Synchronizing object | Nape_1.L
Fra:1 Mem:28.19M (Peak 28.19M) | Time:00:00.43 | Mem:0.00M, Peak:0.00M | Scene, ViewLayer | Synchronizing object | Nape_2.L
Fra:1 Mem:28.20M (Peak 28.20M) | Time:00:00.43 | Mem:0.00M, Peak:0.00M | Scene, ViewLayer | Synchronizing object | Nape_3.L
Fra:1 Mem:28.22M (Peak 28.22M) | Time:00:00.43 | Mem:0.00M, Peak:0.00M | Scene, ViewLayer | Synchronizing object | Temple_1.R
Fra:1 Mem:28.26M (Peak 28.26M) | Time:00:00.43 | Mem:0.00M, Peak:0.00M | Scene, ViewLayer | Synchronizing object | Temple_2.R
Fra:1 Mem:28.26M (Peak 28.26M) | Time:00:00.43 | Mem:0.00M, Peak:0.00M | Scene, ViewLayer | Synchronizing object | Temple_4.R
Fra:1 Mem:28.28M (Peak 28.28M) | Time:00:00.43 | Mem:0.00M, Peak:0.00M | Scene, ViewLayer | Synchronizing object | Crown_0.R
Fra:1 Mem:28.29M (Peak 28.29M) | Time:00:00.43 | Mem:0.00M, Peak:0.00M | Scene, ViewLayer | Synchronizing object | Back_Lock_5
Fra:1 Mem:28.31M (Peak 28.31M) | Time:00:00.43 | Mem:0.00M, Peak:0.00M | Scene, ViewLayer | Synchronizing object | Crown_1.R
Fra:1 Mem:28.33M (Peak 28.33M) | Time:00:00.43 | Mem:0.00M, Peak:0.00M | Scene, ViewLayer | Synchronizing object | Crown_2.R
Fra:1 Mem:28.34M (Peak 28.34M) | Time:00:00.43 | Mem:0.00M, Peak:0.00M | Scene, ViewLayer | Synchronizing object | Nape_1.R
Fra:1 Mem:28.35M (Peak 28.35M) | Time:00:00.43 | Mem:0.00M, Peak:0.00M | Scene, ViewLayer | Synchronizing object | Nape_2.R
Fra:1 Mem:28.36M (Peak 28.36M) | Time:00:00.43 | Mem:0.00M, Peak:0.00M | Scene, ViewLayer | Synchronizing object | Nape_3.R
Fra:1 Mem:28.38M (Peak 28.38M) | Time:00:00.43 | Mem:0.00M, Peak:0.00M | Scene, ViewLayer | Synchronizing object | Back_Lock_4
Fra:1 Mem:28.39M (Peak 28.39M) | Time:00:00.43 | Mem:0.00M, Peak:0.00M | Scene, ViewLayer | Synchronizing object | Back_Lock_3
Fra:1 Mem:28.43M (Peak 28.43M) | Time:00:00.43 | Mem:0.00M, Peak:0.00M | Scene, ViewLayer | Initializing
Fra:1 Mem:25.06M (Peak 28.43M) | Time:00:00.43 | Mem:0.00M, Peak:0.00M | Scene, ViewLayer | Updating Images | Loading CHR001_GreyStudy_BaseColor
Fra:1 Mem:25.59M (Peak 29.06M) | Time:00:00.44 | Mem:4.00M, Peak:4.00M | Scene, ViewLayer | Waiting for render to start
Fra:1 Mem:25.59M (Peak 29.06M) | Time:00:00.44 | Mem:4.00M, Peak:4.00M | Scene, ViewLayer | Updating Scene
Fra:1 Mem:25.59M (Peak 29.06M) | Time:00:00.44 | Mem:4.00M, Peak:4.00M | Scene, ViewLayer | Updating Shaders
Fra:1 Mem:25.59M (Peak 29.06M) | Time:00:00.44 | Mem:4.00M, Peak:4.00M | Scene, ViewLayer | Loading render kernels (may take a few minutes the first time)
Fra:1 Mem:25.67M (Peak 29.06M) | Time:00:00.44 | Mem:4.00M, Peak:4.00M | Scene, ViewLayer | Updating Procedurals
Fra:1 Mem:25.67M (Peak 29.06M) | Time:00:00.44 | Mem:4.00M, Peak:4.00M | Scene, ViewLayer | Updating Background
Fra:1 Mem:25.67M (Peak 29.06M) | Time:00:00.44 | Mem:4.00M, Peak:4.00M | Scene, ViewLayer | Updating Camera
Fra:1 Mem:25.67M (Peak 29.06M) | Time:00:00.44 | Mem:4.00M, Peak:4.00M | Scene, ViewLayer | Updating Meshes Flags
Fra:1 Mem:25.67M (Peak 29.06M) | Time:00:00.44 | Mem:4.00M, Peak:4.00M | Scene, ViewLayer | Updating Objects
Fra:1 Mem:25.67M (Peak 29.06M) | Time:00:00.44 | Mem:4.00M, Peak:4.00M | Scene, ViewLayer | Updating Objects | Copying Transformations to device
Fra:1 Mem:25.70M (Peak 29.06M) | Time:00:00.44 | Mem:4.03M, Peak:4.03M | Scene, ViewLayer | Updating Particle Systems
Fra:1 Mem:25.70M (Peak 29.06M) | Time:00:00.44 | Mem:4.03M, Peak:4.03M | Scene, ViewLayer | Updating Particle Systems | Copying Particles to device
Fra:1 Mem:25.70M (Peak 29.06M) | Time:00:00.44 | Mem:4.03M, Peak:4.03M | Scene, ViewLayer | Updating Meshes
Fra:1 Mem:25.70M (Peak 29.06M) | Time:00:00.44 | Mem:4.03M, Peak:4.03M | Scene, ViewLayer | Updating Objects | Applying Static Transformations
Fra:1 Mem:25.70M (Peak 29.06M) | Time:00:00.44 | Mem:4.03M, Peak:4.03M | Scene, ViewLayer | Updating Mesh | Computing attributes
Fra:1 Mem:26.50M (Peak 29.06M) | Time:00:00.44 | Mem:4.04M, Peak:4.04M | Scene, ViewLayer | Updating Mesh | Copying Attributes to device
Fra:1 Mem:26.48M (Peak 29.06M) | Time:00:00.44 | Mem:4.81M, Peak:4.81M | Scene, ViewLayer | Updating Scene BVH | Building
Fra:1 Mem:26.49M (Peak 29.06M) | Time:00:00.44 | Mem:4.81M, Peak:4.81M | Scene, ViewLayer | Updating Scene BVH | Building BVH
Fra:1 Mem:26.49M (Peak 29.06M) | Time:00:00.44 | Mem:5.64M, Peak:5.64M | Scene, ViewLayer | Updating Scene BVH | Building BVH 0%
Fra:1 Mem:26.49M (Peak 29.06M) | Time:00:00.44 | Mem:6.54M, Peak:7.36M | Scene, ViewLayer | Updating Scene BVH | Copying BVH to device
Fra:1 Mem:26.49M (Peak 29.06M) | Time:00:00.44 | Mem:6.54M, Peak:7.36M | Scene, ViewLayer | Updating Mesh | Computing normals
Fra:1 Mem:27.22M (Peak 29.06M) | Time:00:00.44 | Mem:6.54M, Peak:7.36M | Scene, ViewLayer | Updating Mesh | Copying Mesh to device
Fra:1 Mem:27.22M (Peak 29.06M) | Time:00:00.44 | Mem:7.27M, Peak:7.36M | Scene, ViewLayer | Updating Objects Flags
Fra:1 Mem:27.22M (Peak 29.06M) | Time:00:00.44 | Mem:7.27M, Peak:7.36M | Scene, ViewLayer | Updating Primitive Offsets
Fra:1 Mem:27.22M (Peak 29.06M) | Time:00:00.44 | Mem:7.27M, Peak:7.36M | Scene, ViewLayer | Updating Images
Fra:1 Mem:27.22M (Peak 29.06M) | Time:00:00.44 | Mem:7.27M, Peak:7.36M | Scene, ViewLayer | Updating Camera Volume
Fra:1 Mem:27.22M (Peak 29.06M) | Time:00:00.44 | Mem:7.27M, Peak:7.36M | Scene, ViewLayer | Updating Lookup Tables
Fra:1 Mem:27.22M (Peak 29.06M) | Time:00:00.44 | Mem:7.35M, Peak:7.36M | Scene, ViewLayer | Updating Lights
Fra:1 Mem:27.22M (Peak 29.06M) | Time:00:00.44 | Mem:7.35M, Peak:7.36M | Scene, ViewLayer | Updating Lights | Computing tree
Fra:1 Mem:27.22M (Peak 29.06M) | Time:00:00.44 | Mem:7.36M, Peak:7.36M | Scene, ViewLayer | Updating Integrator
Fra:1 Mem:27.22M (Peak 29.06M) | Time:00:00.44 | Mem:7.36M, Peak:7.36M | Scene, ViewLayer | Updating Film
Fra:1 Mem:27.23M (Peak 29.06M) | Time:00:00.44 | Mem:7.27M, Peak:7.36M | Scene, ViewLayer | Updating Lookup Tables
Fra:1 Mem:27.23M (Peak 29.06M) | Time:00:00.44 | Mem:7.36M, Peak:7.36M | Scene, ViewLayer | Updating Baking
Fra:1 Mem:27.23M (Peak 29.06M) | Time:00:00.44 | Mem:7.36M, Peak:7.36M | Scene, ViewLayer | Updating Device | Writing constant memory
Fra:1 Mem:27.23M (Peak 29.06M) | Time:00:00.44 | Mem:7.36M, Peak:7.36M | Scene, ViewLayer | Loading denoising kernels (may take a few minutes the first time)
Fra:1 Mem:27.23M (Peak 29.06M) | Time:00:00.44 | Mem:7.36M, Peak:7.36M | Scene, ViewLayer | Sample 0/24
Fra:1 Mem:77.41M (Peak 77.41M) | Time:00:00.67 | Remaining:00:05.32 | Mem:57.47M, Peak:57.47M | Scene, ViewLayer | Sample 1/24
Fra:1 Mem:98.51M (Peak 130.15M) | Time:00:06.62 | Mem:57.47M, Peak:57.47M | Scene, ViewLayer | Sample 24/24
Fra:1 Mem:98.51M (Peak 130.15M) | Time:00:06.62 | Mem:57.47M, Peak:57.47M | Scene, ViewLayer | Finished
Saved: '/home/lzzz/MyProjects/N-SIDE/output/characters/CHR-001/model-r1/three-quarter.png'
Time: 00:06.67 (Saving: 00:00.04)

Fra:1 Mem:24.55M (Peak 24.55M) | Time:00:00.00 | Mem:0.00M, Peak:0.00M | Scene, ViewLayer | Synchronizing object | Neck
Fra:1 Mem:24.67M (Peak 24.67M) | Time:00:00.00 | Mem:0.00M, Peak:0.00M | Scene, ViewLayer | Synchronizing object | TShirt
Fra:1 Mem:24.83M (Peak 24.83M) | Time:00:00.00 | Mem:0.00M, Peak:0.00M | Scene, ViewLayer | Synchronizing object | TShirt_Collar
Fra:1 Mem:25.11M (Peak 25.11M) | Time:00:00.01 | Mem:0.00M, Peak:0.00M | Scene, ViewLayer | Synchronizing object | Jacket_Body
Fra:1 Mem:25.12M (Peak 25.12M) | Time:00:00.01 | Mem:0.00M, Peak:0.00M | Scene, ViewLayer | Synchronizing object | Hood
Fra:1 Mem:25.63M (Peak 25.63M) | Time:00:00.03 | Mem:0.00M, Peak:0.00M | Scene, ViewLayer | Synchronizing object | Sleeve.L
Fra:1 Mem:25.65M (Peak 25.65M) | Time:00:00.03 | Mem:0.00M, Peak:0.00M | Scene, ViewLayer | Synchronizing object | Sleeve_Cuff.L
Fra:1 Mem:25.71M (Peak 25.71M) | Time:00:00.03 | Mem:0.00M, Peak:0.00M | Scene, ViewLayer | Synchronizing object | Hood_Cord.L
Fra:1 Mem:25.82M (Peak 25.82M) | Time:00:00.03 | Mem:0.00M, Peak:0.00M | Scene, ViewLayer | Synchronizing object | Palm.L
Fra:1 Mem:25.82M (Peak 25.82M) | Time:00:00.03 | Mem:0.00M, Peak:0.00M | Scene, ViewLayer | Synchronizing object | Middle_Mesh.L
Fra:1 Mem:25.85M (Peak 25.85M) | Time:00:00.03 | Mem:0.00M, Peak:0.00M | Scene, ViewLayer | Synchronizing object | Pinky_Mesh.L
Fra:1 Mem:25.87M (Peak 25.87M) | Time:00:00.03 | Mem:0.00M, Peak:0.00M | Scene, ViewLayer | Synchronizing object | Thumb_Mesh.L
Fra:1 Mem:26.05M (Peak 26.05M) | Time:00:00.06 | Mem:0.00M, Peak:0.00M | Scene, ViewLayer | Synchronizing object | Trousers.L
Fra:1 Mem:26.05M (Peak 26.05M) | Time:00:00.06 | Mem:0.00M, Peak:0.00M | Scene, ViewLayer | Synchronizing object | Sneaker_Sole.L
Fra:1 Mem:26.08M (Peak 26.08M) | Time:00:00.06 | Mem:0.00M, Peak:0.00M | Scene, ViewLayer | Synchronizing object | Sneaker_Upper.L
Fra:1 Mem:26.18M (Peak 26.18M) | Time:00:00.06 | Mem:0.00M, Peak:0.00M | Scene, ViewLayer | Synchronizing object | Sock.L
Fra:1 Mem:26.21M (Peak 26.21M) | Time:00:00.06 | Mem:0.00M, Peak:0.00M | Scene, ViewLayer | Synchronizing object | Lace_0.L
Fra:1 Mem:26.24M (Peak 26.24M) | Time:00:00.06 | Mem:0.00M, Peak:0.00M | Scene, ViewLayer | Synchronizing object | Lace_1.L
Fra:1 Mem:26.25M (Peak 26.25M) | Time:00:00.06 | Mem:0.00M, Peak:0.00M | Scene, ViewLayer | Synchronizing object | Lace_2.L
Fra:1 Mem:26.25M (Peak 26.25M) | Time:00:00.06 | Mem:0.00M, Peak:0.00M | Scene, ViewLayer | Synchronizing object | Lace_3.L
Fra:1 Mem:26.25M (Peak 26.25M) | Time:00:00.06 | Mem:0.00M, Peak:0.00M | Scene, ViewLayer | Synchronizing object | Heel_Tab.L
Fra:1 Mem:26.43M (Peak 26.43M) | Time:00:00.07 | Mem:0.00M, Peak:0.00M | Scene, ViewLayer | Synchronizing object | Sleeve.R
Fra:1 Mem:26.43M (Peak 26.43M) | Time:00:00.07 | Mem:0.00M, Peak:0.00M | Scene, ViewLayer | Synchronizing object | Sleeve_Cuff.R
Fra:1 Mem:26.48M (Peak 26.48M) | Time:00:00.07 | Mem:0.00M, Peak:0.00M | Scene, ViewLayer | Synchronizing object | Hood_Cord.R
Fra:1 Mem:26.61M (Peak 26.61M) | Time:00:00.08 | Mem:0.00M, Peak:0.00M | Scene, ViewLayer | Synchronizing object | Palm.R
Fra:1 Mem:26.61M (Peak 26.61M) | Time:00:00.08 | Mem:0.00M, Peak:0.00M | Scene, ViewLayer | Synchronizing object | Ring_Mesh.R
Fra:1 Mem:26.64M (Peak 26.64M) | Time:00:00.08 | Mem:0.00M, Peak:0.00M | Scene, ViewLayer | Synchronizing object | Pinky_Mesh.R
Fra:1 Mem:26.67M (Peak 26.67M) | Time:00:00.08 | Mem:0.00M, Peak:0.00M | Scene, ViewLayer | Synchronizing object | Thumb_Mesh.R
Fra:1 Mem:26.85M (Peak 26.85M) | Time:00:00.11 | Mem:0.00M, Peak:0.00M | Scene, ViewLayer | Synchronizing object | Trousers.R
Fra:1 Mem:26.85M (Peak 26.85M) | Time:00:00.11 | Mem:0.00M, Peak:0.00M | Scene, ViewLayer | Synchronizing object | Sneaker_Sole.R
Fra:1 Mem:26.95M (Peak 26.95M) | Time:00:00.11 | Mem:0.00M, Peak:0.00M | Scene, ViewLayer | Synchronizing object | Sneaker_Upper.R
Fra:1 Mem:26.98M (Peak 26.98M) | Time:00:00.11 | Mem:0.00M, Peak:0.00M | Scene, ViewLayer | Synchronizing object | Lace_0.R
Fra:1 Mem:27.04M (Peak 27.04M) | Time:00:00.11 | Mem:0.00M, Peak:0.00M | Scene, ViewLayer | Synchronizing object | Lace_1.R
Fra:1 Mem:27.05M (Peak 27.05M) | Time:00:00.11 | Mem:0.00M, Peak:0.00M | Scene, ViewLayer | Synchronizing object | Lace_2.R
Fra:1 Mem:27.05M (Peak 27.05M) | Time:00:00.11 | Mem:0.00M, Peak:0.00M | Scene, ViewLayer | Synchronizing object | Lace_3.R
Fra:1 Mem:27.05M (Peak 27.05M) | Time:00:00.11 | Mem:0.00M, Peak:0.00M | Scene, ViewLayer | Synchronizing object | Heel_Tab.R
Fra:1 Mem:27.37M (Peak 27.37M) | Time:00:00.39 | Mem:0.00M, Peak:0.00M | Scene, ViewLayer | Synchronizing object | Face_Head
Fra:1 Mem:27.77M (Peak 27.77M) | Time:00:00.40 | Mem:0.00M, Peak:0.00M | Scene, ViewLayer | Synchronizing object | Ear.L
Fra:1 Mem:27.77M (Peak 27.77M) | Time:00:00.40 | Mem:0.00M, Peak:0.00M | Scene, ViewLayer | Synchronizing object | Ear_Fold.L
Fra:1 Mem:27.85M (Peak 27.85M) | Time:00:00.40 | Mem:0.00M, Peak:0.00M | Scene, ViewLayer | Synchronizing object | Ear.R
Fra:1 Mem:27.85M (Peak 27.85M) | Time:00:00.40 | Mem:0.00M, Peak:0.00M | Scene, ViewLayer | Synchronizing object | Ear_Fold.R
Fra:1 Mem:27.88M (Peak 27.88M) | Time:00:00.40 | Mem:0.00M, Peak:0.00M | Scene, ViewLayer | Synchronizing object | Eye_White.L
Fra:1 Mem:27.91M (Peak 27.91M) | Time:00:00.40 | Mem:0.00M, Peak:0.00M | Scene, ViewLayer | Synchronizing object | Iris_hair.L
Fra:1 Mem:27.90M (Peak 27.91M) | Time:00:00.40 | Mem:0.00M, Peak:0.00M | Scene, ViewLayer | Synchronizing object | Eye_Glint.L
Fra:1 Mem:27.90M (Peak 27.91M) | Time:00:00.40 | Mem:0.00M, Peak:0.00M | Scene, ViewLayer | Synchronizing object | Eyebrow.L
Fra:1 Mem:27.91M (Peak 27.91M) | Time:00:00.40 | Mem:0.00M, Peak:0.00M | Scene, ViewLayer | Synchronizing object | Iris_hair.R
Fra:1 Mem:27.91M (Peak 27.91M) | Time:00:00.40 | Mem:0.00M, Peak:0.00M | Scene, ViewLayer | Synchronizing object | Eye_Glint.R
Fra:1 Mem:27.92M (Peak 27.92M) | Time:00:00.40 | Mem:0.00M, Peak:0.00M | Scene, ViewLayer | Synchronizing object | Upper_Lid.R
Fra:1 Mem:27.92M (Peak 27.92M) | Time:00:00.40 | Mem:0.00M, Peak:0.00M | Scene, ViewLayer | Synchronizing object | Eyebrow.R
Fra:1 Mem:27.93M (Peak 27.93M) | Time:00:00.40 | Mem:0.00M, Peak:0.00M | Scene, ViewLayer | Synchronizing object | Nose
Fra:1 Mem:27.93M (Peak 27.93M) | Time:00:00.40 | Mem:0.00M, Peak:0.00M | Scene, ViewLayer | Synchronizing object | Mouth
Fra:1 Mem:27.94M (Peak 27.94M) | Time:00:00.40 | Mem:0.00M, Peak:0.00M | Scene, ViewLayer | Synchronizing object | Hair_Cap
Fra:1 Mem:27.94M (Peak 27.94M) | Time:00:00.40 | Mem:0.00M, Peak:0.00M | Scene, ViewLayer | Synchronizing object | Bangs_01
Fra:1 Mem:27.96M (Peak 27.96M) | Time:00:00.40 | Mem:0.00M, Peak:0.00M | Scene, ViewLayer | Synchronizing object | Bangs_02
Fra:1 Mem:27.98M (Peak 27.98M) | Time:00:00.40 | Mem:0.00M, Peak:0.00M | Scene, ViewLayer | Synchronizing object | Bangs_03
Fra:1 Mem:28.03M (Peak 28.03M) | Time:00:00.40 | Mem:0.00M, Peak:0.00M | Scene, ViewLayer | Synchronizing object | Bangs_04
Fra:1 Mem:28.03M (Peak 28.03M) | Time:00:00.40 | Mem:0.00M, Peak:0.00M | Scene, ViewLayer | Synchronizing object | Bangs_06
Fra:1 Mem:28.03M (Peak 28.03M) | Time:00:00.40 | Mem:0.00M, Peak:0.00M | Scene, ViewLayer | Synchronizing object | Bangs_07
Fra:1 Mem:28.05M (Peak 28.05M) | Time:00:00.40 | Mem:0.00M, Peak:0.00M | Scene, ViewLayer | Synchronizing object | Bangs_08
Fra:1 Mem:28.07M (Peak 28.07M) | Time:00:00.40 | Mem:0.00M, Peak:0.00M | Scene, ViewLayer | Synchronizing object | Review_Rim
Fra:1 Mem:28.07M (Peak 28.07M) | Time:00:00.40 | Mem:0.00M, Peak:0.00M | Scene, ViewLayer | Synchronizing object | Temple_1.L
Fra:1 Mem:28.07M (Peak 28.07M) | Time:00:00.40 | Mem:0.00M, Peak:0.00M | Scene, ViewLayer | Synchronizing object | Temple_2.L
Fra:1 Mem:28.08M (Peak 28.08M) | Time:00:00.40 | Mem:0.00M, Peak:0.00M | Scene, ViewLayer | Synchronizing object | Temple_3.L
Fra:1 Mem:28.11M (Peak 28.11M) | Time:00:00.40 | Mem:0.00M, Peak:0.00M | Scene, ViewLayer | Synchronizing object | Review_Key
Fra:1 Mem:28.12M (Peak 28.12M) | Time:00:00.40 | Mem:0.00M, Peak:0.00M | Scene, ViewLayer | Synchronizing object | Review_Ground
Fra:1 Mem:28.12M (Peak 28.12M) | Time:00:00.40 | Mem:0.00M, Peak:0.00M | Scene, ViewLayer | Synchronizing object | Crown_1.L
Fra:1 Mem:28.13M (Peak 28.13M) | Time:00:00.40 | Mem:0.00M, Peak:0.00M | Scene, ViewLayer | Synchronizing object | Crown_2.L
Fra:1 Mem:28.15M (Peak 28.15M) | Time:00:00.40 | Mem:0.00M, Peak:0.00M | Scene, ViewLayer | Synchronizing object | Nape_0.L
Fra:1 Mem:28.18M (Peak 28.18M) | Time:00:00.40 | Mem:0.00M, Peak:0.00M | Scene, ViewLayer | Synchronizing object | Tee_Bar
Fra:1 Mem:28.18M (Peak 28.18M) | Time:00:00.40 | Mem:0.00M, Peak:0.00M | Scene, ViewLayer | Synchronizing object | Nape_1.L
Fra:1 Mem:28.18M (Peak 28.18M) | Time:00:00.40 | Mem:0.00M, Peak:0.00M | Scene, ViewLayer | Synchronizing object | Nape_3.L
Fra:1 Mem:28.19M (Peak 28.19M) | Time:00:00.40 | Mem:0.00M, Peak:0.00M | Scene, ViewLayer | Synchronizing object | Tee_Dot_1.246
Fra:1 Mem:28.21M (Peak 28.21M) | Time:00:00.40 | Mem:0.00M, Peak:0.00M | Scene, ViewLayer | Synchronizing object | Temple_1.R
Fra:1 Mem:28.22M (Peak 28.23M) | Time:00:00.40 | Mem:0.00M, Peak:0.00M | Scene, ViewLayer | Synchronizing object | Temple_2.R
Fra:1 Mem:28.26M (Peak 28.26M) | Time:00:00.40 | Mem:0.00M, Peak:0.00M | Scene, ViewLayer | Synchronizing object | Temple_3.R
Fra:1 Mem:28.27M (Peak 28.27M) | Time:00:00.40 | Mem:0.00M, Peak:0.00M | Scene, ViewLayer | Synchronizing object | Tee_Dot_1.275
Fra:1 Mem:28.28M (Peak 28.28M) | Time:00:00.40 | Mem:0.00M, Peak:0.00M | Scene, ViewLayer | Synchronizing object | Crown_1.R
Fra:1 Mem:28.29M (Peak 28.29M) | Time:00:00.40 | Mem:0.00M, Peak:0.00M | Scene, ViewLayer | Synchronizing object | Crown_2.R
Fra:1 Mem:28.29M (Peak 28.29M) | Time:00:00.40 | Mem:0.00M, Peak:0.00M | Scene, ViewLayer | Synchronizing object | Nape_0.R
Fra:1 Mem:28.30M (Peak 28.30M) | Time:00:00.40 | Mem:0.00M, Peak:0.00M | Scene, ViewLayer | Synchronizing object | Nape_1.R
Fra:1 Mem:28.34M (Peak 28.34M) | Time:00:00.40 | Mem:0.00M, Peak:0.00M | Scene, ViewLayer | Synchronizing object | Nape_2.R
Fra:1 Mem:28.36M (Peak 28.36M) | Time:00:00.40 | Mem:0.00M, Peak:0.00M | Scene, ViewLayer | Synchronizing object | Nape_3.R
Fra:1 Mem:28.37M (Peak 28.37M) | Time:00:00.40 | Mem:0.00M, Peak:0.00M | Scene, ViewLayer | Synchronizing object | Back_Lock_3
Fra:1 Mem:28.38M (Peak 28.38M) | Time:00:00.40 | Mem:0.00M, Peak:0.00M | Scene, ViewLayer | Synchronizing object | Back_Lock_5
Fra:1 Mem:28.43M (Peak 28.43M) | Time:00:00.40 | Mem:0.00M, Peak:0.00M | Scene, ViewLayer | Initializing
Fra:1 Mem:25.06M (Peak 28.43M) | Time:00:00.40 | Mem:0.00M, Peak:0.00M | Scene, ViewLayer | Updating Images | Loading CHR001_GreyStudy_BaseColor
Fra:1 Mem:25.59M (Peak 29.06M) | Time:00:00.41 | Mem:4.00M, Peak:4.00M | Scene, ViewLayer | Waiting for render to start
Fra:1 Mem:25.59M (Peak 29.06M) | Time:00:00.41 | Mem:4.00M, Peak:4.00M | Scene, ViewLayer | Updating Scene
Fra:1 Mem:25.59M (Peak 29.06M) | Time:00:00.41 | Mem:4.00M, Peak:4.00M | Scene, ViewLayer | Updating Shaders
Fra:1 Mem:25.59M (Peak 29.06M) | Time:00:00.41 | Mem:4.00M, Peak:4.00M | Scene, ViewLayer | Loading render kernels (may take a few minutes the first time)
Fra:1 Mem:25.67M (Peak 29.06M) | Time:00:00.41 | Mem:4.00M, Peak:4.00M | Scene, ViewLayer | Updating Procedurals
Fra:1 Mem:25.67M (Peak 29.06M) | Time:00:00.41 | Mem:4.00M, Peak:4.00M | Scene, ViewLayer | Updating Background
Fra:1 Mem:25.67M (Peak 29.06M) | Time:00:00.41 | Mem:4.00M, Peak:4.00M | Scene, ViewLayer | Updating Camera
Fra:1 Mem:25.67M (Peak 29.06M) | Time:00:00.41 | Mem:4.00M, Peak:4.00M | Scene, ViewLayer | Updating Meshes Flags
Fra:1 Mem:25.67M (Peak 29.06M) | Time:00:00.41 | Mem:4.00M, Peak:4.00M | Scene, ViewLayer | Updating Objects
Fra:1 Mem:25.67M (Peak 29.06M) | Time:00:00.41 | Mem:4.00M, Peak:4.00M | Scene, ViewLayer | Updating Objects | Copying Transformations to device
Fra:1 Mem:25.70M (Peak 29.06M) | Time:00:00.41 | Mem:4.03M, Peak:4.03M | Scene, ViewLayer | Updating Particle Systems
Fra:1 Mem:25.70M (Peak 29.06M) | Time:00:00.41 | Mem:4.03M, Peak:4.03M | Scene, ViewLayer | Updating Particle Systems | Copying Particles to device
Fra:1 Mem:25.70M (Peak 29.06M) | Time:00:00.41 | Mem:4.03M, Peak:4.03M | Scene, ViewLayer | Updating Meshes
Fra:1 Mem:25.70M (Peak 29.06M) | Time:00:00.41 | Mem:4.03M, Peak:4.03M | Scene, ViewLayer | Updating Objects | Applying Static Transformations
Fra:1 Mem:25.70M (Peak 29.06M) | Time:00:00.41 | Mem:4.03M, Peak:4.03M | Scene, ViewLayer | Updating Mesh | Computing attributes
Fra:1 Mem:26.50M (Peak 29.06M) | Time:00:00.41 | Mem:4.04M, Peak:4.04M | Scene, ViewLayer | Updating Mesh | Copying Attributes to device
Fra:1 Mem:26.48M (Peak 29.06M) | Time:00:00.41 | Mem:4.81M, Peak:4.81M | Scene, ViewLayer | Updating Scene BVH | Building
Fra:1 Mem:26.49M (Peak 29.06M) | Time:00:00.41 | Mem:4.81M, Peak:4.81M | Scene, ViewLayer | Updating Scene BVH | Building BVH
Fra:1 Mem:26.49M (Peak 29.06M) | Time:00:00.41 | Mem:5.64M, Peak:5.64M | Scene, ViewLayer | Updating Scene BVH | Building BVH 0%
Fra:1 Mem:26.49M (Peak 29.06M) | Time:00:00.41 | Mem:6.54M, Peak:7.36M | Scene, ViewLayer | Updating Scene BVH | Copying BVH to device
Fra:1 Mem:26.49M (Peak 29.06M) | Time:00:00.41 | Mem:6.54M, Peak:7.36M | Scene, ViewLayer | Updating Mesh | Computing normals
Fra:1 Mem:27.22M (Peak 29.06M) | Time:00:00.41 | Mem:6.54M, Peak:7.36M | Scene, ViewLayer | Updating Mesh | Copying Mesh to device
Fra:1 Mem:27.22M (Peak 29.06M) | Time:00:00.41 | Mem:7.27M, Peak:7.36M | Scene, ViewLayer | Updating Objects Flags
Fra:1 Mem:27.22M (Peak 29.06M) | Time:00:00.41 | Mem:7.27M, Peak:7.36M | Scene, ViewLayer | Updating Primitive Offsets
Fra:1 Mem:27.22M (Peak 29.06M) | Time:00:00.41 | Mem:7.27M, Peak:7.36M | Scene, ViewLayer | Updating Images
Fra:1 Mem:27.22M (Peak 29.06M) | Time:00:00.41 | Mem:7.27M, Peak:7.36M | Scene, ViewLayer | Updating Camera Volume
Fra:1 Mem:27.22M (Peak 29.06M) | Time:00:00.41 | Mem:7.27M, Peak:7.36M | Scene, ViewLayer | Updating Lookup Tables
Fra:1 Mem:27.22M (Peak 29.06M) | Time:00:00.41 | Mem:7.35M, Peak:7.36M | Scene, ViewLayer | Updating Lights
Fra:1 Mem:27.22M (Peak 29.06M) | Time:00:00.41 | Mem:7.35M, Peak:7.36M | Scene, ViewLayer | Updating Lights | Computing tree
Fra:1 Mem:27.22M (Peak 29.06M) | Time:00:00.41 | Mem:7.36M, Peak:7.36M | Scene, ViewLayer | Updating Integrator
Fra:1 Mem:27.22M (Peak 29.06M) | Time:00:00.41 | Mem:7.36M, Peak:7.36M | Scene, ViewLayer | Updating Film
Fra:1 Mem:27.23M (Peak 29.06M) | Time:00:00.41 | Mem:7.27M, Peak:7.36M | Scene, ViewLayer | Updating Lookup Tables
Fra:1 Mem:27.23M (Peak 29.06M) | Time:00:00.41 | Mem:7.36M, Peak:7.36M | Scene, ViewLayer | Updating Baking
Fra:1 Mem:27.23M (Peak 29.06M) | Time:00:00.41 | Mem:7.36M, Peak:7.36M | Scene, ViewLayer | Updating Device | Writing constant memory
Fra:1 Mem:27.23M (Peak 29.06M) | Time:00:00.41 | Mem:7.36M, Peak:7.36M | Scene, ViewLayer | Loading denoising kernels (may take a few minutes the first time)
Fra:1 Mem:27.23M (Peak 29.06M) | Time:00:00.41 | Mem:7.36M, Peak:7.36M | Scene, ViewLayer | Sample 0/24
Fra:1 Mem:77.41M (Peak 77.41M) | Time:00:00.57 | Remaining:00:03.64 | Mem:57.47M, Peak:57.47M | Scene, ViewLayer | Sample 1/24
Fra:1 Mem:98.51M (Peak 130.15M) | Time:00:06.06 | Mem:57.47M, Peak:57.47M | Scene, ViewLayer | Sample 24/24
Fra:1 Mem:98.51M (Peak 130.15M) | Time:00:06.06 | Mem:57.47M, Peak:57.47M | Scene, ViewLayer | Finished
Saved: '/home/lzzz/MyProjects/N-SIDE/output/characters/CHR-001/model-r1/back.png'
Time: 00:06.10 (Saving: 00:00.04)

Fra:8 Mem:24.01M (Peak 24.01M) | Time:00:00.00 | Mem:0.00M, Peak:0.00M | Scene, ViewLayer | Synchronizing object | Neck
Fra:8 Mem:24.13M (Peak 24.13M) | Time:00:00.00 | Mem:0.00M, Peak:0.00M | Scene, ViewLayer | Synchronizing object | TShirt
Fra:8 Mem:24.29M (Peak 24.29M) | Time:00:00.00 | Mem:0.00M, Peak:0.00M | Scene, ViewLayer | Synchronizing object | TShirt_Collar
Fra:8 Mem:24.57M (Peak 24.57M) | Time:00:00.01 | Mem:0.00M, Peak:0.00M | Scene, ViewLayer | Synchronizing object | Jacket_Body
Fra:8 Mem:24.58M (Peak 24.58M) | Time:00:00.01 | Mem:0.00M, Peak:0.00M | Scene, ViewLayer | Synchronizing object | Hood
Fra:8 Mem:25.09M (Peak 25.09M) | Time:00:00.03 | Mem:0.00M, Peak:0.00M | Scene, ViewLayer | Synchronizing object | Sleeve.L
Fra:8 Mem:25.09M (Peak 25.09M) | Time:00:00.03 | Mem:0.00M, Peak:0.00M | Scene, ViewLayer | Synchronizing object | Sleeve_Cuff.L
Fra:8 Mem:25.14M (Peak 25.14M) | Time:00:00.03 | Mem:0.00M, Peak:0.00M | Scene, ViewLayer | Synchronizing object | Zip_Tape.L
Fra:8 Mem:25.17M (Peak 25.17M) | Time:00:00.03 | Mem:0.00M, Peak:0.00M | Scene, ViewLayer | Synchronizing object | Hood_Cord.L
Fra:8 Mem:25.28M (Peak 25.28M) | Time:00:00.03 | Mem:0.00M, Peak:0.00M | Scene, ViewLayer | Synchronizing object | Palm.L
Fra:8 Mem:25.28M (Peak 25.28M) | Time:00:00.03 | Mem:0.00M, Peak:0.00M | Scene, ViewLayer | Synchronizing object | Index_Mesh.L
Fra:8 Mem:25.31M (Peak 25.31M) | Time:00:00.03 | Mem:0.00M, Peak:0.00M | Scene, ViewLayer | Synchronizing object | Ring_Mesh.L
Fra:8 Mem:25.34M (Peak 25.34M) | Time:00:00.03 | Mem:0.00M, Peak:0.00M | Scene, ViewLayer | Synchronizing object | Pinky_Mesh.L
Fra:8 Mem:25.35M (Peak 25.35M) | Time:00:00.03 | Mem:0.00M, Peak:0.00M | Scene, ViewLayer | Synchronizing object | Thumb_Mesh.L
Fra:8 Mem:25.51M (Peak 25.51M) | Time:00:00.06 | Mem:0.00M, Peak:0.00M | Scene, ViewLayer | Synchronizing object | Trousers.L
Fra:8 Mem:25.51M (Peak 25.51M) | Time:00:00.06 | Mem:0.00M, Peak:0.00M | Scene, ViewLayer | Synchronizing object | Sneaker_Upper.L
Fra:8 Mem:25.58M (Peak 25.58M) | Time:00:00.06 | Mem:0.00M, Peak:0.00M | Scene, ViewLayer | Synchronizing object | Sock.L
Fra:8 Mem:25.62M (Peak 25.62M) | Time:00:00.06 | Mem:0.00M, Peak:0.00M | Scene, ViewLayer | Synchronizing object | Lace_0.L
Fra:8 Mem:25.66M (Peak 25.66M) | Time:00:00.06 | Mem:0.00M, Peak:0.00M | Scene, ViewLayer | Synchronizing object | Lace_1.L
Fra:8 Mem:25.68M (Peak 25.68M) | Time:00:00.06 | Mem:0.00M, Peak:0.00M | Scene, ViewLayer | Synchronizing object | Lace_3.L
Fra:8 Mem:25.72M (Peak 25.72M) | Time:00:00.06 | Mem:0.00M, Peak:0.00M | Scene, ViewLayer | Synchronizing object | Heel_Tab.L
Fra:8 Mem:25.89M (Peak 25.89M) | Time:00:00.07 | Mem:0.00M, Peak:0.00M | Scene, ViewLayer | Synchronizing object | Sleeve.R
Fra:8 Mem:25.89M (Peak 25.89M) | Time:00:00.07 | Mem:0.00M, Peak:0.00M | Scene, ViewLayer | Synchronizing object | Hood_Cord.R
Fra:8 Mem:26.07M (Peak 26.07M) | Time:00:00.08 | Mem:0.00M, Peak:0.00M | Scene, ViewLayer | Synchronizing object | Palm.R
Fra:8 Mem:26.08M (Peak 26.08M) | Time:00:00.08 | Mem:0.00M, Peak:0.00M | Scene, ViewLayer | Synchronizing object | Index_Mesh.R
Fra:8 Mem:26.11M (Peak 26.11M) | Time:00:00.08 | Mem:0.00M, Peak:0.00M | Scene, ViewLayer | Synchronizing object | Ring_Mesh.R
Fra:8 Mem:26.14M (Peak 26.14M) | Time:00:00.08 | Mem:0.00M, Peak:0.00M | Scene, ViewLayer | Synchronizing object | Pinky_Mesh.R
Fra:8 Mem:26.16M (Peak 26.16M) | Time:00:00.08 | Mem:0.00M, Peak:0.00M | Scene, ViewLayer | Synchronizing object | Thumb_Mesh.R
Fra:8 Mem:26.31M (Peak 26.31M) | Time:00:00.11 | Mem:0.00M, Peak:0.00M | Scene, ViewLayer | Synchronizing object | Trousers.R
Fra:8 Mem:26.31M (Peak 26.31M) | Time:00:00.11 | Mem:0.00M, Peak:0.00M | Scene, ViewLayer | Synchronizing object | Sneaker_Sole.R
Fra:8 Mem:26.39M (Peak 26.39M) | Time:00:00.11 | Mem:0.00M, Peak:0.00M | Scene, ViewLayer | Synchronizing object | Sneaker_Upper.R
Fra:8 Mem:26.45M (Peak 26.45M) | Time:00:00.11 | Mem:0.00M, Peak:0.00M | Scene, ViewLayer | Synchronizing object | Sock.R
Fra:8 Mem:26.46M (Peak 26.46M) | Time:00:00.11 | Mem:0.00M, Peak:0.00M | Scene, ViewLayer | Synchronizing object | Lace_0.R
Fra:8 Mem:26.50M (Peak 26.50M) | Time:00:00.11 | Mem:0.00M, Peak:0.00M | Scene, ViewLayer | Synchronizing object | Lace_1.R
Fra:8 Mem:26.51M (Peak 26.51M) | Time:00:00.11 | Mem:0.00M, Peak:0.00M | Scene, ViewLayer | Synchronizing object | Lace_3.R
Fra:8 Mem:26.51M (Peak 26.51M) | Time:00:00.11 | Mem:0.00M, Peak:0.00M | Scene, ViewLayer | Synchronizing object | Heel_Tab.R
Fra:8 Mem:26.83M (Peak 26.83M) | Time:00:00.40 | Mem:0.00M, Peak:0.00M | Scene, ViewLayer | Synchronizing object | Face_Head
Fra:8 Mem:27.23M (Peak 27.23M) | Time:00:00.40 | Mem:0.00M, Peak:0.00M | Scene, ViewLayer | Synchronizing object | Ear.L
Fra:8 Mem:27.23M (Peak 27.23M) | Time:00:00.40 | Mem:0.00M, Peak:0.00M | Scene, ViewLayer | Synchronizing object | Ear_Fold.L
Fra:8 Mem:27.31M (Peak 27.31M) | Time:00:00.41 | Mem:0.00M, Peak:0.00M | Scene, ViewLayer | Synchronizing object | Ear.R
Fra:8 Mem:27.31M (Peak 27.31M) | Time:00:00.41 | Mem:0.00M, Peak:0.00M | Scene, ViewLayer | Synchronizing object | Eye_White.L
Fra:8 Mem:27.33M (Peak 27.33M) | Time:00:00.41 | Mem:0.00M, Peak:0.00M | Scene, ViewLayer | Synchronizing object | Iris_ink.L
Fra:8 Mem:27.34M (Peak 27.34M) | Time:00:00.41 | Mem:0.00M, Peak:0.00M | Scene, ViewLayer | Synchronizing object | Eye_Glint.L
Fra:8 Mem:27.34M (Peak 27.34M) | Time:00:00.41 | Mem:0.00M, Peak:0.00M | Scene, ViewLayer | Synchronizing object | Upper_Lid.L
Fra:8 Mem:27.36M (Peak 27.36M) | Time:00:00.41 | Mem:0.00M, Peak:0.00M | Scene, ViewLayer | Synchronizing object | Eyebrow.L
Fra:8 Mem:27.37M (Peak 27.37M) | Time:00:00.41 | Mem:0.00M, Peak:0.00M | Scene, ViewLayer | Synchronizing object | Eye_White.R
Fra:8 Mem:27.39M (Peak 27.39M) | Time:00:00.41 | Mem:0.00M, Peak:0.00M | Scene, ViewLayer | Synchronizing object | Iris_ink.R
Fra:8 Mem:27.37M (Peak 27.39M) | Time:00:00.41 | Mem:0.00M, Peak:0.00M | Scene, ViewLayer | Synchronizing object | Eye_Glint.R
Fra:8 Mem:27.39M (Peak 27.39M) | Time:00:00.41 | Mem:0.00M, Peak:0.00M | Scene, ViewLayer | Synchronizing object | Upper_Lid.R
Fra:8 Mem:27.38M (Peak 27.39M) | Time:00:00.41 | Mem:0.00M, Peak:0.00M | Scene, ViewLayer | Synchronizing object | Eyebrow.R
Fra:8 Mem:27.39M (Peak 27.39M) | Time:00:00.41 | Mem:0.00M, Peak:0.00M | Scene, ViewLayer | Synchronizing object | Nose
Fra:8 Mem:27.39M (Peak 27.39M) | Time:00:00.41 | Mem:0.00M, Peak:0.00M | Scene, ViewLayer | Synchronizing object | Hair_Cap
Fra:8 Mem:27.42M (Peak 27.42M) | Time:00:00.41 | Mem:0.00M, Peak:0.00M | Scene, ViewLayer | Synchronizing object | Bangs_01
Fra:8 Mem:27.43M (Peak 27.43M) | Time:00:00.41 | Mem:0.00M, Peak:0.00M | Scene, ViewLayer | Synchronizing object | Bangs_02
Fra:8 Mem:27.45M (Peak 27.45M) | Time:00:00.41 | Mem:0.00M, Peak:0.00M | Scene, ViewLayer | Synchronizing object | Bangs_03
Fra:8 Mem:27.48M (Peak 27.48M) | Time:00:00.41 | Mem:0.00M, Peak:0.00M | Scene, ViewLayer | Synchronizing object | Bangs_04
Fra:8 Mem:27.49M (Peak 27.49M) | Time:00:00.41 | Mem:0.00M, Peak:0.00M | Scene, ViewLayer | Synchronizing object | Bangs_05
Fra:8 Mem:27.50M (Peak 27.50M) | Time:00:00.41 | Mem:0.00M, Peak:0.00M | Scene, ViewLayer | Synchronizing object | Bangs_06
Fra:8 Mem:27.51M (Peak 27.51M) | Time:00:00.41 | Mem:0.00M, Peak:0.00M | Scene, ViewLayer | Synchronizing object | Bangs_08
Fra:8 Mem:27.52M (Peak 27.52M) | Time:00:00.41 | Mem:0.00M, Peak:0.00M | Scene, ViewLayer | Synchronizing object | Review_Rim
Fra:8 Mem:27.53M (Peak 27.53M) | Time:00:00.41 | Mem:0.00M, Peak:0.00M | Scene, ViewLayer | Synchronizing object | Temple_1.L
Fra:8 Mem:27.54M (Peak 27.54M) | Time:00:00.41 | Mem:0.00M, Peak:0.00M | Scene, ViewLayer | Synchronizing object | Review_Fill
Fra:8 Mem:27.54M (Peak 27.54M) | Time:00:00.41 | Mem:0.00M, Peak:0.00M | Scene, ViewLayer | Synchronizing object | Temple_3.L
Fra:8 Mem:27.56M (Peak 27.56M) | Time:00:00.41 | Mem:0.00M, Peak:0.00M | Scene, ViewLayer | Synchronizing object | Temple_4.L
Fra:8 Mem:27.59M (Peak 27.59M) | Time:00:00.41 | Mem:0.00M, Peak:0.00M | Scene, ViewLayer | Synchronizing object | Crown_0.L
Fra:8 Mem:27.61M (Peak 27.61M) | Time:00:00.41 | Mem:0.00M, Peak:0.00M | Scene, ViewLayer | Synchronizing object | Crown_1.L
Fra:8 Mem:27.62M (Peak 27.62M) | Time:00:00.41 | Mem:0.00M, Peak:0.00M | Scene, ViewLayer | Synchronizing object | Nape_0.L
Fra:8 Mem:27.63M (Peak 27.63M) | Time:00:00.41 | Mem:0.00M, Peak:0.00M | Scene, ViewLayer | Synchronizing object | Nape_1.L
Fra:8 Mem:27.65M (Peak 27.65M) | Time:00:00.41 | Mem:0.00M, Peak:0.00M | Scene, ViewLayer | Synchronizing object | Nape_2.L
Fra:8 Mem:27.66M (Peak 27.66M) | Time:00:00.41 | Mem:0.00M, Peak:0.00M | Scene, ViewLayer | Synchronizing object | Review_Ground
Fra:8 Mem:27.68M (Peak 27.68M) | Time:00:00.41 | Mem:0.00M, Peak:0.00M | Scene, ViewLayer | Synchronizing object | Nape_3.L
Fra:8 Mem:27.68M (Peak 27.68M) | Time:00:00.41 | Mem:0.00M, Peak:0.00M | Scene, ViewLayer | Synchronizing object | Tee_Bar
Fra:8 Mem:27.68M (Peak 27.68M) | Time:00:00.41 | Mem:0.00M, Peak:0.00M | Scene, ViewLayer | Synchronizing object | Temple_3.R
Fra:8 Mem:27.70M (Peak 27.70M) | Time:00:00.41 | Mem:0.00M, Peak:0.00M | Scene, ViewLayer | Synchronizing object | Tee_Dot_1.246
Fra:8 Mem:27.71M (Peak 27.71M) | Time:00:00.41 | Mem:0.00M, Peak:0.00M | Scene, ViewLayer | Synchronizing object | Temple_4.R
Fra:8 Mem:27.72M (Peak 27.72M) | Time:00:00.41 | Mem:0.00M, Peak:0.00M | Scene, ViewLayer | Synchronizing object | Tee_Dot_1.275
Fra:8 Mem:27.73M (Peak 27.73M) | Time:00:00.41 | Mem:0.00M, Peak:0.00M | Scene, ViewLayer | Synchronizing object | Crown_0.R
Fra:8 Mem:27.74M (Peak 27.74M) | Time:00:00.41 | Mem:0.00M, Peak:0.00M | Scene, ViewLayer | Synchronizing object | Crown_1.R
Fra:8 Mem:27.76M (Peak 27.76M) | Time:00:00.41 | Mem:0.00M, Peak:0.00M | Scene, ViewLayer | Synchronizing object | Nape_0.R
Fra:8 Mem:27.76M (Peak 27.76M) | Time:00:00.41 | Mem:0.00M, Peak:0.00M | Scene, ViewLayer | Synchronizing object | Nape_1.R
Fra:8 Mem:27.78M (Peak 27.78M) | Time:00:00.41 | Mem:0.00M, Peak:0.00M | Scene, ViewLayer | Synchronizing object | Nape_2.R
Fra:8 Mem:27.80M (Peak 27.80M) | Time:00:00.41 | Mem:0.00M, Peak:0.00M | Scene, ViewLayer | Synchronizing object | Back_Lock_5
Fra:8 Mem:27.82M (Peak 27.82M) | Time:00:00.41 | Mem:0.00M, Peak:0.00M | Scene, ViewLayer | Synchronizing object | Nape_3.R
Fra:8 Mem:27.84M (Peak 27.84M) | Time:00:00.41 | Mem:0.00M, Peak:0.00M | Scene, ViewLayer | Synchronizing object | Back_Lock_4
Fra:8 Mem:27.89M (Peak 27.89M) | Time:00:00.41 | Mem:0.00M, Peak:0.00M | Scene, ViewLayer | Initializing
Fra:8 Mem:24.52M (Peak 27.89M) | Time:00:00.41 | Mem:0.00M, Peak:0.00M | Scene, ViewLayer | Updating Images | Loading CHR001_GreyStudy_BaseColor
Fra:8 Mem:25.32M (Peak 28.52M) | Time:00:00.41 | Mem:4.00M, Peak:4.00M | Scene, ViewLayer | Waiting for render to start
Fra:8 Mem:25.32M (Peak 28.52M) | Time:00:00.41 | Mem:4.00M, Peak:4.00M | Scene, ViewLayer | Updating Scene
Fra:8 Mem:25.32M (Peak 28.52M) | Time:00:00.41 | Mem:4.00M, Peak:4.00M | Scene, ViewLayer | Updating Shaders
Fra:8 Mem:25.32M (Peak 28.52M) | Time:00:00.41 | Mem:4.00M, Peak:4.00M | Scene, ViewLayer | Loading render kernels (may take a few minutes the first time)
Fra:8 Mem:25.40M (Peak 28.52M) | Time:00:00.41 | Mem:4.00M, Peak:4.00M | Scene, ViewLayer | Updating Procedurals
Fra:8 Mem:25.40M (Peak 28.52M) | Time:00:00.41 | Mem:4.00M, Peak:4.00M | Scene, ViewLayer | Updating Background
Fra:8 Mem:25.40M (Peak 28.52M) | Time:00:00.41 | Mem:4.00M, Peak:4.00M | Scene, ViewLayer | Updating Camera
Fra:8 Mem:25.40M (Peak 28.52M) | Time:00:00.41 | Mem:4.00M, Peak:4.00M | Scene, ViewLayer | Updating Meshes Flags
Fra:8 Mem:25.40M (Peak 28.52M) | Time:00:00.41 | Mem:4.00M, Peak:4.00M | Scene, ViewLayer | Updating Objects
Fra:8 Mem:25.40M (Peak 28.52M) | Time:00:00.41 | Mem:4.00M, Peak:4.00M | Scene, ViewLayer | Updating Objects | Copying Transformations to device
Fra:8 Mem:25.43M (Peak 28.52M) | Time:00:00.41 | Mem:4.03M, Peak:4.03M | Scene, ViewLayer | Updating Particle Systems
Fra:8 Mem:25.43M (Peak 28.52M) | Time:00:00.41 | Mem:4.03M, Peak:4.03M | Scene, ViewLayer | Updating Particle Systems | Copying Particles to device
Fra:8 Mem:25.43M (Peak 28.52M) | Time:00:00.41 | Mem:4.03M, Peak:4.03M | Scene, ViewLayer | Updating Meshes
Fra:8 Mem:25.43M (Peak 28.52M) | Time:00:00.41 | Mem:4.03M, Peak:4.03M | Scene, ViewLayer | Updating Objects | Applying Static Transformations
Fra:8 Mem:25.43M (Peak 28.52M) | Time:00:00.41 | Mem:4.03M, Peak:4.03M | Scene, ViewLayer | Updating Mesh | Computing attributes
Fra:8 Mem:26.23M (Peak 28.52M) | Time:00:00.41 | Mem:4.04M, Peak:4.04M | Scene, ViewLayer | Updating Mesh | Copying Attributes to device
Fra:8 Mem:26.21M (Peak 28.52M) | Time:00:00.41 | Mem:4.81M, Peak:4.81M | Scene, ViewLayer | Updating Scene BVH | Building
Fra:8 Mem:26.22M (Peak 28.52M) | Time:00:00.41 | Mem:4.81M, Peak:4.81M | Scene, ViewLayer | Updating Scene BVH | Building BVH
Fra:8 Mem:26.22M (Peak 28.52M) | Time:00:00.41 | Mem:5.64M, Peak:5.64M | Scene, ViewLayer | Updating Scene BVH | Building BVH 0%
Fra:8 Mem:26.22M (Peak 28.52M) | Time:00:00.41 | Mem:6.54M, Peak:7.36M | Scene, ViewLayer | Updating Scene BVH | Copying BVH to device
Fra:8 Mem:26.22M (Peak 28.52M) | Time:00:00.41 | Mem:6.54M, Peak:7.36M | Scene, ViewLayer | Updating Mesh | Computing normals
Fra:8 Mem:26.95M (Peak 28.52M) | Time:00:00.41 | Mem:6.54M, Peak:7.36M | Scene, ViewLayer | Updating Mesh | Copying Mesh to device
Fra:8 Mem:26.95M (Peak 28.52M) | Time:00:00.41 | Mem:7.27M, Peak:7.36M | Scene, ViewLayer | Updating Objects Flags
Fra:8 Mem:26.95M (Peak 28.52M) | Time:00:00.41 | Mem:7.27M, Peak:7.36M | Scene, ViewLayer | Updating Primitive Offsets
Fra:8 Mem:26.95M (Peak 28.52M) | Time:00:00.41 | Mem:7.27M, Peak:7.36M | Scene, ViewLayer | Updating Images
Fra:8 Mem:26.95M (Peak 28.52M) | Time:00:00.41 | Mem:7.27M, Peak:7.36M | Scene, ViewLayer | Updating Camera Volume
Fra:8 Mem:26.95M (Peak 28.52M) | Time:00:00.41 | Mem:7.27M, Peak:7.36M | Scene, ViewLayer | Updating Lookup Tables
Fra:8 Mem:26.95M (Peak 28.52M) | Time:00:00.41 | Mem:7.35M, Peak:7.36M | Scene, ViewLayer | Updating Lights
Fra:8 Mem:26.95M (Peak 28.52M) | Time:00:00.41 | Mem:7.35M, Peak:7.36M | Scene, ViewLayer | Updating Lights | Computing tree
Fra:8 Mem:26.95M (Peak 28.52M) | Time:00:00.41 | Mem:7.36M, Peak:7.36M | Scene, ViewLayer | Updating Integrator
Fra:8 Mem:26.95M (Peak 28.52M) | Time:00:00.41 | Mem:7.36M, Peak:7.36M | Scene, ViewLayer | Updating Film
Fra:8 Mem:26.96M (Peak 28.52M) | Time:00:00.41 | Mem:7.27M, Peak:7.36M | Scene, ViewLayer | Updating Lookup Tables
Fra:8 Mem:26.96M (Peak 28.52M) | Time:00:00.41 | Mem:7.36M, Peak:7.36M | Scene, ViewLayer | Updating Baking
Fra:8 Mem:26.96M (Peak 28.52M) | Time:00:00.41 | Mem:7.36M, Peak:7.36M | Scene, ViewLayer | Updating Device | Writing constant memory
Fra:8 Mem:26.96M (Peak 28.52M) | Time:00:00.41 | Mem:7.36M, Peak:7.36M | Scene, ViewLayer | Loading denoising kernels (may take a few minutes the first time)
Fra:8 Mem:26.96M (Peak 28.52M) | Time:00:00.41 | Mem:7.36M, Peak:7.36M | Scene, ViewLayer | Sample 0/24
Fra:8 Mem:77.14M (Peak 77.14M) | Time:00:00.57 | Remaining:00:03.54 | Mem:57.47M, Peak:57.47M | Scene, ViewLayer | Sample 1/24
Fra:8 Mem:98.24M (Peak 129.88M) | Time:00:05.98 | Mem:57.47M, Peak:57.47M | Scene, ViewLayer | Sample 24/24
Fra:8 Mem:98.24M (Peak 129.88M) | Time:00:05.98 | Mem:57.47M, Peak:57.47M | Scene, ViewLayer | Finished
Saved: '/home/lzzz/MyProjects/N-SIDE/output/characters/CHR-001/model-r1/walk-contact.png'
Time: 00:06.02 (Saving: 00:00.03)

Fra:6 Mem:23.83M (Peak 23.83M) | Time:00:00.00 | Mem:0.00M, Peak:0.00M | Scene, ViewLayer | Synchronizing object | Neck
Fra:6 Mem:23.95M (Peak 23.95M) | Time:00:00.00 | Mem:0.00M, Peak:0.00M | Scene, ViewLayer | Synchronizing object | TShirt
Fra:6 Mem:24.11M (Peak 24.11M) | Time:00:00.00 | Mem:0.00M, Peak:0.00M | Scene, ViewLayer | Synchronizing object | TShirt_Collar
Fra:6 Mem:24.39M (Peak 24.39M) | Time:00:00.01 | Mem:0.00M, Peak:0.00M | Scene, ViewLayer | Synchronizing object | Jacket_Body
Fra:6 Mem:24.40M (Peak 24.40M) | Time:00:00.01 | Mem:0.00M, Peak:0.00M | Scene, ViewLayer | Synchronizing object | Hood
Fra:6 Mem:24.91M (Peak 24.91M) | Time:00:00.03 | Mem:0.00M, Peak:0.00M | Scene, ViewLayer | Synchronizing object | Sleeve.L
Fra:6 Mem:24.91M (Peak 24.91M) | Time:00:00.03 | Mem:0.00M, Peak:0.00M | Scene, ViewLayer | Synchronizing object | Zip_Tape.L
Fra:6 Mem:24.96M (Peak 24.96M) | Time:00:00.03 | Mem:0.00M, Peak:0.00M | Scene, ViewLayer | Synchronizing object | Hood_Cord.L
Fra:6 Mem:25.10M (Peak 25.10M) | Time:00:00.03 | Mem:0.00M, Peak:0.00M | Scene, ViewLayer | Synchronizing object | Palm.L
Fra:6 Mem:25.10M (Peak 25.10M) | Time:00:00.03 | Mem:0.00M, Peak:0.00M | Scene, ViewLayer | Synchronizing object | Index_Mesh.L
Fra:6 Mem:25.13M (Peak 25.13M) | Time:00:00.03 | Mem:0.00M, Peak:0.00M | Scene, ViewLayer | Synchronizing object | Pinky_Mesh.L
Fra:6 Mem:25.15M (Peak 25.15M) | Time:00:00.03 | Mem:0.00M, Peak:0.00M | Scene, ViewLayer | Synchronizing object | Thumb_Mesh.L
Fra:6 Mem:25.33M (Peak 25.33M) | Time:00:00.06 | Mem:0.00M, Peak:0.00M | Scene, ViewLayer | Synchronizing object | Trousers.L
Fra:6 Mem:25.33M (Peak 25.33M) | Time:00:00.06 | Mem:0.00M, Peak:0.00M | Scene, ViewLayer | Synchronizing object | Sneaker_Sole.L
Fra:6 Mem:25.41M (Peak 25.41M) | Time:00:00.06 | Mem:0.00M, Peak:0.00M | Scene, ViewLayer | Synchronizing object | Sneaker_Upper.L
Fra:6 Mem:25.47M (Peak 25.47M) | Time:00:00.06 | Mem:0.00M, Peak:0.00M | Scene, ViewLayer | Synchronizing object | Lace_0.L
Fra:6 Mem:25.51M (Peak 25.51M) | Time:00:00.06 | Mem:0.00M, Peak:0.00M | Scene, ViewLayer | Synchronizing object | Lace_1.L
Fra:6 Mem:25.52M (Peak 25.52M) | Time:00:00.06 | Mem:0.00M, Peak:0.00M | Scene, ViewLayer | Synchronizing object | Lace_2.L
Fra:6 Mem:25.54M (Peak 25.54M) | Time:00:00.06 | Mem:0.00M, Peak:0.00M | Scene, ViewLayer | Synchronizing object | Lace_3.L
Fra:6 Mem:25.53M (Peak 25.54M) | Time:00:00.06 | Mem:0.00M, Peak:0.00M | Scene, ViewLayer | Synchronizing object | Heel_Tab.L
Fra:6 Mem:25.71M (Peak 25.71M) | Time:00:00.07 | Mem:0.00M, Peak:0.00M | Scene, ViewLayer | Synchronizing object | Sleeve.R
Fra:6 Mem:25.72M (Peak 25.72M) | Time:00:00.07 | Mem:0.00M, Peak:0.00M | Scene, ViewLayer | Synchronizing object | Sleeve_Cuff.R
Fra:6 Mem:25.79M (Peak 25.79M) | Time:00:00.07 | Mem:0.00M, Peak:0.00M | Scene, ViewLayer | Synchronizing object | Hood_Cord.R
Fra:6 Mem:25.89M (Peak 25.89M) | Time:00:00.08 | Mem:0.00M, Peak:0.00M | Scene, ViewLayer | Synchronizing object | Palm.R
Fra:6 Mem:25.90M (Peak 25.90M) | Time:00:00.08 | Mem:0.00M, Peak:0.00M | Scene, ViewLayer | Synchronizing object | Index_Mesh.R
Fra:6 Mem:25.91M (Peak 25.91M) | Time:00:00.08 | Mem:0.00M, Peak:0.00M | Scene, ViewLayer | Synchronizing object | Ring_Mesh.R
Fra:6 Mem:25.94M (Peak 25.94M) | Time:00:00.08 | Mem:0.00M, Peak:0.00M | Scene, ViewLayer | Synchronizing object | Pinky_Mesh.R
Fra:6 Mem:25.95M (Peak 25.95M) | Time:00:00.08 | Mem:0.00M, Peak:0.00M | Scene, ViewLayer | Synchronizing object | Thumb_Mesh.R
Fra:6 Mem:26.13M (Peak 26.13M) | Time:00:00.11 | Mem:0.00M, Peak:0.00M | Scene, ViewLayer | Synchronizing object | Trousers.R
Fra:6 Mem:26.16M (Peak 26.16M) | Time:00:00.11 | Mem:0.00M, Peak:0.00M | Scene, ViewLayer | Synchronizing object | Sneaker_Sole.R
Fra:6 Mem:26.21M (Peak 26.21M) | Time:00:00.11 | Mem:0.00M, Peak:0.00M | Scene, ViewLayer | Synchronizing object | Sock.R
Fra:6 Mem:26.32M (Peak 26.32M) | Time:00:00.11 | Mem:0.00M, Peak:0.00M | Scene, ViewLayer | Synchronizing object | Lace_0.R
Fra:6 Mem:26.33M (Peak 26.33M) | Time:00:00.11 | Mem:0.00M, Peak:0.00M | Scene, ViewLayer | Synchronizing object | Lace_1.R
Fra:6 Mem:26.33M (Peak 26.33M) | Time:00:00.11 | Mem:0.00M, Peak:0.00M | Scene, ViewLayer | Synchronizing object | Lace_3.R
Fra:6 Mem:26.33M (Peak 26.33M) | Time:00:00.11 | Mem:0.00M, Peak:0.00M | Scene, ViewLayer | Synchronizing object | Heel_Tab.R
Fra:6 Mem:26.65M (Peak 26.65M) | Time:00:00.40 | Mem:0.00M, Peak:0.00M | Scene, ViewLayer | Synchronizing object | Face_Head
Fra:6 Mem:27.05M (Peak 27.05M) | Time:00:00.40 | Mem:0.00M, Peak:0.00M | Scene, ViewLayer | Synchronizing object | Ear.L
Fra:6 Mem:27.05M (Peak 27.05M) | Time:00:00.40 | Mem:0.00M, Peak:0.00M | Scene, ViewLayer | Synchronizing object | Ear_Fold.L
Fra:6 Mem:27.13M (Peak 27.13M) | Time:00:00.40 | Mem:0.00M, Peak:0.00M | Scene, ViewLayer | Synchronizing object | Ear.R
Fra:6 Mem:27.13M (Peak 27.13M) | Time:00:00.40 | Mem:0.00M, Peak:0.00M | Scene, ViewLayer | Synchronizing object | Eye_White.L
Fra:6 Mem:27.16M (Peak 27.16M) | Time:00:00.40 | Mem:0.00M, Peak:0.00M | Scene, ViewLayer | Synchronizing object | Iris_ink.L
Fra:6 Mem:27.18M (Peak 27.18M) | Time:00:00.40 | Mem:0.00M, Peak:0.00M | Scene, ViewLayer | Synchronizing object | Eye_Glint.L
Fra:6 Mem:27.19M (Peak 27.19M) | Time:00:00.40 | Mem:0.00M, Peak:0.00M | Scene, ViewLayer | Synchronizing object | Upper_Lid.L
Fra:6 Mem:27.19M (Peak 27.19M) | Time:00:00.40 | Mem:0.00M, Peak:0.00M | Scene, ViewLayer | Synchronizing object | Iris_hair.R
Fra:6 Mem:27.21M (Peak 27.21M) | Time:00:00.40 | Mem:0.00M, Peak:0.00M | Scene, ViewLayer | Synchronizing object | Iris_ink.R
Fra:6 Mem:27.20M (Peak 27.21M) | Time:00:00.40 | Mem:0.00M, Peak:0.00M | Scene, ViewLayer | Synchronizing object | Eye_Glint.R
Fra:6 Mem:27.20M (Peak 27.21M) | Time:00:00.40 | Mem:0.00M, Peak:0.00M | Scene, ViewLayer | Synchronizing object | Upper_Lid.R
Fra:6 Mem:27.20M (Peak 27.21M) | Time:00:00.40 | Mem:0.00M, Peak:0.00M | Scene, ViewLayer | Synchronizing object | Eyebrow.R
Fra:6 Mem:27.23M (Peak 27.23M) | Time:00:00.40 | Mem:0.00M, Peak:0.00M | Scene, ViewLayer | Synchronizing object | Nose
Fra:6 Mem:27.21M (Peak 27.23M) | Time:00:00.40 | Mem:0.00M, Peak:0.00M | Scene, ViewLayer | Synchronizing object | Hair_Cap
Fra:6 Mem:27.22M (Peak 27.23M) | Time:00:00.40 | Mem:0.00M, Peak:0.00M | Scene, ViewLayer | Synchronizing object | Bangs_00
Fra:6 Mem:27.24M (Peak 27.24M) | Time:00:00.40 | Mem:0.00M, Peak:0.00M | Scene, ViewLayer | Synchronizing object | Bangs_02
Fra:6 Mem:27.28M (Peak 27.28M) | Time:00:00.40 | Mem:0.00M, Peak:0.00M | Scene, ViewLayer | Synchronizing object | Bangs_03
Fra:6 Mem:27.30M (Peak 27.30M) | Time:00:00.40 | Mem:0.00M, Peak:0.00M | Scene, ViewLayer | Synchronizing object | Bangs_04
Fra:6 Mem:27.31M (Peak 27.31M) | Time:00:00.40 | Mem:0.00M, Peak:0.00M | Scene, ViewLayer | Synchronizing object | Bangs_05
Fra:6 Mem:27.32M (Peak 27.33M) | Time:00:00.40 | Mem:0.00M, Peak:0.00M | Scene, ViewLayer | Synchronizing object | Bangs_06
Fra:6 Mem:27.33M (Peak 27.33M) | Time:00:00.40 | Mem:0.00M, Peak:0.00M | Scene, ViewLayer | Synchronizing object | Temple_0.L
Fra:6 Mem:27.34M (Peak 27.34M) | Time:00:00.40 | Mem:0.00M, Peak:0.00M | Scene, ViewLayer | Synchronizing object | Review_Rim
Fra:6 Mem:27.37M (Peak 27.37M) | Time:00:00.40 | Mem:0.00M, Peak:0.00M | Scene, ViewLayer | Synchronizing object | Temple_2.L
Fra:6 Mem:27.37M (Peak 27.37M) | Time:00:00.40 | Mem:0.00M, Peak:0.00M | Scene, ViewLayer | Synchronizing object | Temple_3.L
Fra:6 Mem:27.37M (Peak 27.37M) | Time:00:00.40 | Mem:0.00M, Peak:0.00M | Scene, ViewLayer | Synchronizing object | Review_Fill
Fra:6 Mem:27.37M (Peak 27.37M) | Time:00:00.40 | Mem:0.00M, Peak:0.00M | Scene, ViewLayer | Synchronizing object | Temple_4.L
Fra:6 Mem:27.39M (Peak 27.39M) | Time:00:00.40 | Mem:0.00M, Peak:0.00M | Scene, ViewLayer | Synchronizing object | Crown_0.L
Fra:6 Mem:27.43M (Peak 27.43M) | Time:00:00.40 | Mem:0.00M, Peak:0.00M | Scene, ViewLayer | Synchronizing object | Review_Key
Fra:6 Mem:27.43M (Peak 27.43M) | Time:00:00.40 | Mem:0.00M, Peak:0.00M | Scene, ViewLayer | Synchronizing object | Crown_2.L
Fra:6 Mem:27.44M (Peak 27.44M) | Time:00:00.40 | Mem:0.00M, Peak:0.00M | Scene, ViewLayer | Synchronizing object | Nape_0.L
Fra:6 Mem:27.45M (Peak 27.45M) | Time:00:00.40 | Mem:0.00M, Peak:0.00M | Scene, ViewLayer | Synchronizing object | Nape_1.L
Fra:6 Mem:27.45M (Peak 27.45M) | Time:00:00.40 | Mem:0.00M, Peak:0.00M | Scene, ViewLayer | Synchronizing object | Tee_Bar
Fra:6 Mem:27.47M (Peak 27.47M) | Time:00:00.40 | Mem:0.00M, Peak:0.00M | Scene, ViewLayer | Synchronizing object | Tee_Dot_1.246
Fra:6 Mem:27.48M (Peak 27.48M) | Time:00:00.40 | Mem:0.00M, Peak:0.00M | Scene, ViewLayer | Synchronizing object | Nape_3.L
Fra:6 Mem:27.50M (Peak 27.50M) | Time:00:00.40 | Mem:0.00M, Peak:0.00M | Scene, ViewLayer | Synchronizing object | Tee_Dot_1.275
Fra:6 Mem:27.50M (Peak 27.50M) | Time:00:00.40 | Mem:0.00M, Peak:0.00M | Scene, ViewLayer | Synchronizing object | Temple_2.R
Fra:6 Mem:27.52M (Peak 27.52M) | Time:00:00.40 | Mem:0.00M, Peak:0.00M | Scene, ViewLayer | Synchronizing object | Back_Lock_6
Fra:6 Mem:27.52M (Peak 27.52M) | Time:00:00.40 | Mem:0.00M, Peak:0.00M | Scene, ViewLayer | Synchronizing object | Temple_3.R
Fra:6 Mem:27.54M (Peak 27.54M) | Time:00:00.40 | Mem:0.00M, Peak:0.00M | Scene, ViewLayer | Synchronizing object | Temple_4.R
Fra:6 Mem:27.56M (Peak 27.56M) | Time:00:00.40 | Mem:0.00M, Peak:0.00M | Scene, ViewLayer | Synchronizing object | Back_Lock_5
Fra:6 Mem:27.57M (Peak 27.57M) | Time:00:00.40 | Mem:0.00M, Peak:0.00M | Scene, ViewLayer | Synchronizing object | Crown_1.R
Fra:6 Mem:27.59M (Peak 27.59M) | Time:00:00.40 | Mem:0.00M, Peak:0.00M | Scene, ViewLayer | Synchronizing object | Crown_2.R
Fra:6 Mem:27.60M (Peak 27.60M) | Time:00:00.40 | Mem:0.00M, Peak:0.00M | Scene, ViewLayer | Synchronizing object | Back_Lock_4
Fra:6 Mem:27.63M (Peak 27.63M) | Time:00:00.40 | Mem:0.00M, Peak:0.00M | Scene, ViewLayer | Synchronizing object | Nape_0.R
Fra:6 Mem:27.64M (Peak 27.64M) | Time:00:00.40 | Mem:0.00M, Peak:0.00M | Scene, ViewLayer | Synchronizing object | Back_Lock_3
Fra:6 Mem:27.67M (Peak 27.69M) | Time:00:00.40 | Mem:0.00M, Peak:0.00M | Scene, ViewLayer | Synchronizing object | Nape_3.R
Fra:6 Mem:27.71M (Peak 27.71M) | Time:00:00.40 | Mem:0.00M, Peak:0.00M | Scene, ViewLayer | Initializing
Fra:6 Mem:24.34M (Peak 27.71M) | Time:00:00.41 | Mem:0.00M, Peak:0.00M | Scene, ViewLayer | Updating Images | Loading CHR001_GreyStudy_BaseColor
Fra:6 Mem:25.23M (Peak 28.34M) | Time:00:00.41 | Mem:4.00M, Peak:4.00M | Scene, ViewLayer | Waiting for render to start
Fra:6 Mem:25.23M (Peak 28.34M) | Time:00:00.41 | Mem:4.00M, Peak:4.00M | Scene, ViewLayer | Updating Scene
Fra:6 Mem:25.23M (Peak 28.34M) | Time:00:00.41 | Mem:4.00M, Peak:4.00M | Scene, ViewLayer | Updating Shaders
Fra:6 Mem:25.23M (Peak 28.34M) | Time:00:00.41 | Mem:4.00M, Peak:4.00M | Scene, ViewLayer | Loading render kernels (may take a few minutes the first time)
Fra:6 Mem:25.31M (Peak 28.34M) | Time:00:00.41 | Mem:4.00M, Peak:4.00M | Scene, ViewLayer | Updating Procedurals
Fra:6 Mem:25.31M (Peak 28.34M) | Time:00:00.41 | Mem:4.00M, Peak:4.00M | Scene, ViewLayer | Updating Background
Fra:6 Mem:25.31M (Peak 28.34M) | Time:00:00.41 | Mem:4.00M, Peak:4.00M | Scene, ViewLayer | Updating Camera
Fra:6 Mem:25.31M (Peak 28.34M) | Time:00:00.41 | Mem:4.00M, Peak:4.00M | Scene, ViewLayer | Updating Meshes Flags
Fra:6 Mem:25.31M (Peak 28.34M) | Time:00:00.41 | Mem:4.00M, Peak:4.00M | Scene, ViewLayer | Updating Objects
Fra:6 Mem:25.31M (Peak 28.34M) | Time:00:00.41 | Mem:4.00M, Peak:4.00M | Scene, ViewLayer | Updating Objects | Copying Transformations to device
Fra:6 Mem:25.34M (Peak 28.34M) | Time:00:00.41 | Mem:4.03M, Peak:4.03M | Scene, ViewLayer | Updating Particle Systems
Fra:6 Mem:25.34M (Peak 28.34M) | Time:00:00.41 | Mem:4.03M, Peak:4.03M | Scene, ViewLayer | Updating Particle Systems | Copying Particles to device
Fra:6 Mem:25.34M (Peak 28.34M) | Time:00:00.41 | Mem:4.03M, Peak:4.03M | Scene, ViewLayer | Updating Meshes
Fra:6 Mem:25.34M (Peak 28.34M) | Time:00:00.41 | Mem:4.03M, Peak:4.03M | Scene, ViewLayer | Updating Objects | Applying Static Transformations
Fra:6 Mem:25.34M (Peak 28.34M) | Time:00:00.41 | Mem:4.03M, Peak:4.03M | Scene, ViewLayer | Updating Mesh | Computing attributes
Fra:6 Mem:26.14M (Peak 28.34M) | Time:00:00.41 | Mem:4.04M, Peak:4.04M | Scene, ViewLayer | Updating Mesh | Copying Attributes to device
Fra:6 Mem:26.12M (Peak 28.34M) | Time:00:00.41 | Mem:4.81M, Peak:4.81M | Scene, ViewLayer | Updating Scene BVH | Building
Fra:6 Mem:26.13M (Peak 28.34M) | Time:00:00.41 | Mem:4.81M, Peak:4.81M | Scene, ViewLayer | Updating Scene BVH | Building BVH
Fra:6 Mem:26.13M (Peak 28.34M) | Time:00:00.41 | Mem:5.64M, Peak:5.64M | Scene, ViewLayer | Updating Scene BVH | Building BVH 0%
Fra:6 Mem:26.13M (Peak 28.34M) | Time:00:00.41 | Mem:6.54M, Peak:7.36M | Scene, ViewLayer | Updating Scene BVH | Copying BVH to device
Fra:6 Mem:26.13M (Peak 28.34M) | Time:00:00.41 | Mem:6.54M, Peak:7.36M | Scene, ViewLayer | Updating Mesh | Computing normals
Fra:6 Mem:26.86M (Peak 28.34M) | Time:00:00.41 | Mem:6.54M, Peak:7.36M | Scene, ViewLayer | Updating Mesh | Copying Mesh to device
Fra:6 Mem:26.86M (Peak 28.34M) | Time:00:00.41 | Mem:7.27M, Peak:7.36M | Scene, ViewLayer | Updating Objects Flags
Fra:6 Mem:26.86M (Peak 28.34M) | Time:00:00.41 | Mem:7.27M, Peak:7.36M | Scene, ViewLayer | Updating Primitive Offsets
Fra:6 Mem:26.86M (Peak 28.34M) | Time:00:00.41 | Mem:7.27M, Peak:7.36M | Scene, ViewLayer | Updating Images
Fra:6 Mem:26.86M (Peak 28.34M) | Time:00:00.41 | Mem:7.27M, Peak:7.36M | Scene, ViewLayer | Updating Camera Volume
Fra:6 Mem:26.86M (Peak 28.34M) | Time:00:00.41 | Mem:7.27M, Peak:7.36M | Scene, ViewLayer | Updating Lookup Tables
Fra:6 Mem:26.86M (Peak 28.34M) | Time:00:00.41 | Mem:7.35M, Peak:7.36M | Scene, ViewLayer | Updating Lights
Fra:6 Mem:26.86M (Peak 28.34M) | Time:00:00.41 | Mem:7.35M, Peak:7.36M | Scene, ViewLayer | Updating Lights | Computing tree
Fra:6 Mem:26.86M (Peak 28.34M) | Time:00:00.41 | Mem:7.36M, Peak:7.36M | Scene, ViewLayer | Updating Integrator
Fra:6 Mem:26.86M (Peak 28.34M) | Time:00:00.41 | Mem:7.36M, Peak:7.36M | Scene, ViewLayer | Updating Film
Fra:6 Mem:26.87M (Peak 28.34M) | Time:00:00.41 | Mem:7.27M, Peak:7.36M | Scene, ViewLayer | Updating Lookup Tables
Fra:6 Mem:26.87M (Peak 28.34M) | Time:00:00.41 | Mem:7.36M, Peak:7.36M | Scene, ViewLayer | Updating Baking
Fra:6 Mem:26.87M (Peak 28.34M) | Time:00:00.41 | Mem:7.36M, Peak:7.36M | Scene, ViewLayer | Updating Device | Writing constant memory
Fra:6 Mem:26.87M (Peak 28.34M) | Time:00:00.41 | Mem:7.36M, Peak:7.36M | Scene, ViewLayer | Loading denoising kernels (may take a few minutes the first time)
Fra:6 Mem:26.87M (Peak 28.34M) | Time:00:00.41 | Mem:7.36M, Peak:7.36M | Scene, ViewLayer | Sample 0/24
Fra:6 Mem:77.05M (Peak 77.05M) | Time:00:00.57 | Remaining:00:03.56 | Mem:57.47M, Peak:57.47M | Scene, ViewLayer | Sample 1/24
Fra:6 Mem:98.15M (Peak 129.79M) | Time:00:05.95 | Mem:57.47M, Peak:57.47M | Scene, ViewLayer | Sample 24/24
Fra:6 Mem:98.15M (Peak 129.79M) | Time:00:05.95 | Mem:57.47M, Peak:57.47M | Scene, ViewLayer | Finished
Saved: '/home/lzzz/MyProjects/N-SIDE/output/characters/CHR-001/model-r1/run-contact.png'
Time: 00:05.99 (Saving: 00:00.04)

Fra:1 Mem:24.55M (Peak 24.55M) | Time:00:00.00 | Mem:0.00M, Peak:0.00M | Scene, ViewLayer | Synchronizing object | Neck
Fra:1 Mem:24.67M (Peak 24.67M) | Time:00:00.00 | Mem:0.00M, Peak:0.00M | Scene, ViewLayer | Synchronizing object | TShirt
Fra:1 Mem:24.83M (Peak 24.83M) | Time:00:00.00 | Mem:0.00M, Peak:0.00M | Scene, ViewLayer | Synchronizing object | TShirt_Collar
Fra:1 Mem:25.11M (Peak 25.11M) | Time:00:00.01 | Mem:0.00M, Peak:0.00M | Scene, ViewLayer | Synchronizing object | Jacket_Body
Fra:1 Mem:25.12M (Peak 25.12M) | Time:00:00.01 | Mem:0.00M, Peak:0.00M | Scene, ViewLayer | Synchronizing object | Hood
Fra:1 Mem:25.63M (Peak 25.63M) | Time:00:00.03 | Mem:0.00M, Peak:0.00M | Scene, ViewLayer | Synchronizing object | Sleeve.L
Fra:1 Mem:25.63M (Peak 25.63M) | Time:00:00.03 | Mem:0.00M, Peak:0.00M | Scene, ViewLayer | Synchronizing object | Zip_Tape.L
Fra:1 Mem:25.65M (Peak 25.65M) | Time:00:00.03 | Mem:0.00M, Peak:0.00M | Scene, ViewLayer | Synchronizing object | Hood_Cord.L
Fra:1 Mem:25.82M (Peak 25.82M) | Time:00:00.04 | Mem:0.00M, Peak:0.00M | Scene, ViewLayer | Synchronizing object | Palm.L
Fra:1 Mem:25.82M (Peak 25.82M) | Time:00:00.04 | Mem:0.00M, Peak:0.00M | Scene, ViewLayer | Synchronizing object | Ring_Mesh.L
Fra:1 Mem:25.87M (Peak 25.87M) | Time:00:00.04 | Mem:0.00M, Peak:0.00M | Scene, ViewLayer | Synchronizing object | Pinky_Mesh.L
Fra:1 Mem:25.89M (Peak 25.89M) | Time:00:00.04 | Mem:0.00M, Peak:0.00M | Scene, ViewLayer | Synchronizing object | Thumb_Mesh.L
Fra:1 Mem:26.05M (Peak 26.05M) | Time:00:00.06 | Mem:0.00M, Peak:0.00M | Scene, ViewLayer | Synchronizing object | Trousers.L
Fra:1 Mem:26.08M (Peak 26.08M) | Time:00:00.06 | Mem:0.00M, Peak:0.00M | Scene, ViewLayer | Synchronizing object | Sneaker_Sole.L
Fra:1 Mem:26.08M (Peak 26.08M) | Time:00:00.06 | Mem:0.00M, Peak:0.00M | Scene, ViewLayer | Synchronizing object | Lace_0.L
Fra:1 Mem:26.21M (Peak 26.21M) | Time:00:00.06 | Mem:0.00M, Peak:0.00M | Scene, ViewLayer | Synchronizing object | Lace_1.L
Fra:1 Mem:26.21M (Peak 26.21M) | Time:00:00.06 | Mem:0.00M, Peak:0.00M | Scene, ViewLayer | Synchronizing object | Lace_2.L
Fra:1 Mem:26.26M (Peak 26.26M) | Time:00:00.06 | Mem:0.00M, Peak:0.00M | Scene, ViewLayer | Synchronizing object | Lace_3.L
Fra:1 Mem:26.26M (Peak 26.26M) | Time:00:00.06 | Mem:0.00M, Peak:0.00M | Scene, ViewLayer | Synchronizing object | Heel_Tab.L
Fra:1 Mem:26.43M (Peak 26.43M) | Time:00:00.08 | Mem:0.00M, Peak:0.00M | Scene, ViewLayer | Synchronizing object | Sleeve.R
Fra:1 Mem:26.43M (Peak 26.43M) | Time:00:00.08 | Mem:0.00M, Peak:0.00M | Scene, ViewLayer | Synchronizing object | Zip_Tape.R
Fra:1 Mem:26.44M (Peak 26.44M) | Time:00:00.08 | Mem:0.00M, Peak:0.00M | Scene, ViewLayer | Synchronizing object | Hood_Cord.R
Fra:1 Mem:26.61M (Peak 26.61M) | Time:00:00.08 | Mem:0.00M, Peak:0.00M | Scene, ViewLayer | Synchronizing object | Palm.R
Fra:1 Mem:26.61M (Peak 26.61M) | Time:00:00.08 | Mem:0.00M, Peak:0.00M | Scene, ViewLayer | Synchronizing object | Index_Mesh.R
Fra:1 Mem:26.64M (Peak 26.64M) | Time:00:00.08 | Mem:0.00M, Peak:0.00M | Scene, ViewLayer | Synchronizing object | Ring_Mesh.R
Fra:1 Mem:26.67M (Peak 26.67M) | Time:00:00.08 | Mem:0.00M, Peak:0.00M | Scene, ViewLayer | Synchronizing object | Pinky_Mesh.R
Fra:1 Mem:26.68M (Peak 26.68M) | Time:00:00.08 | Mem:0.00M, Peak:0.00M | Scene, ViewLayer | Synchronizing object | Thumb_Mesh.R
Fra:1 Mem:26.85M (Peak 26.85M) | Time:00:00.11 | Mem:0.00M, Peak:0.00M | Scene, ViewLayer | Synchronizing object | Trousers.R
Fra:1 Mem:26.85M (Peak 26.85M) | Time:00:00.11 | Mem:0.00M, Peak:0.00M | Scene, ViewLayer | Synchronizing object | Sneaker_Sole.R
Fra:1 Mem:26.85M (Peak 26.85M) | Time:00:00.11 | Mem:0.00M, Peak:0.00M | Scene, ViewLayer | Synchronizing object | Sock.R
Fra:1 Mem:26.89M (Peak 26.89M) | Time:00:00.11 | Mem:0.00M, Peak:0.00M | Scene, ViewLayer | Synchronizing object | Lace_0.R
Fra:1 Mem:27.02M (Peak 27.02M) | Time:00:00.11 | Mem:0.00M, Peak:0.00M | Scene, ViewLayer | Synchronizing object | Lace_1.R
Fra:1 Mem:27.05M (Peak 27.05M) | Time:00:00.11 | Mem:0.00M, Peak:0.00M | Scene, ViewLayer | Synchronizing object | Lace_2.R
Fra:1 Mem:27.05M (Peak 27.05M) | Time:00:00.11 | Mem:0.00M, Peak:0.00M | Scene, ViewLayer | Synchronizing object | Lace_3.R
Fra:1 Mem:27.05M (Peak 27.05M) | Time:00:00.11 | Mem:0.00M, Peak:0.00M | Scene, ViewLayer | Synchronizing object | Heel_Tab.R
Fra:1 Mem:27.37M (Peak 27.37M) | Time:00:00.40 | Mem:0.00M, Peak:0.00M | Scene, ViewLayer | Synchronizing object | Face_Head
Fra:1 Mem:27.77M (Peak 27.77M) | Time:00:00.40 | Mem:0.00M, Peak:0.00M | Scene, ViewLayer | Synchronizing object | Ear.L
Fra:1 Mem:27.77M (Peak 27.77M) | Time:00:00.41 | Mem:0.00M, Peak:0.00M | Scene, ViewLayer | Synchronizing object | Ear_Fold.L
Fra:1 Mem:27.85M (Peak 27.85M) | Time:00:00.41 | Mem:0.00M, Peak:0.00M | Scene, ViewLayer | Synchronizing object | Ear.R
Fra:1 Mem:27.85M (Peak 27.85M) | Time:00:00.41 | Mem:0.00M, Peak:0.00M | Scene, ViewLayer | Synchronizing object | Ear_Fold.R
Fra:1 Mem:27.89M (Peak 27.89M) | Time:00:00.41 | Mem:0.00M, Peak:0.00M | Scene, ViewLayer | Synchronizing object | Eye_White.L
Fra:1 Mem:27.88M (Peak 27.89M) | Time:00:00.41 | Mem:0.00M, Peak:0.00M | Scene, ViewLayer | Synchronizing object | Iris_ink.L
Fra:1 Mem:27.90M (Peak 27.90M) | Time:00:00.41 | Mem:0.00M, Peak:0.00M | Scene, ViewLayer | Synchronizing object | Eye_Glint.L
Fra:1 Mem:27.90M (Peak 27.90M) | Time:00:00.41 | Mem:0.00M, Peak:0.00M | Scene, ViewLayer | Synchronizing object | Upper_Lid.L
Fra:1 Mem:27.90M (Peak 27.90M) | Time:00:00.41 | Mem:0.00M, Peak:0.00M | Scene, ViewLayer | Synchronizing object | Eye_White.R
Fra:1 Mem:27.91M (Peak 27.91M) | Time:00:00.41 | Mem:0.00M, Peak:0.00M | Scene, ViewLayer | Synchronizing object | Iris_hair.R
Fra:1 Mem:27.91M (Peak 27.91M) | Time:00:00.41 | Mem:0.00M, Peak:0.00M | Scene, ViewLayer | Synchronizing object | Iris_ink.R
Fra:1 Mem:27.92M (Peak 27.92M) | Time:00:00.41 | Mem:0.00M, Peak:0.00M | Scene, ViewLayer | Synchronizing object | Eye_Glint.R
Fra:1 Mem:27.92M (Peak 27.92M) | Time:00:00.41 | Mem:0.00M, Peak:0.00M | Scene, ViewLayer | Synchronizing object | Upper_Lid.R
Fra:1 Mem:27.92M (Peak 27.92M) | Time:00:00.41 | Mem:0.00M, Peak:0.00M | Scene, ViewLayer | Synchronizing object | Eyebrow.R
Fra:1 Mem:27.94M (Peak 27.94M) | Time:00:00.41 | Mem:0.00M, Peak:0.00M | Scene, ViewLayer | Synchronizing object | Mouth
Fra:1 Mem:27.93M (Peak 27.94M) | Time:00:00.41 | Mem:0.00M, Peak:0.00M | Scene, ViewLayer | Synchronizing object | Hair_Cap
Fra:1 Mem:27.93M (Peak 27.94M) | Time:00:00.41 | Mem:0.00M, Peak:0.00M | Scene, ViewLayer | Synchronizing object | Bangs_00
Fra:1 Mem:27.94M (Peak 27.94M) | Time:00:00.41 | Mem:0.00M, Peak:0.00M | Scene, ViewLayer | Synchronizing object | Bangs_01
Fra:1 Mem:27.95M (Peak 27.95M) | Time:00:00.41 | Mem:0.00M, Peak:0.00M | Scene, ViewLayer | Synchronizing object | Bangs_02
Fra:1 Mem:27.98M (Peak 27.98M) | Time:00:00.41 | Mem:0.00M, Peak:0.00M | Scene, ViewLayer | Synchronizing object | Bangs_03
Fra:1 Mem:27.99M (Peak 27.99M) | Time:00:00.41 | Mem:0.00M, Peak:0.00M | Scene, ViewLayer | Synchronizing object | Bangs_04
Fra:1 Mem:28.01M (Peak 28.01M) | Time:00:00.41 | Mem:0.00M, Peak:0.00M | Scene, ViewLayer | Synchronizing object | Bangs_05
Fra:1 Mem:28.03M (Peak 28.03M) | Time:00:00.41 | Mem:0.00M, Peak:0.00M | Scene, ViewLayer | Synchronizing object | Bangs_06
Fra:1 Mem:28.05M (Peak 28.05M) | Time:00:00.41 | Mem:0.00M, Peak:0.00M | Scene, ViewLayer | Synchronizing object | Bangs_08
Fra:1 Mem:28.08M (Peak 28.08M) | Time:00:00.41 | Mem:0.00M, Peak:0.00M | Scene, ViewLayer | Synchronizing object | Temple_0.L
Fra:1 Mem:28.07M (Peak 28.08M) | Time:00:00.41 | Mem:0.00M, Peak:0.00M | Scene, ViewLayer | Synchronizing object | Temple_1.L
Fra:1 Mem:28.09M (Peak 28.09M) | Time:00:00.41 | Mem:0.00M, Peak:0.00M | Scene, ViewLayer | Synchronizing object | Temple_3.L
Fra:1 Mem:28.10M (Peak 28.10M) | Time:00:00.41 | Mem:0.00M, Peak:0.00M | Scene, ViewLayer | Synchronizing object | Review_Rim
Fra:1 Mem:28.13M (Peak 28.13M) | Time:00:00.41 | Mem:0.00M, Peak:0.00M | Scene, ViewLayer | Synchronizing object | Crown_0.L
Fra:1 Mem:28.13M (Peak 28.13M) | Time:00:00.41 | Mem:0.00M, Peak:0.00M | Scene, ViewLayer | Synchronizing object | Crown_1.L
Fra:1 Mem:28.15M (Peak 28.15M) | Time:00:00.41 | Mem:0.00M, Peak:0.00M | Scene, ViewLayer | Synchronizing object | Crown_2.L
Fra:1 Mem:28.16M (Peak 28.16M) | Time:00:00.41 | Mem:0.00M, Peak:0.00M | Scene, ViewLayer | Synchronizing object | Nape_0.L
Fra:1 Mem:28.17M (Peak 28.17M) | Time:00:00.41 | Mem:0.00M, Peak:0.00M | Scene, ViewLayer | Synchronizing object | Nape_2.L
Fra:1 Mem:28.17M (Peak 28.17M) | Time:00:00.41 | Mem:0.00M, Peak:0.00M | Scene, ViewLayer | Synchronizing object | Review_Ground
Fra:1 Mem:28.18M (Peak 28.18M) | Time:00:00.41 | Mem:0.00M, Peak:0.00M | Scene, ViewLayer | Synchronizing object | Nape_3.L
Fra:1 Mem:28.21M (Peak 28.21M) | Time:00:00.41 | Mem:0.00M, Peak:0.00M | Scene, ViewLayer | Synchronizing object | Tee_Bar
Fra:1 Mem:28.23M (Peak 28.23M) | Time:00:00.41 | Mem:0.00M, Peak:0.00M | Scene, ViewLayer | Synchronizing object | Temple_0.R
Fra:1 Mem:28.25M (Peak 28.25M) | Time:00:00.41 | Mem:0.00M, Peak:0.00M | Scene, ViewLayer | Synchronizing object | Tee_Dot_1.246
Fra:1 Mem:28.24M (Peak 28.25M) | Time:00:00.41 | Mem:0.00M, Peak:0.00M | Scene, ViewLayer | Synchronizing object | Temple_1.R
Fra:1 Mem:28.24M (Peak 28.25M) | Time:00:00.41 | Mem:0.00M, Peak:0.00M | Scene, ViewLayer | Synchronizing object | Temple_3.R
Fra:1 Mem:28.25M (Peak 28.27M) | Time:00:00.41 | Mem:0.00M, Peak:0.00M | Scene, ViewLayer | Synchronizing object | Tee_Dot_1.275
Fra:1 Mem:28.26M (Peak 28.27M) | Time:00:00.41 | Mem:0.00M, Peak:0.00M | Scene, ViewLayer | Synchronizing object | Crown_0.R
Fra:1 Mem:28.29M (Peak 28.29M) | Time:00:00.41 | Mem:0.00M, Peak:0.00M | Scene, ViewLayer | Synchronizing object | Crown_1.R
Fra:1 Mem:28.30M (Peak 28.30M) | Time:00:00.41 | Mem:0.00M, Peak:0.00M | Scene, ViewLayer | Synchronizing object | Back_Lock_6
Fra:1 Mem:28.31M (Peak 28.31M) | Time:00:00.41 | Mem:0.00M, Peak:0.00M | Scene, ViewLayer | Synchronizing object | Crown_2.R
Fra:1 Mem:28.32M (Peak 28.32M) | Time:00:00.41 | Mem:0.00M, Peak:0.00M | Scene, ViewLayer | Synchronizing object | Nape_1.R
Fra:1 Mem:28.35M (Peak 28.35M) | Time:00:00.41 | Mem:0.00M, Peak:0.00M | Scene, ViewLayer | Synchronizing object | Back_Lock_5
Fra:1 Mem:28.36M (Peak 28.36M) | Time:00:00.41 | Mem:0.00M, Peak:0.00M | Scene, ViewLayer | Synchronizing object | Nape_3.R
Fra:1 Mem:28.40M (Peak 28.40M) | Time:00:00.41 | Mem:0.00M, Peak:0.00M | Scene, ViewLayer | Synchronizing object | Back_Lock_3
Fra:1 Mem:28.39M (Peak 28.40M) | Time:00:00.41 | Mem:0.00M, Peak:0.00M | Scene, ViewLayer | Synchronizing object | Back_Lock_4
Fra:1 Mem:28.43M (Peak 28.43M) | Time:00:00.41 | Mem:0.00M, Peak:0.00M | Scene, ViewLayer | Initializing
Fra:1 Mem:25.06M (Peak 28.43M) | Time:00:00.41 | Mem:0.00M, Peak:0.00M | Scene, ViewLayer | Updating Images | Loading CHR001_GreyStudy_BaseColor
Fra:1 Mem:25.59M (Peak 29.06M) | Time:00:00.41 | Mem:4.00M, Peak:4.00M | Scene, ViewLayer | Waiting for render to start
Fra:1 Mem:25.59M (Peak 29.06M) | Time:00:00.41 | Mem:4.00M, Peak:4.00M | Scene, ViewLayer | Updating Scene
Fra:1 Mem:25.59M (Peak 29.06M) | Time:00:00.41 | Mem:4.00M, Peak:4.00M | Scene, ViewLayer | Updating Shaders
Fra:1 Mem:25.59M (Peak 29.06M) | Time:00:00.41 | Mem:4.00M, Peak:4.00M | Scene, ViewLayer | Loading render kernels (may take a few minutes the first time)
Fra:1 Mem:25.67M (Peak 29.06M) | Time:00:00.41 | Mem:4.00M, Peak:4.00M | Scene, ViewLayer | Updating Procedurals
Fra:1 Mem:25.67M (Peak 29.06M) | Time:00:00.41 | Mem:4.00M, Peak:4.00M | Scene, ViewLayer | Updating Background
Fra:1 Mem:25.67M (Peak 29.06M) | Time:00:00.41 | Mem:4.00M, Peak:4.00M | Scene, ViewLayer | Updating Camera
Fra:1 Mem:25.67M (Peak 29.06M) | Time:00:00.41 | Mem:4.00M, Peak:4.00M | Scene, ViewLayer | Updating Meshes Flags
Fra:1 Mem:25.67M (Peak 29.06M) | Time:00:00.41 | Mem:4.00M, Peak:4.00M | Scene, ViewLayer | Updating Objects
Fra:1 Mem:25.67M (Peak 29.06M) | Time:00:00.41 | Mem:4.00M, Peak:4.00M | Scene, ViewLayer | Updating Objects | Copying Transformations to device
Fra:1 Mem:25.70M (Peak 29.06M) | Time:00:00.41 | Mem:4.03M, Peak:4.03M | Scene, ViewLayer | Updating Particle Systems
Fra:1 Mem:25.70M (Peak 29.06M) | Time:00:00.41 | Mem:4.03M, Peak:4.03M | Scene, ViewLayer | Updating Particle Systems | Copying Particles to device
Fra:1 Mem:25.70M (Peak 29.06M) | Time:00:00.41 | Mem:4.03M, Peak:4.03M | Scene, ViewLayer | Updating Meshes
Fra:1 Mem:25.70M (Peak 29.06M) | Time:00:00.41 | Mem:4.03M, Peak:4.03M | Scene, ViewLayer | Updating Objects | Applying Static Transformations
Fra:1 Mem:25.70M (Peak 29.06M) | Time:00:00.41 | Mem:4.03M, Peak:4.03M | Scene, ViewLayer | Updating Mesh | Computing attributes
Fra:1 Mem:26.50M (Peak 29.06M) | Time:00:00.41 | Mem:4.04M, Peak:4.04M | Scene, ViewLayer | Updating Mesh | Copying Attributes to device
Fra:1 Mem:26.48M (Peak 29.06M) | Time:00:00.41 | Mem:4.81M, Peak:4.81M | Scene, ViewLayer | Updating Scene BVH | Building
Fra:1 Mem:26.49M (Peak 29.06M) | Time:00:00.41 | Mem:4.81M, Peak:4.81M | Scene, ViewLayer | Updating Scene BVH | Building BVH
Fra:1 Mem:26.49M (Peak 29.06M) | Time:00:00.41 | Mem:5.64M, Peak:5.64M | Scene, ViewLayer | Updating Scene BVH | Building BVH 0%
Fra:1 Mem:26.49M (Peak 29.06M) | Time:00:00.42 | Mem:6.54M, Peak:7.36M | Scene, ViewLayer | Updating Scene BVH | Copying BVH to device
Fra:1 Mem:26.49M (Peak 29.06M) | Time:00:00.42 | Mem:6.54M, Peak:7.36M | Scene, ViewLayer | Updating Mesh | Computing normals
Fra:1 Mem:27.22M (Peak 29.06M) | Time:00:00.42 | Mem:6.54M, Peak:7.36M | Scene, ViewLayer | Updating Mesh | Copying Mesh to device
Fra:1 Mem:27.22M (Peak 29.06M) | Time:00:00.42 | Mem:7.27M, Peak:7.36M | Scene, ViewLayer | Updating Objects Flags
Fra:1 Mem:27.22M (Peak 29.06M) | Time:00:00.42 | Mem:7.27M, Peak:7.36M | Scene, ViewLayer | Updating Primitive Offsets
Fra:1 Mem:27.22M (Peak 29.06M) | Time:00:00.42 | Mem:7.27M, Peak:7.36M | Scene, ViewLayer | Updating Images
Fra:1 Mem:27.22M (Peak 29.06M) | Time:00:00.42 | Mem:7.27M, Peak:7.36M | Scene, ViewLayer | Updating Camera Volume
Fra:1 Mem:27.22M (Peak 29.06M) | Time:00:00.42 | Mem:7.27M, Peak:7.36M | Scene, ViewLayer | Updating Lookup Tables
Fra:1 Mem:27.22M (Peak 29.06M) | Time:00:00.42 | Mem:7.35M, Peak:7.36M | Scene, ViewLayer | Updating Lights
Fra:1 Mem:27.22M (Peak 29.06M) | Time:00:00.42 | Mem:7.35M, Peak:7.36M | Scene, ViewLayer | Updating Lights | Computing tree
Fra:1 Mem:27.22M (Peak 29.06M) | Time:00:00.42 | Mem:7.36M, Peak:7.36M | Scene, ViewLayer | Updating Integrator
Fra:1 Mem:27.22M (Peak 29.06M) | Time:00:00.42 | Mem:7.36M, Peak:7.36M | Scene, ViewLayer | Updating Film
Fra:1 Mem:27.23M (Peak 29.06M) | Time:00:00.42 | Mem:7.27M, Peak:7.36M | Scene, ViewLayer | Updating Lookup Tables
Fra:1 Mem:27.23M (Peak 29.06M) | Time:00:00.42 | Mem:7.36M, Peak:7.36M | Scene, ViewLayer | Updating Baking
Fra:1 Mem:27.23M (Peak 29.06M) | Time:00:00.42 | Mem:7.36M, Peak:7.36M | Scene, ViewLayer | Updating Device | Writing constant memory
Fra:1 Mem:27.23M (Peak 29.06M) | Time:00:00.42 | Mem:7.36M, Peak:7.36M | Scene, ViewLayer | Loading denoising kernels (may take a few minutes the first time)
Fra:1 Mem:27.23M (Peak 29.06M) | Time:00:00.42 | Mem:7.36M, Peak:7.36M | Scene, ViewLayer | Sample 0/24
Fra:1 Mem:77.41M (Peak 77.41M) | Time:00:00.59 | Remaining:00:04.04 | Mem:57.47M, Peak:57.47M | Scene, ViewLayer | Sample 1/24
Fra:1 Mem:98.51M (Peak 130.15M) | Time:00:06.43 | Mem:57.47M, Peak:57.47M | Scene, ViewLayer | Sample 24/24
Fra:1 Mem:98.51M (Peak 130.15M) | Time:00:06.43 | Mem:57.47M, Peak:57.47M | Scene, ViewLayer | Finished
Saved: '/home/lzzz/MyProjects/N-SIDE/output/characters/CHR-001/model-r1/face.png'
Time: 00:06.47 (Saving: 00:00.04)


{"status": "exported-candidate", "blender": "4.5.14 LTS", "units": "meters", "dcc_forward": "-Y", "gltf_forward": "+Z", "standing_height_design_m": 1.78, "head_to_chin_m": 0.265, "age_actual": 20, "age_appearance": 18, "palette": "unapproved grayscale study; grayscale hair is not a character color decision", "bones": 32, "editable_meshes": 103, "source_vertices": 7073, "clips": {"Idle": {"seconds": 2.0, "fps": 30, "in_place": true}, "Walk": {"seconds": 1.0, "fps": 30, "in_place": true}, "Run": {"seconds": 0.6666666666666666, "fps": 30, "in_place": true}}, "runtime": "NOT RUN; root integrates and captures the real Bevy path", "views": [{"label": "front", "clip": "Idle", "frame": 1, "file": "output/characters/CHR-001/model-r1/front.png"}, {"label": "three-quarter", "clip": "Idle", "frame": 1, "file": "output/characters/CHR-001/model-r1/three-quarter.png"}, {"label": "back", "clip": "Idle", "frame": 1, "file": "output/characters/CHR-001/model-r1/back.png"}, {"label": "walk-contact", "clip": "Walk", "frame": 8, "file": "output/characters/CHR-001/model-r1/walk-contact.png"}, {"label": "run-contact", "clip": "Run", "frame": 6, "file": "output/characters/CHR-001/model-r1/run-contact.png"}, {"label": "face", "clip": "Idle", "frame": 1, "file": "output/characters/CHR-001/model-r1/face.png"}]}

Blender quit
