Blender 4.5.14 LTS (hash 62c1db4208e8 built 2026-09-15 01:31:19)
Read blend: "/home/lzzz/MyProjects/N-SIDE/source-assets/characters/CHR-002/model/ling-grey-study.blend"
Fra:1 Mem:19.83M (Peak 19.99M) | Time:00:00.04 | Mem:0.00M, Peak:0.00M | Scene, ViewLayer | Synchronizing object | TShirt
Fra:1 Mem:19.99M (Peak 19.99M) | Time:00:00.04 | Mem:0.00M, Peak:0.00M | Scene, ViewLayer | Synchronizing object | TShirt_Collar
Fra:1 Mem:20.01M (Peak 20.01M) | Time:00:00.04 | Mem:0.00M, Peak:0.00M | Scene, ViewLayer | Synchronizing object | Sleeve_Cuff.L
Fra:1 Mem:20.02M (Peak 20.02M) | Time:00:00.04 | Mem:0.00M, Peak:0.00M | Scene, ViewLayer | Synchronizing object | Zip_Tape.L
Fra:1 Mem:20.06M (Peak 20.06M) | Time:00:00.05 | Mem:0.00M, Peak:0.00M | Scene, ViewLayer | Synchronizing object | Palm.L
Fra:1 Mem:20.11M (Peak 20.11M) | Time:00:00.05 | Mem:0.00M, Peak:0.00M | Scene, ViewLayer | Synchronizing object | Index_Mesh.L
Fra:1 Mem:20.13M (Peak 20.13M) | Time:00:00.05 | Mem:0.00M, Peak:0.00M | Scene, ViewLayer | Synchronizing object | Middle_Mesh.L
Fra:1 Mem:20.12M (Peak 20.13M) | Time:00:00.05 | Mem:0.00M, Peak:0.00M | Scene, ViewLayer | Synchronizing object | Ring_Mesh.L
Fra:1 Mem:20.13M (Peak 20.13M) | Time:00:00.05 | Mem:0.00M, Peak:0.00M | Scene, ViewLayer | Synchronizing object | Pinky_Mesh.L
Fra:1 Mem:20.13M (Peak 20.13M) | Time:00:00.05 | Mem:0.00M, Peak:0.00M | Scene, ViewLayer | Synchronizing object | Thumb_Mesh.L
Fra:1 Mem:20.23M (Peak 20.23M) | Time:00:00.09 | Mem:0.00M, Peak:0.00M | Scene, ViewLayer | Synchronizing object | Leg.L
Fra:1 Mem:20.42M (Peak 20.42M) | Time:00:00.12 | Mem:0.00M, Peak:0.00M | Scene, ViewLayer | Synchronizing object | Shorts.L
Fra:1 Mem:20.50M (Peak 20.50M) | Time:00:00.12 | Mem:0.00M, Peak:0.00M | Scene, ViewLayer | Synchronizing object | Shorts_Hem.L
Fra:1 Mem:20.51M (Peak 20.51M) | Time:00:00.12 | Mem:0.00M, Peak:0.00M | Scene, ViewLayer | Synchronizing object | Sneaker_Sole.L
Fra:1 Mem:20.53M (Peak 20.53M) | Time:00:00.12 | Mem:0.00M, Peak:0.00M | Scene, ViewLayer | Synchronizing object | Sneaker_Upper.L
Fra:1 Mem:20.55M (Peak 20.55M) | Time:00:00.12 | Mem:0.00M, Peak:0.00M | Scene, ViewLayer | Synchronizing object | Sock.L
Fra:1 Mem:20.57M (Peak 20.57M) | Time:00:00.12 | Mem:0.00M, Peak:0.00M | Scene, ViewLayer | Synchronizing object | Lace_0.L
Fra:1 Mem:20.57M (Peak 20.57M) | Time:00:00.12 | Mem:0.00M, Peak:0.00M | Scene, ViewLayer | Synchronizing object | Lace_1.L
Fra:1 Mem:20.57M (Peak 20.57M) | Time:00:00.12 | Mem:0.00M, Peak:0.00M | Scene, ViewLayer | Synchronizing object | Lace_2.L
Fra:1 Mem:20.58M (Peak 20.58M) | Time:00:00.12 | Mem:0.00M, Peak:0.00M | Scene, ViewLayer | Synchronizing object | Heel_Tab.L
Fra:1 Mem:20.58M (Peak 20.58M) | Time:00:00.12 | Mem:0.00M, Peak:0.00M | Scene, ViewLayer | Synchronizing object | Sleeve_Cuff.R
Fra:1 Mem:20.59M (Peak 20.59M) | Time:00:00.12 | Mem:0.00M, Peak:0.00M | Scene, ViewLayer | Synchronizing object | Zip_Tape.R
Fra:1 Mem:20.63M (Peak 20.63M) | Time:00:00.13 | Mem:0.00M, Peak:0.00M | Scene, ViewLayer | Synchronizing object | Palm.R
Fra:1 Mem:20.68M (Peak 20.68M) | Time:00:00.13 | Mem:0.00M, Peak:0.00M | Scene, ViewLayer | Synchronizing object | Index_Mesh.R
Fra:1 Mem:20.70M (Peak 20.70M) | Time:00:00.13 | Mem:0.00M, Peak:0.00M | Scene, ViewLayer | Synchronizing object | Middle_Mesh.R
Fra:1 Mem:20.69M (Peak 20.70M) | Time:00:00.13 | Mem:0.00M, Peak:0.00M | Scene, ViewLayer | Synchronizing object | Ring_Mesh.R
Fra:1 Mem:20.70M (Peak 20.70M) | Time:00:00.13 | Mem:0.00M, Peak:0.00M | Scene, ViewLayer | Synchronizing object | Pinky_Mesh.R
Fra:1 Mem:20.70M (Peak 20.70M) | Time:00:00.13 | Mem:0.00M, Peak:0.00M | Scene, ViewLayer | Synchronizing object | Thumb_Mesh.R
Fra:1 Mem:20.80M (Peak 20.80M) | Time:00:00.17 | Mem:0.00M, Peak:0.00M | Scene, ViewLayer | Synchronizing object | Leg.R
Fra:1 Mem:20.99M (Peak 20.99M) | Time:00:00.20 | Mem:0.00M, Peak:0.00M | Scene, ViewLayer | Synchronizing object | Shorts.R
Fra:1 Mem:21.09M (Peak 21.09M) | Time:00:00.20 | Mem:0.00M, Peak:0.00M | Scene, ViewLayer | Synchronizing object | Shorts_Hem.R
Fra:1 Mem:21.10M (Peak 21.10M) | Time:00:00.20 | Mem:0.00M, Peak:0.00M | Scene, ViewLayer | Synchronizing object | Sneaker_Sole.R
Fra:1 Mem:21.11M (Peak 21.11M) | Time:00:00.20 | Mem:0.00M, Peak:0.00M | Scene, ViewLayer | Synchronizing object | Sneaker_Upper.R
Fra:1 Mem:21.14M (Peak 21.14M) | Time:00:00.20 | Mem:0.00M, Peak:0.00M | Scene, ViewLayer | Synchronizing object | Sock.R
Fra:1 Mem:21.15M (Peak 21.15M) | Time:00:00.20 | Mem:0.00M, Peak:0.00M | Scene, ViewLayer | Synchronizing object | Lace_0.R
Fra:1 Mem:21.16M (Peak 21.16M) | Time:00:00.20 | Mem:0.00M, Peak:0.00M | Scene, ViewLayer | Synchronizing object | Lace_1.R
Fra:1 Mem:21.16M (Peak 21.16M) | Time:00:00.20 | Mem:0.00M, Peak:0.00M | Scene, ViewLayer | Synchronizing object | Lace_2.R
Fra:1 Mem:21.25M (Peak 21.25M) | Time:00:00.20 | Mem:0.00M, Peak:0.00M | Scene, ViewLayer | Synchronizing object | Heel_Tab.R
Fra:1 Mem:21.72M (Peak 21.72M) | Time:00:00.23 | Mem:0.00M, Peak:0.00M | Scene, ViewLayer | Synchronizing object | Jacket_ContinuousShoulders
Fra:1 Mem:22.95M (Peak 22.95M) | Time:00:00.63 | Mem:0.00M, Peak:0.00M | Scene, ViewLayer | Synchronizing object | Face_Head
Fra:1 Mem:23.61M (Peak 23.61M) | Time:00:00.64 | Mem:0.00M, Peak:0.00M | Scene, ViewLayer | Synchronizing object | Ear.L
Fra:1 Mem:23.67M (Peak 23.67M) | Time:00:00.64 | Mem:0.00M, Peak:0.00M | Scene, ViewLayer | Synchronizing object | Ear_Fold.L
Fra:1 Mem:23.72M (Peak 23.72M) | Time:00:00.66 | Mem:0.00M, Peak:0.00M | Scene, ViewLayer | Synchronizing object | Ear.R
Fra:1 Mem:23.78M (Peak 23.78M) | Time:00:00.66 | Mem:0.00M, Peak:0.00M | Scene, ViewLayer | Synchronizing object | Ear_Fold.R
Fra:1 Mem:23.79M (Peak 23.79M) | Time:00:00.66 | Mem:0.00M, Peak:0.00M | Scene, ViewLayer | Synchronizing object | Eye_White.L
Fra:1 Mem:23.79M (Peak 23.79M) | Time:00:00.66 | Mem:0.00M, Peak:0.00M | Scene, ViewLayer | Synchronizing object | Iris_hair.L
Fra:1 Mem:23.80M (Peak 23.80M) | Time:00:00.66 | Mem:0.00M, Peak:0.00M | Scene, ViewLayer | Synchronizing object | Iris_ink.L
Fra:1 Mem:23.81M (Peak 23.81M) | Time:00:00.66 | Mem:0.00M, Peak:0.00M | Scene, ViewLayer | Synchronizing object | Eye_Glint.L
Fra:1 Mem:23.82M (Peak 23.82M) | Time:00:00.66 | Mem:0.00M, Peak:0.00M | Scene, ViewLayer | Synchronizing object | Upper_Lid.L
Fra:1 Mem:23.83M (Peak 23.83M) | Time:00:00.66 | Mem:0.00M, Peak:0.00M | Scene, ViewLayer | Synchronizing object | Lower_Lid.L
Fra:1 Mem:23.84M (Peak 23.84M) | Time:00:00.66 | Mem:0.00M, Peak:0.00M | Scene, ViewLayer | Synchronizing object | Eyebrow.L
Fra:1 Mem:23.84M (Peak 23.84M) | Time:00:00.66 | Mem:0.00M, Peak:0.00M | Scene, ViewLayer | Synchronizing object | Eye_White.R
Fra:1 Mem:23.85M (Peak 23.85M) | Time:00:00.66 | Mem:0.00M, Peak:0.00M | Scene, ViewLayer | Synchronizing object | Iris_hair.R
Fra:1 Mem:23.86M (Peak 23.86M) | Time:00:00.66 | Mem:0.00M, Peak:0.00M | Scene, ViewLayer | Synchronizing object | Iris_ink.R
Fra:1 Mem:23.87M (Peak 23.87M) | Time:00:00.66 | Mem:0.00M, Peak:0.00M | Scene, ViewLayer | Synchronizing object | Eye_Glint.R
Fra:1 Mem:23.88M (Peak 23.88M) | Time:00:00.66 | Mem:0.00M, Peak:0.00M | Scene, ViewLayer | Synchronizing object | Upper_Lid.R
Fra:1 Mem:23.89M (Peak 23.89M) | Time:00:00.66 | Mem:0.00M, Peak:0.00M | Scene, ViewLayer | Synchronizing object | Lower_Lid.R
Fra:1 Mem:23.90M (Peak 23.90M) | Time:00:00.66 | Mem:0.00M, Peak:0.00M | Scene, ViewLayer | Synchronizing object | Eyebrow.R
Fra:1 Mem:23.90M (Peak 23.90M) | Time:00:00.66 | Mem:0.00M, Peak:0.00M | Scene, ViewLayer | Synchronizing object | Mouth
Fra:1 Mem:23.92M (Peak 23.92M) | Time:00:00.66 | Mem:0.00M, Peak:0.00M | Scene, ViewLayer | Synchronizing object | Hair_Cap
Fra:1 Mem:25.08M (Peak 25.08M) | Time:00:00.69 | Mem:0.00M, Peak:0.00M | Scene, ViewLayer | Synchronizing object | Hair_CrownBase
Fra:1 Mem:25.17M (Peak 25.17M) | Time:00:00.69 | Mem:0.00M, Peak:0.00M | Scene, ViewLayer | Synchronizing object | Review_Rim
Fra:1 Mem:25.17M (Peak 25.17M) | Time:00:00.69 | Mem:0.00M, Peak:0.00M | Scene, ViewLayer | Synchronizing object | Bangs_00
Fra:1 Mem:25.17M (Peak 25.17M) | Time:00:00.69 | Mem:0.00M, Peak:0.00M | Scene, ViewLayer | Synchronizing object | Review_Fill
Fra:1 Mem:25.19M (Peak 25.19M) | Time:00:00.69 | Mem:0.00M, Peak:0.00M | Scene, ViewLayer | Synchronizing object | Review_Key
Fra:1 Mem:25.19M (Peak 25.19M) | Time:00:00.69 | Mem:0.00M, Peak:0.00M | Scene, ViewLayer | Synchronizing object | Review_Ground
Fra:1 Mem:25.19M (Peak 25.19M) | Time:00:00.69 | Mem:0.00M, Peak:0.00M | Scene, ViewLayer | Synchronizing object | Bangs_01
Fra:1 Mem:25.19M (Peak 25.19M) | Time:00:00.69 | Mem:0.00M, Peak:0.00M | Scene, ViewLayer | Synchronizing object | Drawing_Pen_0.16
Fra:1 Mem:25.21M (Peak 25.21M) | Time:00:00.69 | Mem:0.00M, Peak:0.00M | Scene, ViewLayer | Synchronizing object | Drawing_Pen_0.136
Fra:1 Mem:25.22M (Peak 25.22M) | Time:00:00.69 | Mem:0.00M, Peak:0.00M | Scene, ViewLayer | Synchronizing object | Bangs_02
Fra:1 Mem:25.23M (Peak 25.23M) | Time:00:00.69 | Mem:0.00M, Peak:0.00M | Scene, ViewLayer | Synchronizing object | Pen_Pouch
Fra:1 Mem:25.25M (Peak 25.25M) | Time:00:00.69 | Mem:0.00M, Peak:0.00M | Scene, ViewLayer | Synchronizing object | Hair_Clip_1
Fra:1 Mem:25.25M (Peak 25.25M) | Time:00:00.69 | Mem:0.00M, Peak:0.00M | Scene, ViewLayer | Synchronizing object | Bangs_03
Fra:1 Mem:25.25M (Peak 25.25M) | Time:00:00.69 | Mem:0.00M, Peak:0.00M | Scene, ViewLayer | Synchronizing object | Hair_Clip_0
Fra:1 Mem:25.26M (Peak 25.26M) | Time:00:00.69 | Mem:0.00M, Peak:0.00M | Scene, ViewLayer | Synchronizing object | Temple_0.R
Fra:1 Mem:25.28M (Peak 25.28M) | Time:00:00.69 | Mem:0.00M, Peak:0.00M | Scene, ViewLayer | Synchronizing object | Temple_0.L
Fra:1 Mem:25.31M (Peak 25.31M) | Time:00:00.69 | Mem:0.00M, Peak:0.00M | Scene, ViewLayer | Initializing
Fra:1 Mem:20.58M (Peak 25.31M) | Time:00:00.69 | Mem:0.00M, Peak:0.00M | Scene, ViewLayer | Updating Images | Loading CHR002_GreyStudy_BaseColor
Fra:1 Mem:21.97M (Peak 28.59M) | Time:00:00.72 | Mem:4.00M, Peak:4.00M | Scene, ViewLayer | Waiting for render to start
Fra:1 Mem:21.97M (Peak 28.59M) | Time:00:00.72 | Mem:4.00M, Peak:4.00M | Scene, ViewLayer | Updating Scene
Fra:1 Mem:21.97M (Peak 28.59M) | Time:00:00.72 | Mem:4.00M, Peak:4.00M | Scene, ViewLayer | Updating Shaders
Fra:1 Mem:21.97M (Peak 28.59M) | Time:00:00.72 | Mem:4.00M, Peak:4.00M | Scene, ViewLayer | Loading render kernels (may take a few minutes the first time)
Fra:1 Mem:22.05M (Peak 28.59M) | Time:00:00.72 | Mem:4.00M, Peak:4.00M | Scene, ViewLayer | Updating Procedurals
Fra:1 Mem:22.05M (Peak 28.59M) | Time:00:00.72 | Mem:4.00M, Peak:4.00M | Scene, ViewLayer | Updating Background
Fra:1 Mem:22.05M (Peak 28.59M) | Time:00:00.72 | Mem:4.00M, Peak:4.00M | Scene, ViewLayer | Updating Camera
Fra:1 Mem:22.05M (Peak 28.59M) | Time:00:00.72 | Mem:4.00M, Peak:4.00M | Scene, ViewLayer | Updating Meshes Flags
Fra:1 Mem:22.05M (Peak 28.59M) | Time:00:00.72 | Mem:4.00M, Peak:4.00M | Scene, ViewLayer | Updating Objects
Fra:1 Mem:22.05M (Peak 28.59M) | Time:00:00.72 | Mem:4.00M, Peak:4.00M | Scene, ViewLayer | Updating Objects | Copying Transformations to device
Fra:1 Mem:22.07M (Peak 28.59M) | Time:00:00.72 | Mem:4.02M, Peak:4.02M | Scene, ViewLayer | Updating Particle Systems
Fra:1 Mem:22.07M (Peak 28.59M) | Time:00:00.72 | Mem:4.02M, Peak:4.02M | Scene, ViewLayer | Updating Particle Systems | Copying Particles to device
Fra:1 Mem:22.07M (Peak 28.59M) | Time:00:00.72 | Mem:4.02M, Peak:4.02M | Scene, ViewLayer | Updating Meshes
Fra:1 Mem:22.07M (Peak 28.59M) | Time:00:00.72 | Mem:4.02M, Peak:4.02M | Scene, ViewLayer | Updating Objects | Applying Static Transformations
Fra:1 Mem:22.07M (Peak 28.59M) | Time:00:00.72 | Mem:4.02M, Peak:4.02M | Scene, ViewLayer | Updating Mesh | Computing attributes
Fra:1 Mem:23.23M (Peak 28.59M) | Time:00:00.72 | Mem:4.03M, Peak:4.03M | Scene, ViewLayer | Updating Mesh | Copying Attributes to device
Fra:1 Mem:23.22M (Peak 28.59M) | Time:00:00.72 | Mem:5.17M, Peak:5.17M | Scene, ViewLayer | Updating Scene BVH | Building
Fra:1 Mem:23.22M (Peak 28.59M) | Time:00:00.72 | Mem:5.17M, Peak:5.17M | Scene, ViewLayer | Updating Scene BVH | Building BVH
Fra:1 Mem:23.22M (Peak 28.59M) | Time:00:00.72 | Mem:6.38M, Peak:6.38M | Scene, ViewLayer | Updating Scene BVH | Building BVH 0%
Fra:1 Mem:23.22M (Peak 28.59M) | Time:00:00.72 | Mem:7.70M, Peak:8.91M | Scene, ViewLayer | Updating Scene BVH | Copying BVH to device
Fra:1 Mem:23.22M (Peak 28.59M) | Time:00:00.72 | Mem:7.70M, Peak:8.91M | Scene, ViewLayer | Updating Mesh | Computing normals
Fra:1 Mem:24.29M (Peak 28.59M) | Time:00:00.72 | Mem:7.70M, Peak:8.91M | Scene, ViewLayer | Updating Mesh | Copying Mesh to device
Fra:1 Mem:24.29M (Peak 28.59M) | Time:00:00.72 | Mem:8.77M, Peak:8.91M | Scene, ViewLayer | Updating Objects Flags
Fra:1 Mem:24.29M (Peak 28.59M) | Time:00:00.72 | Mem:8.77M, Peak:8.91M | Scene, ViewLayer | Updating Primitive Offsets
Fra:1 Mem:24.29M (Peak 28.59M) | Time:00:00.72 | Mem:8.77M, Peak:8.91M | Scene, ViewLayer | Updating Images
Fra:1 Mem:24.29M (Peak 28.59M) | Time:00:00.72 | Mem:8.77M, Peak:8.91M | Scene, ViewLayer | Updating Camera Volume
Fra:1 Mem:24.29M (Peak 28.59M) | Time:00:00.72 | Mem:8.77M, Peak:8.91M | Scene, ViewLayer | Updating Lookup Tables
Fra:1 Mem:24.29M (Peak 28.59M) | Time:00:00.72 | Mem:8.85M, Peak:8.91M | Scene, ViewLayer | Updating Lights
Fra:1 Mem:24.29M (Peak 28.59M) | Time:00:00.72 | Mem:8.85M, Peak:8.91M | Scene, ViewLayer | Updating Lights | Computing tree
Fra:1 Mem:24.29M (Peak 28.59M) | Time:00:00.72 | Mem:8.85M, Peak:8.91M | Scene, ViewLayer | Updating Integrator
Fra:1 Mem:24.29M (Peak 28.59M) | Time:00:00.72 | Mem:8.85M, Peak:8.91M | Scene, ViewLayer | Updating Film
Fra:1 Mem:24.29M (Peak 28.59M) | Time:00:00.72 | Mem:8.77M, Peak:8.91M | Scene, ViewLayer | Updating Lookup Tables
Fra:1 Mem:24.29M (Peak 28.59M) | Time:00:00.72 | Mem:8.86M, Peak:8.91M | Scene, ViewLayer | Updating Baking
Fra:1 Mem:24.29M (Peak 28.59M) | Time:00:00.72 | Mem:8.86M, Peak:8.91M | Scene, ViewLayer | Updating Device | Writing constant memory
Fra:1 Mem:24.30M (Peak 28.59M) | Time:00:00.72 | Mem:8.86M, Peak:8.91M | Scene, ViewLayer | Loading denoising kernels (may take a few minutes the first time)
Fra:1 Mem:24.30M (Peak 28.59M) | Time:00:00.72 | Mem:8.86M, Peak:8.91M | Scene, ViewLayer | Sample 0/16
Fra:1 Mem:46.59M (Peak 46.59M) | Time:00:01.01 | Remaining:00:04.23 | Mem:31.13M, Peak:31.13M | Scene, ViewLayer | Sample 1/16
Fra:1 Mem:55.96M (Peak 70.03M) | Time:00:08.37 | Mem:31.13M, Peak:31.13M | Scene, ViewLayer | Sample 16/16
Fra:1 Mem:55.96M (Peak 70.03M) | Time:00:08.37 | Mem:31.13M, Peak:31.13M | Scene, ViewLayer | Finished
Saved: '/home/lzzz/MyProjects/N-SIDE/output/characters/CHR-002/ling-model-r1/final/walk-00.png'
Time: 00:08.39 (Saving: 00:00.02)

Fra:7 Mem:19.90M (Peak 20.06M) | Time:00:00.04 | Mem:0.00M, Peak:0.00M | Scene, ViewLayer | Synchronizing object | TShirt
Fra:7 Mem:20.06M (Peak 20.06M) | Time:00:00.04 | Mem:0.00M, Peak:0.00M | Scene, ViewLayer | Synchronizing object | TShirt_Collar
Fra:7 Mem:20.08M (Peak 20.08M) | Time:00:00.04 | Mem:0.00M, Peak:0.00M | Scene, ViewLayer | Synchronizing object | Sleeve_Cuff.L
Fra:7 Mem:20.09M (Peak 20.09M) | Time:00:00.04 | Mem:0.00M, Peak:0.00M | Scene, ViewLayer | Synchronizing object | Zip_Tape.L
Fra:7 Mem:20.13M (Peak 20.13M) | Time:00:00.05 | Mem:0.00M, Peak:0.00M | Scene, ViewLayer | Synchronizing object | Palm.L
Fra:7 Mem:20.18M (Peak 20.18M) | Time:00:00.05 | Mem:0.00M, Peak:0.00M | Scene, ViewLayer | Synchronizing object | Index_Mesh.L
Fra:7 Mem:20.18M (Peak 20.18M) | Time:00:00.05 | Mem:0.00M, Peak:0.00M | Scene, ViewLayer | Synchronizing object | Middle_Mesh.L
Fra:7 Mem:20.19M (Peak 20.19M) | Time:00:00.05 | Mem:0.00M, Peak:0.00M | Scene, ViewLayer | Synchronizing object | Ring_Mesh.L
Fra:7 Mem:20.19M (Peak 20.19M) | Time:00:00.05 | Mem:0.00M, Peak:0.00M | Scene, ViewLayer | Synchronizing object | Pinky_Mesh.L
Fra:7 Mem:20.20M (Peak 20.20M) | Time:00:00.05 | Mem:0.00M, Peak:0.00M | Scene, ViewLayer | Synchronizing object | Thumb_Mesh.L
Fra:7 Mem:20.29M (Peak 20.29M) | Time:00:00.08 | Mem:0.00M, Peak:0.00M | Scene, ViewLayer | Synchronizing object | Leg.L
Fra:7 Mem:20.48M (Peak 20.48M) | Time:00:00.12 | Mem:0.00M, Peak:0.00M | Scene, ViewLayer | Synchronizing object | Shorts.L
Fra:7 Mem:20.57M (Peak 20.57M) | Time:00:00.12 | Mem:0.00M, Peak:0.00M | Scene, ViewLayer | Synchronizing object | Shorts_Hem.L
Fra:7 Mem:20.57M (Peak 20.57M) | Time:00:00.12 | Mem:0.00M, Peak:0.00M | Scene, ViewLayer | Synchronizing object | Sneaker_Sole.L
Fra:7 Mem:20.59M (Peak 20.59M) | Time:00:00.12 | Mem:0.00M, Peak:0.00M | Scene, ViewLayer | Synchronizing object | Sneaker_Upper.L
Fra:7 Mem:20.61M (Peak 20.61M) | Time:00:00.12 | Mem:0.00M, Peak:0.00M | Scene, ViewLayer | Synchronizing object | Sock.L
Fra:7 Mem:20.62M (Peak 20.62M) | Time:00:00.12 | Mem:0.00M, Peak:0.00M | Scene, ViewLayer | Synchronizing object | Lace_0.L
Fra:7 Mem:20.63M (Peak 20.63M) | Time:00:00.12 | Mem:0.00M, Peak:0.00M | Scene, ViewLayer | Synchronizing object | Lace_1.L
Fra:7 Mem:20.63M (Peak 20.63M) | Time:00:00.12 | Mem:0.00M, Peak:0.00M | Scene, ViewLayer | Synchronizing object | Lace_2.L
Fra:7 Mem:20.63M (Peak 20.63M) | Time:00:00.12 | Mem:0.00M, Peak:0.00M | Scene, ViewLayer | Synchronizing object | Heel_Tab.L
Fra:7 Mem:20.63M (Peak 20.63M) | Time:00:00.12 | Mem:0.00M, Peak:0.00M | Scene, ViewLayer | Synchronizing object | Sleeve_Cuff.R
Fra:7 Mem:20.64M (Peak 20.64M) | Time:00:00.12 | Mem:0.00M, Peak:0.00M | Scene, ViewLayer | Synchronizing object | Zip_Tape.R
Fra:7 Mem:20.68M (Peak 20.68M) | Time:00:00.13 | Mem:0.00M, Peak:0.00M | Scene, ViewLayer | Synchronizing object | Palm.R
Fra:7 Mem:20.73M (Peak 20.73M) | Time:00:00.13 | Mem:0.00M, Peak:0.00M | Scene, ViewLayer | Synchronizing object | Index_Mesh.R
Fra:7 Mem:20.73M (Peak 20.73M) | Time:00:00.13 | Mem:0.00M, Peak:0.00M | Scene, ViewLayer | Synchronizing object | Middle_Mesh.R
Fra:7 Mem:20.74M (Peak 20.74M) | Time:00:00.13 | Mem:0.00M, Peak:0.00M | Scene, ViewLayer | Synchronizing object | Ring_Mesh.R
Fra:7 Mem:20.75M (Peak 20.75M) | Time:00:00.13 | Mem:0.00M, Peak:0.00M | Scene, ViewLayer | Synchronizing object | Pinky_Mesh.R
Fra:7 Mem:20.75M (Peak 20.75M) | Time:00:00.13 | Mem:0.00M, Peak:0.00M | Scene, ViewLayer | Synchronizing object | Thumb_Mesh.R
Fra:7 Mem:20.85M (Peak 20.85M) | Time:00:00.16 | Mem:0.00M, Peak:0.00M | Scene, ViewLayer | Synchronizing object | Leg.R
Fra:7 Mem:21.03M (Peak 21.03M) | Time:00:00.20 | Mem:0.00M, Peak:0.00M | Scene, ViewLayer | Synchronizing object | Shorts.R
Fra:7 Mem:21.14M (Peak 21.14M) | Time:00:00.20 | Mem:0.00M, Peak:0.00M | Scene, ViewLayer | Synchronizing object | Shorts_Hem.R
Fra:7 Mem:21.14M (Peak 21.14M) | Time:00:00.20 | Mem:0.00M, Peak:0.00M | Scene, ViewLayer | Synchronizing object | Sneaker_Sole.R
Fra:7 Mem:21.16M (Peak 21.16M) | Time:00:00.20 | Mem:0.00M, Peak:0.00M | Scene, ViewLayer | Synchronizing object | Sneaker_Upper.R
Fra:7 Mem:21.18M (Peak 21.18M) | Time:00:00.20 | Mem:0.00M, Peak:0.00M | Scene, ViewLayer | Synchronizing object | Sock.R
Fra:7 Mem:21.19M (Peak 21.19M) | Time:00:00.20 | Mem:0.00M, Peak:0.00M | Scene, ViewLayer | Synchronizing object | Lace_0.R
Fra:7 Mem:21.19M (Peak 21.19M) | Time:00:00.20 | Mem:0.00M, Peak:0.00M | Scene, ViewLayer | Synchronizing object | Lace_1.R
Fra:7 Mem:21.20M (Peak 21.20M) | Time:00:00.20 | Mem:0.00M, Peak:0.00M | Scene, ViewLayer | Synchronizing object | Lace_2.R
Fra:7 Mem:21.20M (Peak 21.20M) | Time:00:00.20 | Mem:0.00M, Peak:0.00M | Scene, ViewLayer | Synchronizing object | Heel_Tab.R
Fra:7 Mem:21.76M (Peak 21.76M) | Time:00:00.23 | Mem:0.00M, Peak:0.00M | Scene, ViewLayer | Synchronizing object | Jacket_ContinuousShoulders
Fra:7 Mem:22.98M (Peak 22.98M) | Time:00:00.63 | Mem:0.00M, Peak:0.00M | Scene, ViewLayer | Synchronizing object | Face_Head
Fra:7 Mem:23.65M (Peak 23.65M) | Time:00:00.65 | Mem:0.00M, Peak:0.00M | Scene, ViewLayer | Synchronizing object | Ear.L
Fra:7 Mem:23.71M (Peak 23.71M) | Time:00:00.65 | Mem:0.00M, Peak:0.00M | Scene, ViewLayer | Synchronizing object | Ear_Fold.L
Fra:7 Mem:23.75M (Peak 23.75M) | Time:00:00.66 | Mem:0.00M, Peak:0.00M | Scene, ViewLayer | Synchronizing object | Ear.R
Fra:7 Mem:23.82M (Peak 23.82M) | Time:00:00.66 | Mem:0.00M, Peak:0.00M | Scene, ViewLayer | Synchronizing object | Ear_Fold.R
Fra:7 Mem:23.82M (Peak 23.82M) | Time:00:00.66 | Mem:0.00M, Peak:0.00M | Scene, ViewLayer | Synchronizing object | Eye_White.L
Fra:7 Mem:23.84M (Peak 23.84M) | Time:00:00.66 | Mem:0.00M, Peak:0.00M | Scene, ViewLayer | Synchronizing object | Iris_hair.L
Fra:7 Mem:23.84M (Peak 23.84M) | Time:00:00.66 | Mem:0.00M, Peak:0.00M | Scene, ViewLayer | Synchronizing object | Iris_ink.L
Fra:7 Mem:23.85M (Peak 23.85M) | Time:00:00.66 | Mem:0.00M, Peak:0.00M | Scene, ViewLayer | Synchronizing object | Eye_Glint.L
Fra:7 Mem:23.85M (Peak 23.85M) | Time:00:00.66 | Mem:0.00M, Peak:0.00M | Scene, ViewLayer | Synchronizing object | Upper_Lid.L
Fra:7 Mem:23.86M (Peak 23.86M) | Time:00:00.66 | Mem:0.00M, Peak:0.00M | Scene, ViewLayer | Synchronizing object | Lower_Lid.L
Fra:7 Mem:23.87M (Peak 23.87M) | Time:00:00.66 | Mem:0.00M, Peak:0.00M | Scene, ViewLayer | Synchronizing object | Eyebrow.L
Fra:7 Mem:23.87M (Peak 23.87M) | Time:00:00.66 | Mem:0.00M, Peak:0.00M | Scene, ViewLayer | Synchronizing object | Eye_White.R
Fra:7 Mem:23.88M (Peak 23.88M) | Time:00:00.66 | Mem:0.00M, Peak:0.00M | Scene, ViewLayer | Synchronizing object | Iris_hair.R
Fra:7 Mem:23.89M (Peak 23.89M) | Time:00:00.66 | Mem:0.00M, Peak:0.00M | Scene, ViewLayer | Synchronizing object | Iris_ink.R
Fra:7 Mem:23.90M (Peak 23.90M) | Time:00:00.66 | Mem:0.00M, Peak:0.00M | Scene, ViewLayer | Synchronizing object | Eye_Glint.R
Fra:7 Mem:23.90M (Peak 23.90M) | Time:00:00.66 | Mem:0.00M, Peak:0.00M | Scene, ViewLayer | Synchronizing object | Upper_Lid.R
Fra:7 Mem:23.91M (Peak 23.91M) | Time:00:00.66 | Mem:0.00M, Peak:0.00M | Scene, ViewLayer | Synchronizing object | Lower_Lid.R
Fra:7 Mem:23.92M (Peak 23.92M) | Time:00:00.66 | Mem:0.00M, Peak:0.00M | Scene, ViewLayer | Synchronizing object | Eyebrow.R
Fra:7 Mem:23.92M (Peak 23.92M) | Time:00:00.66 | Mem:0.00M, Peak:0.00M | Scene, ViewLayer | Synchronizing object | Mouth
Fra:7 Mem:23.94M (Peak 23.94M) | Time:00:00.66 | Mem:0.00M, Peak:0.00M | Scene, ViewLayer | Synchronizing object | Hair_Cap
Fra:7 Mem:25.10M (Peak 25.10M) | Time:00:00.69 | Mem:0.00M, Peak:0.00M | Scene, ViewLayer | Synchronizing object | Hair_CrownBase
Fra:7 Mem:25.16M (Peak 25.16M) | Time:00:00.69 | Mem:0.00M, Peak:0.00M | Scene, ViewLayer | Synchronizing object | Review_Rim
Fra:7 Mem:25.19M (Peak 25.19M) | Time:00:00.69 | Mem:0.00M, Peak:0.00M | Scene, ViewLayer | Synchronizing object | Review_Fill
Fra:7 Mem:25.19M (Peak 25.19M) | Time:00:00.69 | Mem:0.00M, Peak:0.00M | Scene, ViewLayer | Synchronizing object | Review_Key
Fra:7 Mem:25.19M (Peak 25.19M) | Time:00:00.69 | Mem:0.00M, Peak:0.00M | Scene, ViewLayer | Synchronizing object | Review_Ground
Fra:7 Mem:25.19M (Peak 25.19M) | Time:00:00.69 | Mem:0.00M, Peak:0.00M | Scene, ViewLayer | Synchronizing object | Bangs_00
Fra:7 Mem:25.19M (Peak 25.19M) | Time:00:00.69 | Mem:0.00M, Peak:0.00M | Scene, ViewLayer | Synchronizing object | Drawing_Pen_0.16
Fra:7 Mem:25.21M (Peak 25.21M) | Time:00:00.69 | Mem:0.00M, Peak:0.00M | Scene, ViewLayer | Synchronizing object | Drawing_Pen_0.136
Fra:7 Mem:25.21M (Peak 25.21M) | Time:00:00.69 | Mem:0.00M, Peak:0.00M | Scene, ViewLayer | Synchronizing object | Bangs_01
Fra:7 Mem:25.21M (Peak 25.21M) | Time:00:00.69 | Mem:0.00M, Peak:0.00M | Scene, ViewLayer | Synchronizing object | Pen_Pouch
Fra:7 Mem:25.23M (Peak 25.23M) | Time:00:00.69 | Mem:0.00M, Peak:0.00M | Scene, ViewLayer | Synchronizing object | Hair_Clip_1
Fra:7 Mem:25.24M (Peak 25.24M) | Time:00:00.69 | Mem:0.00M, Peak:0.00M | Scene, ViewLayer | Synchronizing object | Hair_Clip_0
Fra:7 Mem:25.24M (Peak 25.24M) | Time:00:00.69 | Mem:0.00M, Peak:0.00M | Scene, ViewLayer | Synchronizing object | Bangs_02
Fra:7 Mem:25.24M (Peak 25.24M) | Time:00:00.69 | Mem:0.00M, Peak:0.00M | Scene, ViewLayer | Synchronizing object | Temple_0.R
Fra:7 Mem:25.28M (Peak 25.28M) | Time:00:00.69 | Mem:0.00M, Peak:0.00M | Scene, ViewLayer | Synchronizing object | Bangs_03
Fra:7 Mem:25.28M (Peak 25.28M) | Time:00:00.69 | Mem:0.00M, Peak:0.00M | Scene, ViewLayer | Synchronizing object | Temple_0.L
Fra:7 Mem:25.31M (Peak 25.31M) | Time:00:00.69 | Mem:0.00M, Peak:0.00M | Scene, ViewLayer | Initializing
Fra:7 Mem:20.58M (Peak 25.31M) | Time:00:00.70 | Mem:0.00M, Peak:0.00M | Scene, ViewLayer | Updating Images | Loading CHR002_GreyStudy_BaseColor
Fra:7 Mem:21.97M (Peak 28.59M) | Time:00:00.71 | Mem:4.00M, Peak:4.00M | Scene, ViewLayer | Waiting for render to start
Fra:7 Mem:21.97M (Peak 28.59M) | Time:00:00.71 | Mem:4.00M, Peak:4.00M | Scene, ViewLayer | Updating Scene
Fra:7 Mem:21.97M (Peak 28.59M) | Time:00:00.71 | Mem:4.00M, Peak:4.00M | Scene, ViewLayer | Updating Shaders
Fra:7 Mem:21.97M (Peak 28.59M) | Time:00:00.71 | Mem:4.00M, Peak:4.00M | Scene, ViewLayer | Loading render kernels (may take a few minutes the first time)
Fra:7 Mem:22.05M (Peak 28.59M) | Time:00:00.71 | Mem:4.00M, Peak:4.00M | Scene, ViewLayer | Updating Procedurals
Fra:7 Mem:22.05M (Peak 28.59M) | Time:00:00.71 | Mem:4.00M, Peak:4.00M | Scene, ViewLayer | Updating Background
Fra:7 Mem:22.05M (Peak 28.59M) | Time:00:00.71 | Mem:4.00M, Peak:4.00M | Scene, ViewLayer | Updating Camera
Fra:7 Mem:22.05M (Peak 28.59M) | Time:00:00.71 | Mem:4.00M, Peak:4.00M | Scene, ViewLayer | Updating Meshes Flags
Fra:7 Mem:22.05M (Peak 28.59M) | Time:00:00.71 | Mem:4.00M, Peak:4.00M | Scene, ViewLayer | Updating Objects
Fra:7 Mem:22.05M (Peak 28.59M) | Time:00:00.71 | Mem:4.00M, Peak:4.00M | Scene, ViewLayer | Updating Objects | Copying Transformations to device
Fra:7 Mem:22.07M (Peak 28.59M) | Time:00:00.71 | Mem:4.02M, Peak:4.02M | Scene, ViewLayer | Updating Particle Systems
Fra:7 Mem:22.07M (Peak 28.59M) | Time:00:00.71 | Mem:4.02M, Peak:4.02M | Scene, ViewLayer | Updating Particle Systems | Copying Particles to device
Fra:7 Mem:22.07M (Peak 28.59M) | Time:00:00.71 | Mem:4.02M, Peak:4.02M | Scene, ViewLayer | Updating Meshes
Fra:7 Mem:22.07M (Peak 28.59M) | Time:00:00.71 | Mem:4.02M, Peak:4.02M | Scene, ViewLayer | Updating Objects | Applying Static Transformations
Fra:7 Mem:22.07M (Peak 28.59M) | Time:00:00.71 | Mem:4.02M, Peak:4.02M | Scene, ViewLayer | Updating Mesh | Computing attributes
Fra:7 Mem:23.23M (Peak 28.59M) | Time:00:00.71 | Mem:4.03M, Peak:4.03M | Scene, ViewLayer | Updating Mesh | Copying Attributes to device
Fra:7 Mem:23.22M (Peak 28.59M) | Time:00:00.71 | Mem:5.17M, Peak:5.17M | Scene, ViewLayer | Updating Scene BVH | Building
Fra:7 Mem:23.22M (Peak 28.59M) | Time:00:00.71 | Mem:5.17M, Peak:5.17M | Scene, ViewLayer | Updating Scene BVH | Building BVH
Fra:7 Mem:23.22M (Peak 28.59M) | Time:00:00.71 | Mem:6.38M, Peak:6.38M | Scene, ViewLayer | Updating Scene BVH | Building BVH 0%
Fra:7 Mem:23.22M (Peak 28.59M) | Time:00:00.71 | Mem:7.70M, Peak:8.91M | Scene, ViewLayer | Updating Scene BVH | Copying BVH to device
Fra:7 Mem:23.22M (Peak 28.59M) | Time:00:00.71 | Mem:7.70M, Peak:8.91M | Scene, ViewLayer | Updating Mesh | Computing normals
Fra:7 Mem:24.29M (Peak 28.59M) | Time:00:00.71 | Mem:7.70M, Peak:8.91M | Scene, ViewLayer | Updating Mesh | Copying Mesh to device
Fra:7 Mem:24.29M (Peak 28.59M) | Time:00:00.71 | Mem:8.77M, Peak:8.91M | Scene, ViewLayer | Updating Objects Flags
Fra:7 Mem:24.29M (Peak 28.59M) | Time:00:00.71 | Mem:8.77M, Peak:8.91M | Scene, ViewLayer | Updating Primitive Offsets
Fra:7 Mem:24.29M (Peak 28.59M) | Time:00:00.71 | Mem:8.77M, Peak:8.91M | Scene, ViewLayer | Updating Images
Fra:7 Mem:24.29M (Peak 28.59M) | Time:00:00.71 | Mem:8.77M, Peak:8.91M | Scene, ViewLayer | Updating Camera Volume
Fra:7 Mem:24.29M (Peak 28.59M) | Time:00:00.71 | Mem:8.77M, Peak:8.91M | Scene, ViewLayer | Updating Lookup Tables
Fra:7 Mem:24.29M (Peak 28.59M) | Time:00:00.71 | Mem:8.85M, Peak:8.91M | Scene, ViewLayer | Updating Lights
Fra:7 Mem:24.29M (Peak 28.59M) | Time:00:00.71 | Mem:8.85M, Peak:8.91M | Scene, ViewLayer | Updating Lights | Computing tree
Fra:7 Mem:24.29M (Peak 28.59M) | Time:00:00.71 | Mem:8.85M, Peak:8.91M | Scene, ViewLayer | Updating Integrator
Fra:7 Mem:24.29M (Peak 28.59M) | Time:00:00.71 | Mem:8.85M, Peak:8.91M | Scene, ViewLayer | Updating Film
Fra:7 Mem:24.29M (Peak 28.59M) | Time:00:00.71 | Mem:8.77M, Peak:8.91M | Scene, ViewLayer | Updating Lookup Tables
Fra:7 Mem:24.29M (Peak 28.59M) | Time:00:00.71 | Mem:8.86M, Peak:8.91M | Scene, ViewLayer | Updating Baking
Fra:7 Mem:24.29M (Peak 28.59M) | Time:00:00.71 | Mem:8.86M, Peak:8.91M | Scene, ViewLayer | Updating Device | Writing constant memory
Fra:7 Mem:24.30M (Peak 28.59M) | Time:00:00.71 | Mem:8.86M, Peak:8.91M | Scene, ViewLayer | Loading denoising kernels (may take a few minutes the first time)
Fra:7 Mem:24.30M (Peak 28.59M) | Time:00:00.71 | Mem:8.86M, Peak:8.91M | Scene, ViewLayer | Sample 0/16
Fra:7 Mem:46.59M (Peak 46.59M) | Time:00:00.98 | Remaining:00:04.06 | Mem:31.13M, Peak:31.13M | Scene, ViewLayer | Sample 1/16
Fra:7 Mem:55.96M (Peak 70.03M) | Time:00:08.18 | Mem:31.13M, Peak:31.13M | Scene, ViewLayer | Sample 16/16
Fra:7 Mem:55.96M (Peak 70.03M) | Time:00:08.18 | Mem:31.13M, Peak:31.13M | Scene, ViewLayer | Finished
Saved: '/home/lzzz/MyProjects/N-SIDE/output/characters/CHR-002/ling-model-r1/final/walk-01.png'
Time: 00:08.21 (Saving: 00:00.02)

Fra:13 Mem:19.90M (Peak 20.06M) | Time:00:00.04 | Mem:0.00M, Peak:0.00M | Scene, ViewLayer | Synchronizing object | TShirt
Fra:13 Mem:20.06M (Peak 20.06M) | Time:00:00.04 | Mem:0.00M, Peak:0.00M | Scene, ViewLayer | Synchronizing object | TShirt_Collar
Fra:13 Mem:20.08M (Peak 20.08M) | Time:00:00.04 | Mem:0.00M, Peak:0.00M | Scene, ViewLayer | Synchronizing object | Sleeve_Cuff.L
Fra:13 Mem:20.09M (Peak 20.09M) | Time:00:00.04 | Mem:0.00M, Peak:0.00M | Scene, ViewLayer | Synchronizing object | Zip_Tape.L
Fra:13 Mem:20.13M (Peak 20.13M) | Time:00:00.05 | Mem:0.00M, Peak:0.00M | Scene, ViewLayer | Synchronizing object | Palm.L
Fra:13 Mem:20.19M (Peak 20.19M) | Time:00:00.05 | Mem:0.00M, Peak:0.00M | Scene, ViewLayer | Synchronizing object | Index_Mesh.L
Fra:13 Mem:20.18M (Peak 20.19M) | Time:00:00.05 | Mem:0.00M, Peak:0.00M | Scene, ViewLayer | Synchronizing object | Middle_Mesh.L
Fra:13 Mem:20.19M (Peak 20.19M) | Time:00:00.05 | Mem:0.00M, Peak:0.00M | Scene, ViewLayer | Synchronizing object | Ring_Mesh.L
Fra:13 Mem:20.19M (Peak 20.19M) | Time:00:00.05 | Mem:0.00M, Peak:0.00M | Scene, ViewLayer | Synchronizing object | Pinky_Mesh.L
Fra:13 Mem:20.20M (Peak 20.20M) | Time:00:00.05 | Mem:0.00M, Peak:0.00M | Scene, ViewLayer | Synchronizing object | Thumb_Mesh.L
Fra:13 Mem:20.29M (Peak 20.29M) | Time:00:00.08 | Mem:0.00M, Peak:0.00M | Scene, ViewLayer | Synchronizing object | Leg.L
Fra:13 Mem:20.48M (Peak 20.48M) | Time:00:00.12 | Mem:0.00M, Peak:0.00M | Scene, ViewLayer | Synchronizing object | Shorts.L
Fra:13 Mem:20.57M (Peak 20.57M) | Time:00:00.12 | Mem:0.00M, Peak:0.00M | Scene, ViewLayer | Synchronizing object | Shorts_Hem.L
Fra:13 Mem:20.57M (Peak 20.57M) | Time:00:00.12 | Mem:0.00M, Peak:0.00M | Scene, ViewLayer | Synchronizing object | Sneaker_Sole.L
Fra:13 Mem:20.59M (Peak 20.59M) | Time:00:00.12 | Mem:0.00M, Peak:0.00M | Scene, ViewLayer | Synchronizing object | Sneaker_Upper.L
Fra:13 Mem:20.61M (Peak 20.61M) | Time:00:00.12 | Mem:0.00M, Peak:0.00M | Scene, ViewLayer | Synchronizing object | Sock.L
Fra:13 Mem:20.62M (Peak 20.62M) | Time:00:00.12 | Mem:0.00M, Peak:0.00M | Scene, ViewLayer | Synchronizing object | Lace_0.L
Fra:13 Mem:20.63M (Peak 20.63M) | Time:00:00.12 | Mem:0.00M, Peak:0.00M | Scene, ViewLayer | Synchronizing object | Lace_1.L
Fra:13 Mem:20.63M (Peak 20.63M) | Time:00:00.12 | Mem:0.00M, Peak:0.00M | Scene, ViewLayer | Synchronizing object | Lace_2.L
Fra:13 Mem:20.63M (Peak 20.63M) | Time:00:00.12 | Mem:0.00M, Peak:0.00M | Scene, ViewLayer | Synchronizing object | Heel_Tab.L
Fra:13 Mem:20.63M (Peak 20.63M) | Time:00:00.12 | Mem:0.00M, Peak:0.00M | Scene, ViewLayer | Synchronizing object | Sleeve_Cuff.R
Fra:13 Mem:20.64M (Peak 20.64M) | Time:00:00.12 | Mem:0.00M, Peak:0.00M | Scene, ViewLayer | Synchronizing object | Zip_Tape.R
Fra:13 Mem:20.68M (Peak 20.68M) | Time:00:00.13 | Mem:0.00M, Peak:0.00M | Scene, ViewLayer | Synchronizing object | Palm.R
Fra:13 Mem:20.73M (Peak 20.73M) | Time:00:00.13 | Mem:0.00M, Peak:0.00M | Scene, ViewLayer | Synchronizing object | Index_Mesh.R
Fra:13 Mem:20.75M (Peak 20.75M) | Time:00:00.13 | Mem:0.00M, Peak:0.00M | Scene, ViewLayer | Synchronizing object | Middle_Mesh.R
Fra:13 Mem:20.74M (Peak 20.75M) | Time:00:00.13 | Mem:0.00M, Peak:0.00M | Scene, ViewLayer | Synchronizing object | Ring_Mesh.R
Fra:13 Mem:20.75M (Peak 20.75M) | Time:00:00.13 | Mem:0.00M, Peak:0.00M | Scene, ViewLayer | Synchronizing object | Pinky_Mesh.R
Fra:13 Mem:20.75M (Peak 20.75M) | Time:00:00.13 | Mem:0.00M, Peak:0.00M | Scene, ViewLayer | Synchronizing object | Thumb_Mesh.R
Fra:13 Mem:20.85M (Peak 20.85M) | Time:00:00.16 | Mem:0.00M, Peak:0.00M | Scene, ViewLayer | Synchronizing object | Leg.R
Fra:13 Mem:21.03M (Peak 21.03M) | Time:00:00.19 | Mem:0.00M, Peak:0.00M | Scene, ViewLayer | Synchronizing object | Shorts.R
Fra:13 Mem:21.14M (Peak 21.14M) | Time:00:00.19 | Mem:0.00M, Peak:0.00M | Scene, ViewLayer | Synchronizing object | Shorts_Hem.R
Fra:13 Mem:21.14M (Peak 21.14M) | Time:00:00.19 | Mem:0.00M, Peak:0.00M | Scene, ViewLayer | Synchronizing object | Sneaker_Sole.R
Fra:13 Mem:21.16M (Peak 21.16M) | Time:00:00.19 | Mem:0.00M, Peak:0.00M | Scene, ViewLayer | Synchronizing object | Sneaker_Upper.R
Fra:13 Mem:21.18M (Peak 21.18M) | Time:00:00.19 | Mem:0.00M, Peak:0.00M | Scene, ViewLayer | Synchronizing object | Sock.R
Fra:13 Mem:21.19M (Peak 21.19M) | Time:00:00.19 | Mem:0.00M, Peak:0.00M | Scene, ViewLayer | Synchronizing object | Lace_0.R
Fra:13 Mem:21.19M (Peak 21.19M) | Time:00:00.19 | Mem:0.00M, Peak:0.00M | Scene, ViewLayer | Synchronizing object | Lace_1.R
Fra:13 Mem:21.20M (Peak 21.20M) | Time:00:00.19 | Mem:0.00M, Peak:0.00M | Scene, ViewLayer | Synchronizing object | Lace_2.R
Fra:13 Mem:21.20M (Peak 21.20M) | Time:00:00.19 | Mem:0.00M, Peak:0.00M | Scene, ViewLayer | Synchronizing object | Heel_Tab.R
Fra:13 Mem:21.76M (Peak 21.76M) | Time:00:00.23 | Mem:0.00M, Peak:0.00M | Scene, ViewLayer | Synchronizing object | Jacket_ContinuousShoulders
Fra:13 Mem:22.98M (Peak 22.98M) | Time:00:00.63 | Mem:0.00M, Peak:0.00M | Scene, ViewLayer | Synchronizing object | Face_Head
Fra:13 Mem:23.65M (Peak 23.65M) | Time:00:00.64 | Mem:0.00M, Peak:0.00M | Scene, ViewLayer | Synchronizing object | Ear.L
Fra:13 Mem:23.71M (Peak 23.71M) | Time:00:00.64 | Mem:0.00M, Peak:0.00M | Scene, ViewLayer | Synchronizing object | Ear_Fold.L
Fra:13 Mem:23.75M (Peak 23.75M) | Time:00:00.65 | Mem:0.00M, Peak:0.00M | Scene, ViewLayer | Synchronizing object | Ear.R
Fra:13 Mem:23.82M (Peak 23.82M) | Time:00:00.65 | Mem:0.00M, Peak:0.00M | Scene, ViewLayer | Synchronizing object | Ear_Fold.R
Fra:13 Mem:23.82M (Peak 23.82M) | Time:00:00.65 | Mem:0.00M, Peak:0.00M | Scene, ViewLayer | Synchronizing object | Eye_White.L
Fra:13 Mem:23.84M (Peak 23.84M) | Time:00:00.65 | Mem:0.00M, Peak:0.00M | Scene, ViewLayer | Synchronizing object | Iris_hair.L
Fra:13 Mem:23.84M (Peak 23.84M) | Time:00:00.65 | Mem:0.00M, Peak:0.00M | Scene, ViewLayer | Synchronizing object | Iris_ink.L
Fra:13 Mem:23.85M (Peak 23.85M) | Time:00:00.65 | Mem:0.00M, Peak:0.00M | Scene, ViewLayer | Synchronizing object | Eye_Glint.L
Fra:13 Mem:23.85M (Peak 23.85M) | Time:00:00.65 | Mem:0.00M, Peak:0.00M | Scene, ViewLayer | Synchronizing object | Upper_Lid.L
Fra:13 Mem:23.86M (Peak 23.86M) | Time:00:00.65 | Mem:0.00M, Peak:0.00M | Scene, ViewLayer | Synchronizing object | Lower_Lid.L
Fra:13 Mem:23.87M (Peak 23.87M) | Time:00:00.65 | Mem:0.00M, Peak:0.00M | Scene, ViewLayer | Synchronizing object | Eyebrow.L
Fra:13 Mem:23.87M (Peak 23.87M) | Time:00:00.65 | Mem:0.00M, Peak:0.00M | Scene, ViewLayer | Synchronizing object | Eye_White.R
Fra:13 Mem:23.88M (Peak 23.88M) | Time:00:00.65 | Mem:0.00M, Peak:0.00M | Scene, ViewLayer | Synchronizing object | Iris_hair.R
Fra:13 Mem:23.89M (Peak 23.89M) | Time:00:00.65 | Mem:0.00M, Peak:0.00M | Scene, ViewLayer | Synchronizing object | Iris_ink.R
Fra:13 Mem:23.90M (Peak 23.90M) | Time:00:00.65 | Mem:0.00M, Peak:0.00M | Scene, ViewLayer | Synchronizing object | Eye_Glint.R
Fra:13 Mem:23.90M (Peak 23.90M) | Time:00:00.65 | Mem:0.00M, Peak:0.00M | Scene, ViewLayer | Synchronizing object | Upper_Lid.R
Fra:13 Mem:23.91M (Peak 23.91M) | Time:00:00.65 | Mem:0.00M, Peak:0.00M | Scene, ViewLayer | Synchronizing object | Lower_Lid.R
Fra:13 Mem:23.92M (Peak 23.92M) | Time:00:00.65 | Mem:0.00M, Peak:0.00M | Scene, ViewLayer | Synchronizing object | Eyebrow.R
Fra:13 Mem:23.92M (Peak 23.92M) | Time:00:00.65 | Mem:0.00M, Peak:0.00M | Scene, ViewLayer | Synchronizing object | Mouth
Fra:13 Mem:23.94M (Peak 23.94M) | Time:00:00.65 | Mem:0.00M, Peak:0.00M | Scene, ViewLayer | Synchronizing object | Hair_Cap
Fra:13 Mem:25.10M (Peak 25.10M) | Time:00:00.69 | Mem:0.00M, Peak:0.00M | Scene, ViewLayer | Synchronizing object | Hair_CrownBase
Fra:13 Mem:25.17M (Peak 25.17M) | Time:00:00.69 | Mem:0.00M, Peak:0.00M | Scene, ViewLayer | Synchronizing object | Review_Rim
Fra:13 Mem:25.21M (Peak 25.21M) | Time:00:00.69 | Mem:0.00M, Peak:0.00M | Scene, ViewLayer | Synchronizing object | Review_Fill
Fra:13 Mem:25.19M (Peak 25.21M) | Time:00:00.69 | Mem:0.00M, Peak:0.00M | Scene, ViewLayer | Synchronizing object | Review_Key
Fra:13 Mem:25.19M (Peak 25.21M) | Time:00:00.69 | Mem:0.00M, Peak:0.00M | Scene, ViewLayer | Synchronizing object | Review_Ground
Fra:13 Mem:25.20M (Peak 25.21M) | Time:00:00.69 | Mem:0.00M, Peak:0.00M | Scene, ViewLayer | Synchronizing object | Drawing_Pen_0.16
Fra:13 Mem:25.21M (Peak 25.21M) | Time:00:00.69 | Mem:0.00M, Peak:0.00M | Scene, ViewLayer | Synchronizing object | Bangs_01
Fra:13 Mem:25.22M (Peak 25.22M) | Time:00:00.69 | Mem:0.00M, Peak:0.00M | Scene, ViewLayer | Synchronizing object | Drawing_Pen_0.136
Fra:13 Mem:25.23M (Peak 25.23M) | Time:00:00.69 | Mem:0.00M, Peak:0.00M | Scene, ViewLayer | Synchronizing object | Bangs_02
Fra:13 Mem:25.24M (Peak 25.24M) | Time:00:00.69 | Mem:0.00M, Peak:0.00M | Scene, ViewLayer | Synchronizing object | Pen_Pouch
Fra:13 Mem:25.25M (Peak 25.25M) | Time:00:00.69 | Mem:0.00M, Peak:0.00M | Scene, ViewLayer | Synchronizing object | Bangs_03
Fra:13 Mem:25.26M (Peak 25.26M) | Time:00:00.69 | Mem:0.00M, Peak:0.00M | Scene, ViewLayer | Synchronizing object | Hair_Clip_1
Fra:13 Mem:25.27M (Peak 25.27M) | Time:00:00.69 | Mem:0.00M, Peak:0.00M | Scene, ViewLayer | Synchronizing object | Hair_Clip_0
Fra:13 Mem:25.28M (Peak 25.28M) | Time:00:00.69 | Mem:0.00M, Peak:0.00M | Scene, ViewLayer | Synchronizing object | Temple_0.L
Fra:13 Mem:25.28M (Peak 25.28M) | Time:00:00.69 | Mem:0.00M, Peak:0.00M | Scene, ViewLayer | Synchronizing object | Temple_0.R
Fra:13 Mem:25.31M (Peak 25.31M) | Time:00:00.69 | Mem:0.00M, Peak:0.00M | Scene, ViewLayer | Initializing
Fra:13 Mem:20.58M (Peak 25.31M) | Time:00:00.69 | Mem:0.00M, Peak:0.00M | Scene, ViewLayer | Updating Images | Loading CHR002_GreyStudy_BaseColor
Fra:13 Mem:21.97M (Peak 28.59M) | Time:00:00.70 | Mem:4.00M, Peak:4.00M | Scene, ViewLayer | Waiting for render to start
Fra:13 Mem:21.97M (Peak 28.59M) | Time:00:00.70 | Mem:4.00M, Peak:4.00M | Scene, ViewLayer | Updating Scene
Fra:13 Mem:21.97M (Peak 28.59M) | Time:00:00.70 | Mem:4.00M, Peak:4.00M | Scene, ViewLayer | Updating Shaders
Fra:13 Mem:21.97M (Peak 28.59M) | Time:00:00.70 | Mem:4.00M, Peak:4.00M | Scene, ViewLayer | Loading render kernels (may take a few minutes the first time)
Fra:13 Mem:22.05M (Peak 28.59M) | Time:00:00.70 | Mem:4.00M, Peak:4.00M | Scene, ViewLayer | Updating Procedurals
Fra:13 Mem:22.05M (Peak 28.59M) | Time:00:00.70 | Mem:4.00M, Peak:4.00M | Scene, ViewLayer | Updating Background
Fra:13 Mem:22.05M (Peak 28.59M) | Time:00:00.70 | Mem:4.00M, Peak:4.00M | Scene, ViewLayer | Updating Camera
Fra:13 Mem:22.05M (Peak 28.59M) | Time:00:00.70 | Mem:4.00M, Peak:4.00M | Scene, ViewLayer | Updating Meshes Flags
Fra:13 Mem:22.05M (Peak 28.59M) | Time:00:00.70 | Mem:4.00M, Peak:4.00M | Scene, ViewLayer | Updating Objects
Fra:13 Mem:22.05M (Peak 28.59M) | Time:00:00.70 | Mem:4.00M, Peak:4.00M | Scene, ViewLayer | Updating Objects | Copying Transformations to device
Fra:13 Mem:22.07M (Peak 28.59M) | Time:00:00.70 | Mem:4.02M, Peak:4.02M | Scene, ViewLayer | Updating Particle Systems
Fra:13 Mem:22.07M (Peak 28.59M) | Time:00:00.70 | Mem:4.02M, Peak:4.02M | Scene, ViewLayer | Updating Particle Systems | Copying Particles to device
Fra:13 Mem:22.07M (Peak 28.59M) | Time:00:00.70 | Mem:4.02M, Peak:4.02M | Scene, ViewLayer | Updating Meshes
Fra:13 Mem:22.07M (Peak 28.59M) | Time:00:00.70 | Mem:4.02M, Peak:4.02M | Scene, ViewLayer | Updating Objects | Applying Static Transformations
Fra:13 Mem:22.07M (Peak 28.59M) | Time:00:00.70 | Mem:4.02M, Peak:4.02M | Scene, ViewLayer | Updating Mesh | Computing attributes
Fra:13 Mem:23.23M (Peak 28.59M) | Time:00:00.70 | Mem:4.03M, Peak:4.03M | Scene, ViewLayer | Updating Mesh | Copying Attributes to device
Fra:13 Mem:23.22M (Peak 28.59M) | Time:00:00.70 | Mem:5.17M, Peak:5.17M | Scene, ViewLayer | Updating Scene BVH | Building
Fra:13 Mem:23.22M (Peak 28.59M) | Time:00:00.70 | Mem:5.17M, Peak:5.17M | Scene, ViewLayer | Updating Scene BVH | Building BVH
Fra:13 Mem:23.22M (Peak 28.59M) | Time:00:00.70 | Mem:6.38M, Peak:6.38M | Scene, ViewLayer | Updating Scene BVH | Building BVH 0%
Fra:13 Mem:23.22M (Peak 28.59M) | Time:00:00.71 | Mem:7.70M, Peak:8.91M | Scene, ViewLayer | Updating Scene BVH | Copying BVH to device
Fra:13 Mem:23.22M (Peak 28.59M) | Time:00:00.71 | Mem:7.70M, Peak:8.91M | Scene, ViewLayer | Updating Mesh | Computing normals
Fra:13 Mem:24.29M (Peak 28.59M) | Time:00:00.71 | Mem:7.70M, Peak:8.91M | Scene, ViewLayer | Updating Mesh | Copying Mesh to device
Fra:13 Mem:24.29M (Peak 28.59M) | Time:00:00.71 | Mem:8.77M, Peak:8.91M | Scene, ViewLayer | Updating Objects Flags
Fra:13 Mem:24.29M (Peak 28.59M) | Time:00:00.71 | Mem:8.77M, Peak:8.91M | Scene, ViewLayer | Updating Primitive Offsets
Fra:13 Mem:24.29M (Peak 28.59M) | Time:00:00.71 | Mem:8.77M, Peak:8.91M | Scene, ViewLayer | Updating Images
Fra:13 Mem:24.29M (Peak 28.59M) | Time:00:00.71 | Mem:8.77M, Peak:8.91M | Scene, ViewLayer | Updating Camera Volume
Fra:13 Mem:24.29M (Peak 28.59M) | Time:00:00.71 | Mem:8.77M, Peak:8.91M | Scene, ViewLayer | Updating Lookup Tables
Fra:13 Mem:24.29M (Peak 28.59M) | Time:00:00.71 | Mem:8.85M, Peak:8.91M | Scene, ViewLayer | Updating Lights
Fra:13 Mem:24.29M (Peak 28.59M) | Time:00:00.71 | Mem:8.85M, Peak:8.91M | Scene, ViewLayer | Updating Lights | Computing tree
Fra:13 Mem:24.29M (Peak 28.59M) | Time:00:00.71 | Mem:8.85M, Peak:8.91M | Scene, ViewLayer | Updating Integrator
Fra:13 Mem:24.29M (Peak 28.59M) | Time:00:00.71 | Mem:8.85M, Peak:8.91M | Scene, ViewLayer | Updating Film
Fra:13 Mem:24.29M (Peak 28.59M) | Time:00:00.71 | Mem:8.77M, Peak:8.91M | Scene, ViewLayer | Updating Lookup Tables
Fra:13 Mem:24.29M (Peak 28.59M) | Time:00:00.71 | Mem:8.86M, Peak:8.91M | Scene, ViewLayer | Updating Baking
Fra:13 Mem:24.29M (Peak 28.59M) | Time:00:00.71 | Mem:8.86M, Peak:8.91M | Scene, ViewLayer | Updating Device | Writing constant memory
Fra:13 Mem:24.30M (Peak 28.59M) | Time:00:00.71 | Mem:8.86M, Peak:8.91M | Scene, ViewLayer | Loading denoising kernels (may take a few minutes the first time)
Fra:13 Mem:24.30M (Peak 28.59M) | Time:00:00.71 | Mem:8.86M, Peak:8.91M | Scene, ViewLayer | Sample 0/16
Fra:13 Mem:46.59M (Peak 46.59M) | Time:00:00.98 | Remaining:00:04.12 | Mem:31.13M, Peak:31.13M | Scene, ViewLayer | Sample 1/16
Fra:13 Mem:55.96M (Peak 70.03M) | Time:00:08.22 | Mem:31.13M, Peak:31.13M | Scene, ViewLayer | Sample 16/16
Fra:13 Mem:55.96M (Peak 70.03M) | Time:00:08.22 | Mem:31.13M, Peak:31.13M | Scene, ViewLayer | Finished
Saved: '/home/lzzz/MyProjects/N-SIDE/output/characters/CHR-002/ling-model-r1/final/walk-02.png'
Time: 00:08.25 (Saving: 00:00.02)

Fra:19 Mem:19.90M (Peak 20.06M) | Time:00:00.03 | Mem:0.00M, Peak:0.00M | Scene, ViewLayer | Synchronizing object | TShirt
Fra:19 Mem:20.06M (Peak 20.06M) | Time:00:00.04 | Mem:0.00M, Peak:0.00M | Scene, ViewLayer | Synchronizing object | TShirt_Collar
Fra:19 Mem:20.08M (Peak 20.08M) | Time:00:00.04 | Mem:0.00M, Peak:0.00M | Scene, ViewLayer | Synchronizing object | Sleeve_Cuff.L
Fra:19 Mem:20.09M (Peak 20.09M) | Time:00:00.04 | Mem:0.00M, Peak:0.00M | Scene, ViewLayer | Synchronizing object | Zip_Tape.L
Fra:19 Mem:20.13M (Peak 20.13M) | Time:00:00.05 | Mem:0.00M, Peak:0.00M | Scene, ViewLayer | Synchronizing object | Palm.L
Fra:19 Mem:20.18M (Peak 20.18M) | Time:00:00.05 | Mem:0.00M, Peak:0.00M | Scene, ViewLayer | Synchronizing object | Index_Mesh.L
Fra:19 Mem:20.20M (Peak 20.20M) | Time:00:00.05 | Mem:0.00M, Peak:0.00M | Scene, ViewLayer | Synchronizing object | Middle_Mesh.L
Fra:19 Mem:20.19M (Peak 20.20M) | Time:00:00.05 | Mem:0.00M, Peak:0.00M | Scene, ViewLayer | Synchronizing object | Ring_Mesh.L
Fra:19 Mem:20.19M (Peak 20.20M) | Time:00:00.05 | Mem:0.00M, Peak:0.00M | Scene, ViewLayer | Synchronizing object | Pinky_Mesh.L
Fra:19 Mem:20.20M (Peak 20.20M) | Time:00:00.05 | Mem:0.00M, Peak:0.00M | Scene, ViewLayer | Synchronizing object | Thumb_Mesh.L
Fra:19 Mem:20.29M (Peak 20.29M) | Time:00:00.08 | Mem:0.00M, Peak:0.00M | Scene, ViewLayer | Synchronizing object | Leg.L
Fra:19 Mem:20.48M (Peak 20.48M) | Time:00:00.12 | Mem:0.00M, Peak:0.00M | Scene, ViewLayer | Synchronizing object | Shorts.L
Fra:19 Mem:20.57M (Peak 20.57M) | Time:00:00.12 | Mem:0.00M, Peak:0.00M | Scene, ViewLayer | Synchronizing object | Shorts_Hem.L
Fra:19 Mem:20.57M (Peak 20.57M) | Time:00:00.12 | Mem:0.00M, Peak:0.00M | Scene, ViewLayer | Synchronizing object | Sneaker_Sole.L
Fra:19 Mem:20.59M (Peak 20.59M) | Time:00:00.12 | Mem:0.00M, Peak:0.00M | Scene, ViewLayer | Synchronizing object | Sneaker_Upper.L
Fra:19 Mem:20.61M (Peak 20.61M) | Time:00:00.12 | Mem:0.00M, Peak:0.00M | Scene, ViewLayer | Synchronizing object | Sock.L
Fra:19 Mem:20.62M (Peak 20.62M) | Time:00:00.12 | Mem:0.00M, Peak:0.00M | Scene, ViewLayer | Synchronizing object | Lace_0.L
Fra:19 Mem:20.63M (Peak 20.63M) | Time:00:00.12 | Mem:0.00M, Peak:0.00M | Scene, ViewLayer | Synchronizing object | Lace_1.L
Fra:19 Mem:20.63M (Peak 20.63M) | Time:00:00.12 | Mem:0.00M, Peak:0.00M | Scene, ViewLayer | Synchronizing object | Lace_2.L
Fra:19 Mem:20.63M (Peak 20.63M) | Time:00:00.12 | Mem:0.00M, Peak:0.00M | Scene, ViewLayer | Synchronizing object | Heel_Tab.L
Fra:19 Mem:20.63M (Peak 20.63M) | Time:00:00.12 | Mem:0.00M, Peak:0.00M | Scene, ViewLayer | Synchronizing object | Sleeve_Cuff.R
Fra:19 Mem:20.64M (Peak 20.64M) | Time:00:00.12 | Mem:0.00M, Peak:0.00M | Scene, ViewLayer | Synchronizing object | Zip_Tape.R
Fra:19 Mem:20.68M (Peak 20.68M) | Time:00:00.13 | Mem:0.00M, Peak:0.00M | Scene, ViewLayer | Synchronizing object | Palm.R
Fra:19 Mem:20.73M (Peak 20.73M) | Time:00:00.13 | Mem:0.00M, Peak:0.00M | Scene, ViewLayer | Synchronizing object | Index_Mesh.R
Fra:19 Mem:20.73M (Peak 20.73M) | Time:00:00.13 | Mem:0.00M, Peak:0.00M | Scene, ViewLayer | Synchronizing object | Middle_Mesh.R
Fra:19 Mem:20.74M (Peak 20.74M) | Time:00:00.13 | Mem:0.00M, Peak:0.00M | Scene, ViewLayer | Synchronizing object | Ring_Mesh.R
Fra:19 Mem:20.75M (Peak 20.75M) | Time:00:00.13 | Mem:0.00M, Peak:0.00M | Scene, ViewLayer | Synchronizing object | Pinky_Mesh.R
Fra:19 Mem:20.75M (Peak 20.75M) | Time:00:00.13 | Mem:0.00M, Peak:0.00M | Scene, ViewLayer | Synchronizing object | Thumb_Mesh.R
Fra:19 Mem:20.85M (Peak 20.85M) | Time:00:00.16 | Mem:0.00M, Peak:0.00M | Scene, ViewLayer | Synchronizing object | Leg.R
Fra:19 Mem:21.03M (Peak 21.03M) | Time:00:00.19 | Mem:0.00M, Peak:0.00M | Scene, ViewLayer | Synchronizing object | Shorts.R
Fra:19 Mem:21.14M (Peak 21.14M) | Time:00:00.19 | Mem:0.00M, Peak:0.00M | Scene, ViewLayer | Synchronizing object | Shorts_Hem.R
Fra:19 Mem:21.14M (Peak 21.14M) | Time:00:00.19 | Mem:0.00M, Peak:0.00M | Scene, ViewLayer | Synchronizing object | Sneaker_Sole.R
Fra:19 Mem:21.16M (Peak 21.16M) | Time:00:00.19 | Mem:0.00M, Peak:0.00M | Scene, ViewLayer | Synchronizing object | Sneaker_Upper.R
Fra:19 Mem:21.18M (Peak 21.18M) | Time:00:00.19 | Mem:0.00M, Peak:0.00M | Scene, ViewLayer | Synchronizing object | Sock.R
Fra:19 Mem:21.19M (Peak 21.19M) | Time:00:00.19 | Mem:0.00M, Peak:0.00M | Scene, ViewLayer | Synchronizing object | Lace_0.R
Fra:19 Mem:21.19M (Peak 21.19M) | Time:00:00.19 | Mem:0.00M, Peak:0.00M | Scene, ViewLayer | Synchronizing object | Lace_1.R
Fra:19 Mem:21.20M (Peak 21.20M) | Time:00:00.19 | Mem:0.00M, Peak:0.00M | Scene, ViewLayer | Synchronizing object | Lace_2.R
Fra:19 Mem:21.20M (Peak 21.20M) | Time:00:00.19 | Mem:0.00M, Peak:0.00M | Scene, ViewLayer | Synchronizing object | Heel_Tab.R
Fra:19 Mem:21.76M (Peak 21.76M) | Time:00:00.23 | Mem:0.00M, Peak:0.00M | Scene, ViewLayer | Synchronizing object | Jacket_ContinuousShoulders
Fra:19 Mem:22.98M (Peak 22.98M) | Time:00:00.63 | Mem:0.00M, Peak:0.00M | Scene, ViewLayer | Synchronizing object | Face_Head
Fra:19 Mem:23.65M (Peak 23.65M) | Time:00:00.64 | Mem:0.00M, Peak:0.00M | Scene, ViewLayer | Synchronizing object | Ear.L
Fra:19 Mem:23.71M (Peak 23.71M) | Time:00:00.64 | Mem:0.00M, Peak:0.00M | Scene, ViewLayer | Synchronizing object | Ear_Fold.L
Fra:19 Mem:23.75M (Peak 23.75M) | Time:00:00.66 | Mem:0.00M, Peak:0.00M | Scene, ViewLayer | Synchronizing object | Ear.R
Fra:19 Mem:23.82M (Peak 23.82M) | Time:00:00.66 | Mem:0.00M, Peak:0.00M | Scene, ViewLayer | Synchronizing object | Ear_Fold.R
Fra:19 Mem:23.82M (Peak 23.82M) | Time:00:00.66 | Mem:0.00M, Peak:0.00M | Scene, ViewLayer | Synchronizing object | Eye_White.L
Fra:19 Mem:23.83M (Peak 23.83M) | Time:00:00.66 | Mem:0.00M, Peak:0.00M | Scene, ViewLayer | Synchronizing object | Iris_hair.L
Fra:19 Mem:23.84M (Peak 23.84M) | Time:00:00.66 | Mem:0.00M, Peak:0.00M | Scene, ViewLayer | Synchronizing object | Iris_ink.L
Fra:19 Mem:23.85M (Peak 23.85M) | Time:00:00.66 | Mem:0.00M, Peak:0.00M | Scene, ViewLayer | Synchronizing object | Eye_Glint.L
Fra:19 Mem:23.85M (Peak 23.85M) | Time:00:00.66 | Mem:0.00M, Peak:0.00M | Scene, ViewLayer | Synchronizing object | Upper_Lid.L
Fra:19 Mem:23.86M (Peak 23.86M) | Time:00:00.66 | Mem:0.00M, Peak:0.00M | Scene, ViewLayer | Synchronizing object | Lower_Lid.L
Fra:19 Mem:23.87M (Peak 23.87M) | Time:00:00.66 | Mem:0.00M, Peak:0.00M | Scene, ViewLayer | Synchronizing object | Eyebrow.L
Fra:19 Mem:23.87M (Peak 23.87M) | Time:00:00.66 | Mem:0.00M, Peak:0.00M | Scene, ViewLayer | Synchronizing object | Eye_White.R
Fra:19 Mem:23.88M (Peak 23.88M) | Time:00:00.66 | Mem:0.00M, Peak:0.00M | Scene, ViewLayer | Synchronizing object | Iris_hair.R
Fra:19 Mem:23.89M (Peak 23.89M) | Time:00:00.66 | Mem:0.00M, Peak:0.00M | Scene, ViewLayer | Synchronizing object | Iris_ink.R
Fra:19 Mem:23.90M (Peak 23.90M) | Time:00:00.66 | Mem:0.00M, Peak:0.00M | Scene, ViewLayer | Synchronizing object | Eye_Glint.R
Fra:19 Mem:23.90M (Peak 23.90M) | Time:00:00.66 | Mem:0.00M, Peak:0.00M | Scene, ViewLayer | Synchronizing object | Upper_Lid.R
Fra:19 Mem:23.91M (Peak 23.91M) | Time:00:00.66 | Mem:0.00M, Peak:0.00M | Scene, ViewLayer | Synchronizing object | Lower_Lid.R
Fra:19 Mem:23.92M (Peak 23.92M) | Time:00:00.66 | Mem:0.00M, Peak:0.00M | Scene, ViewLayer | Synchronizing object | Eyebrow.R
Fra:19 Mem:23.92M (Peak 23.92M) | Time:00:00.66 | Mem:0.00M, Peak:0.00M | Scene, ViewLayer | Synchronizing object | Mouth
Fra:19 Mem:23.94M (Peak 23.94M) | Time:00:00.66 | Mem:0.00M, Peak:0.00M | Scene, ViewLayer | Synchronizing object | Hair_Cap
Fra:19 Mem:25.10M (Peak 25.10M) | Time:00:00.69 | Mem:0.00M, Peak:0.00M | Scene, ViewLayer | Synchronizing object | Hair_CrownBase
Fra:19 Mem:25.17M (Peak 25.17M) | Time:00:00.69 | Mem:0.00M, Peak:0.00M | Scene, ViewLayer | Synchronizing object | Review_Rim
Fra:19 Mem:25.19M (Peak 25.19M) | Time:00:00.69 | Mem:0.00M, Peak:0.00M | Scene, ViewLayer | Synchronizing object | Review_Fill
Fra:19 Mem:25.21M (Peak 25.21M) | Time:00:00.69 | Mem:0.00M, Peak:0.00M | Scene, ViewLayer | Synchronizing object | Review_Key
Fra:19 Mem:25.19M (Peak 25.21M) | Time:00:00.69 | Mem:0.00M, Peak:0.00M | Scene, ViewLayer | Synchronizing object | Review_Ground
Fra:19 Mem:25.19M (Peak 25.21M) | Time:00:00.69 | Mem:0.00M, Peak:0.00M | Scene, ViewLayer | Synchronizing object | Bangs_00
Fra:19 Mem:25.19M (Peak 25.21M) | Time:00:00.69 | Mem:0.00M, Peak:0.00M | Scene, ViewLayer | Synchronizing object | Drawing_Pen_0.16
Fra:19 Mem:25.21M (Peak 25.21M) | Time:00:00.69 | Mem:0.00M, Peak:0.00M | Scene, ViewLayer | Synchronizing object | Drawing_Pen_0.136
Fra:19 Mem:25.21M (Peak 25.21M) | Time:00:00.69 | Mem:0.00M, Peak:0.00M | Scene, ViewLayer | Synchronizing object | Bangs_01
Fra:19 Mem:25.21M (Peak 25.21M) | Time:00:00.69 | Mem:0.00M, Peak:0.00M | Scene, ViewLayer | Synchronizing object | Pen_Pouch
Fra:19 Mem:25.23M (Peak 25.23M) | Time:00:00.69 | Mem:0.00M, Peak:0.00M | Scene, ViewLayer | Synchronizing object | Hair_Clip_1
Fra:19 Mem:25.24M (Peak 25.24M) | Time:00:00.69 | Mem:0.00M, Peak:0.00M | Scene, ViewLayer | Synchronizing object | Bangs_02
Fra:19 Mem:25.24M (Peak 25.24M) | Time:00:00.69 | Mem:0.00M, Peak:0.00M | Scene, ViewLayer | Synchronizing object | Hair_Clip_0
Fra:19 Mem:25.26M (Peak 25.26M) | Time:00:00.69 | Mem:0.00M, Peak:0.00M | Scene, ViewLayer | Synchronizing object | Temple_0.R
Fra:19 Mem:25.26M (Peak 25.26M) | Time:00:00.69 | Mem:0.00M, Peak:0.00M | Scene, ViewLayer | Synchronizing object | Bangs_03
Fra:19 Mem:25.30M (Peak 25.30M) | Time:00:00.69 | Mem:0.00M, Peak:0.00M | Scene, ViewLayer | Synchronizing object | Temple_0.L
Fra:19 Mem:25.31M (Peak 25.31M) | Time:00:00.69 | Mem:0.00M, Peak:0.00M | Scene, ViewLayer | Initializing
Fra:19 Mem:20.58M (Peak 25.31M) | Time:00:00.70 | Mem:0.00M, Peak:0.00M | Scene, ViewLayer | Updating Images | Loading CHR002_GreyStudy_BaseColor
Fra:19 Mem:21.97M (Peak 28.59M) | Time:00:00.71 | Mem:4.00M, Peak:4.00M | Scene, ViewLayer | Waiting for render to start
Fra:19 Mem:21.97M (Peak 28.59M) | Time:00:00.71 | Mem:4.00M, Peak:4.00M | Scene, ViewLayer | Updating Scene
Fra:19 Mem:21.97M (Peak 28.59M) | Time:00:00.71 | Mem:4.00M, Peak:4.00M | Scene, ViewLayer | Updating Shaders
Fra:19 Mem:21.97M (Peak 28.59M) | Time:00:00.71 | Mem:4.00M, Peak:4.00M | Scene, ViewLayer | Loading render kernels (may take a few minutes the first time)
Fra:19 Mem:22.05M (Peak 28.59M) | Time:00:00.71 | Mem:4.00M, Peak:4.00M | Scene, ViewLayer | Updating Procedurals
Fra:19 Mem:22.05M (Peak 28.59M) | Time:00:00.71 | Mem:4.00M, Peak:4.00M | Scene, ViewLayer | Updating Background
Fra:19 Mem:22.05M (Peak 28.59M) | Time:00:00.71 | Mem:4.00M, Peak:4.00M | Scene, ViewLayer | Updating Camera
Fra:19 Mem:22.05M (Peak 28.59M) | Time:00:00.71 | Mem:4.00M, Peak:4.00M | Scene, ViewLayer | Updating Meshes Flags
Fra:19 Mem:22.05M (Peak 28.59M) | Time:00:00.71 | Mem:4.00M, Peak:4.00M | Scene, ViewLayer | Updating Objects
Fra:19 Mem:22.05M (Peak 28.59M) | Time:00:00.71 | Mem:4.00M, Peak:4.00M | Scene, ViewLayer | Updating Objects | Copying Transformations to device
Fra:19 Mem:22.07M (Peak 28.59M) | Time:00:00.71 | Mem:4.02M, Peak:4.02M | Scene, ViewLayer | Updating Particle Systems
Fra:19 Mem:22.07M (Peak 28.59M) | Time:00:00.71 | Mem:4.02M, Peak:4.02M | Scene, ViewLayer | Updating Particle Systems | Copying Particles to device
Fra:19 Mem:22.07M (Peak 28.59M) | Time:00:00.71 | Mem:4.02M, Peak:4.02M | Scene, ViewLayer | Updating Meshes
Fra:19 Mem:22.07M (Peak 28.59M) | Time:00:00.71 | Mem:4.02M, Peak:4.02M | Scene, ViewLayer | Updating Objects | Applying Static Transformations
Fra:19 Mem:22.07M (Peak 28.59M) | Time:00:00.71 | Mem:4.02M, Peak:4.02M | Scene, ViewLayer | Updating Mesh | Computing attributes
Fra:19 Mem:23.23M (Peak 28.59M) | Time:00:00.71 | Mem:4.03M, Peak:4.03M | Scene, ViewLayer | Updating Mesh | Copying Attributes to device
Fra:19 Mem:23.22M (Peak 28.59M) | Time:00:00.71 | Mem:5.17M, Peak:5.17M | Scene, ViewLayer | Updating Scene BVH | Building
Fra:19 Mem:23.22M (Peak 28.59M) | Time:00:00.71 | Mem:5.17M, Peak:5.17M | Scene, ViewLayer | Updating Scene BVH | Building BVH
Fra:19 Mem:23.22M (Peak 28.59M) | Time:00:00.71 | Mem:6.38M, Peak:6.38M | Scene, ViewLayer | Updating Scene BVH | Building BVH 0%
Fra:19 Mem:23.22M (Peak 28.59M) | Time:00:00.71 | Mem:7.70M, Peak:8.91M | Scene, ViewLayer | Updating Scene BVH | Copying BVH to device
Fra:19 Mem:23.22M (Peak 28.59M) | Time:00:00.71 | Mem:7.70M, Peak:8.91M | Scene, ViewLayer | Updating Mesh | Computing normals
Fra:19 Mem:24.29M (Peak 28.59M) | Time:00:00.71 | Mem:7.70M, Peak:8.91M | Scene, ViewLayer | Updating Mesh | Copying Mesh to device
Fra:19 Mem:24.29M (Peak 28.59M) | Time:00:00.71 | Mem:8.77M, Peak:8.91M | Scene, ViewLayer | Updating Objects Flags
Fra:19 Mem:24.29M (Peak 28.59M) | Time:00:00.71 | Mem:8.77M, Peak:8.91M | Scene, ViewLayer | Updating Primitive Offsets
Fra:19 Mem:24.29M (Peak 28.59M) | Time:00:00.71 | Mem:8.77M, Peak:8.91M | Scene, ViewLayer | Updating Images
Fra:19 Mem:24.29M (Peak 28.59M) | Time:00:00.71 | Mem:8.77M, Peak:8.91M | Scene, ViewLayer | Updating Camera Volume
Fra:19 Mem:24.29M (Peak 28.59M) | Time:00:00.71 | Mem:8.77M, Peak:8.91M | Scene, ViewLayer | Updating Lookup Tables
Fra:19 Mem:24.29M (Peak 28.59M) | Time:00:00.71 | Mem:8.85M, Peak:8.91M | Scene, ViewLayer | Updating Lights
Fra:19 Mem:24.29M (Peak 28.59M) | Time:00:00.71 | Mem:8.85M, Peak:8.91M | Scene, ViewLayer | Updating Lights | Computing tree
Fra:19 Mem:24.29M (Peak 28.59M) | Time:00:00.71 | Mem:8.85M, Peak:8.91M | Scene, ViewLayer | Updating Integrator
Fra:19 Mem:24.29M (Peak 28.59M) | Time:00:00.71 | Mem:8.85M, Peak:8.91M | Scene, ViewLayer | Updating Film
Fra:19 Mem:24.29M (Peak 28.59M) | Time:00:00.71 | Mem:8.77M, Peak:8.91M | Scene, ViewLayer | Updating Lookup Tables
Fra:19 Mem:24.29M (Peak 28.59M) | Time:00:00.71 | Mem:8.86M, Peak:8.91M | Scene, ViewLayer | Updating Baking
Fra:19 Mem:24.29M (Peak 28.59M) | Time:00:00.71 | Mem:8.86M, Peak:8.91M | Scene, ViewLayer | Updating Device | Writing constant memory
Fra:19 Mem:24.30M (Peak 28.59M) | Time:00:00.71 | Mem:8.86M, Peak:8.91M | Scene, ViewLayer | Loading denoising kernels (may take a few minutes the first time)
Fra:19 Mem:24.30M (Peak 28.59M) | Time:00:00.71 | Mem:8.86M, Peak:8.91M | Scene, ViewLayer | Sample 0/16
Fra:19 Mem:46.59M (Peak 46.59M) | Time:00:00.99 | Remaining:00:04.20 | Mem:31.13M, Peak:31.13M | Scene, ViewLayer | Sample 1/16
Fra:19 Mem:55.96M (Peak 70.03M) | Time:00:08.30 | Mem:31.13M, Peak:31.13M | Scene, ViewLayer | Sample 16/16
Fra:19 Mem:55.96M (Peak 70.03M) | Time:00:08.30 | Mem:31.13M, Peak:31.13M | Scene, ViewLayer | Finished
Saved: '/home/lzzz/MyProjects/N-SIDE/output/characters/CHR-002/ling-model-r1/final/walk-03.png'
Time: 00:08.33 (Saving: 00:00.02)

Fra:25 Mem:19.90M (Peak 20.06M) | Time:00:00.04 | Mem:0.00M, Peak:0.00M | Scene, ViewLayer | Synchronizing object | TShirt
Fra:25 Mem:20.06M (Peak 20.06M) | Time:00:00.04 | Mem:0.00M, Peak:0.00M | Scene, ViewLayer | Synchronizing object | TShirt_Collar
Fra:25 Mem:20.08M (Peak 20.08M) | Time:00:00.04 | Mem:0.00M, Peak:0.00M | Scene, ViewLayer | Synchronizing object | Sleeve_Cuff.L
Fra:25 Mem:20.09M (Peak 20.09M) | Time:00:00.04 | Mem:0.00M, Peak:0.00M | Scene, ViewLayer | Synchronizing object | Zip_Tape.L
Fra:25 Mem:20.13M (Peak 20.13M) | Time:00:00.05 | Mem:0.00M, Peak:0.00M | Scene, ViewLayer | Synchronizing object | Palm.L
Fra:25 Mem:20.18M (Peak 20.18M) | Time:00:00.05 | Mem:0.00M, Peak:0.00M | Scene, ViewLayer | Synchronizing object | Index_Mesh.L
Fra:25 Mem:20.18M (Peak 20.18M) | Time:00:00.05 | Mem:0.00M, Peak:0.00M | Scene, ViewLayer | Synchronizing object | Middle_Mesh.L
Fra:25 Mem:20.19M (Peak 20.19M) | Time:00:00.05 | Mem:0.00M, Peak:0.00M | Scene, ViewLayer | Synchronizing object | Ring_Mesh.L
Fra:25 Mem:20.19M (Peak 20.19M) | Time:00:00.05 | Mem:0.00M, Peak:0.00M | Scene, ViewLayer | Synchronizing object | Pinky_Mesh.L
Fra:25 Mem:20.20M (Peak 20.20M) | Time:00:00.05 | Mem:0.00M, Peak:0.00M | Scene, ViewLayer | Synchronizing object | Thumb_Mesh.L
Fra:25 Mem:20.29M (Peak 20.29M) | Time:00:00.08 | Mem:0.00M, Peak:0.00M | Scene, ViewLayer | Synchronizing object | Leg.L
Fra:25 Mem:20.48M (Peak 20.48M) | Time:00:00.12 | Mem:0.00M, Peak:0.00M | Scene, ViewLayer | Synchronizing object | Shorts.L
Fra:25 Mem:20.57M (Peak 20.57M) | Time:00:00.12 | Mem:0.00M, Peak:0.00M | Scene, ViewLayer | Synchronizing object | Shorts_Hem.L
Fra:25 Mem:20.57M (Peak 20.57M) | Time:00:00.12 | Mem:0.00M, Peak:0.00M | Scene, ViewLayer | Synchronizing object | Sneaker_Sole.L
Fra:25 Mem:20.59M (Peak 20.59M) | Time:00:00.12 | Mem:0.00M, Peak:0.00M | Scene, ViewLayer | Synchronizing object | Sneaker_Upper.L
Fra:25 Mem:20.61M (Peak 20.61M) | Time:00:00.12 | Mem:0.00M, Peak:0.00M | Scene, ViewLayer | Synchronizing object | Sock.L
Fra:25 Mem:20.62M (Peak 20.62M) | Time:00:00.12 | Mem:0.00M, Peak:0.00M | Scene, ViewLayer | Synchronizing object | Lace_0.L
Fra:25 Mem:20.63M (Peak 20.63M) | Time:00:00.12 | Mem:0.00M, Peak:0.00M | Scene, ViewLayer | Synchronizing object | Lace_1.L
Fra:25 Mem:20.63M (Peak 20.63M) | Time:00:00.12 | Mem:0.00M, Peak:0.00M | Scene, ViewLayer | Synchronizing object | Lace_2.L
Fra:25 Mem:20.63M (Peak 20.63M) | Time:00:00.12 | Mem:0.00M, Peak:0.00M | Scene, ViewLayer | Synchronizing object | Heel_Tab.L
Fra:25 Mem:20.63M (Peak 20.63M) | Time:00:00.12 | Mem:0.00M, Peak:0.00M | Scene, ViewLayer | Synchronizing object | Sleeve_Cuff.R
Fra:25 Mem:20.64M (Peak 20.64M) | Time:00:00.12 | Mem:0.00M, Peak:0.00M | Scene, ViewLayer | Synchronizing object | Zip_Tape.R
Fra:25 Mem:20.68M (Peak 20.68M) | Time:00:00.13 | Mem:0.00M, Peak:0.00M | Scene, ViewLayer | Synchronizing object | Palm.R
Fra:25 Mem:20.73M (Peak 20.73M) | Time:00:00.13 | Mem:0.00M, Peak:0.00M | Scene, ViewLayer | Synchronizing object | Index_Mesh.R
Fra:25 Mem:20.73M (Peak 20.73M) | Time:00:00.13 | Mem:0.00M, Peak:0.00M | Scene, ViewLayer | Synchronizing object | Middle_Mesh.R
Fra:25 Mem:20.74M (Peak 20.74M) | Time:00:00.13 | Mem:0.00M, Peak:0.00M | Scene, ViewLayer | Synchronizing object | Ring_Mesh.R
Fra:25 Mem:20.75M (Peak 20.75M) | Time:00:00.13 | Mem:0.00M, Peak:0.00M | Scene, ViewLayer | Synchronizing object | Pinky_Mesh.R
Fra:25 Mem:20.75M (Peak 20.75M) | Time:00:00.13 | Mem:0.00M, Peak:0.00M | Scene, ViewLayer | Synchronizing object | Thumb_Mesh.R
Fra:25 Mem:20.85M (Peak 20.85M) | Time:00:00.16 | Mem:0.00M, Peak:0.00M | Scene, ViewLayer | Synchronizing object | Leg.R
Fra:25 Mem:21.03M (Peak 21.03M) | Time:00:00.19 | Mem:0.00M, Peak:0.00M | Scene, ViewLayer | Synchronizing object | Shorts.R
Fra:25 Mem:21.14M (Peak 21.14M) | Time:00:00.19 | Mem:0.00M, Peak:0.00M | Scene, ViewLayer | Synchronizing object | Shorts_Hem.R
Fra:25 Mem:21.14M (Peak 21.14M) | Time:00:00.19 | Mem:0.00M, Peak:0.00M | Scene, ViewLayer | Synchronizing object | Sneaker_Sole.R
Fra:25 Mem:21.16M (Peak 21.16M) | Time:00:00.19 | Mem:0.00M, Peak:0.00M | Scene, ViewLayer | Synchronizing object | Sneaker_Upper.R
Fra:25 Mem:21.18M (Peak 21.18M) | Time:00:00.19 | Mem:0.00M, Peak:0.00M | Scene, ViewLayer | Synchronizing object | Sock.R
Fra:25 Mem:21.19M (Peak 21.19M) | Time:00:00.19 | Mem:0.00M, Peak:0.00M | Scene, ViewLayer | Synchronizing object | Lace_0.R
Fra:25 Mem:21.19M (Peak 21.19M) | Time:00:00.19 | Mem:0.00M, Peak:0.00M | Scene, ViewLayer | Synchronizing object | Lace_1.R
Fra:25 Mem:21.20M (Peak 21.20M) | Time:00:00.19 | Mem:0.00M, Peak:0.00M | Scene, ViewLayer | Synchronizing object | Lace_2.R
Fra:25 Mem:21.20M (Peak 21.20M) | Time:00:00.19 | Mem:0.00M, Peak:0.00M | Scene, ViewLayer | Synchronizing object | Heel_Tab.R
Fra:25 Mem:21.76M (Peak 21.76M) | Time:00:00.23 | Mem:0.00M, Peak:0.00M | Scene, ViewLayer | Synchronizing object | Jacket_ContinuousShoulders
Fra:25 Mem:22.98M (Peak 22.98M) | Time:00:00.63 | Mem:0.00M, Peak:0.00M | Scene, ViewLayer | Synchronizing object | Face_Head
Fra:25 Mem:23.65M (Peak 23.65M) | Time:00:00.64 | Mem:0.00M, Peak:0.00M | Scene, ViewLayer | Synchronizing object | Ear.L
Fra:25 Mem:23.71M (Peak 23.71M) | Time:00:00.64 | Mem:0.00M, Peak:0.00M | Scene, ViewLayer | Synchronizing object | Ear_Fold.L
Fra:25 Mem:23.75M (Peak 23.75M) | Time:00:00.65 | Mem:0.00M, Peak:0.00M | Scene, ViewLayer | Synchronizing object | Ear.R
Fra:25 Mem:23.82M (Peak 23.82M) | Time:00:00.65 | Mem:0.00M, Peak:0.00M | Scene, ViewLayer | Synchronizing object | Ear_Fold.R
Fra:25 Mem:23.82M (Peak 23.82M) | Time:00:00.65 | Mem:0.00M, Peak:0.00M | Scene, ViewLayer | Synchronizing object | Eye_White.L
Fra:25 Mem:23.83M (Peak 23.83M) | Time:00:00.65 | Mem:0.00M, Peak:0.00M | Scene, ViewLayer | Synchronizing object | Iris_hair.L
Fra:25 Mem:23.84M (Peak 23.84M) | Time:00:00.65 | Mem:0.00M, Peak:0.00M | Scene, ViewLayer | Synchronizing object | Iris_ink.L
Fra:25 Mem:23.85M (Peak 23.85M) | Time:00:00.65 | Mem:0.00M, Peak:0.00M | Scene, ViewLayer | Synchronizing object | Eye_Glint.L
Fra:25 Mem:23.85M (Peak 23.85M) | Time:00:00.65 | Mem:0.00M, Peak:0.00M | Scene, ViewLayer | Synchronizing object | Upper_Lid.L
Fra:25 Mem:23.86M (Peak 23.86M) | Time:00:00.65 | Mem:0.00M, Peak:0.00M | Scene, ViewLayer | Synchronizing object | Lower_Lid.L
Fra:25 Mem:23.87M (Peak 23.87M) | Time:00:00.65 | Mem:0.00M, Peak:0.00M | Scene, ViewLayer | Synchronizing object | Eyebrow.L
Fra:25 Mem:23.87M (Peak 23.87M) | Time:00:00.65 | Mem:0.00M, Peak:0.00M | Scene, ViewLayer | Synchronizing object | Eye_White.R
Fra:25 Mem:23.88M (Peak 23.88M) | Time:00:00.65 | Mem:0.00M, Peak:0.00M | Scene, ViewLayer | Synchronizing object | Iris_hair.R
Fra:25 Mem:23.89M (Peak 23.89M) | Time:00:00.65 | Mem:0.00M, Peak:0.00M | Scene, ViewLayer | Synchronizing object | Iris_ink.R
Fra:25 Mem:23.90M (Peak 23.90M) | Time:00:00.65 | Mem:0.00M, Peak:0.00M | Scene, ViewLayer | Synchronizing object | Eye_Glint.R
Fra:25 Mem:23.90M (Peak 23.90M) | Time:00:00.65 | Mem:0.00M, Peak:0.00M | Scene, ViewLayer | Synchronizing object | Upper_Lid.R
Fra:25 Mem:23.91M (Peak 23.91M) | Time:00:00.65 | Mem:0.00M, Peak:0.00M | Scene, ViewLayer | Synchronizing object | Lower_Lid.R
Fra:25 Mem:23.92M (Peak 23.92M) | Time:00:00.65 | Mem:0.00M, Peak:0.00M | Scene, ViewLayer | Synchronizing object | Eyebrow.R
Fra:25 Mem:23.92M (Peak 23.92M) | Time:00:00.65 | Mem:0.00M, Peak:0.00M | Scene, ViewLayer | Synchronizing object | Mouth
Fra:25 Mem:23.94M (Peak 23.94M) | Time:00:00.65 | Mem:0.00M, Peak:0.00M | Scene, ViewLayer | Synchronizing object | Hair_Cap
Fra:25 Mem:25.10M (Peak 25.10M) | Time:00:00.69 | Mem:0.00M, Peak:0.00M | Scene, ViewLayer | Synchronizing object | Hair_CrownBase
Fra:25 Mem:25.17M (Peak 25.17M) | Time:00:00.69 | Mem:0.00M, Peak:0.00M | Scene, ViewLayer | Synchronizing object | Review_Rim
Fra:25 Mem:25.19M (Peak 25.19M) | Time:00:00.69 | Mem:0.00M, Peak:0.00M | Scene, ViewLayer | Synchronizing object | Review_Fill
Fra:25 Mem:25.20M (Peak 25.20M) | Time:00:00.69 | Mem:0.00M, Peak:0.00M | Scene, ViewLayer | Synchronizing object | Review_Key
Fra:25 Mem:25.21M (Peak 25.21M) | Time:00:00.69 | Mem:0.00M, Peak:0.00M | Scene, ViewLayer | Synchronizing object | Review_Ground
Fra:25 Mem:25.19M (Peak 25.21M) | Time:00:00.69 | Mem:0.00M, Peak:0.00M | Scene, ViewLayer | Synchronizing object | Bangs_00
Fra:25 Mem:25.19M (Peak 25.21M) | Time:00:00.69 | Mem:0.00M, Peak:0.00M | Scene, ViewLayer | Synchronizing object | Drawing_Pen_0.16
Fra:25 Mem:25.21M (Peak 25.21M) | Time:00:00.69 | Mem:0.00M, Peak:0.00M | Scene, ViewLayer | Synchronizing object | Drawing_Pen_0.136
Fra:25 Mem:25.23M (Peak 25.23M) | Time:00:00.69 | Mem:0.00M, Peak:0.00M | Scene, ViewLayer | Synchronizing object | Bangs_01
Fra:25 Mem:25.22M (Peak 25.23M) | Time:00:00.69 | Mem:0.00M, Peak:0.00M | Scene, ViewLayer | Synchronizing object | Pen_Pouch
Fra:25 Mem:25.24M (Peak 25.24M) | Time:00:00.69 | Mem:0.00M, Peak:0.00M | Scene, ViewLayer | Synchronizing object | Hair_Clip_1
Fra:25 Mem:25.24M (Peak 25.24M) | Time:00:00.69 | Mem:0.00M, Peak:0.00M | Scene, ViewLayer | Synchronizing object | Bangs_02
Fra:25 Mem:25.24M (Peak 25.24M) | Time:00:00.69 | Mem:0.00M, Peak:0.00M | Scene, ViewLayer | Synchronizing object | Hair_Clip_0
Fra:25 Mem:25.25M (Peak 25.25M) | Time:00:00.69 | Mem:0.00M, Peak:0.00M | Scene, ViewLayer | Synchronizing object | Temple_0.R
Fra:25 Mem:25.26M (Peak 25.26M) | Time:00:00.69 | Mem:0.00M, Peak:0.00M | Scene, ViewLayer | Synchronizing object | Bangs_03
Fra:25 Mem:25.29M (Peak 25.29M) | Time:00:00.69 | Mem:0.00M, Peak:0.00M | Scene, ViewLayer | Synchronizing object | Temple_0.L
Fra:25 Mem:25.31M (Peak 25.31M) | Time:00:00.69 | Mem:0.00M, Peak:0.00M | Scene, ViewLayer | Initializing
Fra:25 Mem:20.58M (Peak 25.31M) | Time:00:00.69 | Mem:0.00M, Peak:0.00M | Scene, ViewLayer | Updating Images | Loading CHR002_GreyStudy_BaseColor
Fra:25 Mem:21.97M (Peak 28.59M) | Time:00:00.70 | Mem:4.00M, Peak:4.00M | Scene, ViewLayer | Waiting for render to start
Fra:25 Mem:21.97M (Peak 28.59M) | Time:00:00.70 | Mem:4.00M, Peak:4.00M | Scene, ViewLayer | Updating Scene
Fra:25 Mem:21.97M (Peak 28.59M) | Time:00:00.70 | Mem:4.00M, Peak:4.00M | Scene, ViewLayer | Updating Shaders
Fra:25 Mem:21.97M (Peak 28.59M) | Time:00:00.70 | Mem:4.00M, Peak:4.00M | Scene, ViewLayer | Loading render kernels (may take a few minutes the first time)
Fra:25 Mem:22.05M (Peak 28.59M) | Time:00:00.70 | Mem:4.00M, Peak:4.00M | Scene, ViewLayer | Updating Procedurals
Fra:25 Mem:22.05M (Peak 28.59M) | Time:00:00.70 | Mem:4.00M, Peak:4.00M | Scene, ViewLayer | Updating Background
Fra:25 Mem:22.05M (Peak 28.59M) | Time:00:00.70 | Mem:4.00M, Peak:4.00M | Scene, ViewLayer | Updating Camera
Fra:25 Mem:22.05M (Peak 28.59M) | Time:00:00.70 | Mem:4.00M, Peak:4.00M | Scene, ViewLayer | Updating Meshes Flags
Fra:25 Mem:22.05M (Peak 28.59M) | Time:00:00.70 | Mem:4.00M, Peak:4.00M | Scene, ViewLayer | Updating Objects
Fra:25 Mem:22.05M (Peak 28.59M) | Time:00:00.70 | Mem:4.00M, Peak:4.00M | Scene, ViewLayer | Updating Objects | Copying Transformations to device
Fra:25 Mem:22.07M (Peak 28.59M) | Time:00:00.70 | Mem:4.02M, Peak:4.02M | Scene, ViewLayer | Updating Particle Systems
Fra:25 Mem:22.07M (Peak 28.59M) | Time:00:00.70 | Mem:4.02M, Peak:4.02M | Scene, ViewLayer | Updating Particle Systems | Copying Particles to device
Fra:25 Mem:22.07M (Peak 28.59M) | Time:00:00.70 | Mem:4.02M, Peak:4.02M | Scene, ViewLayer | Updating Meshes
Fra:25 Mem:22.07M (Peak 28.59M) | Time:00:00.70 | Mem:4.02M, Peak:4.02M | Scene, ViewLayer | Updating Objects | Applying Static Transformations
Fra:25 Mem:22.07M (Peak 28.59M) | Time:00:00.70 | Mem:4.02M, Peak:4.02M | Scene, ViewLayer | Updating Mesh | Computing attributes
Fra:25 Mem:23.23M (Peak 28.59M) | Time:00:00.70 | Mem:4.03M, Peak:4.03M | Scene, ViewLayer | Updating Mesh | Copying Attributes to device
Fra:25 Mem:23.22M (Peak 28.59M) | Time:00:00.70 | Mem:5.17M, Peak:5.17M | Scene, ViewLayer | Updating Scene BVH | Building
Fra:25 Mem:23.22M (Peak 28.59M) | Time:00:00.70 | Mem:5.17M, Peak:5.17M | Scene, ViewLayer | Updating Scene BVH | Building BVH
Fra:25 Mem:23.22M (Peak 28.59M) | Time:00:00.70 | Mem:6.38M, Peak:6.38M | Scene, ViewLayer | Updating Scene BVH | Building BVH 0%
Fra:25 Mem:23.22M (Peak 28.59M) | Time:00:00.71 | Mem:7.70M, Peak:8.91M | Scene, ViewLayer | Updating Scene BVH | Copying BVH to device
Fra:25 Mem:23.22M (Peak 28.59M) | Time:00:00.71 | Mem:7.70M, Peak:8.91M | Scene, ViewLayer | Updating Mesh | Computing normals
Fra:25 Mem:24.29M (Peak 28.59M) | Time:00:00.71 | Mem:7.70M, Peak:8.91M | Scene, ViewLayer | Updating Mesh | Copying Mesh to device
Fra:25 Mem:24.29M (Peak 28.59M) | Time:00:00.71 | Mem:8.77M, Peak:8.91M | Scene, ViewLayer | Updating Objects Flags
Fra:25 Mem:24.29M (Peak 28.59M) | Time:00:00.71 | Mem:8.77M, Peak:8.91M | Scene, ViewLayer | Updating Primitive Offsets
Fra:25 Mem:24.29M (Peak 28.59M) | Time:00:00.71 | Mem:8.77M, Peak:8.91M | Scene, ViewLayer | Updating Images
Fra:25 Mem:24.29M (Peak 28.59M) | Time:00:00.71 | Mem:8.77M, Peak:8.91M | Scene, ViewLayer | Updating Camera Volume
Fra:25 Mem:24.29M (Peak 28.59M) | Time:00:00.71 | Mem:8.77M, Peak:8.91M | Scene, ViewLayer | Updating Lookup Tables
Fra:25 Mem:24.29M (Peak 28.59M) | Time:00:00.71 | Mem:8.85M, Peak:8.91M | Scene, ViewLayer | Updating Lights
Fra:25 Mem:24.29M (Peak 28.59M) | Time:00:00.71 | Mem:8.85M, Peak:8.91M | Scene, ViewLayer | Updating Lights | Computing tree
Fra:25 Mem:24.29M (Peak 28.59M) | Time:00:00.71 | Mem:8.85M, Peak:8.91M | Scene, ViewLayer | Updating Integrator
Fra:25 Mem:24.29M (Peak 28.59M) | Time:00:00.71 | Mem:8.85M, Peak:8.91M | Scene, ViewLayer | Updating Film
Fra:25 Mem:24.29M (Peak 28.59M) | Time:00:00.71 | Mem:8.77M, Peak:8.91M | Scene, ViewLayer | Updating Lookup Tables
Fra:25 Mem:24.29M (Peak 28.59M) | Time:00:00.71 | Mem:8.86M, Peak:8.91M | Scene, ViewLayer | Updating Baking
Fra:25 Mem:24.29M (Peak 28.59M) | Time:00:00.71 | Mem:8.86M, Peak:8.91M | Scene, ViewLayer | Updating Device | Writing constant memory
Fra:25 Mem:24.30M (Peak 28.59M) | Time:00:00.71 | Mem:8.86M, Peak:8.91M | Scene, ViewLayer | Loading denoising kernels (may take a few minutes the first time)
Fra:25 Mem:24.30M (Peak 28.59M) | Time:00:00.71 | Mem:8.86M, Peak:8.91M | Scene, ViewLayer | Sample 0/16
Fra:25 Mem:46.59M (Peak 46.59M) | Time:00:00.99 | Remaining:00:04.18 | Mem:31.13M, Peak:31.13M | Scene, ViewLayer | Sample 1/16
Fra:25 Mem:55.96M (Peak 70.03M) | Time:00:08.30 | Mem:31.13M, Peak:31.13M | Scene, ViewLayer | Sample 16/16
Fra:25 Mem:55.96M (Peak 70.03M) | Time:00:08.30 | Mem:31.13M, Peak:31.13M | Scene, ViewLayer | Finished
Saved: '/home/lzzz/MyProjects/N-SIDE/output/characters/CHR-002/ling-model-r1/final/walk-04.png'
Time: 00:08.33 (Saving: 00:00.02)

Fra:31 Mem:19.90M (Peak 20.06M) | Time:00:00.04 | Mem:0.00M, Peak:0.00M | Scene, ViewLayer | Synchronizing object | TShirt
Fra:31 Mem:20.06M (Peak 20.06M) | Time:00:00.04 | Mem:0.00M, Peak:0.00M | Scene, ViewLayer | Synchronizing object | TShirt_Collar
Fra:31 Mem:20.08M (Peak 20.08M) | Time:00:00.04 | Mem:0.00M, Peak:0.00M | Scene, ViewLayer | Synchronizing object | Sleeve_Cuff.L
Fra:31 Mem:20.09M (Peak 20.09M) | Time:00:00.04 | Mem:0.00M, Peak:0.00M | Scene, ViewLayer | Synchronizing object | Zip_Tape.L
Fra:31 Mem:20.13M (Peak 20.13M) | Time:00:00.05 | Mem:0.00M, Peak:0.00M | Scene, ViewLayer | Synchronizing object | Palm.L
Fra:31 Mem:20.18M (Peak 20.18M) | Time:00:00.05 | Mem:0.00M, Peak:0.00M | Scene, ViewLayer | Synchronizing object | Index_Mesh.L
Fra:31 Mem:20.20M (Peak 20.20M) | Time:00:00.05 | Mem:0.00M, Peak:0.00M | Scene, ViewLayer | Synchronizing object | Middle_Mesh.L
Fra:31 Mem:20.19M (Peak 20.20M) | Time:00:00.05 | Mem:0.00M, Peak:0.00M | Scene, ViewLayer | Synchronizing object | Ring_Mesh.L
Fra:31 Mem:20.19M (Peak 20.20M) | Time:00:00.05 | Mem:0.00M, Peak:0.00M | Scene, ViewLayer | Synchronizing object | Pinky_Mesh.L
Fra:31 Mem:20.20M (Peak 20.20M) | Time:00:00.05 | Mem:0.00M, Peak:0.00M | Scene, ViewLayer | Synchronizing object | Thumb_Mesh.L
Fra:31 Mem:20.29M (Peak 20.29M) | Time:00:00.08 | Mem:0.00M, Peak:0.00M | Scene, ViewLayer | Synchronizing object | Leg.L
Fra:31 Mem:20.48M (Peak 20.48M) | Time:00:00.12 | Mem:0.00M, Peak:0.00M | Scene, ViewLayer | Synchronizing object | Shorts.L
Fra:31 Mem:20.57M (Peak 20.57M) | Time:00:00.12 | Mem:0.00M, Peak:0.00M | Scene, ViewLayer | Synchronizing object | Shorts_Hem.L
Fra:31 Mem:20.57M (Peak 20.57M) | Time:00:00.12 | Mem:0.00M, Peak:0.00M | Scene, ViewLayer | Synchronizing object | Sneaker_Sole.L
Fra:31 Mem:20.59M (Peak 20.59M) | Time:00:00.12 | Mem:0.00M, Peak:0.00M | Scene, ViewLayer | Synchronizing object | Sneaker_Upper.L
Fra:31 Mem:20.61M (Peak 20.61M) | Time:00:00.12 | Mem:0.00M, Peak:0.00M | Scene, ViewLayer | Synchronizing object | Sock.L
Fra:31 Mem:20.62M (Peak 20.62M) | Time:00:00.12 | Mem:0.00M, Peak:0.00M | Scene, ViewLayer | Synchronizing object | Lace_0.L
Fra:31 Mem:20.63M (Peak 20.63M) | Time:00:00.12 | Mem:0.00M, Peak:0.00M | Scene, ViewLayer | Synchronizing object | Lace_1.L
Fra:31 Mem:20.63M (Peak 20.63M) | Time:00:00.12 | Mem:0.00M, Peak:0.00M | Scene, ViewLayer | Synchronizing object | Lace_2.L
Fra:31 Mem:20.63M (Peak 20.63M) | Time:00:00.12 | Mem:0.00M, Peak:0.00M | Scene, ViewLayer | Synchronizing object | Heel_Tab.L
Fra:31 Mem:20.63M (Peak 20.63M) | Time:00:00.12 | Mem:0.00M, Peak:0.00M | Scene, ViewLayer | Synchronizing object | Sleeve_Cuff.R
Fra:31 Mem:20.64M (Peak 20.64M) | Time:00:00.12 | Mem:0.00M, Peak:0.00M | Scene, ViewLayer | Synchronizing object | Zip_Tape.R
Fra:31 Mem:20.68M (Peak 20.68M) | Time:00:00.13 | Mem:0.00M, Peak:0.00M | Scene, ViewLayer | Synchronizing object | Palm.R
Fra:31 Mem:20.74M (Peak 20.74M) | Time:00:00.13 | Mem:0.00M, Peak:0.00M | Scene, ViewLayer | Synchronizing object | Index_Mesh.R
Fra:31 Mem:20.73M (Peak 20.74M) | Time:00:00.13 | Mem:0.00M, Peak:0.00M | Scene, ViewLayer | Synchronizing object | Middle_Mesh.R
Fra:31 Mem:20.74M (Peak 20.74M) | Time:00:00.13 | Mem:0.00M, Peak:0.00M | Scene, ViewLayer | Synchronizing object | Ring_Mesh.R
Fra:31 Mem:20.75M (Peak 20.75M) | Time:00:00.13 | Mem:0.00M, Peak:0.00M | Scene, ViewLayer | Synchronizing object | Pinky_Mesh.R
Fra:31 Mem:20.75M (Peak 20.75M) | Time:00:00.13 | Mem:0.00M, Peak:0.00M | Scene, ViewLayer | Synchronizing object | Thumb_Mesh.R
Fra:31 Mem:20.85M (Peak 20.85M) | Time:00:00.16 | Mem:0.00M, Peak:0.00M | Scene, ViewLayer | Synchronizing object | Leg.R
Fra:31 Mem:21.03M (Peak 21.03M) | Time:00:00.20 | Mem:0.00M, Peak:0.00M | Scene, ViewLayer | Synchronizing object | Shorts.R
Fra:31 Mem:21.14M (Peak 21.14M) | Time:00:00.20 | Mem:0.00M, Peak:0.00M | Scene, ViewLayer | Synchronizing object | Shorts_Hem.R
Fra:31 Mem:21.14M (Peak 21.14M) | Time:00:00.20 | Mem:0.00M, Peak:0.00M | Scene, ViewLayer | Synchronizing object | Sneaker_Sole.R
Fra:31 Mem:21.16M (Peak 21.16M) | Time:00:00.20 | Mem:0.00M, Peak:0.00M | Scene, ViewLayer | Synchronizing object | Sneaker_Upper.R
Fra:31 Mem:21.18M (Peak 21.18M) | Time:00:00.20 | Mem:0.00M, Peak:0.00M | Scene, ViewLayer | Synchronizing object | Sock.R
Fra:31 Mem:21.19M (Peak 21.19M) | Time:00:00.20 | Mem:0.00M, Peak:0.00M | Scene, ViewLayer | Synchronizing object | Lace_0.R
Fra:31 Mem:21.19M (Peak 21.19M) | Time:00:00.20 | Mem:0.00M, Peak:0.00M | Scene, ViewLayer | Synchronizing object | Lace_1.R
Fra:31 Mem:21.20M (Peak 21.20M) | Time:00:00.20 | Mem:0.00M, Peak:0.00M | Scene, ViewLayer | Synchronizing object | Lace_2.R
Fra:31 Mem:21.20M (Peak 21.20M) | Time:00:00.20 | Mem:0.00M, Peak:0.00M | Scene, ViewLayer | Synchronizing object | Heel_Tab.R
Fra:31 Mem:21.76M (Peak 21.76M) | Time:00:00.23 | Mem:0.00M, Peak:0.00M | Scene, ViewLayer | Synchronizing object | Jacket_ContinuousShoulders
Fra:31 Mem:22.98M (Peak 22.98M) | Time:00:00.64 | Mem:0.00M, Peak:0.00M | Scene, ViewLayer | Synchronizing object | Face_Head
Fra:31 Mem:23.65M (Peak 23.65M) | Time:00:00.66 | Mem:0.00M, Peak:0.00M | Scene, ViewLayer | Synchronizing object | Ear.L
Fra:31 Mem:23.71M (Peak 23.71M) | Time:00:00.66 | Mem:0.00M, Peak:0.00M | Scene, ViewLayer | Synchronizing object | Ear_Fold.L
Fra:31 Mem:23.76M (Peak 23.76M) | Time:00:00.67 | Mem:0.00M, Peak:0.00M | Scene, ViewLayer | Synchronizing object | Ear.R
Fra:31 Mem:23.82M (Peak 23.82M) | Time:00:00.67 | Mem:0.00M, Peak:0.00M | Scene, ViewLayer | Synchronizing object | Ear_Fold.R
Fra:31 Mem:23.82M (Peak 23.82M) | Time:00:00.67 | Mem:0.00M, Peak:0.00M | Scene, ViewLayer | Synchronizing object | Eye_White.L
Fra:31 Mem:23.83M (Peak 23.83M) | Time:00:00.67 | Mem:0.00M, Peak:0.00M | Scene, ViewLayer | Synchronizing object | Iris_hair.L
Fra:31 Mem:23.84M (Peak 23.84M) | Time:00:00.67 | Mem:0.00M, Peak:0.00M | Scene, ViewLayer | Synchronizing object | Iris_ink.L
Fra:31 Mem:23.85M (Peak 23.85M) | Time:00:00.67 | Mem:0.00M, Peak:0.00M | Scene, ViewLayer | Synchronizing object | Eye_Glint.L
Fra:31 Mem:23.85M (Peak 23.85M) | Time:00:00.67 | Mem:0.00M, Peak:0.00M | Scene, ViewLayer | Synchronizing object | Upper_Lid.L
Fra:31 Mem:23.86M (Peak 23.86M) | Time:00:00.67 | Mem:0.00M, Peak:0.00M | Scene, ViewLayer | Synchronizing object | Lower_Lid.L
Fra:31 Mem:23.87M (Peak 23.87M) | Time:00:00.67 | Mem:0.00M, Peak:0.00M | Scene, ViewLayer | Synchronizing object | Eyebrow.L
Fra:31 Mem:23.87M (Peak 23.87M) | Time:00:00.67 | Mem:0.00M, Peak:0.00M | Scene, ViewLayer | Synchronizing object | Eye_White.R
Fra:31 Mem:23.88M (Peak 23.88M) | Time:00:00.67 | Mem:0.00M, Peak:0.00M | Scene, ViewLayer | Synchronizing object | Iris_hair.R
Fra:31 Mem:23.89M (Peak 23.89M) | Time:00:00.67 | Mem:0.00M, Peak:0.00M | Scene, ViewLayer | Synchronizing object | Iris_ink.R
Fra:31 Mem:23.90M (Peak 23.90M) | Time:00:00.67 | Mem:0.00M, Peak:0.00M | Scene, ViewLayer | Synchronizing object | Eye_Glint.R
Fra:31 Mem:23.90M (Peak 23.90M) | Time:00:00.67 | Mem:0.00M, Peak:0.00M | Scene, ViewLayer | Synchronizing object | Upper_Lid.R
Fra:31 Mem:23.91M (Peak 23.91M) | Time:00:00.67 | Mem:0.00M, Peak:0.00M | Scene, ViewLayer | Synchronizing object | Lower_Lid.R
Fra:31 Mem:23.92M (Peak 23.92M) | Time:00:00.67 | Mem:0.00M, Peak:0.00M | Scene, ViewLayer | Synchronizing object | Eyebrow.R
Fra:31 Mem:23.92M (Peak 23.92M) | Time:00:00.67 | Mem:0.00M, Peak:0.00M | Scene, ViewLayer | Synchronizing object | Mouth
Fra:31 Mem:23.94M (Peak 23.94M) | Time:00:00.67 | Mem:0.00M, Peak:0.00M | Scene, ViewLayer | Synchronizing object | Hair_Cap
Fra:31 Mem:25.10M (Peak 25.10M) | Time:00:00.71 | Mem:0.00M, Peak:0.00M | Scene, ViewLayer | Synchronizing object | Hair_CrownBase
Fra:31 Mem:25.16M (Peak 25.16M) | Time:00:00.71 | Mem:0.00M, Peak:0.00M | Scene, ViewLayer | Synchronizing object | Review_Rim
Fra:31 Mem:25.16M (Peak 25.16M) | Time:00:00.71 | Mem:0.00M, Peak:0.00M | Scene, ViewLayer | Synchronizing object | Review_Fill
Fra:31 Mem:25.17M (Peak 25.17M) | Time:00:00.71 | Mem:0.00M, Peak:0.00M | Scene, ViewLayer | Synchronizing object | Review_Key
Fra:31 Mem:25.17M (Peak 25.17M) | Time:00:00.71 | Mem:0.00M, Peak:0.00M | Scene, ViewLayer | Synchronizing object | Review_Ground
Fra:31 Mem:25.20M (Peak 25.20M) | Time:00:00.71 | Mem:0.00M, Peak:0.00M | Scene, ViewLayer | Synchronizing object | Drawing_Pen_0.16
Fra:31 Mem:25.19M (Peak 25.20M) | Time:00:00.71 | Mem:0.00M, Peak:0.00M | Scene, ViewLayer | Synchronizing object | Bangs_00
Fra:31 Mem:25.20M (Peak 25.20M) | Time:00:00.71 | Mem:0.00M, Peak:0.00M | Scene, ViewLayer | Synchronizing object | Drawing_Pen_0.136
Fra:31 Mem:25.21M (Peak 25.21M) | Time:00:00.71 | Mem:0.00M, Peak:0.00M | Scene, ViewLayer | Synchronizing object | Pen_Pouch
Fra:31 Mem:25.22M (Peak 25.22M) | Time:00:00.71 | Mem:0.00M, Peak:0.00M | Scene, ViewLayer | Synchronizing object | Bangs_01
Fra:31 Mem:25.22M (Peak 25.22M) | Time:00:00.71 | Mem:0.00M, Peak:0.00M | Scene, ViewLayer | Synchronizing object | Hair_Clip_1
Fra:31 Mem:25.24M (Peak 25.24M) | Time:00:00.71 | Mem:0.00M, Peak:0.00M | Scene, ViewLayer | Synchronizing object | Hair_Clip_0
Fra:31 Mem:25.24M (Peak 25.24M) | Time:00:00.71 | Mem:0.00M, Peak:0.00M | Scene, ViewLayer | Synchronizing object | Bangs_02
Fra:31 Mem:25.25M (Peak 25.25M) | Time:00:00.71 | Mem:0.00M, Peak:0.00M | Scene, ViewLayer | Synchronizing object | Temple_0.R
Fra:31 Mem:25.27M (Peak 25.27M) | Time:00:00.71 | Mem:0.00M, Peak:0.00M | Scene, ViewLayer | Synchronizing object | Bangs_03
Fra:31 Mem:25.29M (Peak 25.29M) | Time:00:00.71 | Mem:0.00M, Peak:0.00M | Scene, ViewLayer | Synchronizing object | Temple_0.L
Fra:31 Mem:25.31M (Peak 25.31M) | Time:00:00.71 | Mem:0.00M, Peak:0.00M | Scene, ViewLayer | Initializing
Fra:31 Mem:20.58M (Peak 25.31M) | Time:00:00.71 | Mem:0.00M, Peak:0.00M | Scene, ViewLayer | Updating Images | Loading CHR002_GreyStudy_BaseColor
Fra:31 Mem:21.97M (Peak 28.59M) | Time:00:00.72 | Mem:4.00M, Peak:4.00M | Scene, ViewLayer | Waiting for render to start
Fra:31 Mem:21.97M (Peak 28.59M) | Time:00:00.72 | Mem:4.00M, Peak:4.00M | Scene, ViewLayer | Updating Scene
Fra:31 Mem:21.97M (Peak 28.59M) | Time:00:00.72 | Mem:4.00M, Peak:4.00M | Scene, ViewLayer | Updating Shaders
Fra:31 Mem:21.97M (Peak 28.59M) | Time:00:00.72 | Mem:4.00M, Peak:4.00M | Scene, ViewLayer | Loading render kernels (may take a few minutes the first time)
Fra:31 Mem:22.05M (Peak 28.59M) | Time:00:00.72 | Mem:4.00M, Peak:4.00M | Scene, ViewLayer | Updating Procedurals
Fra:31 Mem:22.05M (Peak 28.59M) | Time:00:00.72 | Mem:4.00M, Peak:4.00M | Scene, ViewLayer | Updating Background
Fra:31 Mem:22.05M (Peak 28.59M) | Time:00:00.72 | Mem:4.00M, Peak:4.00M | Scene, ViewLayer | Updating Camera
Fra:31 Mem:22.05M (Peak 28.59M) | Time:00:00.72 | Mem:4.00M, Peak:4.00M | Scene, ViewLayer | Updating Meshes Flags
Fra:31 Mem:22.05M (Peak 28.59M) | Time:00:00.72 | Mem:4.00M, Peak:4.00M | Scene, ViewLayer | Updating Objects
Fra:31 Mem:22.05M (Peak 28.59M) | Time:00:00.72 | Mem:4.00M, Peak:4.00M | Scene, ViewLayer | Updating Objects | Copying Transformations to device
Fra:31 Mem:22.07M (Peak 28.59M) | Time:00:00.72 | Mem:4.02M, Peak:4.02M | Scene, ViewLayer | Updating Particle Systems
Fra:31 Mem:22.07M (Peak 28.59M) | Time:00:00.72 | Mem:4.02M, Peak:4.02M | Scene, ViewLayer | Updating Particle Systems | Copying Particles to device
Fra:31 Mem:22.07M (Peak 28.59M) | Time:00:00.72 | Mem:4.02M, Peak:4.02M | Scene, ViewLayer | Updating Meshes
Fra:31 Mem:22.07M (Peak 28.59M) | Time:00:00.72 | Mem:4.02M, Peak:4.02M | Scene, ViewLayer | Updating Objects | Applying Static Transformations
Fra:31 Mem:22.07M (Peak 28.59M) | Time:00:00.72 | Mem:4.02M, Peak:4.02M | Scene, ViewLayer | Updating Mesh | Computing attributes
Fra:31 Mem:23.23M (Peak 28.59M) | Time:00:00.72 | Mem:4.03M, Peak:4.03M | Scene, ViewLayer | Updating Mesh | Copying Attributes to device
Fra:31 Mem:23.22M (Peak 28.59M) | Time:00:00.72 | Mem:5.17M, Peak:5.17M | Scene, ViewLayer | Updating Scene BVH | Building
Fra:31 Mem:23.22M (Peak 28.59M) | Time:00:00.72 | Mem:5.17M, Peak:5.17M | Scene, ViewLayer | Updating Scene BVH | Building BVH
Fra:31 Mem:23.22M (Peak 28.59M) | Time:00:00.72 | Mem:6.38M, Peak:6.38M | Scene, ViewLayer | Updating Scene BVH | Building BVH 0%
Fra:31 Mem:23.22M (Peak 28.59M) | Time:00:00.73 | Mem:7.70M, Peak:8.91M | Scene, ViewLayer | Updating Scene BVH | Copying BVH to device
Fra:31 Mem:23.22M (Peak 28.59M) | Time:00:00.73 | Mem:7.70M, Peak:8.91M | Scene, ViewLayer | Updating Mesh | Computing normals
Fra:31 Mem:24.29M (Peak 28.59M) | Time:00:00.73 | Mem:7.70M, Peak:8.91M | Scene, ViewLayer | Updating Mesh | Copying Mesh to device
Fra:31 Mem:24.29M (Peak 28.59M) | Time:00:00.73 | Mem:8.77M, Peak:8.91M | Scene, ViewLayer | Updating Objects Flags
Fra:31 Mem:24.29M (Peak 28.59M) | Time:00:00.73 | Mem:8.77M, Peak:8.91M | Scene, ViewLayer | Updating Primitive Offsets
Fra:31 Mem:24.29M (Peak 28.59M) | Time:00:00.73 | Mem:8.77M, Peak:8.91M | Scene, ViewLayer | Updating Images
Fra:31 Mem:24.29M (Peak 28.59M) | Time:00:00.73 | Mem:8.77M, Peak:8.91M | Scene, ViewLayer | Updating Camera Volume
Fra:31 Mem:24.29M (Peak 28.59M) | Time:00:00.73 | Mem:8.77M, Peak:8.91M | Scene, ViewLayer | Updating Lookup Tables
Fra:31 Mem:24.29M (Peak 28.59M) | Time:00:00.73 | Mem:8.85M, Peak:8.91M | Scene, ViewLayer | Updating Lights
Fra:31 Mem:24.29M (Peak 28.59M) | Time:00:00.73 | Mem:8.85M, Peak:8.91M | Scene, ViewLayer | Updating Lights | Computing tree
Fra:31 Mem:24.29M (Peak 28.59M) | Time:00:00.73 | Mem:8.85M, Peak:8.91M | Scene, ViewLayer | Updating Integrator
Fra:31 Mem:24.29M (Peak 28.59M) | Time:00:00.73 | Mem:8.85M, Peak:8.91M | Scene, ViewLayer | Updating Film
Fra:31 Mem:24.29M (Peak 28.59M) | Time:00:00.73 | Mem:8.77M, Peak:8.91M | Scene, ViewLayer | Updating Lookup Tables
Fra:31 Mem:24.29M (Peak 28.59M) | Time:00:00.73 | Mem:8.86M, Peak:8.91M | Scene, ViewLayer | Updating Baking
Fra:31 Mem:24.29M (Peak 28.59M) | Time:00:00.73 | Mem:8.86M, Peak:8.91M | Scene, ViewLayer | Updating Device | Writing constant memory
Fra:31 Mem:24.30M (Peak 28.59M) | Time:00:00.73 | Mem:8.86M, Peak:8.91M | Scene, ViewLayer | Loading denoising kernels (may take a few minutes the first time)
Fra:31 Mem:24.30M (Peak 28.59M) | Time:00:00.73 | Mem:8.86M, Peak:8.91M | Scene, ViewLayer | Sample 0/16
Fra:31 Mem:46.59M (Peak 46.59M) | Time:00:01.01 | Remaining:00:04.15 | Mem:31.13M, Peak:31.13M | Scene, ViewLayer | Sample 1/16
Fra:31 Mem:55.96M (Peak 70.03M) | Time:00:08.18 | Mem:31.13M, Peak:31.13M | Scene, ViewLayer | Sample 16/16
Fra:31 Mem:55.96M (Peak 70.03M) | Time:00:08.18 | Mem:31.13M, Peak:31.13M | Scene, ViewLayer | Finished
Saved: '/home/lzzz/MyProjects/N-SIDE/output/characters/CHR-002/ling-model-r1/final/walk-05.png'
Time: 00:08.21 (Saving: 00:00.02)

Fra:37 Mem:19.90M (Peak 20.06M) | Time:00:00.03 | Mem:0.00M, Peak:0.00M | Scene, ViewLayer | Synchronizing object | TShirt
Fra:37 Mem:20.06M (Peak 20.06M) | Time:00:00.04 | Mem:0.00M, Peak:0.00M | Scene, ViewLayer | Synchronizing object | TShirt_Collar
Fra:37 Mem:20.09M (Peak 20.09M) | Time:00:00.04 | Mem:0.00M, Peak:0.00M | Scene, ViewLayer | Synchronizing object | Sleeve_Cuff.L
Fra:37 Mem:20.09M (Peak 20.09M) | Time:00:00.04 | Mem:0.00M, Peak:0.00M | Scene, ViewLayer | Synchronizing object | Zip_Tape.L
Fra:37 Mem:20.13M (Peak 20.13M) | Time:00:00.05 | Mem:0.00M, Peak:0.00M | Scene, ViewLayer | Synchronizing object | Palm.L
Fra:37 Mem:20.18M (Peak 20.18M) | Time:00:00.05 | Mem:0.00M, Peak:0.00M | Scene, ViewLayer | Synchronizing object | Index_Mesh.L
Fra:37 Mem:20.18M (Peak 20.18M) | Time:00:00.05 | Mem:0.00M, Peak:0.00M | Scene, ViewLayer | Synchronizing object | Middle_Mesh.L
Fra:37 Mem:20.19M (Peak 20.19M) | Time:00:00.05 | Mem:0.00M, Peak:0.00M | Scene, ViewLayer | Synchronizing object | Ring_Mesh.L
Fra:37 Mem:20.19M (Peak 20.19M) | Time:00:00.05 | Mem:0.00M, Peak:0.00M | Scene, ViewLayer | Synchronizing object | Pinky_Mesh.L
Fra:37 Mem:20.20M (Peak 20.20M) | Time:00:00.05 | Mem:0.00M, Peak:0.00M | Scene, ViewLayer | Synchronizing object | Thumb_Mesh.L
Fra:37 Mem:20.29M (Peak 20.29M) | Time:00:00.08 | Mem:0.00M, Peak:0.00M | Scene, ViewLayer | Synchronizing object | Leg.L
Fra:37 Mem:20.48M (Peak 20.48M) | Time:00:00.12 | Mem:0.00M, Peak:0.00M | Scene, ViewLayer | Synchronizing object | Shorts.L
Fra:37 Mem:20.57M (Peak 20.57M) | Time:00:00.12 | Mem:0.00M, Peak:0.00M | Scene, ViewLayer | Synchronizing object | Shorts_Hem.L
Fra:37 Mem:20.57M (Peak 20.57M) | Time:00:00.12 | Mem:0.00M, Peak:0.00M | Scene, ViewLayer | Synchronizing object | Sneaker_Sole.L
Fra:37 Mem:20.59M (Peak 20.59M) | Time:00:00.12 | Mem:0.00M, Peak:0.00M | Scene, ViewLayer | Synchronizing object | Sneaker_Upper.L
Fra:37 Mem:20.61M (Peak 20.61M) | Time:00:00.12 | Mem:0.00M, Peak:0.00M | Scene, ViewLayer | Synchronizing object | Sock.L
Fra:37 Mem:20.62M (Peak 20.62M) | Time:00:00.12 | Mem:0.00M, Peak:0.00M | Scene, ViewLayer | Synchronizing object | Lace_0.L
Fra:37 Mem:20.63M (Peak 20.63M) | Time:00:00.12 | Mem:0.00M, Peak:0.00M | Scene, ViewLayer | Synchronizing object | Lace_1.L
Fra:37 Mem:20.63M (Peak 20.63M) | Time:00:00.12 | Mem:0.00M, Peak:0.00M | Scene, ViewLayer | Synchronizing object | Lace_2.L
Fra:37 Mem:20.63M (Peak 20.63M) | Time:00:00.12 | Mem:0.00M, Peak:0.00M | Scene, ViewLayer | Synchronizing object | Heel_Tab.L
Fra:37 Mem:20.63M (Peak 20.63M) | Time:00:00.12 | Mem:0.00M, Peak:0.00M | Scene, ViewLayer | Synchronizing object | Sleeve_Cuff.R
Fra:37 Mem:20.64M (Peak 20.64M) | Time:00:00.12 | Mem:0.00M, Peak:0.00M | Scene, ViewLayer | Synchronizing object | Zip_Tape.R
Fra:37 Mem:20.68M (Peak 20.68M) | Time:00:00.13 | Mem:0.00M, Peak:0.00M | Scene, ViewLayer | Synchronizing object | Palm.R
Fra:37 Mem:20.73M (Peak 20.73M) | Time:00:00.13 | Mem:0.00M, Peak:0.00M | Scene, ViewLayer | Synchronizing object | Index_Mesh.R
Fra:37 Mem:20.74M (Peak 20.74M) | Time:00:00.13 | Mem:0.00M, Peak:0.00M | Scene, ViewLayer | Synchronizing object | Middle_Mesh.R
Fra:37 Mem:20.74M (Peak 20.74M) | Time:00:00.13 | Mem:0.00M, Peak:0.00M | Scene, ViewLayer | Synchronizing object | Ring_Mesh.R
Fra:37 Mem:20.75M (Peak 20.75M) | Time:00:00.13 | Mem:0.00M, Peak:0.00M | Scene, ViewLayer | Synchronizing object | Pinky_Mesh.R
Fra:37 Mem:20.75M (Peak 20.75M) | Time:00:00.13 | Mem:0.00M, Peak:0.00M | Scene, ViewLayer | Synchronizing object | Thumb_Mesh.R
Fra:37 Mem:20.85M (Peak 20.85M) | Time:00:00.16 | Mem:0.00M, Peak:0.00M | Scene, ViewLayer | Synchronizing object | Leg.R
Fra:37 Mem:21.03M (Peak 21.03M) | Time:00:00.19 | Mem:0.00M, Peak:0.00M | Scene, ViewLayer | Synchronizing object | Shorts.R
Fra:37 Mem:21.14M (Peak 21.14M) | Time:00:00.19 | Mem:0.00M, Peak:0.00M | Scene, ViewLayer | Synchronizing object | Shorts_Hem.R
Fra:37 Mem:21.14M (Peak 21.14M) | Time:00:00.19 | Mem:0.00M, Peak:0.00M | Scene, ViewLayer | Synchronizing object | Sneaker_Sole.R
Fra:37 Mem:21.16M (Peak 21.16M) | Time:00:00.19 | Mem:0.00M, Peak:0.00M | Scene, ViewLayer | Synchronizing object | Sneaker_Upper.R
Fra:37 Mem:21.18M (Peak 21.18M) | Time:00:00.19 | Mem:0.00M, Peak:0.00M | Scene, ViewLayer | Synchronizing object | Sock.R
Fra:37 Mem:21.19M (Peak 21.19M) | Time:00:00.19 | Mem:0.00M, Peak:0.00M | Scene, ViewLayer | Synchronizing object | Lace_0.R
Fra:37 Mem:21.19M (Peak 21.19M) | Time:00:00.19 | Mem:0.00M, Peak:0.00M | Scene, ViewLayer | Synchronizing object | Lace_1.R
Fra:37 Mem:21.20M (Peak 21.20M) | Time:00:00.19 | Mem:0.00M, Peak:0.00M | Scene, ViewLayer | Synchronizing object | Lace_2.R
Fra:37 Mem:21.20M (Peak 21.20M) | Time:00:00.19 | Mem:0.00M, Peak:0.00M | Scene, ViewLayer | Synchronizing object | Heel_Tab.R
Fra:37 Mem:21.76M (Peak 21.76M) | Time:00:00.23 | Mem:0.00M, Peak:0.00M | Scene, ViewLayer | Synchronizing object | Jacket_ContinuousShoulders
Fra:37 Mem:22.98M (Peak 22.98M) | Time:00:00.63 | Mem:0.00M, Peak:0.00M | Scene, ViewLayer | Synchronizing object | Face_Head
Fra:37 Mem:23.65M (Peak 23.65M) | Time:00:00.65 | Mem:0.00M, Peak:0.00M | Scene, ViewLayer | Synchronizing object | Ear.L
Fra:37 Mem:23.71M (Peak 23.71M) | Time:00:00.65 | Mem:0.00M, Peak:0.00M | Scene, ViewLayer | Synchronizing object | Ear_Fold.L
Fra:37 Mem:23.75M (Peak 23.75M) | Time:00:00.66 | Mem:0.00M, Peak:0.00M | Scene, ViewLayer | Synchronizing object | Ear.R
Fra:37 Mem:23.82M (Peak 23.82M) | Time:00:00.66 | Mem:0.00M, Peak:0.00M | Scene, ViewLayer | Synchronizing object | Ear_Fold.R
Fra:37 Mem:23.82M (Peak 23.82M) | Time:00:00.66 | Mem:0.00M, Peak:0.00M | Scene, ViewLayer | Synchronizing object | Eye_White.L
Fra:37 Mem:23.83M (Peak 23.83M) | Time:00:00.66 | Mem:0.00M, Peak:0.00M | Scene, ViewLayer | Synchronizing object | Iris_hair.L
Fra:37 Mem:23.84M (Peak 23.84M) | Time:00:00.66 | Mem:0.00M, Peak:0.00M | Scene, ViewLayer | Synchronizing object | Iris_ink.L
Fra:37 Mem:23.85M (Peak 23.85M) | Time:00:00.66 | Mem:0.00M, Peak:0.00M | Scene, ViewLayer | Synchronizing object | Eye_Glint.L
Fra:37 Mem:23.85M (Peak 23.85M) | Time:00:00.66 | Mem:0.00M, Peak:0.00M | Scene, ViewLayer | Synchronizing object | Upper_Lid.L
Fra:37 Mem:23.86M (Peak 23.86M) | Time:00:00.66 | Mem:0.00M, Peak:0.00M | Scene, ViewLayer | Synchronizing object | Lower_Lid.L
Fra:37 Mem:23.87M (Peak 23.87M) | Time:00:00.66 | Mem:0.00M, Peak:0.00M | Scene, ViewLayer | Synchronizing object | Eyebrow.L
Fra:37 Mem:23.87M (Peak 23.87M) | Time:00:00.66 | Mem:0.00M, Peak:0.00M | Scene, ViewLayer | Synchronizing object | Eye_White.R
Fra:37 Mem:23.88M (Peak 23.88M) | Time:00:00.66 | Mem:0.00M, Peak:0.00M | Scene, ViewLayer | Synchronizing object | Iris_hair.R
Fra:37 Mem:23.89M (Peak 23.89M) | Time:00:00.66 | Mem:0.00M, Peak:0.00M | Scene, ViewLayer | Synchronizing object | Iris_ink.R
Fra:37 Mem:23.90M (Peak 23.90M) | Time:00:00.66 | Mem:0.00M, Peak:0.00M | Scene, ViewLayer | Synchronizing object | Eye_Glint.R
Fra:37 Mem:23.90M (Peak 23.90M) | Time:00:00.66 | Mem:0.00M, Peak:0.00M | Scene, ViewLayer | Synchronizing object | Upper_Lid.R
Fra:37 Mem:23.91M (Peak 23.91M) | Time:00:00.66 | Mem:0.00M, Peak:0.00M | Scene, ViewLayer | Synchronizing object | Lower_Lid.R
Fra:37 Mem:23.92M (Peak 23.92M) | Time:00:00.66 | Mem:0.00M, Peak:0.00M | Scene, ViewLayer | Synchronizing object | Eyebrow.R
Fra:37 Mem:23.92M (Peak 23.92M) | Time:00:00.66 | Mem:0.00M, Peak:0.00M | Scene, ViewLayer | Synchronizing object | Mouth
Fra:37 Mem:23.94M (Peak 23.94M) | Time:00:00.66 | Mem:0.00M, Peak:0.00M | Scene, ViewLayer | Synchronizing object | Hair_Cap
Fra:37 Mem:25.10M (Peak 25.10M) | Time:00:00.70 | Mem:0.00M, Peak:0.00M | Scene, ViewLayer | Synchronizing object | Hair_CrownBase
Fra:37 Mem:25.16M (Peak 25.16M) | Time:00:00.70 | Mem:0.00M, Peak:0.00M | Scene, ViewLayer | Synchronizing object | Review_Rim
Fra:37 Mem:25.19M (Peak 25.19M) | Time:00:00.70 | Mem:0.00M, Peak:0.00M | Scene, ViewLayer | Synchronizing object | Review_Fill
Fra:37 Mem:25.19M (Peak 25.19M) | Time:00:00.70 | Mem:0.00M, Peak:0.00M | Scene, ViewLayer | Synchronizing object | Review_Key
Fra:37 Mem:25.20M (Peak 25.20M) | Time:00:00.70 | Mem:0.00M, Peak:0.00M | Scene, ViewLayer | Synchronizing object | Review_Ground
Fra:37 Mem:25.19M (Peak 25.20M) | Time:00:00.70 | Mem:0.00M, Peak:0.00M | Scene, ViewLayer | Synchronizing object | Bangs_00
Fra:37 Mem:25.21M (Peak 25.21M) | Time:00:00.70 | Mem:0.00M, Peak:0.00M | Scene, ViewLayer | Synchronizing object | Drawing_Pen_0.16
Fra:37 Mem:25.22M (Peak 25.22M) | Time:00:00.70 | Mem:0.00M, Peak:0.00M | Scene, ViewLayer | Synchronizing object | Drawing_Pen_0.136
Fra:37 Mem:25.21M (Peak 25.22M) | Time:00:00.70 | Mem:0.00M, Peak:0.00M | Scene, ViewLayer | Synchronizing object | Bangs_01
Fra:37 Mem:25.21M (Peak 25.22M) | Time:00:00.70 | Mem:0.00M, Peak:0.00M | Scene, ViewLayer | Synchronizing object | Pen_Pouch
Fra:37 Mem:25.23M (Peak 25.23M) | Time:00:00.70 | Mem:0.00M, Peak:0.00M | Scene, ViewLayer | Synchronizing object | Hair_Clip_1
Fra:37 Mem:25.24M (Peak 25.24M) | Time:00:00.70 | Mem:0.00M, Peak:0.00M | Scene, ViewLayer | Synchronizing object | Bangs_02
Fra:37 Mem:25.24M (Peak 25.24M) | Time:00:00.70 | Mem:0.00M, Peak:0.00M | Scene, ViewLayer | Synchronizing object | Hair_Clip_0
Fra:37 Mem:25.25M (Peak 25.25M) | Time:00:00.70 | Mem:0.00M, Peak:0.00M | Scene, ViewLayer | Synchronizing object | Temple_0.R
Fra:37 Mem:25.27M (Peak 25.27M) | Time:00:00.70 | Mem:0.00M, Peak:0.00M | Scene, ViewLayer | Synchronizing object | Bangs_03
Fra:37 Mem:25.29M (Peak 25.29M) | Time:00:00.70 | Mem:0.00M, Peak:0.00M | Scene, ViewLayer | Synchronizing object | Temple_0.L
Fra:37 Mem:25.31M (Peak 25.31M) | Time:00:00.70 | Mem:0.00M, Peak:0.00M | Scene, ViewLayer | Initializing
Fra:37 Mem:20.58M (Peak 25.31M) | Time:00:00.70 | Mem:0.00M, Peak:0.00M | Scene, ViewLayer | Updating Images | Loading CHR002_GreyStudy_BaseColor
Fra:37 Mem:21.97M (Peak 28.59M) | Time:00:00.71 | Mem:4.00M, Peak:4.00M | Scene, ViewLayer | Waiting for render to start
Fra:37 Mem:21.97M (Peak 28.59M) | Time:00:00.71 | Mem:4.00M, Peak:4.00M | Scene, ViewLayer | Updating Scene
Fra:37 Mem:21.97M (Peak 28.59M) | Time:00:00.71 | Mem:4.00M, Peak:4.00M | Scene, ViewLayer | Updating Shaders
Fra:37 Mem:21.97M (Peak 28.59M) | Time:00:00.71 | Mem:4.00M, Peak:4.00M | Scene, ViewLayer | Loading render kernels (may take a few minutes the first time)
Fra:37 Mem:22.05M (Peak 28.59M) | Time:00:00.71 | Mem:4.00M, Peak:4.00M | Scene, ViewLayer | Updating Procedurals
Fra:37 Mem:22.05M (Peak 28.59M) | Time:00:00.71 | Mem:4.00M, Peak:4.00M | Scene, ViewLayer | Updating Background
Fra:37 Mem:22.05M (Peak 28.59M) | Time:00:00.71 | Mem:4.00M, Peak:4.00M | Scene, ViewLayer | Updating Camera
Fra:37 Mem:22.05M (Peak 28.59M) | Time:00:00.71 | Mem:4.00M, Peak:4.00M | Scene, ViewLayer | Updating Meshes Flags
Fra:37 Mem:22.05M (Peak 28.59M) | Time:00:00.71 | Mem:4.00M, Peak:4.00M | Scene, ViewLayer | Updating Objects
Fra:37 Mem:22.05M (Peak 28.59M) | Time:00:00.71 | Mem:4.00M, Peak:4.00M | Scene, ViewLayer | Updating Objects | Copying Transformations to device
Fra:37 Mem:22.07M (Peak 28.59M) | Time:00:00.71 | Mem:4.02M, Peak:4.02M | Scene, ViewLayer | Updating Particle Systems
Fra:37 Mem:22.07M (Peak 28.59M) | Time:00:00.71 | Mem:4.02M, Peak:4.02M | Scene, ViewLayer | Updating Particle Systems | Copying Particles to device
Fra:37 Mem:22.07M (Peak 28.59M) | Time:00:00.71 | Mem:4.02M, Peak:4.02M | Scene, ViewLayer | Updating Meshes
Fra:37 Mem:22.07M (Peak 28.59M) | Time:00:00.71 | Mem:4.02M, Peak:4.02M | Scene, ViewLayer | Updating Objects | Applying Static Transformations
Fra:37 Mem:22.07M (Peak 28.59M) | Time:00:00.71 | Mem:4.02M, Peak:4.02M | Scene, ViewLayer | Updating Mesh | Computing attributes
Fra:37 Mem:23.23M (Peak 28.59M) | Time:00:00.71 | Mem:4.03M, Peak:4.03M | Scene, ViewLayer | Updating Mesh | Copying Attributes to device
Fra:37 Mem:23.22M (Peak 28.59M) | Time:00:00.71 | Mem:5.17M, Peak:5.17M | Scene, ViewLayer | Updating Scene BVH | Building
Fra:37 Mem:23.22M (Peak 28.59M) | Time:00:00.71 | Mem:5.17M, Peak:5.17M | Scene, ViewLayer | Updating Scene BVH | Building BVH
Fra:37 Mem:23.22M (Peak 28.59M) | Time:00:00.71 | Mem:6.38M, Peak:6.38M | Scene, ViewLayer | Updating Scene BVH | Building BVH 0%
Fra:37 Mem:23.22M (Peak 28.59M) | Time:00:00.71 | Mem:7.70M, Peak:8.91M | Scene, ViewLayer | Updating Scene BVH | Copying BVH to device
Fra:37 Mem:23.22M (Peak 28.59M) | Time:00:00.71 | Mem:7.70M, Peak:8.91M | Scene, ViewLayer | Updating Mesh | Computing normals
Fra:37 Mem:24.29M (Peak 28.59M) | Time:00:00.71 | Mem:7.70M, Peak:8.91M | Scene, ViewLayer | Updating Mesh | Copying Mesh to device
Fra:37 Mem:24.29M (Peak 28.59M) | Time:00:00.71 | Mem:8.77M, Peak:8.91M | Scene, ViewLayer | Updating Objects Flags
Fra:37 Mem:24.29M (Peak 28.59M) | Time:00:00.71 | Mem:8.77M, Peak:8.91M | Scene, ViewLayer | Updating Primitive Offsets
Fra:37 Mem:24.29M (Peak 28.59M) | Time:00:00.71 | Mem:8.77M, Peak:8.91M | Scene, ViewLayer | Updating Images
Fra:37 Mem:24.29M (Peak 28.59M) | Time:00:00.71 | Mem:8.77M, Peak:8.91M | Scene, ViewLayer | Updating Camera Volume
Fra:37 Mem:24.29M (Peak 28.59M) | Time:00:00.71 | Mem:8.77M, Peak:8.91M | Scene, ViewLayer | Updating Lookup Tables
Fra:37 Mem:24.29M (Peak 28.59M) | Time:00:00.71 | Mem:8.85M, Peak:8.91M | Scene, ViewLayer | Updating Lights
Fra:37 Mem:24.29M (Peak 28.59M) | Time:00:00.71 | Mem:8.85M, Peak:8.91M | Scene, ViewLayer | Updating Lights | Computing tree
Fra:37 Mem:24.29M (Peak 28.59M) | Time:00:00.71 | Mem:8.85M, Peak:8.91M | Scene, ViewLayer | Updating Integrator
Fra:37 Mem:24.29M (Peak 28.59M) | Time:00:00.71 | Mem:8.85M, Peak:8.91M | Scene, ViewLayer | Updating Film
Fra:37 Mem:24.29M (Peak 28.59M) | Time:00:00.71 | Mem:8.77M, Peak:8.91M | Scene, ViewLayer | Updating Lookup Tables
Fra:37 Mem:24.29M (Peak 28.59M) | Time:00:00.71 | Mem:8.86M, Peak:8.91M | Scene, ViewLayer | Updating Baking
Fra:37 Mem:24.29M (Peak 28.59M) | Time:00:00.71 | Mem:8.86M, Peak:8.91M | Scene, ViewLayer | Updating Device | Writing constant memory
Fra:37 Mem:24.30M (Peak 28.59M) | Time:00:00.71 | Mem:8.86M, Peak:8.91M | Scene, ViewLayer | Loading denoising kernels (may take a few minutes the first time)
Fra:37 Mem:24.30M (Peak 28.59M) | Time:00:00.71 | Mem:8.86M, Peak:8.91M | Scene, ViewLayer | Sample 0/16
Fra:37 Mem:46.59M (Peak 46.59M) | Time:00:00.99 | Remaining:00:04.13 | Mem:31.13M, Peak:31.13M | Scene, ViewLayer | Sample 1/16
Fra:37 Mem:55.96M (Peak 70.03M) | Time:00:08.23 | Mem:31.13M, Peak:31.13M | Scene, ViewLayer | Sample 16/16
Fra:37 Mem:55.96M (Peak 70.03M) | Time:00:08.23 | Mem:31.13M, Peak:31.13M | Scene, ViewLayer | Finished
Saved: '/home/lzzz/MyProjects/N-SIDE/output/characters/CHR-002/ling-model-r1/final/walk-06.png'
Time: 00:08.25 (Saving: 00:00.02)

Fra:43 Mem:19.90M (Peak 20.06M) | Time:00:00.03 | Mem:0.00M, Peak:0.00M | Scene, ViewLayer | Synchronizing object | TShirt
Fra:43 Mem:20.06M (Peak 20.06M) | Time:00:00.04 | Mem:0.00M, Peak:0.00M | Scene, ViewLayer | Synchronizing object | TShirt_Collar
Fra:43 Mem:20.08M (Peak 20.08M) | Time:00:00.04 | Mem:0.00M, Peak:0.00M | Scene, ViewLayer | Synchronizing object | Sleeve_Cuff.L
Fra:43 Mem:20.09M (Peak 20.09M) | Time:00:00.04 | Mem:0.00M, Peak:0.00M | Scene, ViewLayer | Synchronizing object | Zip_Tape.L
Fra:43 Mem:20.13M (Peak 20.13M) | Time:00:00.05 | Mem:0.00M, Peak:0.00M | Scene, ViewLayer | Synchronizing object | Palm.L
Fra:43 Mem:20.18M (Peak 20.18M) | Time:00:00.05 | Mem:0.00M, Peak:0.00M | Scene, ViewLayer | Synchronizing object | Index_Mesh.L
Fra:43 Mem:20.18M (Peak 20.18M) | Time:00:00.05 | Mem:0.00M, Peak:0.00M | Scene, ViewLayer | Synchronizing object | Middle_Mesh.L
Fra:43 Mem:20.19M (Peak 20.19M) | Time:00:00.05 | Mem:0.00M, Peak:0.00M | Scene, ViewLayer | Synchronizing object | Ring_Mesh.L
Fra:43 Mem:20.19M (Peak 20.19M) | Time:00:00.05 | Mem:0.00M, Peak:0.00M | Scene, ViewLayer | Synchronizing object | Pinky_Mesh.L
Fra:43 Mem:20.20M (Peak 20.20M) | Time:00:00.05 | Mem:0.00M, Peak:0.00M | Scene, ViewLayer | Synchronizing object | Thumb_Mesh.L
Fra:43 Mem:20.29M (Peak 20.29M) | Time:00:00.08 | Mem:0.00M, Peak:0.00M | Scene, ViewLayer | Synchronizing object | Leg.L
Fra:43 Mem:20.48M (Peak 20.48M) | Time:00:00.11 | Mem:0.00M, Peak:0.00M | Scene, ViewLayer | Synchronizing object | Shorts.L
Fra:43 Mem:20.57M (Peak 20.57M) | Time:00:00.11 | Mem:0.00M, Peak:0.00M | Scene, ViewLayer | Synchronizing object | Shorts_Hem.L
Fra:43 Mem:20.57M (Peak 20.57M) | Time:00:00.11 | Mem:0.00M, Peak:0.00M | Scene, ViewLayer | Synchronizing object | Sneaker_Sole.L
Fra:43 Mem:20.59M (Peak 20.59M) | Time:00:00.11 | Mem:0.00M, Peak:0.00M | Scene, ViewLayer | Synchronizing object | Sneaker_Upper.L
Fra:43 Mem:20.61M (Peak 20.61M) | Time:00:00.11 | Mem:0.00M, Peak:0.00M | Scene, ViewLayer | Synchronizing object | Sock.L
Fra:43 Mem:20.62M (Peak 20.62M) | Time:00:00.11 | Mem:0.00M, Peak:0.00M | Scene, ViewLayer | Synchronizing object | Lace_0.L
Fra:43 Mem:20.63M (Peak 20.63M) | Time:00:00.11 | Mem:0.00M, Peak:0.00M | Scene, ViewLayer | Synchronizing object | Lace_1.L
Fra:43 Mem:20.63M (Peak 20.63M) | Time:00:00.11 | Mem:0.00M, Peak:0.00M | Scene, ViewLayer | Synchronizing object | Lace_2.L
Fra:43 Mem:20.63M (Peak 20.63M) | Time:00:00.11 | Mem:0.00M, Peak:0.00M | Scene, ViewLayer | Synchronizing object | Heel_Tab.L
Fra:43 Mem:20.63M (Peak 20.63M) | Time:00:00.11 | Mem:0.00M, Peak:0.00M | Scene, ViewLayer | Synchronizing object | Sleeve_Cuff.R
Fra:43 Mem:20.64M (Peak 20.64M) | Time:00:00.11 | Mem:0.00M, Peak:0.00M | Scene, ViewLayer | Synchronizing object | Zip_Tape.R
Fra:43 Mem:20.68M (Peak 20.68M) | Time:00:00.13 | Mem:0.00M, Peak:0.00M | Scene, ViewLayer | Synchronizing object | Palm.R
Fra:43 Mem:20.73M (Peak 20.73M) | Time:00:00.13 | Mem:0.00M, Peak:0.00M | Scene, ViewLayer | Synchronizing object | Index_Mesh.R
Fra:43 Mem:20.73M (Peak 20.73M) | Time:00:00.13 | Mem:0.00M, Peak:0.00M | Scene, ViewLayer | Synchronizing object | Middle_Mesh.R
Fra:43 Mem:20.74M (Peak 20.74M) | Time:00:00.13 | Mem:0.00M, Peak:0.00M | Scene, ViewLayer | Synchronizing object | Ring_Mesh.R
Fra:43 Mem:20.75M (Peak 20.75M) | Time:00:00.13 | Mem:0.00M, Peak:0.00M | Scene, ViewLayer | Synchronizing object | Pinky_Mesh.R
Fra:43 Mem:20.75M (Peak 20.75M) | Time:00:00.13 | Mem:0.00M, Peak:0.00M | Scene, ViewLayer | Synchronizing object | Thumb_Mesh.R
Fra:43 Mem:20.85M (Peak 20.85M) | Time:00:00.16 | Mem:0.00M, Peak:0.00M | Scene, ViewLayer | Synchronizing object | Leg.R
Fra:43 Mem:21.03M (Peak 21.03M) | Time:00:00.19 | Mem:0.00M, Peak:0.00M | Scene, ViewLayer | Synchronizing object | Shorts.R
Fra:43 Mem:21.14M (Peak 21.14M) | Time:00:00.19 | Mem:0.00M, Peak:0.00M | Scene, ViewLayer | Synchronizing object | Shorts_Hem.R
Fra:43 Mem:21.14M (Peak 21.14M) | Time:00:00.19 | Mem:0.00M, Peak:0.00M | Scene, ViewLayer | Synchronizing object | Sneaker_Sole.R
Fra:43 Mem:21.16M (Peak 21.16M) | Time:00:00.19 | Mem:0.00M, Peak:0.00M | Scene, ViewLayer | Synchronizing object | Sneaker_Upper.R
Fra:43 Mem:21.18M (Peak 21.18M) | Time:00:00.19 | Mem:0.00M, Peak:0.00M | Scene, ViewLayer | Synchronizing object | Sock.R
Fra:43 Mem:21.19M (Peak 21.19M) | Time:00:00.19 | Mem:0.00M, Peak:0.00M | Scene, ViewLayer | Synchronizing object | Lace_0.R
Fra:43 Mem:21.19M (Peak 21.19M) | Time:00:00.19 | Mem:0.00M, Peak:0.00M | Scene, ViewLayer | Synchronizing object | Lace_1.R
Fra:43 Mem:21.20M (Peak 21.20M) | Time:00:00.19 | Mem:0.00M, Peak:0.00M | Scene, ViewLayer | Synchronizing object | Lace_2.R
Fra:43 Mem:21.20M (Peak 21.20M) | Time:00:00.19 | Mem:0.00M, Peak:0.00M | Scene, ViewLayer | Synchronizing object | Heel_Tab.R
Fra:43 Mem:21.76M (Peak 21.76M) | Time:00:00.23 | Mem:0.00M, Peak:0.00M | Scene, ViewLayer | Synchronizing object | Jacket_ContinuousShoulders
Fra:43 Mem:22.98M (Peak 22.98M) | Time:00:00.63 | Mem:0.00M, Peak:0.00M | Scene, ViewLayer | Synchronizing object | Face_Head
Fra:43 Mem:23.65M (Peak 23.65M) | Time:00:00.64 | Mem:0.00M, Peak:0.00M | Scene, ViewLayer | Synchronizing object | Ear.L
Fra:43 Mem:23.71M (Peak 23.71M) | Time:00:00.64 | Mem:0.00M, Peak:0.00M | Scene, ViewLayer | Synchronizing object | Ear_Fold.L
Fra:43 Mem:23.75M (Peak 23.75M) | Time:00:00.65 | Mem:0.00M, Peak:0.00M | Scene, ViewLayer | Synchronizing object | Ear.R
Fra:43 Mem:23.82M (Peak 23.82M) | Time:00:00.65 | Mem:0.00M, Peak:0.00M | Scene, ViewLayer | Synchronizing object | Ear_Fold.R
Fra:43 Mem:23.82M (Peak 23.82M) | Time:00:00.65 | Mem:0.00M, Peak:0.00M | Scene, ViewLayer | Synchronizing object | Eye_White.L
Fra:43 Mem:23.84M (Peak 23.84M) | Time:00:00.65 | Mem:0.00M, Peak:0.00M | Scene, ViewLayer | Synchronizing object | Iris_hair.L
Fra:43 Mem:23.84M (Peak 23.84M) | Time:00:00.65 | Mem:0.00M, Peak:0.00M | Scene, ViewLayer | Synchronizing object | Iris_ink.L
Fra:43 Mem:23.85M (Peak 23.85M) | Time:00:00.65 | Mem:0.00M, Peak:0.00M | Scene, ViewLayer | Synchronizing object | Eye_Glint.L
Fra:43 Mem:23.85M (Peak 23.85M) | Time:00:00.65 | Mem:0.00M, Peak:0.00M | Scene, ViewLayer | Synchronizing object | Upper_Lid.L
Fra:43 Mem:23.86M (Peak 23.86M) | Time:00:00.65 | Mem:0.00M, Peak:0.00M | Scene, ViewLayer | Synchronizing object | Lower_Lid.L
Fra:43 Mem:23.87M (Peak 23.87M) | Time:00:00.65 | Mem:0.00M, Peak:0.00M | Scene, ViewLayer | Synchronizing object | Eyebrow.L
Fra:43 Mem:23.87M (Peak 23.87M) | Time:00:00.65 | Mem:0.00M, Peak:0.00M | Scene, ViewLayer | Synchronizing object | Eye_White.R
Fra:43 Mem:23.88M (Peak 23.88M) | Time:00:00.65 | Mem:0.00M, Peak:0.00M | Scene, ViewLayer | Synchronizing object | Iris_hair.R
Fra:43 Mem:23.89M (Peak 23.89M) | Time:00:00.65 | Mem:0.00M, Peak:0.00M | Scene, ViewLayer | Synchronizing object | Iris_ink.R
Fra:43 Mem:23.90M (Peak 23.90M) | Time:00:00.65 | Mem:0.00M, Peak:0.00M | Scene, ViewLayer | Synchronizing object | Eye_Glint.R
Fra:43 Mem:23.90M (Peak 23.90M) | Time:00:00.65 | Mem:0.00M, Peak:0.00M | Scene, ViewLayer | Synchronizing object | Upper_Lid.R
Fra:43 Mem:23.91M (Peak 23.91M) | Time:00:00.65 | Mem:0.00M, Peak:0.00M | Scene, ViewLayer | Synchronizing object | Lower_Lid.R
Fra:43 Mem:23.92M (Peak 23.92M) | Time:00:00.65 | Mem:0.00M, Peak:0.00M | Scene, ViewLayer | Synchronizing object | Eyebrow.R
Fra:43 Mem:23.92M (Peak 23.92M) | Time:00:00.65 | Mem:0.00M, Peak:0.00M | Scene, ViewLayer | Synchronizing object | Mouth
Fra:43 Mem:23.94M (Peak 23.94M) | Time:00:00.65 | Mem:0.00M, Peak:0.00M | Scene, ViewLayer | Synchronizing object | Hair_Cap
Fra:43 Mem:25.10M (Peak 25.10M) | Time:00:00.69 | Mem:0.00M, Peak:0.00M | Scene, ViewLayer | Synchronizing object | Hair_CrownBase
Fra:43 Mem:25.16M (Peak 25.16M) | Time:00:00.69 | Mem:0.00M, Peak:0.00M | Scene, ViewLayer | Synchronizing object | Review_Rim
Fra:43 Mem:25.19M (Peak 25.19M) | Time:00:00.69 | Mem:0.00M, Peak:0.00M | Scene, ViewLayer | Synchronizing object | Review_Fill
Fra:43 Mem:25.19M (Peak 25.19M) | Time:00:00.69 | Mem:0.00M, Peak:0.00M | Scene, ViewLayer | Synchronizing object | Review_Key
Fra:43 Mem:25.20M (Peak 25.20M) | Time:00:00.69 | Mem:0.00M, Peak:0.00M | Scene, ViewLayer | Synchronizing object | Review_Ground
Fra:43 Mem:25.19M (Peak 25.20M) | Time:00:00.69 | Mem:0.00M, Peak:0.00M | Scene, ViewLayer | Synchronizing object | Bangs_00
Fra:43 Mem:25.19M (Peak 25.20M) | Time:00:00.69 | Mem:0.00M, Peak:0.00M | Scene, ViewLayer | Synchronizing object | Drawing_Pen_0.16
Fra:43 Mem:25.21M (Peak 25.21M) | Time:00:00.69 | Mem:0.00M, Peak:0.00M | Scene, ViewLayer | Synchronizing object | Drawing_Pen_0.136
Fra:43 Mem:25.21M (Peak 25.21M) | Time:00:00.69 | Mem:0.00M, Peak:0.00M | Scene, ViewLayer | Synchronizing object | Bangs_01
Fra:43 Mem:25.21M (Peak 25.21M) | Time:00:00.69 | Mem:0.00M, Peak:0.00M | Scene, ViewLayer | Synchronizing object | Pen_Pouch
Fra:43 Mem:25.24M (Peak 25.24M) | Time:00:00.69 | Mem:0.00M, Peak:0.00M | Scene, ViewLayer | Synchronizing object | Hair_Clip_1
Fra:43 Mem:25.25M (Peak 25.25M) | Time:00:00.69 | Mem:0.00M, Peak:0.00M | Scene, ViewLayer | Synchronizing object | Bangs_02
Fra:43 Mem:25.24M (Peak 25.25M) | Time:00:00.69 | Mem:0.00M, Peak:0.00M | Scene, ViewLayer | Synchronizing object | Hair_Clip_0
Fra:43 Mem:25.25M (Peak 25.25M) | Time:00:00.69 | Mem:0.00M, Peak:0.00M | Scene, ViewLayer | Synchronizing object | Temple_0.R
Fra:43 Mem:25.26M (Peak 25.26M) | Time:00:00.69 | Mem:0.00M, Peak:0.00M | Scene, ViewLayer | Synchronizing object | Bangs_03
Fra:43 Mem:25.29M (Peak 25.29M) | Time:00:00.69 | Mem:0.00M, Peak:0.00M | Scene, ViewLayer | Synchronizing object | Temple_0.L
Fra:43 Mem:25.31M (Peak 25.31M) | Time:00:00.69 | Mem:0.00M, Peak:0.00M | Scene, ViewLayer | Initializing
Fra:43 Mem:20.58M (Peak 25.31M) | Time:00:00.69 | Mem:0.00M, Peak:0.00M | Scene, ViewLayer | Updating Images | Loading CHR002_GreyStudy_BaseColor
Fra:43 Mem:21.97M (Peak 28.59M) | Time:00:00.70 | Mem:4.00M, Peak:4.00M | Scene, ViewLayer | Waiting for render to start
Fra:43 Mem:21.97M (Peak 28.59M) | Time:00:00.70 | Mem:4.00M, Peak:4.00M | Scene, ViewLayer | Updating Scene
Fra:43 Mem:21.97M (Peak 28.59M) | Time:00:00.70 | Mem:4.00M, Peak:4.00M | Scene, ViewLayer | Updating Shaders
Fra:43 Mem:21.97M (Peak 28.59M) | Time:00:00.70 | Mem:4.00M, Peak:4.00M | Scene, ViewLayer | Loading render kernels (may take a few minutes the first time)
Fra:43 Mem:22.05M (Peak 28.59M) | Time:00:00.70 | Mem:4.00M, Peak:4.00M | Scene, ViewLayer | Updating Procedurals
Fra:43 Mem:22.05M (Peak 28.59M) | Time:00:00.70 | Mem:4.00M, Peak:4.00M | Scene, ViewLayer | Updating Background
Fra:43 Mem:22.05M (Peak 28.59M) | Time:00:00.70 | Mem:4.00M, Peak:4.00M | Scene, ViewLayer | Updating Camera
Fra:43 Mem:22.05M (Peak 28.59M) | Time:00:00.70 | Mem:4.00M, Peak:4.00M | Scene, ViewLayer | Updating Meshes Flags
Fra:43 Mem:22.05M (Peak 28.59M) | Time:00:00.70 | Mem:4.00M, Peak:4.00M | Scene, ViewLayer | Updating Objects
Fra:43 Mem:22.05M (Peak 28.59M) | Time:00:00.70 | Mem:4.00M, Peak:4.00M | Scene, ViewLayer | Updating Objects | Copying Transformations to device
Fra:43 Mem:22.07M (Peak 28.59M) | Time:00:00.70 | Mem:4.02M, Peak:4.02M | Scene, ViewLayer | Updating Particle Systems
Fra:43 Mem:22.07M (Peak 28.59M) | Time:00:00.70 | Mem:4.02M, Peak:4.02M | Scene, ViewLayer | Updating Particle Systems | Copying Particles to device
Fra:43 Mem:22.07M (Peak 28.59M) | Time:00:00.70 | Mem:4.02M, Peak:4.02M | Scene, ViewLayer | Updating Meshes
Fra:43 Mem:22.07M (Peak 28.59M) | Time:00:00.70 | Mem:4.02M, Peak:4.02M | Scene, ViewLayer | Updating Objects | Applying Static Transformations
Fra:43 Mem:22.07M (Peak 28.59M) | Time:00:00.70 | Mem:4.02M, Peak:4.02M | Scene, ViewLayer | Updating Mesh | Computing attributes
Fra:43 Mem:23.23M (Peak 28.59M) | Time:00:00.70 | Mem:4.03M, Peak:4.03M | Scene, ViewLayer | Updating Mesh | Copying Attributes to device
Fra:43 Mem:23.22M (Peak 28.59M) | Time:00:00.70 | Mem:5.17M, Peak:5.17M | Scene, ViewLayer | Updating Scene BVH | Building
Fra:43 Mem:23.22M (Peak 28.59M) | Time:00:00.70 | Mem:5.17M, Peak:5.17M | Scene, ViewLayer | Updating Scene BVH | Building BVH
Fra:43 Mem:23.22M (Peak 28.59M) | Time:00:00.70 | Mem:6.38M, Peak:6.38M | Scene, ViewLayer | Updating Scene BVH | Building BVH 0%
Fra:43 Mem:23.22M (Peak 28.59M) | Time:00:00.71 | Mem:7.70M, Peak:8.91M | Scene, ViewLayer | Updating Scene BVH | Copying BVH to device
Fra:43 Mem:23.22M (Peak 28.59M) | Time:00:00.71 | Mem:7.70M, Peak:8.91M | Scene, ViewLayer | Updating Mesh | Computing normals
Fra:43 Mem:24.29M (Peak 28.59M) | Time:00:00.71 | Mem:7.70M, Peak:8.91M | Scene, ViewLayer | Updating Mesh | Copying Mesh to device
Fra:43 Mem:24.29M (Peak 28.59M) | Time:00:00.71 | Mem:8.77M, Peak:8.91M | Scene, ViewLayer | Updating Objects Flags
Fra:43 Mem:24.29M (Peak 28.59M) | Time:00:00.71 | Mem:8.77M, Peak:8.91M | Scene, ViewLayer | Updating Primitive Offsets
Fra:43 Mem:24.29M (Peak 28.59M) | Time:00:00.71 | Mem:8.77M, Peak:8.91M | Scene, ViewLayer | Updating Images
Fra:43 Mem:24.29M (Peak 28.59M) | Time:00:00.71 | Mem:8.77M, Peak:8.91M | Scene, ViewLayer | Updating Camera Volume
Fra:43 Mem:24.29M (Peak 28.59M) | Time:00:00.71 | Mem:8.77M, Peak:8.91M | Scene, ViewLayer | Updating Lookup Tables
Fra:43 Mem:24.29M (Peak 28.59M) | Time:00:00.71 | Mem:8.85M, Peak:8.91M | Scene, ViewLayer | Updating Lights
Fra:43 Mem:24.29M (Peak 28.59M) | Time:00:00.71 | Mem:8.85M, Peak:8.91M | Scene, ViewLayer | Updating Lights | Computing tree
Fra:43 Mem:24.29M (Peak 28.59M) | Time:00:00.71 | Mem:8.85M, Peak:8.91M | Scene, ViewLayer | Updating Integrator
Fra:43 Mem:24.29M (Peak 28.59M) | Time:00:00.71 | Mem:8.85M, Peak:8.91M | Scene, ViewLayer | Updating Film
Fra:43 Mem:24.29M (Peak 28.59M) | Time:00:00.71 | Mem:8.77M, Peak:8.91M | Scene, ViewLayer | Updating Lookup Tables
Fra:43 Mem:24.29M (Peak 28.59M) | Time:00:00.71 | Mem:8.86M, Peak:8.91M | Scene, ViewLayer | Updating Baking
Fra:43 Mem:24.29M (Peak 28.59M) | Time:00:00.71 | Mem:8.86M, Peak:8.91M | Scene, ViewLayer | Updating Device | Writing constant memory
Fra:43 Mem:24.30M (Peak 28.59M) | Time:00:00.71 | Mem:8.86M, Peak:8.91M | Scene, ViewLayer | Loading denoising kernels (may take a few minutes the first time)
Fra:43 Mem:24.30M (Peak 28.59M) | Time:00:00.71 | Mem:8.86M, Peak:8.91M | Scene, ViewLayer | Sample 0/16
Fra:43 Mem:46.59M (Peak 46.59M) | Time:00:00.99 | Remaining:00:04.19 | Mem:31.13M, Peak:31.13M | Scene, ViewLayer | Sample 1/16
Fra:43 Mem:55.96M (Peak 70.03M) | Time:00:08.29 | Mem:31.13M, Peak:31.13M | Scene, ViewLayer | Sample 16/16
Fra:43 Mem:55.96M (Peak 70.03M) | Time:00:08.29 | Mem:31.13M, Peak:31.13M | Scene, ViewLayer | Finished
Saved: '/home/lzzz/MyProjects/N-SIDE/output/characters/CHR-002/ling-model-r1/final/walk-07.png'
Time: 00:08.31 (Saving: 00:00.02)

Fra:1 Mem:19.76M (Peak 20.01M) | Time:00:00.03 | Mem:0.00M, Peak:0.00M | Scene, ViewLayer | Synchronizing object | TShirt
Fra:1 Mem:19.91M (Peak 20.01M) | Time:00:00.04 | Mem:0.00M, Peak:0.00M | Scene, ViewLayer | Synchronizing object | TShirt_Collar
Fra:1 Mem:19.94M (Peak 20.01M) | Time:00:00.04 | Mem:0.00M, Peak:0.00M | Scene, ViewLayer | Synchronizing object | Sleeve_Cuff.L
Fra:1 Mem:19.94M (Peak 20.01M) | Time:00:00.04 | Mem:0.00M, Peak:0.00M | Scene, ViewLayer | Synchronizing object | Zip_Tape.L
Fra:1 Mem:19.98M (Peak 20.01M) | Time:00:00.05 | Mem:0.00M, Peak:0.00M | Scene, ViewLayer | Synchronizing object | Palm.L
Fra:1 Mem:20.03M (Peak 20.03M) | Time:00:00.05 | Mem:0.00M, Peak:0.00M | Scene, ViewLayer | Synchronizing object | Index_Mesh.L
Fra:1 Mem:20.04M (Peak 20.04M) | Time:00:00.05 | Mem:0.00M, Peak:0.00M | Scene, ViewLayer | Synchronizing object | Middle_Mesh.L
Fra:1 Mem:20.04M (Peak 20.04M) | Time:00:00.05 | Mem:0.00M, Peak:0.00M | Scene, ViewLayer | Synchronizing object | Ring_Mesh.L
Fra:1 Mem:20.05M (Peak 20.05M) | Time:00:00.05 | Mem:0.00M, Peak:0.00M | Scene, ViewLayer | Synchronizing object | Pinky_Mesh.L
Fra:1 Mem:20.06M (Peak 20.06M) | Time:00:00.05 | Mem:0.00M, Peak:0.00M | Scene, ViewLayer | Synchronizing object | Thumb_Mesh.L
Fra:1 Mem:20.15M (Peak 20.15M) | Time:00:00.08 | Mem:0.00M, Peak:0.00M | Scene, ViewLayer | Synchronizing object | Leg.L
Fra:1 Mem:20.34M (Peak 20.34M) | Time:00:00.11 | Mem:0.00M, Peak:0.00M | Scene, ViewLayer | Synchronizing object | Shorts.L
Fra:1 Mem:20.42M (Peak 20.42M) | Time:00:00.11 | Mem:0.00M, Peak:0.00M | Scene, ViewLayer | Synchronizing object | Shorts_Hem.L
Fra:1 Mem:20.43M (Peak 20.43M) | Time:00:00.11 | Mem:0.00M, Peak:0.00M | Scene, ViewLayer | Synchronizing object | Sneaker_Sole.L
Fra:1 Mem:20.45M (Peak 20.45M) | Time:00:00.11 | Mem:0.00M, Peak:0.00M | Scene, ViewLayer | Synchronizing object | Sneaker_Upper.L
Fra:1 Mem:20.47M (Peak 20.47M) | Time:00:00.11 | Mem:0.00M, Peak:0.00M | Scene, ViewLayer | Synchronizing object | Sock.L
Fra:1 Mem:20.48M (Peak 20.48M) | Time:00:00.11 | Mem:0.00M, Peak:0.00M | Scene, ViewLayer | Synchronizing object | Lace_0.L
Fra:1 Mem:20.48M (Peak 20.48M) | Time:00:00.11 | Mem:0.00M, Peak:0.00M | Scene, ViewLayer | Synchronizing object | Lace_1.L
Fra:1 Mem:20.48M (Peak 20.48M) | Time:00:00.11 | Mem:0.00M, Peak:0.00M | Scene, ViewLayer | Synchronizing object | Lace_2.L
Fra:1 Mem:20.49M (Peak 20.49M) | Time:00:00.11 | Mem:0.00M, Peak:0.00M | Scene, ViewLayer | Synchronizing object | Heel_Tab.L
Fra:1 Mem:20.49M (Peak 20.49M) | Time:00:00.11 | Mem:0.00M, Peak:0.00M | Scene, ViewLayer | Synchronizing object | Sleeve_Cuff.R
Fra:1 Mem:20.50M (Peak 20.50M) | Time:00:00.11 | Mem:0.00M, Peak:0.00M | Scene, ViewLayer | Synchronizing object | Zip_Tape.R
Fra:1 Mem:20.54M (Peak 20.54M) | Time:00:00.13 | Mem:0.00M, Peak:0.00M | Scene, ViewLayer | Synchronizing object | Palm.R
Fra:1 Mem:20.58M (Peak 20.58M) | Time:00:00.13 | Mem:0.00M, Peak:0.00M | Scene, ViewLayer | Synchronizing object | Index_Mesh.R
Fra:1 Mem:20.59M (Peak 20.59M) | Time:00:00.13 | Mem:0.00M, Peak:0.00M | Scene, ViewLayer | Synchronizing object | Middle_Mesh.R
Fra:1 Mem:20.60M (Peak 20.60M) | Time:00:00.13 | Mem:0.00M, Peak:0.00M | Scene, ViewLayer | Synchronizing object | Ring_Mesh.R
Fra:1 Mem:20.60M (Peak 20.60M) | Time:00:00.13 | Mem:0.00M, Peak:0.00M | Scene, ViewLayer | Synchronizing object | Pinky_Mesh.R
Fra:1 Mem:20.61M (Peak 20.61M) | Time:00:00.13 | Mem:0.00M, Peak:0.00M | Scene, ViewLayer | Synchronizing object | Thumb_Mesh.R
Fra:1 Mem:20.70M (Peak 20.70M) | Time:00:00.16 | Mem:0.00M, Peak:0.00M | Scene, ViewLayer | Synchronizing object | Leg.R
Fra:1 Mem:20.89M (Peak 20.89M) | Time:00:00.19 | Mem:0.00M, Peak:0.00M | Scene, ViewLayer | Synchronizing object | Shorts.R
Fra:1 Mem:20.99M (Peak 20.99M) | Time:00:00.19 | Mem:0.00M, Peak:0.00M | Scene, ViewLayer | Synchronizing object | Shorts_Hem.R
Fra:1 Mem:21.00M (Peak 21.00M) | Time:00:00.19 | Mem:0.00M, Peak:0.00M | Scene, ViewLayer | Synchronizing object | Sneaker_Sole.R
Fra:1 Mem:21.01M (Peak 21.01M) | Time:00:00.19 | Mem:0.00M, Peak:0.00M | Scene, ViewLayer | Synchronizing object | Sneaker_Upper.R
Fra:1 Mem:21.03M (Peak 21.03M) | Time:00:00.19 | Mem:0.00M, Peak:0.00M | Scene, ViewLayer | Synchronizing object | Sock.R
Fra:1 Mem:21.05M (Peak 21.05M) | Time:00:00.19 | Mem:0.00M, Peak:0.00M | Scene, ViewLayer | Synchronizing object | Lace_0.R
Fra:1 Mem:21.05M (Peak 21.05M) | Time:00:00.19 | Mem:0.00M, Peak:0.00M | Scene, ViewLayer | Synchronizing object | Lace_1.R
Fra:1 Mem:21.05M (Peak 21.05M) | Time:00:00.19 | Mem:0.00M, Peak:0.00M | Scene, ViewLayer | Synchronizing object | Lace_2.R
Fra:1 Mem:21.06M (Peak 21.06M) | Time:00:00.19 | Mem:0.00M, Peak:0.00M | Scene, ViewLayer | Synchronizing object | Heel_Tab.R
Fra:1 Mem:21.62M (Peak 21.62M) | Time:00:00.23 | Mem:0.00M, Peak:0.00M | Scene, ViewLayer | Synchronizing object | Jacket_ContinuousShoulders
Fra:1 Mem:22.84M (Peak 22.84M) | Time:00:00.64 | Mem:0.00M, Peak:0.00M | Scene, ViewLayer | Synchronizing object | Face_Head
Fra:1 Mem:23.51M (Peak 23.51M) | Time:00:00.65 | Mem:0.00M, Peak:0.00M | Scene, ViewLayer | Synchronizing object | Ear.L
Fra:1 Mem:23.56M (Peak 23.56M) | Time:00:00.65 | Mem:0.00M, Peak:0.00M | Scene, ViewLayer | Synchronizing object | Ear_Fold.L
Fra:1 Mem:23.61M (Peak 23.61M) | Time:00:00.66 | Mem:0.00M, Peak:0.00M | Scene, ViewLayer | Synchronizing object | Ear.R
Fra:1 Mem:23.67M (Peak 23.67M) | Time:00:00.66 | Mem:0.00M, Peak:0.00M | Scene, ViewLayer | Synchronizing object | Ear_Fold.R
Fra:1 Mem:23.68M (Peak 23.68M) | Time:00:00.66 | Mem:0.00M, Peak:0.00M | Scene, ViewLayer | Synchronizing object | Eye_White.L
Fra:1 Mem:23.69M (Peak 23.69M) | Time:00:00.66 | Mem:0.00M, Peak:0.00M | Scene, ViewLayer | Synchronizing object | Iris_hair.L
Fra:1 Mem:23.69M (Peak 23.69M) | Time:00:00.66 | Mem:0.00M, Peak:0.00M | Scene, ViewLayer | Synchronizing object | Iris_ink.L
Fra:1 Mem:23.70M (Peak 23.70M) | Time:00:00.66 | Mem:0.00M, Peak:0.00M | Scene, ViewLayer | Synchronizing object | Eye_Glint.L
Fra:1 Mem:23.71M (Peak 23.71M) | Time:00:00.66 | Mem:0.00M, Peak:0.00M | Scene, ViewLayer | Synchronizing object | Upper_Lid.L
Fra:1 Mem:23.72M (Peak 23.72M) | Time:00:00.66 | Mem:0.00M, Peak:0.00M | Scene, ViewLayer | Synchronizing object | Lower_Lid.L
Fra:1 Mem:23.72M (Peak 23.72M) | Time:00:00.66 | Mem:0.00M, Peak:0.00M | Scene, ViewLayer | Synchronizing object | Eyebrow.L
Fra:1 Mem:23.73M (Peak 23.73M) | Time:00:00.66 | Mem:0.00M, Peak:0.00M | Scene, ViewLayer | Synchronizing object | Eye_White.R
Fra:1 Mem:23.74M (Peak 23.74M) | Time:00:00.66 | Mem:0.00M, Peak:0.00M | Scene, ViewLayer | Synchronizing object | Iris_hair.R
Fra:1 Mem:23.74M (Peak 23.74M) | Time:00:00.66 | Mem:0.00M, Peak:0.00M | Scene, ViewLayer | Synchronizing object | Iris_ink.R
Fra:1 Mem:23.75M (Peak 23.75M) | Time:00:00.66 | Mem:0.00M, Peak:0.00M | Scene, ViewLayer | Synchronizing object | Eye_Glint.R
Fra:1 Mem:23.76M (Peak 23.76M) | Time:00:00.66 | Mem:0.00M, Peak:0.00M | Scene, ViewLayer | Synchronizing object | Upper_Lid.R
Fra:1 Mem:23.77M (Peak 23.77M) | Time:00:00.66 | Mem:0.00M, Peak:0.00M | Scene, ViewLayer | Synchronizing object | Lower_Lid.R
Fra:1 Mem:23.78M (Peak 23.78M) | Time:00:00.66 | Mem:0.00M, Peak:0.00M | Scene, ViewLayer | Synchronizing object | Eyebrow.R
Fra:1 Mem:23.78M (Peak 23.78M) | Time:00:00.66 | Mem:0.00M, Peak:0.00M | Scene, ViewLayer | Synchronizing object | Mouth
Fra:1 Mem:23.79M (Peak 23.79M) | Time:00:00.66 | Mem:0.00M, Peak:0.00M | Scene, ViewLayer | Synchronizing object | Hair_Cap
Fra:1 Mem:24.96M (Peak 24.96M) | Time:00:00.70 | Mem:0.00M, Peak:0.00M | Scene, ViewLayer | Synchronizing object | Hair_CrownBase
Fra:1 Mem:25.03M (Peak 25.03M) | Time:00:00.70 | Mem:0.00M, Peak:0.00M | Scene, ViewLayer | Synchronizing object | Review_Rim
Fra:1 Mem:25.05M (Peak 25.05M) | Time:00:00.70 | Mem:0.00M, Peak:0.00M | Scene, ViewLayer | Synchronizing object | Review_Fill
Fra:1 Mem:25.05M (Peak 25.05M) | Time:00:00.70 | Mem:0.00M, Peak:0.00M | Scene, ViewLayer | Synchronizing object | Review_Key
Fra:1 Mem:25.06M (Peak 25.06M) | Time:00:00.70 | Mem:0.00M, Peak:0.00M | Scene, ViewLayer | Synchronizing object | Review_Ground
Fra:1 Mem:25.05M (Peak 25.06M) | Time:00:00.70 | Mem:0.00M, Peak:0.00M | Scene, ViewLayer | Synchronizing object | Bangs_00
Fra:1 Mem:25.05M (Peak 25.06M) | Time:00:00.70 | Mem:0.00M, Peak:0.00M | Scene, ViewLayer | Synchronizing object | Drawing_Pen_0.16
Fra:1 Mem:25.07M (Peak 25.07M) | Time:00:00.70 | Mem:0.00M, Peak:0.00M | Scene, ViewLayer | Synchronizing object | Drawing_Pen_0.136
Fra:1 Mem:25.07M (Peak 25.07M) | Time:00:00.70 | Mem:0.00M, Peak:0.00M | Scene, ViewLayer | Synchronizing object | Bangs_01
Fra:1 Mem:25.07M (Peak 25.07M) | Time:00:00.70 | Mem:0.00M, Peak:0.00M | Scene, ViewLayer | Synchronizing object | Pen_Pouch
Fra:1 Mem:25.09M (Peak 25.09M) | Time:00:00.70 | Mem:0.00M, Peak:0.00M | Scene, ViewLayer | Synchronizing object | Hair_Clip_1
Fra:1 Mem:25.09M (Peak 25.09M) | Time:00:00.70 | Mem:0.00M, Peak:0.00M | Scene, ViewLayer | Synchronizing object | Bangs_02
Fra:1 Mem:25.10M (Peak 25.10M) | Time:00:00.70 | Mem:0.00M, Peak:0.00M | Scene, ViewLayer | Synchronizing object | Hair_Clip_0
Fra:1 Mem:25.12M (Peak 25.12M) | Time:00:00.70 | Mem:0.00M, Peak:0.00M | Scene, ViewLayer | Synchronizing object | Temple_0.R
Fra:1 Mem:25.12M (Peak 25.12M) | Time:00:00.70 | Mem:0.00M, Peak:0.00M | Scene, ViewLayer | Synchronizing object | Bangs_03
Fra:1 Mem:25.15M (Peak 25.15M) | Time:00:00.70 | Mem:0.00M, Peak:0.00M | Scene, ViewLayer | Synchronizing object | Temple_0.L
Fra:1 Mem:25.17M (Peak 25.17M) | Time:00:00.70 | Mem:0.00M, Peak:0.00M | Scene, ViewLayer | Initializing
Fra:1 Mem:20.44M (Peak 25.17M) | Time:00:00.70 | Mem:0.00M, Peak:0.00M | Scene, ViewLayer | Updating Images | Loading CHR002_GreyStudy_BaseColor
Fra:1 Mem:21.90M (Peak 28.45M) | Time:00:00.71 | Mem:4.00M, Peak:4.00M | Scene, ViewLayer | Waiting for render to start
Fra:1 Mem:21.90M (Peak 28.45M) | Time:00:00.71 | Mem:4.00M, Peak:4.00M | Scene, ViewLayer | Updating Scene
Fra:1 Mem:21.90M (Peak 28.45M) | Time:00:00.71 | Mem:4.00M, Peak:4.00M | Scene, ViewLayer | Updating Shaders
Fra:1 Mem:21.90M (Peak 28.45M) | Time:00:00.71 | Mem:4.00M, Peak:4.00M | Scene, ViewLayer | Loading render kernels (may take a few minutes the first time)
Fra:1 Mem:21.98M (Peak 28.45M) | Time:00:00.71 | Mem:4.00M, Peak:4.00M | Scene, ViewLayer | Updating Procedurals
Fra:1 Mem:21.98M (Peak 28.45M) | Time:00:00.71 | Mem:4.00M, Peak:4.00M | Scene, ViewLayer | Updating Background
Fra:1 Mem:21.98M (Peak 28.45M) | Time:00:00.71 | Mem:4.00M, Peak:4.00M | Scene, ViewLayer | Updating Camera
Fra:1 Mem:21.98M (Peak 28.45M) | Time:00:00.71 | Mem:4.00M, Peak:4.00M | Scene, ViewLayer | Updating Meshes Flags
Fra:1 Mem:21.98M (Peak 28.45M) | Time:00:00.71 | Mem:4.00M, Peak:4.00M | Scene, ViewLayer | Updating Objects
Fra:1 Mem:21.98M (Peak 28.45M) | Time:00:00.71 | Mem:4.00M, Peak:4.00M | Scene, ViewLayer | Updating Objects | Copying Transformations to device
Fra:1 Mem:22.00M (Peak 28.45M) | Time:00:00.71 | Mem:4.02M, Peak:4.02M | Scene, ViewLayer | Updating Particle Systems
Fra:1 Mem:22.00M (Peak 28.45M) | Time:00:00.71 | Mem:4.02M, Peak:4.02M | Scene, ViewLayer | Updating Particle Systems | Copying Particles to device
Fra:1 Mem:22.00M (Peak 28.45M) | Time:00:00.71 | Mem:4.02M, Peak:4.02M | Scene, ViewLayer | Updating Meshes
Fra:1 Mem:22.00M (Peak 28.45M) | Time:00:00.71 | Mem:4.02M, Peak:4.02M | Scene, ViewLayer | Updating Objects | Applying Static Transformations
Fra:1 Mem:22.00M (Peak 28.45M) | Time:00:00.71 | Mem:4.02M, Peak:4.02M | Scene, ViewLayer | Updating Mesh | Computing attributes
Fra:1 Mem:23.16M (Peak 28.45M) | Time:00:00.71 | Mem:4.03M, Peak:4.03M | Scene, ViewLayer | Updating Mesh | Copying Attributes to device
Fra:1 Mem:23.15M (Peak 28.45M) | Time:00:00.71 | Mem:5.17M, Peak:5.17M | Scene, ViewLayer | Updating Scene BVH | Building
Fra:1 Mem:23.15M (Peak 28.45M) | Time:00:00.71 | Mem:5.17M, Peak:5.17M | Scene, ViewLayer | Updating Scene BVH | Building BVH
Fra:1 Mem:23.15M (Peak 28.45M) | Time:00:00.71 | Mem:6.38M, Peak:6.38M | Scene, ViewLayer | Updating Scene BVH | Building BVH 0%
Fra:1 Mem:23.15M (Peak 28.45M) | Time:00:00.71 | Mem:7.70M, Peak:8.91M | Scene, ViewLayer | Updating Scene BVH | Copying BVH to device
Fra:1 Mem:23.15M (Peak 28.45M) | Time:00:00.71 | Mem:7.70M, Peak:8.91M | Scene, ViewLayer | Updating Mesh | Computing normals
Fra:1 Mem:24.22M (Peak 28.45M) | Time:00:00.71 | Mem:7.70M, Peak:8.91M | Scene, ViewLayer | Updating Mesh | Copying Mesh to device
Fra:1 Mem:24.22M (Peak 28.45M) | Time:00:00.71 | Mem:8.77M, Peak:8.91M | Scene, ViewLayer | Updating Objects Flags
Fra:1 Mem:24.22M (Peak 28.45M) | Time:00:00.71 | Mem:8.77M, Peak:8.91M | Scene, ViewLayer | Updating Primitive Offsets
Fra:1 Mem:24.22M (Peak 28.45M) | Time:00:00.71 | Mem:8.77M, Peak:8.91M | Scene, ViewLayer | Updating Images
Fra:1 Mem:24.22M (Peak 28.45M) | Time:00:00.71 | Mem:8.77M, Peak:8.91M | Scene, ViewLayer | Updating Camera Volume
Fra:1 Mem:24.22M (Peak 28.45M) | Time:00:00.71 | Mem:8.77M, Peak:8.91M | Scene, ViewLayer | Updating Lookup Tables
Fra:1 Mem:24.22M (Peak 28.45M) | Time:00:00.71 | Mem:8.85M, Peak:8.91M | Scene, ViewLayer | Updating Lights
Fra:1 Mem:24.22M (Peak 28.45M) | Time:00:00.71 | Mem:8.85M, Peak:8.91M | Scene, ViewLayer | Updating Lights | Computing tree
Fra:1 Mem:24.22M (Peak 28.45M) | Time:00:00.71 | Mem:8.85M, Peak:8.91M | Scene, ViewLayer | Updating Integrator
Fra:1 Mem:24.22M (Peak 28.45M) | Time:00:00.71 | Mem:8.85M, Peak:8.91M | Scene, ViewLayer | Updating Film
Fra:1 Mem:24.22M (Peak 28.45M) | Time:00:00.71 | Mem:8.77M, Peak:8.91M | Scene, ViewLayer | Updating Lookup Tables
Fra:1 Mem:24.22M (Peak 28.45M) | Time:00:00.71 | Mem:8.86M, Peak:8.91M | Scene, ViewLayer | Updating Baking
Fra:1 Mem:24.22M (Peak 28.45M) | Time:00:00.71 | Mem:8.86M, Peak:8.91M | Scene, ViewLayer | Updating Device | Writing constant memory
Fra:1 Mem:24.23M (Peak 28.45M) | Time:00:00.71 | Mem:8.86M, Peak:8.91M | Scene, ViewLayer | Loading denoising kernels (may take a few minutes the first time)
Fra:1 Mem:24.23M (Peak 28.45M) | Time:00:00.71 | Mem:8.86M, Peak:8.91M | Scene, ViewLayer | Sample 0/16
Fra:1 Mem:46.51M (Peak 46.51M) | Time:00:00.99 | Remaining:00:04.17 | Mem:31.13M, Peak:31.13M | Scene, ViewLayer | Sample 1/16
Fra:1 Mem:55.89M (Peak 69.96M) | Time:00:08.27 | Mem:31.13M, Peak:31.13M | Scene, ViewLayer | Sample 16/16
Fra:1 Mem:55.89M (Peak 69.96M) | Time:00:08.27 | Mem:31.13M, Peak:31.13M | Scene, ViewLayer | Finished
Saved: '/home/lzzz/MyProjects/N-SIDE/output/characters/CHR-002/ling-model-r1/final/run-00.png'
Time: 00:08.30 (Saving: 00:00.02)

Fra:6 Mem:19.76M (Peak 20.01M) | Time:00:00.03 | Mem:0.00M, Peak:0.00M | Scene, ViewLayer | Synchronizing object | TShirt
Fra:6 Mem:19.91M (Peak 20.01M) | Time:00:00.04 | Mem:0.00M, Peak:0.00M | Scene, ViewLayer | Synchronizing object | TShirt_Collar
Fra:6 Mem:19.94M (Peak 20.01M) | Time:00:00.04 | Mem:0.00M, Peak:0.00M | Scene, ViewLayer | Synchronizing object | Sleeve_Cuff.L
Fra:6 Mem:19.94M (Peak 20.01M) | Time:00:00.04 | Mem:0.00M, Peak:0.00M | Scene, ViewLayer | Synchronizing object | Zip_Tape.L
Fra:6 Mem:19.98M (Peak 20.01M) | Time:00:00.05 | Mem:0.00M, Peak:0.00M | Scene, ViewLayer | Synchronizing object | Palm.L
Fra:6 Mem:20.03M (Peak 20.03M) | Time:00:00.05 | Mem:0.00M, Peak:0.00M | Scene, ViewLayer | Synchronizing object | Index_Mesh.L
Fra:6 Mem:20.05M (Peak 20.05M) | Time:00:00.05 | Mem:0.00M, Peak:0.00M | Scene, ViewLayer | Synchronizing object | Middle_Mesh.L
Fra:6 Mem:20.04M (Peak 20.05M) | Time:00:00.05 | Mem:0.00M, Peak:0.00M | Scene, ViewLayer | Synchronizing object | Ring_Mesh.L
Fra:6 Mem:20.05M (Peak 20.05M) | Time:00:00.05 | Mem:0.00M, Peak:0.00M | Scene, ViewLayer | Synchronizing object | Pinky_Mesh.L
Fra:6 Mem:20.06M (Peak 20.06M) | Time:00:00.05 | Mem:0.00M, Peak:0.00M | Scene, ViewLayer | Synchronizing object | Thumb_Mesh.L
Fra:6 Mem:20.15M (Peak 20.15M) | Time:00:00.08 | Mem:0.00M, Peak:0.00M | Scene, ViewLayer | Synchronizing object | Leg.L
Fra:6 Mem:20.34M (Peak 20.34M) | Time:00:00.11 | Mem:0.00M, Peak:0.00M | Scene, ViewLayer | Synchronizing object | Shorts.L
Fra:6 Mem:20.42M (Peak 20.42M) | Time:00:00.11 | Mem:0.00M, Peak:0.00M | Scene, ViewLayer | Synchronizing object | Shorts_Hem.L
Fra:6 Mem:20.43M (Peak 20.43M) | Time:00:00.11 | Mem:0.00M, Peak:0.00M | Scene, ViewLayer | Synchronizing object | Sneaker_Sole.L
Fra:6 Mem:20.45M (Peak 20.45M) | Time:00:00.11 | Mem:0.00M, Peak:0.00M | Scene, ViewLayer | Synchronizing object | Sneaker_Upper.L
Fra:6 Mem:20.47M (Peak 20.47M) | Time:00:00.11 | Mem:0.00M, Peak:0.00M | Scene, ViewLayer | Synchronizing object | Sock.L
Fra:6 Mem:20.48M (Peak 20.48M) | Time:00:00.11 | Mem:0.00M, Peak:0.00M | Scene, ViewLayer | Synchronizing object | Lace_0.L
Fra:6 Mem:20.48M (Peak 20.48M) | Time:00:00.11 | Mem:0.00M, Peak:0.00M | Scene, ViewLayer | Synchronizing object | Lace_1.L
Fra:6 Mem:20.48M (Peak 20.48M) | Time:00:00.11 | Mem:0.00M, Peak:0.00M | Scene, ViewLayer | Synchronizing object | Lace_2.L
Fra:6 Mem:20.49M (Peak 20.49M) | Time:00:00.11 | Mem:0.00M, Peak:0.00M | Scene, ViewLayer | Synchronizing object | Heel_Tab.L
Fra:6 Mem:20.49M (Peak 20.49M) | Time:00:00.11 | Mem:0.00M, Peak:0.00M | Scene, ViewLayer | Synchronizing object | Sleeve_Cuff.R
Fra:6 Mem:20.50M (Peak 20.50M) | Time:00:00.11 | Mem:0.00M, Peak:0.00M | Scene, ViewLayer | Synchronizing object | Zip_Tape.R
Fra:6 Mem:20.54M (Peak 20.54M) | Time:00:00.13 | Mem:0.00M, Peak:0.00M | Scene, ViewLayer | Synchronizing object | Palm.R
Fra:6 Mem:20.58M (Peak 20.58M) | Time:00:00.13 | Mem:0.00M, Peak:0.00M | Scene, ViewLayer | Synchronizing object | Index_Mesh.R
Fra:6 Mem:20.60M (Peak 20.60M) | Time:00:00.13 | Mem:0.00M, Peak:0.00M | Scene, ViewLayer | Synchronizing object | Middle_Mesh.R
Fra:6 Mem:20.60M (Peak 20.60M) | Time:00:00.13 | Mem:0.00M, Peak:0.00M | Scene, ViewLayer | Synchronizing object | Ring_Mesh.R
Fra:6 Mem:20.60M (Peak 20.60M) | Time:00:00.13 | Mem:0.00M, Peak:0.00M | Scene, ViewLayer | Synchronizing object | Pinky_Mesh.R
Fra:6 Mem:20.61M (Peak 20.61M) | Time:00:00.13 | Mem:0.00M, Peak:0.00M | Scene, ViewLayer | Synchronizing object | Thumb_Mesh.R
Fra:6 Mem:20.70M (Peak 20.70M) | Time:00:00.16 | Mem:0.00M, Peak:0.00M | Scene, ViewLayer | Synchronizing object | Leg.R
Fra:6 Mem:20.89M (Peak 20.89M) | Time:00:00.19 | Mem:0.00M, Peak:0.00M | Scene, ViewLayer | Synchronizing object | Shorts.R
Fra:6 Mem:20.99M (Peak 20.99M) | Time:00:00.19 | Mem:0.00M, Peak:0.00M | Scene, ViewLayer | Synchronizing object | Shorts_Hem.R
Fra:6 Mem:21.00M (Peak 21.00M) | Time:00:00.19 | Mem:0.00M, Peak:0.00M | Scene, ViewLayer | Synchronizing object | Sneaker_Sole.R
Fra:6 Mem:21.01M (Peak 21.01M) | Time:00:00.19 | Mem:0.00M, Peak:0.00M | Scene, ViewLayer | Synchronizing object | Sneaker_Upper.R
Fra:6 Mem:21.03M (Peak 21.03M) | Time:00:00.19 | Mem:0.00M, Peak:0.00M | Scene, ViewLayer | Synchronizing object | Sock.R
Fra:6 Mem:21.05M (Peak 21.05M) | Time:00:00.19 | Mem:0.00M, Peak:0.00M | Scene, ViewLayer | Synchronizing object | Lace_0.R
Fra:6 Mem:21.05M (Peak 21.05M) | Time:00:00.19 | Mem:0.00M, Peak:0.00M | Scene, ViewLayer | Synchronizing object | Lace_1.R
Fra:6 Mem:21.05M (Peak 21.05M) | Time:00:00.19 | Mem:0.00M, Peak:0.00M | Scene, ViewLayer | Synchronizing object | Lace_2.R
Fra:6 Mem:21.06M (Peak 21.06M) | Time:00:00.19 | Mem:0.00M, Peak:0.00M | Scene, ViewLayer | Synchronizing object | Heel_Tab.R
Fra:6 Mem:21.62M (Peak 21.62M) | Time:00:00.23 | Mem:0.00M, Peak:0.00M | Scene, ViewLayer | Synchronizing object | Jacket_ContinuousShoulders
Fra:6 Mem:22.84M (Peak 22.84M) | Time:00:00.63 | Mem:0.00M, Peak:0.00M | Scene, ViewLayer | Synchronizing object | Face_Head
Fra:6 Mem:23.51M (Peak 23.51M) | Time:00:00.65 | Mem:0.00M, Peak:0.00M | Scene, ViewLayer | Synchronizing object | Ear.L
Fra:6 Mem:23.56M (Peak 23.56M) | Time:00:00.65 | Mem:0.00M, Peak:0.00M | Scene, ViewLayer | Synchronizing object | Ear_Fold.L
Fra:6 Mem:23.61M (Peak 23.61M) | Time:00:00.66 | Mem:0.00M, Peak:0.00M | Scene, ViewLayer | Synchronizing object | Ear.R
Fra:6 Mem:23.67M (Peak 23.67M) | Time:00:00.66 | Mem:0.00M, Peak:0.00M | Scene, ViewLayer | Synchronizing object | Ear_Fold.R
Fra:6 Mem:23.68M (Peak 23.68M) | Time:00:00.66 | Mem:0.00M, Peak:0.00M | Scene, ViewLayer | Synchronizing object | Eye_White.L
Fra:6 Mem:23.68M (Peak 23.68M) | Time:00:00.66 | Mem:0.00M, Peak:0.00M | Scene, ViewLayer | Synchronizing object | Iris_hair.L
Fra:6 Mem:23.69M (Peak 23.69M) | Time:00:00.66 | Mem:0.00M, Peak:0.00M | Scene, ViewLayer | Synchronizing object | Iris_ink.L
Fra:6 Mem:23.70M (Peak 23.70M) | Time:00:00.66 | Mem:0.00M, Peak:0.00M | Scene, ViewLayer | Synchronizing object | Eye_Glint.L
Fra:6 Mem:23.71M (Peak 23.71M) | Time:00:00.66 | Mem:0.00M, Peak:0.00M | Scene, ViewLayer | Synchronizing object | Upper_Lid.L
Fra:6 Mem:23.72M (Peak 23.72M) | Time:00:00.66 | Mem:0.00M, Peak:0.00M | Scene, ViewLayer | Synchronizing object | Lower_Lid.L
Fra:6 Mem:23.72M (Peak 23.72M) | Time:00:00.66 | Mem:0.00M, Peak:0.00M | Scene, ViewLayer | Synchronizing object | Eyebrow.L
Fra:6 Mem:23.73M (Peak 23.73M) | Time:00:00.66 | Mem:0.00M, Peak:0.00M | Scene, ViewLayer | Synchronizing object | Eye_White.R
Fra:6 Mem:23.74M (Peak 23.74M) | Time:00:00.66 | Mem:0.00M, Peak:0.00M | Scene, ViewLayer | Synchronizing object | Iris_hair.R
Fra:6 Mem:23.74M (Peak 23.74M) | Time:00:00.66 | Mem:0.00M, Peak:0.00M | Scene, ViewLayer | Synchronizing object | Iris_ink.R
Fra:6 Mem:23.75M (Peak 23.75M) | Time:00:00.66 | Mem:0.00M, Peak:0.00M | Scene, ViewLayer | Synchronizing object | Eye_Glint.R
Fra:6 Mem:23.76M (Peak 23.76M) | Time:00:00.66 | Mem:0.00M, Peak:0.00M | Scene, ViewLayer | Synchronizing object | Upper_Lid.R
Fra:6 Mem:23.77M (Peak 23.77M) | Time:00:00.66 | Mem:0.00M, Peak:0.00M | Scene, ViewLayer | Synchronizing object | Lower_Lid.R
Fra:6 Mem:23.78M (Peak 23.78M) | Time:00:00.66 | Mem:0.00M, Peak:0.00M | Scene, ViewLayer | Synchronizing object | Eyebrow.R
Fra:6 Mem:23.78M (Peak 23.78M) | Time:00:00.66 | Mem:0.00M, Peak:0.00M | Scene, ViewLayer | Synchronizing object | Mouth
Fra:6 Mem:23.79M (Peak 23.79M) | Time:00:00.66 | Mem:0.00M, Peak:0.00M | Scene, ViewLayer | Synchronizing object | Hair_Cap
Fra:6 Mem:24.96M (Peak 24.96M) | Time:00:00.70 | Mem:0.00M, Peak:0.00M | Scene, ViewLayer | Synchronizing object | Hair_CrownBase
Fra:6 Mem:25.03M (Peak 25.03M) | Time:00:00.70 | Mem:0.00M, Peak:0.00M | Scene, ViewLayer | Synchronizing object | Review_Rim
Fra:6 Mem:25.05M (Peak 25.05M) | Time:00:00.70 | Mem:0.00M, Peak:0.00M | Scene, ViewLayer | Synchronizing object | Review_Fill
Fra:6 Mem:25.05M (Peak 25.05M) | Time:00:00.70 | Mem:0.00M, Peak:0.00M | Scene, ViewLayer | Synchronizing object | Review_Key
Fra:6 Mem:25.07M (Peak 25.07M) | Time:00:00.70 | Mem:0.00M, Peak:0.00M | Scene, ViewLayer | Synchronizing object | Review_Ground
Fra:6 Mem:25.05M (Peak 25.07M) | Time:00:00.70 | Mem:0.00M, Peak:0.00M | Scene, ViewLayer | Synchronizing object | Bangs_00
Fra:6 Mem:25.05M (Peak 25.07M) | Time:00:00.70 | Mem:0.00M, Peak:0.00M | Scene, ViewLayer | Synchronizing object | Drawing_Pen_0.16
Fra:6 Mem:25.06M (Peak 25.07M) | Time:00:00.70 | Mem:0.00M, Peak:0.00M | Scene, ViewLayer | Synchronizing object | Drawing_Pen_0.136
Fra:6 Mem:25.07M (Peak 25.07M) | Time:00:00.70 | Mem:0.00M, Peak:0.00M | Scene, ViewLayer | Synchronizing object | Bangs_01
Fra:6 Mem:25.07M (Peak 25.07M) | Time:00:00.70 | Mem:0.00M, Peak:0.00M | Scene, ViewLayer | Synchronizing object | Pen_Pouch
Fra:6 Mem:25.10M (Peak 25.10M) | Time:00:00.70 | Mem:0.00M, Peak:0.00M | Scene, ViewLayer | Synchronizing object | Hair_Clip_1
Fra:6 Mem:25.09M (Peak 25.10M) | Time:00:00.70 | Mem:0.00M, Peak:0.00M | Scene, ViewLayer | Synchronizing object | Bangs_02
Fra:6 Mem:25.11M (Peak 25.11M) | Time:00:00.70 | Mem:0.00M, Peak:0.00M | Scene, ViewLayer | Synchronizing object | Hair_Clip_0
Fra:6 Mem:25.12M (Peak 25.12M) | Time:00:00.70 | Mem:0.00M, Peak:0.00M | Scene, ViewLayer | Synchronizing object | Bangs_03
Fra:6 Mem:25.13M (Peak 25.13M) | Time:00:00.70 | Mem:0.00M, Peak:0.00M | Scene, ViewLayer | Synchronizing object | Temple_0.R
Fra:6 Mem:25.13M (Peak 25.13M) | Time:00:00.70 | Mem:0.00M, Peak:0.00M | Scene, ViewLayer | Synchronizing object | Temple_0.L
Fra:6 Mem:25.17M (Peak 25.17M) | Time:00:00.70 | Mem:0.00M, Peak:0.00M | Scene, ViewLayer | Initializing
Fra:6 Mem:20.44M (Peak 25.17M) | Time:00:00.70 | Mem:0.00M, Peak:0.00M | Scene, ViewLayer | Updating Images | Loading CHR002_GreyStudy_BaseColor
Fra:6 Mem:21.90M (Peak 28.45M) | Time:00:00.71 | Mem:4.00M, Peak:4.00M | Scene, ViewLayer | Waiting for render to start
Fra:6 Mem:21.90M (Peak 28.45M) | Time:00:00.71 | Mem:4.00M, Peak:4.00M | Scene, ViewLayer | Updating Scene
Fra:6 Mem:21.90M (Peak 28.45M) | Time:00:00.71 | Mem:4.00M, Peak:4.00M | Scene, ViewLayer | Updating Shaders
Fra:6 Mem:21.90M (Peak 28.45M) | Time:00:00.71 | Mem:4.00M, Peak:4.00M | Scene, ViewLayer | Loading render kernels (may take a few minutes the first time)
Fra:6 Mem:21.98M (Peak 28.45M) | Time:00:00.71 | Mem:4.00M, Peak:4.00M | Scene, ViewLayer | Updating Procedurals
Fra:6 Mem:21.98M (Peak 28.45M) | Time:00:00.71 | Mem:4.00M, Peak:4.00M | Scene, ViewLayer | Updating Background
Fra:6 Mem:21.98M (Peak 28.45M) | Time:00:00.71 | Mem:4.00M, Peak:4.00M | Scene, ViewLayer | Updating Camera
Fra:6 Mem:21.98M (Peak 28.45M) | Time:00:00.71 | Mem:4.00M, Peak:4.00M | Scene, ViewLayer | Updating Meshes Flags
Fra:6 Mem:21.98M (Peak 28.45M) | Time:00:00.71 | Mem:4.00M, Peak:4.00M | Scene, ViewLayer | Updating Objects
Fra:6 Mem:21.98M (Peak 28.45M) | Time:00:00.71 | Mem:4.00M, Peak:4.00M | Scene, ViewLayer | Updating Objects | Copying Transformations to device
Fra:6 Mem:22.00M (Peak 28.45M) | Time:00:00.71 | Mem:4.02M, Peak:4.02M | Scene, ViewLayer | Updating Particle Systems
Fra:6 Mem:22.00M (Peak 28.45M) | Time:00:00.71 | Mem:4.02M, Peak:4.02M | Scene, ViewLayer | Updating Particle Systems | Copying Particles to device
Fra:6 Mem:22.00M (Peak 28.45M) | Time:00:00.71 | Mem:4.02M, Peak:4.02M | Scene, ViewLayer | Updating Meshes
Fra:6 Mem:22.00M (Peak 28.45M) | Time:00:00.71 | Mem:4.02M, Peak:4.02M | Scene, ViewLayer | Updating Objects | Applying Static Transformations
Fra:6 Mem:22.00M (Peak 28.45M) | Time:00:00.71 | Mem:4.02M, Peak:4.02M | Scene, ViewLayer | Updating Mesh | Computing attributes
Fra:6 Mem:23.16M (Peak 28.45M) | Time:00:00.71 | Mem:4.03M, Peak:4.03M | Scene, ViewLayer | Updating Mesh | Copying Attributes to device
Fra:6 Mem:23.15M (Peak 28.45M) | Time:00:00.71 | Mem:5.17M, Peak:5.17M | Scene, ViewLayer | Updating Scene BVH | Building
Fra:6 Mem:23.15M (Peak 28.45M) | Time:00:00.71 | Mem:5.17M, Peak:5.17M | Scene, ViewLayer | Updating Scene BVH | Building BVH
Fra:6 Mem:23.15M (Peak 28.45M) | Time:00:00.71 | Mem:6.38M, Peak:6.38M | Scene, ViewLayer | Updating Scene BVH | Building BVH 0%
Fra:6 Mem:23.15M (Peak 28.45M) | Time:00:00.71 | Mem:7.70M, Peak:8.91M | Scene, ViewLayer | Updating Scene BVH | Copying BVH to device
Fra:6 Mem:23.15M (Peak 28.45M) | Time:00:00.71 | Mem:7.70M, Peak:8.91M | Scene, ViewLayer | Updating Mesh | Computing normals
Fra:6 Mem:24.22M (Peak 28.45M) | Time:00:00.71 | Mem:7.70M, Peak:8.91M | Scene, ViewLayer | Updating Mesh | Copying Mesh to device
Fra:6 Mem:24.22M (Peak 28.45M) | Time:00:00.71 | Mem:8.77M, Peak:8.91M | Scene, ViewLayer | Updating Objects Flags
Fra:6 Mem:24.22M (Peak 28.45M) | Time:00:00.71 | Mem:8.77M, Peak:8.91M | Scene, ViewLayer | Updating Primitive Offsets
Fra:6 Mem:24.22M (Peak 28.45M) | Time:00:00.71 | Mem:8.77M, Peak:8.91M | Scene, ViewLayer | Updating Images
Fra:6 Mem:24.22M (Peak 28.45M) | Time:00:00.71 | Mem:8.77M, Peak:8.91M | Scene, ViewLayer | Updating Camera Volume
Fra:6 Mem:24.22M (Peak 28.45M) | Time:00:00.71 | Mem:8.77M, Peak:8.91M | Scene, ViewLayer | Updating Lookup Tables
Fra:6 Mem:24.22M (Peak 28.45M) | Time:00:00.71 | Mem:8.85M, Peak:8.91M | Scene, ViewLayer | Updating Lights
Fra:6 Mem:24.22M (Peak 28.45M) | Time:00:00.71 | Mem:8.85M, Peak:8.91M | Scene, ViewLayer | Updating Lights | Computing tree
Fra:6 Mem:24.22M (Peak 28.45M) | Time:00:00.71 | Mem:8.85M, Peak:8.91M | Scene, ViewLayer | Updating Integrator
Fra:6 Mem:24.22M (Peak 28.45M) | Time:00:00.71 | Mem:8.85M, Peak:8.91M | Scene, ViewLayer | Updating Film
Fra:6 Mem:24.22M (Peak 28.45M) | Time:00:00.71 | Mem:8.77M, Peak:8.91M | Scene, ViewLayer | Updating Lookup Tables
Fra:6 Mem:24.22M (Peak 28.45M) | Time:00:00.71 | Mem:8.86M, Peak:8.91M | Scene, ViewLayer | Updating Baking
Fra:6 Mem:24.22M (Peak 28.45M) | Time:00:00.71 | Mem:8.86M, Peak:8.91M | Scene, ViewLayer | Updating Device | Writing constant memory
Fra:6 Mem:24.23M (Peak 28.45M) | Time:00:00.71 | Mem:8.86M, Peak:8.91M | Scene, ViewLayer | Loading denoising kernels (may take a few minutes the first time)
Fra:6 Mem:24.23M (Peak 28.45M) | Time:00:00.71 | Mem:8.86M, Peak:8.91M | Scene, ViewLayer | Sample 0/16
Fra:6 Mem:46.51M (Peak 46.51M) | Time:00:00.99 | Remaining:00:04.16 | Mem:31.13M, Peak:31.13M | Scene, ViewLayer | Sample 1/16
Fra:6 Mem:55.89M (Peak 69.96M) | Time:00:08.27 | Mem:31.13M, Peak:31.13M | Scene, ViewLayer | Sample 16/16
Fra:6 Mem:55.89M (Peak 69.96M) | Time:00:08.27 | Mem:31.13M, Peak:31.13M | Scene, ViewLayer | Finished
Saved: '/home/lzzz/MyProjects/N-SIDE/output/characters/CHR-002/ling-model-r1/final/run-01.png'
Time: 00:08.30 (Saving: 00:00.02)

Fra:11 Mem:19.76M (Peak 20.01M) | Time:00:00.04 | Mem:0.00M, Peak:0.00M | Scene, ViewLayer | Synchronizing object | TShirt
Fra:11 Mem:19.91M (Peak 20.01M) | Time:00:00.04 | Mem:0.00M, Peak:0.00M | Scene, ViewLayer | Synchronizing object | TShirt_Collar
Fra:11 Mem:19.94M (Peak 20.01M) | Time:00:00.04 | Mem:0.00M, Peak:0.00M | Scene, ViewLayer | Synchronizing object | Sleeve_Cuff.L
Fra:11 Mem:19.94M (Peak 20.01M) | Time:00:00.04 | Mem:0.00M, Peak:0.00M | Scene, ViewLayer | Synchronizing object | Zip_Tape.L
Fra:11 Mem:19.98M (Peak 20.01M) | Time:00:00.05 | Mem:0.00M, Peak:0.00M | Scene, ViewLayer | Synchronizing object | Palm.L
Fra:11 Mem:20.03M (Peak 20.03M) | Time:00:00.05 | Mem:0.00M, Peak:0.00M | Scene, ViewLayer | Synchronizing object | Index_Mesh.L
Fra:11 Mem:20.04M (Peak 20.04M) | Time:00:00.05 | Mem:0.00M, Peak:0.00M | Scene, ViewLayer | Synchronizing object | Middle_Mesh.L
Fra:11 Mem:20.04M (Peak 20.04M) | Time:00:00.05 | Mem:0.00M, Peak:0.00M | Scene, ViewLayer | Synchronizing object | Ring_Mesh.L
Fra:11 Mem:20.05M (Peak 20.05M) | Time:00:00.05 | Mem:0.00M, Peak:0.00M | Scene, ViewLayer | Synchronizing object | Pinky_Mesh.L
Fra:11 Mem:20.06M (Peak 20.06M) | Time:00:00.05 | Mem:0.00M, Peak:0.00M | Scene, ViewLayer | Synchronizing object | Thumb_Mesh.L
Fra:11 Mem:20.15M (Peak 20.15M) | Time:00:00.08 | Mem:0.00M, Peak:0.00M | Scene, ViewLayer | Synchronizing object | Leg.L
Fra:11 Mem:20.34M (Peak 20.34M) | Time:00:00.12 | Mem:0.00M, Peak:0.00M | Scene, ViewLayer | Synchronizing object | Shorts.L
Fra:11 Mem:20.42M (Peak 20.42M) | Time:00:00.12 | Mem:0.00M, Peak:0.00M | Scene, ViewLayer | Synchronizing object | Shorts_Hem.L
Fra:11 Mem:20.43M (Peak 20.43M) | Time:00:00.12 | Mem:0.00M, Peak:0.00M | Scene, ViewLayer | Synchronizing object | Sneaker_Sole.L
Fra:11 Mem:20.45M (Peak 20.45M) | Time:00:00.12 | Mem:0.00M, Peak:0.00M | Scene, ViewLayer | Synchronizing object | Sneaker_Upper.L
Fra:11 Mem:20.47M (Peak 20.47M) | Time:00:00.12 | Mem:0.00M, Peak:0.00M | Scene, ViewLayer | Synchronizing object | Sock.L
Fra:11 Mem:20.48M (Peak 20.48M) | Time:00:00.12 | Mem:0.00M, Peak:0.00M | Scene, ViewLayer | Synchronizing object | Lace_0.L
Fra:11 Mem:20.48M (Peak 20.48M) | Time:00:00.12 | Mem:0.00M, Peak:0.00M | Scene, ViewLayer | Synchronizing object | Lace_1.L
Fra:11 Mem:20.48M (Peak 20.48M) | Time:00:00.12 | Mem:0.00M, Peak:0.00M | Scene, ViewLayer | Synchronizing object | Lace_2.L
Fra:11 Mem:20.49M (Peak 20.49M) | Time:00:00.12 | Mem:0.00M, Peak:0.00M | Scene, ViewLayer | Synchronizing object | Heel_Tab.L
Fra:11 Mem:20.49M (Peak 20.49M) | Time:00:00.12 | Mem:0.00M, Peak:0.00M | Scene, ViewLayer | Synchronizing object | Sleeve_Cuff.R
Fra:11 Mem:20.50M (Peak 20.50M) | Time:00:00.12 | Mem:0.00M, Peak:0.00M | Scene, ViewLayer | Synchronizing object | Zip_Tape.R
Fra:11 Mem:20.54M (Peak 20.54M) | Time:00:00.13 | Mem:0.00M, Peak:0.00M | Scene, ViewLayer | Synchronizing object | Palm.R
Fra:11 Mem:20.58M (Peak 20.58M) | Time:00:00.13 | Mem:0.00M, Peak:0.00M | Scene, ViewLayer | Synchronizing object | Index_Mesh.R
Fra:11 Mem:20.59M (Peak 20.59M) | Time:00:00.13 | Mem:0.00M, Peak:0.00M | Scene, ViewLayer | Synchronizing object | Middle_Mesh.R
Fra:11 Mem:20.60M (Peak 20.60M) | Time:00:00.13 | Mem:0.00M, Peak:0.00M | Scene, ViewLayer | Synchronizing object | Ring_Mesh.R
Fra:11 Mem:20.60M (Peak 20.60M) | Time:00:00.13 | Mem:0.00M, Peak:0.00M | Scene, ViewLayer | Synchronizing object | Pinky_Mesh.R
Fra:11 Mem:20.61M (Peak 20.61M) | Time:00:00.13 | Mem:0.00M, Peak:0.00M | Scene, ViewLayer | Synchronizing object | Thumb_Mesh.R
Fra:11 Mem:20.70M (Peak 20.70M) | Time:00:00.16 | Mem:0.00M, Peak:0.00M | Scene, ViewLayer | Synchronizing object | Leg.R
Fra:11 Mem:20.89M (Peak 20.89M) | Time:00:00.19 | Mem:0.00M, Peak:0.00M | Scene, ViewLayer | Synchronizing object | Shorts.R
Fra:11 Mem:20.99M (Peak 20.99M) | Time:00:00.19 | Mem:0.00M, Peak:0.00M | Scene, ViewLayer | Synchronizing object | Shorts_Hem.R
Fra:11 Mem:21.00M (Peak 21.00M) | Time:00:00.19 | Mem:0.00M, Peak:0.00M | Scene, ViewLayer | Synchronizing object | Sneaker_Sole.R
Fra:11 Mem:21.01M (Peak 21.01M) | Time:00:00.19 | Mem:0.00M, Peak:0.00M | Scene, ViewLayer | Synchronizing object | Sneaker_Upper.R
Fra:11 Mem:21.03M (Peak 21.03M) | Time:00:00.19 | Mem:0.00M, Peak:0.00M | Scene, ViewLayer | Synchronizing object | Sock.R
Fra:11 Mem:21.05M (Peak 21.05M) | Time:00:00.19 | Mem:0.00M, Peak:0.00M | Scene, ViewLayer | Synchronizing object | Lace_0.R
Fra:11 Mem:21.05M (Peak 21.05M) | Time:00:00.19 | Mem:0.00M, Peak:0.00M | Scene, ViewLayer | Synchronizing object | Lace_1.R
Fra:11 Mem:21.05M (Peak 21.05M) | Time:00:00.19 | Mem:0.00M, Peak:0.00M | Scene, ViewLayer | Synchronizing object | Lace_2.R
Fra:11 Mem:21.06M (Peak 21.06M) | Time:00:00.19 | Mem:0.00M, Peak:0.00M | Scene, ViewLayer | Synchronizing object | Heel_Tab.R
Fra:11 Mem:21.62M (Peak 21.62M) | Time:00:00.23 | Mem:0.00M, Peak:0.00M | Scene, ViewLayer | Synchronizing object | Jacket_ContinuousShoulders
Fra:11 Mem:22.84M (Peak 22.84M) | Time:00:00.64 | Mem:0.00M, Peak:0.00M | Scene, ViewLayer | Synchronizing object | Face_Head
Fra:11 Mem:23.51M (Peak 23.51M) | Time:00:00.65 | Mem:0.00M, Peak:0.00M | Scene, ViewLayer | Synchronizing object | Ear.L
Fra:11 Mem:23.56M (Peak 23.56M) | Time:00:00.65 | Mem:0.00M, Peak:0.00M | Scene, ViewLayer | Synchronizing object | Ear_Fold.L
Fra:11 Mem:23.61M (Peak 23.61M) | Time:00:00.66 | Mem:0.00M, Peak:0.00M | Scene, ViewLayer | Synchronizing object | Ear.R
Fra:11 Mem:23.67M (Peak 23.67M) | Time:00:00.66 | Mem:0.00M, Peak:0.00M | Scene, ViewLayer | Synchronizing object | Ear_Fold.R
Fra:11 Mem:23.68M (Peak 23.68M) | Time:00:00.66 | Mem:0.00M, Peak:0.00M | Scene, ViewLayer | Synchronizing object | Eye_White.L
Fra:11 Mem:23.69M (Peak 23.69M) | Time:00:00.66 | Mem:0.00M, Peak:0.00M | Scene, ViewLayer | Synchronizing object | Iris_hair.L
Fra:11 Mem:23.69M (Peak 23.69M) | Time:00:00.66 | Mem:0.00M, Peak:0.00M | Scene, ViewLayer | Synchronizing object | Iris_ink.L
Fra:11 Mem:23.70M (Peak 23.70M) | Time:00:00.66 | Mem:0.00M, Peak:0.00M | Scene, ViewLayer | Synchronizing object | Eye_Glint.L
Fra:11 Mem:23.71M (Peak 23.71M) | Time:00:00.66 | Mem:0.00M, Peak:0.00M | Scene, ViewLayer | Synchronizing object | Upper_Lid.L
Fra:11 Mem:23.72M (Peak 23.72M) | Time:00:00.66 | Mem:0.00M, Peak:0.00M | Scene, ViewLayer | Synchronizing object | Lower_Lid.L
Fra:11 Mem:23.72M (Peak 23.72M) | Time:00:00.66 | Mem:0.00M, Peak:0.00M | Scene, ViewLayer | Synchronizing object | Eyebrow.L
Fra:11 Mem:23.73M (Peak 23.73M) | Time:00:00.66 | Mem:0.00M, Peak:0.00M | Scene, ViewLayer | Synchronizing object | Eye_White.R
Fra:11 Mem:23.74M (Peak 23.74M) | Time:00:00.66 | Mem:0.00M, Peak:0.00M | Scene, ViewLayer | Synchronizing object | Iris_hair.R
Fra:11 Mem:23.74M (Peak 23.74M) | Time:00:00.66 | Mem:0.00M, Peak:0.00M | Scene, ViewLayer | Synchronizing object | Iris_ink.R
Fra:11 Mem:23.75M (Peak 23.75M) | Time:00:00.66 | Mem:0.00M, Peak:0.00M | Scene, ViewLayer | Synchronizing object | Eye_Glint.R
Fra:11 Mem:23.76M (Peak 23.76M) | Time:00:00.66 | Mem:0.00M, Peak:0.00M | Scene, ViewLayer | Synchronizing object | Upper_Lid.R
Fra:11 Mem:23.77M (Peak 23.77M) | Time:00:00.66 | Mem:0.00M, Peak:0.00M | Scene, ViewLayer | Synchronizing object | Lower_Lid.R
Fra:11 Mem:23.78M (Peak 23.78M) | Time:00:00.66 | Mem:0.00M, Peak:0.00M | Scene, ViewLayer | Synchronizing object | Eyebrow.R
Fra:11 Mem:23.78M (Peak 23.78M) | Time:00:00.66 | Mem:0.00M, Peak:0.00M | Scene, ViewLayer | Synchronizing object | Mouth
Fra:11 Mem:23.79M (Peak 23.79M) | Time:00:00.66 | Mem:0.00M, Peak:0.00M | Scene, ViewLayer | Synchronizing object | Hair_Cap
Fra:11 Mem:24.96M (Peak 24.96M) | Time:00:00.70 | Mem:0.00M, Peak:0.00M | Scene, ViewLayer | Synchronizing object | Hair_CrownBase
Fra:11 Mem:25.03M (Peak 25.03M) | Time:00:00.70 | Mem:0.00M, Peak:0.00M | Scene, ViewLayer | Synchronizing object | Review_Rim
Fra:11 Mem:25.05M (Peak 25.05M) | Time:00:00.70 | Mem:0.00M, Peak:0.00M | Scene, ViewLayer | Synchronizing object | Review_Fill
Fra:11 Mem:25.05M (Peak 25.05M) | Time:00:00.70 | Mem:0.00M, Peak:0.00M | Scene, ViewLayer | Synchronizing object | Bangs_00
Fra:11 Mem:25.06M (Peak 25.06M) | Time:00:00.70 | Mem:0.00M, Peak:0.00M | Scene, ViewLayer | Synchronizing object | Review_Key
Fra:11 Mem:25.06M (Peak 25.06M) | Time:00:00.70 | Mem:0.00M, Peak:0.00M | Scene, ViewLayer | Synchronizing object | Review_Ground
Fra:11 Mem:25.07M (Peak 25.07M) | Time:00:00.70 | Mem:0.00M, Peak:0.00M | Scene, ViewLayer | Synchronizing object | Bangs_01
Fra:11 Mem:25.07M (Peak 25.07M) | Time:00:00.70 | Mem:0.00M, Peak:0.00M | Scene, ViewLayer | Synchronizing object | Drawing_Pen_0.16
Fra:11 Mem:25.09M (Peak 25.09M) | Time:00:00.70 | Mem:0.00M, Peak:0.00M | Scene, ViewLayer | Synchronizing object | Bangs_02
Fra:11 Mem:25.10M (Peak 25.10M) | Time:00:00.70 | Mem:0.00M, Peak:0.00M | Scene, ViewLayer | Synchronizing object | Drawing_Pen_0.136
Fra:11 Mem:25.11M (Peak 25.11M) | Time:00:00.70 | Mem:0.00M, Peak:0.00M | Scene, ViewLayer | Synchronizing object | Bangs_03
Fra:11 Mem:25.11M (Peak 25.11M) | Time:00:00.70 | Mem:0.00M, Peak:0.00M | Scene, ViewLayer | Synchronizing object | Pen_Pouch
Fra:11 Mem:25.13M (Peak 25.13M) | Time:00:00.70 | Mem:0.00M, Peak:0.00M | Scene, ViewLayer | Synchronizing object | Temple_0.L
Fra:11 Mem:25.15M (Peak 25.15M) | Time:00:00.70 | Mem:0.00M, Peak:0.00M | Scene, ViewLayer | Synchronizing object | Hair_Clip_1
Fra:11 Mem:25.15M (Peak 25.15M) | Time:00:00.70 | Mem:0.00M, Peak:0.00M | Scene, ViewLayer | Synchronizing object | Hair_Clip_0
Fra:11 Mem:25.15M (Peak 25.15M) | Time:00:00.70 | Mem:0.00M, Peak:0.00M | Scene, ViewLayer | Synchronizing object | Temple_0.R
Fra:11 Mem:25.17M (Peak 25.17M) | Time:00:00.70 | Mem:0.00M, Peak:0.00M | Scene, ViewLayer | Initializing
Fra:11 Mem:20.44M (Peak 25.17M) | Time:00:00.70 | Mem:0.00M, Peak:0.00M | Scene, ViewLayer | Updating Images | Loading CHR002_GreyStudy_BaseColor
Fra:11 Mem:21.90M (Peak 28.45M) | Time:00:00.71 | Mem:4.00M, Peak:4.00M | Scene, ViewLayer | Waiting for render to start
Fra:11 Mem:21.90M (Peak 28.45M) | Time:00:00.71 | Mem:4.00M, Peak:4.00M | Scene, ViewLayer | Updating Scene
Fra:11 Mem:21.90M (Peak 28.45M) | Time:00:00.71 | Mem:4.00M, Peak:4.00M | Scene, ViewLayer | Updating Shaders
Fra:11 Mem:21.90M (Peak 28.45M) | Time:00:00.71 | Mem:4.00M, Peak:4.00M | Scene, ViewLayer | Loading render kernels (may take a few minutes the first time)
Fra:11 Mem:21.98M (Peak 28.45M) | Time:00:00.71 | Mem:4.00M, Peak:4.00M | Scene, ViewLayer | Updating Procedurals
Fra:11 Mem:21.98M (Peak 28.45M) | Time:00:00.71 | Mem:4.00M, Peak:4.00M | Scene, ViewLayer | Updating Background
Fra:11 Mem:21.98M (Peak 28.45M) | Time:00:00.71 | Mem:4.00M, Peak:4.00M | Scene, ViewLayer | Updating Camera
Fra:11 Mem:21.98M (Peak 28.45M) | Time:00:00.71 | Mem:4.00M, Peak:4.00M | Scene, ViewLayer | Updating Meshes Flags
Fra:11 Mem:21.98M (Peak 28.45M) | Time:00:00.71 | Mem:4.00M, Peak:4.00M | Scene, ViewLayer | Updating Objects
Fra:11 Mem:21.98M (Peak 28.45M) | Time:00:00.71 | Mem:4.00M, Peak:4.00M | Scene, ViewLayer | Updating Objects | Copying Transformations to device
Fra:11 Mem:22.00M (Peak 28.45M) | Time:00:00.71 | Mem:4.02M, Peak:4.02M | Scene, ViewLayer | Updating Particle Systems
Fra:11 Mem:22.00M (Peak 28.45M) | Time:00:00.71 | Mem:4.02M, Peak:4.02M | Scene, ViewLayer | Updating Particle Systems | Copying Particles to device
Fra:11 Mem:22.00M (Peak 28.45M) | Time:00:00.71 | Mem:4.02M, Peak:4.02M | Scene, ViewLayer | Updating Meshes
Fra:11 Mem:22.00M (Peak 28.45M) | Time:00:00.71 | Mem:4.02M, Peak:4.02M | Scene, ViewLayer | Updating Objects | Applying Static Transformations
Fra:11 Mem:22.00M (Peak 28.45M) | Time:00:00.71 | Mem:4.02M, Peak:4.02M | Scene, ViewLayer | Updating Mesh | Computing attributes
Fra:11 Mem:23.16M (Peak 28.45M) | Time:00:00.71 | Mem:4.03M, Peak:4.03M | Scene, ViewLayer | Updating Mesh | Copying Attributes to device
Fra:11 Mem:23.15M (Peak 28.45M) | Time:00:00.71 | Mem:5.17M, Peak:5.17M | Scene, ViewLayer | Updating Scene BVH | Building
Fra:11 Mem:23.15M (Peak 28.45M) | Time:00:00.71 | Mem:5.17M, Peak:5.17M | Scene, ViewLayer | Updating Scene BVH | Building BVH
Fra:11 Mem:23.15M (Peak 28.45M) | Time:00:00.71 | Mem:6.38M, Peak:6.38M | Scene, ViewLayer | Updating Scene BVH | Building BVH 0%
Fra:11 Mem:23.15M (Peak 28.45M) | Time:00:00.71 | Mem:7.70M, Peak:8.91M | Scene, ViewLayer | Updating Scene BVH | Copying BVH to device
Fra:11 Mem:23.15M (Peak 28.45M) | Time:00:00.71 | Mem:7.70M, Peak:8.91M | Scene, ViewLayer | Updating Mesh | Computing normals
Fra:11 Mem:24.22M (Peak 28.45M) | Time:00:00.71 | Mem:7.70M, Peak:8.91M | Scene, ViewLayer | Updating Mesh | Copying Mesh to device
Fra:11 Mem:24.22M (Peak 28.45M) | Time:00:00.71 | Mem:8.77M, Peak:8.91M | Scene, ViewLayer | Updating Objects Flags
Fra:11 Mem:24.22M (Peak 28.45M) | Time:00:00.71 | Mem:8.77M, Peak:8.91M | Scene, ViewLayer | Updating Primitive Offsets
Fra:11 Mem:24.22M (Peak 28.45M) | Time:00:00.71 | Mem:8.77M, Peak:8.91M | Scene, ViewLayer | Updating Images
Fra:11 Mem:24.22M (Peak 28.45M) | Time:00:00.71 | Mem:8.77M, Peak:8.91M | Scene, ViewLayer | Updating Camera Volume
Fra:11 Mem:24.22M (Peak 28.45M) | Time:00:00.71 | Mem:8.77M, Peak:8.91M | Scene, ViewLayer | Updating Lookup Tables
Fra:11 Mem:24.22M (Peak 28.45M) | Time:00:00.71 | Mem:8.85M, Peak:8.91M | Scene, ViewLayer | Updating Lights
Fra:11 Mem:24.22M (Peak 28.45M) | Time:00:00.71 | Mem:8.85M, Peak:8.91M | Scene, ViewLayer | Updating Lights | Computing tree
Fra:11 Mem:24.22M (Peak 28.45M) | Time:00:00.71 | Mem:8.85M, Peak:8.91M | Scene, ViewLayer | Updating Integrator
Fra:11 Mem:24.22M (Peak 28.45M) | Time:00:00.71 | Mem:8.85M, Peak:8.91M | Scene, ViewLayer | Updating Film
Fra:11 Mem:24.22M (Peak 28.45M) | Time:00:00.71 | Mem:8.77M, Peak:8.91M | Scene, ViewLayer | Updating Lookup Tables
Fra:11 Mem:24.22M (Peak 28.45M) | Time:00:00.71 | Mem:8.86M, Peak:8.91M | Scene, ViewLayer | Updating Baking
Fra:11 Mem:24.22M (Peak 28.45M) | Time:00:00.71 | Mem:8.86M, Peak:8.91M | Scene, ViewLayer | Updating Device | Writing constant memory
Fra:11 Mem:24.23M (Peak 28.45M) | Time:00:00.71 | Mem:8.86M, Peak:8.91M | Scene, ViewLayer | Loading denoising kernels (may take a few minutes the first time)
Fra:11 Mem:24.23M (Peak 28.45M) | Time:00:00.71 | Mem:8.86M, Peak:8.91M | Scene, ViewLayer | Sample 0/16
Fra:11 Mem:46.51M (Peak 46.51M) | Time:00:01.00 | Remaining:00:04.21 | Mem:31.13M, Peak:31.13M | Scene, ViewLayer | Sample 1/16
Fra:11 Mem:55.89M (Peak 69.96M) | Time:00:08.31 | Mem:31.13M, Peak:31.13M | Scene, ViewLayer | Sample 16/16
Fra:11 Mem:55.89M (Peak 69.96M) | Time:00:08.31 | Mem:31.13M, Peak:31.13M | Scene, ViewLayer | Finished
Saved: '/home/lzzz/MyProjects/N-SIDE/output/characters/CHR-002/ling-model-r1/final/run-02.png'
Time: 00:08.33 (Saving: 00:00.02)

Fra:16 Mem:19.76M (Peak 20.01M) | Time:00:00.03 | Mem:0.00M, Peak:0.00M | Scene, ViewLayer | Synchronizing object | TShirt
Fra:16 Mem:19.91M (Peak 20.01M) | Time:00:00.04 | Mem:0.00M, Peak:0.00M | Scene, ViewLayer | Synchronizing object | TShirt_Collar
Fra:16 Mem:19.94M (Peak 20.01M) | Time:00:00.04 | Mem:0.00M, Peak:0.00M | Scene, ViewLayer | Synchronizing object | Sleeve_Cuff.L
Fra:16 Mem:19.94M (Peak 20.01M) | Time:00:00.04 | Mem:0.00M, Peak:0.00M | Scene, ViewLayer | Synchronizing object | Zip_Tape.L
Fra:16 Mem:19.98M (Peak 20.01M) | Time:00:00.05 | Mem:0.00M, Peak:0.00M | Scene, ViewLayer | Synchronizing object | Palm.L
Fra:16 Mem:20.03M (Peak 20.03M) | Time:00:00.05 | Mem:0.00M, Peak:0.00M | Scene, ViewLayer | Synchronizing object | Index_Mesh.L
Fra:16 Mem:20.04M (Peak 20.04M) | Time:00:00.05 | Mem:0.00M, Peak:0.00M | Scene, ViewLayer | Synchronizing object | Middle_Mesh.L
Fra:16 Mem:20.04M (Peak 20.04M) | Time:00:00.05 | Mem:0.00M, Peak:0.00M | Scene, ViewLayer | Synchronizing object | Ring_Mesh.L
Fra:16 Mem:20.05M (Peak 20.05M) | Time:00:00.05 | Mem:0.00M, Peak:0.00M | Scene, ViewLayer | Synchronizing object | Pinky_Mesh.L
Fra:16 Mem:20.06M (Peak 20.06M) | Time:00:00.05 | Mem:0.00M, Peak:0.00M | Scene, ViewLayer | Synchronizing object | Thumb_Mesh.L
Fra:16 Mem:20.15M (Peak 20.15M) | Time:00:00.08 | Mem:0.00M, Peak:0.00M | Scene, ViewLayer | Synchronizing object | Leg.L
Fra:16 Mem:20.34M (Peak 20.34M) | Time:00:00.11 | Mem:0.00M, Peak:0.00M | Scene, ViewLayer | Synchronizing object | Shorts.L
Fra:16 Mem:20.42M (Peak 20.42M) | Time:00:00.11 | Mem:0.00M, Peak:0.00M | Scene, ViewLayer | Synchronizing object | Shorts_Hem.L
Fra:16 Mem:20.43M (Peak 20.43M) | Time:00:00.11 | Mem:0.00M, Peak:0.00M | Scene, ViewLayer | Synchronizing object | Sneaker_Sole.L
Fra:16 Mem:20.45M (Peak 20.45M) | Time:00:00.11 | Mem:0.00M, Peak:0.00M | Scene, ViewLayer | Synchronizing object | Sneaker_Upper.L
Fra:16 Mem:20.47M (Peak 20.47M) | Time:00:00.11 | Mem:0.00M, Peak:0.00M | Scene, ViewLayer | Synchronizing object | Sock.L
Fra:16 Mem:20.48M (Peak 20.48M) | Time:00:00.11 | Mem:0.00M, Peak:0.00M | Scene, ViewLayer | Synchronizing object | Lace_0.L
Fra:16 Mem:20.48M (Peak 20.48M) | Time:00:00.11 | Mem:0.00M, Peak:0.00M | Scene, ViewLayer | Synchronizing object | Lace_1.L
Fra:16 Mem:20.48M (Peak 20.48M) | Time:00:00.11 | Mem:0.00M, Peak:0.00M | Scene, ViewLayer | Synchronizing object | Lace_2.L
Fra:16 Mem:20.49M (Peak 20.49M) | Time:00:00.11 | Mem:0.00M, Peak:0.00M | Scene, ViewLayer | Synchronizing object | Heel_Tab.L
Fra:16 Mem:20.49M (Peak 20.49M) | Time:00:00.11 | Mem:0.00M, Peak:0.00M | Scene, ViewLayer | Synchronizing object | Sleeve_Cuff.R
Fra:16 Mem:20.50M (Peak 20.50M) | Time:00:00.11 | Mem:0.00M, Peak:0.00M | Scene, ViewLayer | Synchronizing object | Zip_Tape.R
Fra:16 Mem:20.54M (Peak 20.54M) | Time:00:00.13 | Mem:0.00M, Peak:0.00M | Scene, ViewLayer | Synchronizing object | Palm.R
Fra:16 Mem:20.58M (Peak 20.58M) | Time:00:00.13 | Mem:0.00M, Peak:0.00M | Scene, ViewLayer | Synchronizing object | Index_Mesh.R
Fra:16 Mem:20.59M (Peak 20.59M) | Time:00:00.13 | Mem:0.00M, Peak:0.00M | Scene, ViewLayer | Synchronizing object | Middle_Mesh.R
Fra:16 Mem:20.60M (Peak 20.60M) | Time:00:00.13 | Mem:0.00M, Peak:0.00M | Scene, ViewLayer | Synchronizing object | Ring_Mesh.R
Fra:16 Mem:20.60M (Peak 20.60M) | Time:00:00.13 | Mem:0.00M, Peak:0.00M | Scene, ViewLayer | Synchronizing object | Pinky_Mesh.R
Fra:16 Mem:20.61M (Peak 20.61M) | Time:00:00.13 | Mem:0.00M, Peak:0.00M | Scene, ViewLayer | Synchronizing object | Thumb_Mesh.R
Fra:16 Mem:20.70M (Peak 20.70M) | Time:00:00.16 | Mem:0.00M, Peak:0.00M | Scene, ViewLayer | Synchronizing object | Leg.R
Fra:16 Mem:20.89M (Peak 20.89M) | Time:00:00.19 | Mem:0.00M, Peak:0.00M | Scene, ViewLayer | Synchronizing object | Shorts.R
Fra:16 Mem:20.99M (Peak 20.99M) | Time:00:00.19 | Mem:0.00M, Peak:0.00M | Scene, ViewLayer | Synchronizing object | Shorts_Hem.R
Fra:16 Mem:21.00M (Peak 21.00M) | Time:00:00.19 | Mem:0.00M, Peak:0.00M | Scene, ViewLayer | Synchronizing object | Sneaker_Sole.R
Fra:16 Mem:21.01M (Peak 21.01M) | Time:00:00.19 | Mem:0.00M, Peak:0.00M | Scene, ViewLayer | Synchronizing object | Sneaker_Upper.R
Fra:16 Mem:21.03M (Peak 21.03M) | Time:00:00.19 | Mem:0.00M, Peak:0.00M | Scene, ViewLayer | Synchronizing object | Sock.R
Fra:16 Mem:21.05M (Peak 21.05M) | Time:00:00.19 | Mem:0.00M, Peak:0.00M | Scene, ViewLayer | Synchronizing object | Lace_0.R
Fra:16 Mem:21.05M (Peak 21.05M) | Time:00:00.19 | Mem:0.00M, Peak:0.00M | Scene, ViewLayer | Synchronizing object | Lace_1.R
Fra:16 Mem:21.05M (Peak 21.05M) | Time:00:00.19 | Mem:0.00M, Peak:0.00M | Scene, ViewLayer | Synchronizing object | Lace_2.R
Fra:16 Mem:21.06M (Peak 21.06M) | Time:00:00.19 | Mem:0.00M, Peak:0.00M | Scene, ViewLayer | Synchronizing object | Heel_Tab.R
Fra:16 Mem:21.62M (Peak 21.62M) | Time:00:00.23 | Mem:0.00M, Peak:0.00M | Scene, ViewLayer | Synchronizing object | Jacket_ContinuousShoulders
Fra:16 Mem:22.84M (Peak 22.84M) | Time:00:00.63 | Mem:0.00M, Peak:0.00M | Scene, ViewLayer | Synchronizing object | Face_Head
Fra:16 Mem:23.51M (Peak 23.51M) | Time:00:00.64 | Mem:0.00M, Peak:0.00M | Scene, ViewLayer | Synchronizing object | Ear.L
Fra:16 Mem:23.56M (Peak 23.56M) | Time:00:00.64 | Mem:0.00M, Peak:0.00M | Scene, ViewLayer | Synchronizing object | Ear_Fold.L
Fra:16 Mem:23.61M (Peak 23.61M) | Time:00:00.65 | Mem:0.00M, Peak:0.00M | Scene, ViewLayer | Synchronizing object | Ear.R
Fra:16 Mem:23.67M (Peak 23.67M) | Time:00:00.65 | Mem:0.00M, Peak:0.00M | Scene, ViewLayer | Synchronizing object | Ear_Fold.R
Fra:16 Mem:23.68M (Peak 23.68M) | Time:00:00.66 | Mem:0.00M, Peak:0.00M | Scene, ViewLayer | Synchronizing object | Eye_White.L
Fra:16 Mem:23.69M (Peak 23.69M) | Time:00:00.66 | Mem:0.00M, Peak:0.00M | Scene, ViewLayer | Synchronizing object | Iris_hair.L
Fra:16 Mem:23.69M (Peak 23.69M) | Time:00:00.66 | Mem:0.00M, Peak:0.00M | Scene, ViewLayer | Synchronizing object | Iris_ink.L
Fra:16 Mem:23.70M (Peak 23.70M) | Time:00:00.66 | Mem:0.00M, Peak:0.00M | Scene, ViewLayer | Synchronizing object | Eye_Glint.L
Fra:16 Mem:23.71M (Peak 23.71M) | Time:00:00.66 | Mem:0.00M, Peak:0.00M | Scene, ViewLayer | Synchronizing object | Upper_Lid.L
Fra:16 Mem:23.72M (Peak 23.72M) | Time:00:00.66 | Mem:0.00M, Peak:0.00M | Scene, ViewLayer | Synchronizing object | Lower_Lid.L
Fra:16 Mem:23.72M (Peak 23.72M) | Time:00:00.66 | Mem:0.00M, Peak:0.00M | Scene, ViewLayer | Synchronizing object | Eyebrow.L
Fra:16 Mem:23.73M (Peak 23.73M) | Time:00:00.66 | Mem:0.00M, Peak:0.00M | Scene, ViewLayer | Synchronizing object | Eye_White.R
Fra:16 Mem:23.74M (Peak 23.74M) | Time:00:00.66 | Mem:0.00M, Peak:0.00M | Scene, ViewLayer | Synchronizing object | Iris_hair.R
Fra:16 Mem:23.74M (Peak 23.74M) | Time:00:00.66 | Mem:0.00M, Peak:0.00M | Scene, ViewLayer | Synchronizing object | Iris_ink.R
Fra:16 Mem:23.75M (Peak 23.75M) | Time:00:00.66 | Mem:0.00M, Peak:0.00M | Scene, ViewLayer | Synchronizing object | Eye_Glint.R
Fra:16 Mem:23.76M (Peak 23.76M) | Time:00:00.66 | Mem:0.00M, Peak:0.00M | Scene, ViewLayer | Synchronizing object | Upper_Lid.R
Fra:16 Mem:23.77M (Peak 23.77M) | Time:00:00.66 | Mem:0.00M, Peak:0.00M | Scene, ViewLayer | Synchronizing object | Lower_Lid.R
Fra:16 Mem:23.78M (Peak 23.78M) | Time:00:00.66 | Mem:0.00M, Peak:0.00M | Scene, ViewLayer | Synchronizing object | Eyebrow.R
Fra:16 Mem:23.78M (Peak 23.78M) | Time:00:00.66 | Mem:0.00M, Peak:0.00M | Scene, ViewLayer | Synchronizing object | Mouth
Fra:16 Mem:23.79M (Peak 23.79M) | Time:00:00.66 | Mem:0.00M, Peak:0.00M | Scene, ViewLayer | Synchronizing object | Hair_Cap
Fra:16 Mem:24.96M (Peak 24.96M) | Time:00:00.69 | Mem:0.00M, Peak:0.00M | Scene, ViewLayer | Synchronizing object | Hair_CrownBase
Fra:16 Mem:25.03M (Peak 25.03M) | Time:00:00.69 | Mem:0.00M, Peak:0.00M | Scene, ViewLayer | Synchronizing object | Review_Rim
Fra:16 Mem:25.05M (Peak 25.05M) | Time:00:00.69 | Mem:0.00M, Peak:0.00M | Scene, ViewLayer | Synchronizing object | Review_Fill
Fra:16 Mem:25.07M (Peak 25.07M) | Time:00:00.69 | Mem:0.00M, Peak:0.00M | Scene, ViewLayer | Synchronizing object | Review_Key
Fra:16 Mem:25.05M (Peak 25.07M) | Time:00:00.69 | Mem:0.00M, Peak:0.00M | Scene, ViewLayer | Synchronizing object | Bangs_00
Fra:16 Mem:25.05M (Peak 25.07M) | Time:00:00.69 | Mem:0.00M, Peak:0.00M | Scene, ViewLayer | Synchronizing object | Review_Ground
Fra:16 Mem:25.06M (Peak 25.07M) | Time:00:00.69 | Mem:0.00M, Peak:0.00M | Scene, ViewLayer | Synchronizing object | Drawing_Pen_0.16
Fra:16 Mem:25.07M (Peak 25.07M) | Time:00:00.69 | Mem:0.00M, Peak:0.00M | Scene, ViewLayer | Synchronizing object | Bangs_01
Fra:16 Mem:25.08M (Peak 25.08M) | Time:00:00.69 | Mem:0.00M, Peak:0.00M | Scene, ViewLayer | Synchronizing object | Drawing_Pen_0.136
Fra:16 Mem:25.09M (Peak 25.09M) | Time:00:00.69 | Mem:0.00M, Peak:0.00M | Scene, ViewLayer | Synchronizing object | Pen_Pouch
Fra:16 Mem:25.09M (Peak 25.09M) | Time:00:00.69 | Mem:0.00M, Peak:0.00M | Scene, ViewLayer | Synchronizing object | Bangs_02
Fra:16 Mem:25.11M (Peak 25.11M) | Time:00:00.69 | Mem:0.00M, Peak:0.00M | Scene, ViewLayer | Synchronizing object | Hair_Clip_1
Fra:16 Mem:25.11M (Peak 25.11M) | Time:00:00.69 | Mem:0.00M, Peak:0.00M | Scene, ViewLayer | Synchronizing object | Bangs_03
Fra:16 Mem:25.12M (Peak 25.12M) | Time:00:00.69 | Mem:0.00M, Peak:0.00M | Scene, ViewLayer | Synchronizing object | Hair_Clip_0
Fra:16 Mem:25.13M (Peak 25.13M) | Time:00:00.69 | Mem:0.00M, Peak:0.00M | Scene, ViewLayer | Synchronizing object | Temple_0.R
Fra:16 Mem:25.13M (Peak 25.13M) | Time:00:00.69 | Mem:0.00M, Peak:0.00M | Scene, ViewLayer | Synchronizing object | Temple_0.L
Fra:16 Mem:25.17M (Peak 25.17M) | Time:00:00.69 | Mem:0.00M, Peak:0.00M | Scene, ViewLayer | Initializing
Fra:16 Mem:20.44M (Peak 25.17M) | Time:00:00.69 | Mem:0.00M, Peak:0.00M | Scene, ViewLayer | Updating Images | Loading CHR002_GreyStudy_BaseColor
Fra:16 Mem:21.90M (Peak 28.45M) | Time:00:00.70 | Mem:4.00M, Peak:4.00M | Scene, ViewLayer | Waiting for render to start
Fra:16 Mem:21.90M (Peak 28.45M) | Time:00:00.70 | Mem:4.00M, Peak:4.00M | Scene, ViewLayer | Updating Scene
Fra:16 Mem:21.90M (Peak 28.45M) | Time:00:00.70 | Mem:4.00M, Peak:4.00M | Scene, ViewLayer | Updating Shaders
Fra:16 Mem:21.90M (Peak 28.45M) | Time:00:00.70 | Mem:4.00M, Peak:4.00M | Scene, ViewLayer | Loading render kernels (may take a few minutes the first time)
Fra:16 Mem:21.98M (Peak 28.45M) | Time:00:00.70 | Mem:4.00M, Peak:4.00M | Scene, ViewLayer | Updating Procedurals
Fra:16 Mem:21.98M (Peak 28.45M) | Time:00:00.70 | Mem:4.00M, Peak:4.00M | Scene, ViewLayer | Updating Background
Fra:16 Mem:21.98M (Peak 28.45M) | Time:00:00.70 | Mem:4.00M, Peak:4.00M | Scene, ViewLayer | Updating Camera
Fra:16 Mem:21.98M (Peak 28.45M) | Time:00:00.70 | Mem:4.00M, Peak:4.00M | Scene, ViewLayer | Updating Meshes Flags
Fra:16 Mem:21.98M (Peak 28.45M) | Time:00:00.70 | Mem:4.00M, Peak:4.00M | Scene, ViewLayer | Updating Objects
Fra:16 Mem:21.98M (Peak 28.45M) | Time:00:00.70 | Mem:4.00M, Peak:4.00M | Scene, ViewLayer | Updating Objects | Copying Transformations to device
Fra:16 Mem:22.00M (Peak 28.45M) | Time:00:00.70 | Mem:4.02M, Peak:4.02M | Scene, ViewLayer | Updating Particle Systems
Fra:16 Mem:22.00M (Peak 28.45M) | Time:00:00.70 | Mem:4.02M, Peak:4.02M | Scene, ViewLayer | Updating Particle Systems | Copying Particles to device
Fra:16 Mem:22.00M (Peak 28.45M) | Time:00:00.70 | Mem:4.02M, Peak:4.02M | Scene, ViewLayer | Updating Meshes
Fra:16 Mem:22.00M (Peak 28.45M) | Time:00:00.70 | Mem:4.02M, Peak:4.02M | Scene, ViewLayer | Updating Objects | Applying Static Transformations
Fra:16 Mem:22.00M (Peak 28.45M) | Time:00:00.70 | Mem:4.02M, Peak:4.02M | Scene, ViewLayer | Updating Mesh | Computing attributes
Fra:16 Mem:23.16M (Peak 28.45M) | Time:00:00.71 | Mem:4.03M, Peak:4.03M | Scene, ViewLayer | Updating Mesh | Copying Attributes to device
Fra:16 Mem:23.15M (Peak 28.45M) | Time:00:00.71 | Mem:5.17M, Peak:5.17M | Scene, ViewLayer | Updating Scene BVH | Building
Fra:16 Mem:23.15M (Peak 28.45M) | Time:00:00.71 | Mem:5.17M, Peak:5.17M | Scene, ViewLayer | Updating Scene BVH | Building BVH
Fra:16 Mem:23.15M (Peak 28.45M) | Time:00:00.71 | Mem:6.38M, Peak:6.38M | Scene, ViewLayer | Updating Scene BVH | Building BVH 0%
Fra:16 Mem:23.15M (Peak 28.45M) | Time:00:00.71 | Mem:7.70M, Peak:8.91M | Scene, ViewLayer | Updating Scene BVH | Copying BVH to device
Fra:16 Mem:23.15M (Peak 28.45M) | Time:00:00.71 | Mem:7.70M, Peak:8.91M | Scene, ViewLayer | Updating Mesh | Computing normals
Fra:16 Mem:24.22M (Peak 28.45M) | Time:00:00.71 | Mem:7.70M, Peak:8.91M | Scene, ViewLayer | Updating Mesh | Copying Mesh to device
Fra:16 Mem:24.22M (Peak 28.45M) | Time:00:00.71 | Mem:8.77M, Peak:8.91M | Scene, ViewLayer | Updating Objects Flags
Fra:16 Mem:24.22M (Peak 28.45M) | Time:00:00.71 | Mem:8.77M, Peak:8.91M | Scene, ViewLayer | Updating Primitive Offsets
Fra:16 Mem:24.22M (Peak 28.45M) | Time:00:00.71 | Mem:8.77M, Peak:8.91M | Scene, ViewLayer | Updating Images
Fra:16 Mem:24.22M (Peak 28.45M) | Time:00:00.71 | Mem:8.77M, Peak:8.91M | Scene, ViewLayer | Updating Camera Volume
Fra:16 Mem:24.22M (Peak 28.45M) | Time:00:00.71 | Mem:8.77M, Peak:8.91M | Scene, ViewLayer | Updating Lookup Tables
Fra:16 Mem:24.22M (Peak 28.45M) | Time:00:00.71 | Mem:8.85M, Peak:8.91M | Scene, ViewLayer | Updating Lights
Fra:16 Mem:24.22M (Peak 28.45M) | Time:00:00.71 | Mem:8.85M, Peak:8.91M | Scene, ViewLayer | Updating Lights | Computing tree
Fra:16 Mem:24.22M (Peak 28.45M) | Time:00:00.71 | Mem:8.85M, Peak:8.91M | Scene, ViewLayer | Updating Integrator
Fra:16 Mem:24.22M (Peak 28.45M) | Time:00:00.71 | Mem:8.85M, Peak:8.91M | Scene, ViewLayer | Updating Film
Fra:16 Mem:24.22M (Peak 28.45M) | Time:00:00.71 | Mem:8.77M, Peak:8.91M | Scene, ViewLayer | Updating Lookup Tables
Fra:16 Mem:24.22M (Peak 28.45M) | Time:00:00.71 | Mem:8.86M, Peak:8.91M | Scene, ViewLayer | Updating Baking
Fra:16 Mem:24.22M (Peak 28.45M) | Time:00:00.71 | Mem:8.86M, Peak:8.91M | Scene, ViewLayer | Updating Device | Writing constant memory
Fra:16 Mem:24.23M (Peak 28.45M) | Time:00:00.71 | Mem:8.86M, Peak:8.91M | Scene, ViewLayer | Loading denoising kernels (may take a few minutes the first time)
Fra:16 Mem:24.23M (Peak 28.45M) | Time:00:00.71 | Mem:8.86M, Peak:8.91M | Scene, ViewLayer | Sample 0/16
Fra:16 Mem:46.51M (Peak 46.51M) | Time:00:00.99 | Remaining:00:04.21 | Mem:31.13M, Peak:31.13M | Scene, ViewLayer | Sample 1/16
Fra:16 Mem:55.89M (Peak 69.96M) | Time:00:08.31 | Mem:31.13M, Peak:31.13M | Scene, ViewLayer | Sample 16/16
Fra:16 Mem:55.89M (Peak 69.96M) | Time:00:08.31 | Mem:31.13M, Peak:31.13M | Scene, ViewLayer | Finished
Saved: '/home/lzzz/MyProjects/N-SIDE/output/characters/CHR-002/ling-model-r1/final/run-03.png'
Time: 00:08.34 (Saving: 00:00.03)

Fra:21 Mem:19.76M (Peak 20.01M) | Time:00:00.03 | Mem:0.00M, Peak:0.00M | Scene, ViewLayer | Synchronizing object | TShirt
Fra:21 Mem:19.91M (Peak 20.01M) | Time:00:00.04 | Mem:0.00M, Peak:0.00M | Scene, ViewLayer | Synchronizing object | TShirt_Collar
Fra:21 Mem:19.94M (Peak 20.01M) | Time:00:00.04 | Mem:0.00M, Peak:0.00M | Scene, ViewLayer | Synchronizing object | Sleeve_Cuff.L
Fra:21 Mem:19.94M (Peak 20.01M) | Time:00:00.04 | Mem:0.00M, Peak:0.00M | Scene, ViewLayer | Synchronizing object | Zip_Tape.L
Fra:21 Mem:19.98M (Peak 20.01M) | Time:00:00.05 | Mem:0.00M, Peak:0.00M | Scene, ViewLayer | Synchronizing object | Palm.L
Fra:21 Mem:20.03M (Peak 20.03M) | Time:00:00.05 | Mem:0.00M, Peak:0.00M | Scene, ViewLayer | Synchronizing object | Index_Mesh.L
Fra:21 Mem:20.04M (Peak 20.04M) | Time:00:00.05 | Mem:0.00M, Peak:0.00M | Scene, ViewLayer | Synchronizing object | Middle_Mesh.L
Fra:21 Mem:20.04M (Peak 20.04M) | Time:00:00.05 | Mem:0.00M, Peak:0.00M | Scene, ViewLayer | Synchronizing object | Ring_Mesh.L
Fra:21 Mem:20.05M (Peak 20.05M) | Time:00:00.05 | Mem:0.00M, Peak:0.00M | Scene, ViewLayer | Synchronizing object | Pinky_Mesh.L
Fra:21 Mem:20.06M (Peak 20.06M) | Time:00:00.05 | Mem:0.00M, Peak:0.00M | Scene, ViewLayer | Synchronizing object | Thumb_Mesh.L
Fra:21 Mem:20.15M (Peak 20.15M) | Time:00:00.08 | Mem:0.00M, Peak:0.00M | Scene, ViewLayer | Synchronizing object | Leg.L
Fra:21 Mem:20.34M (Peak 20.34M) | Time:00:00.11 | Mem:0.00M, Peak:0.00M | Scene, ViewLayer | Synchronizing object | Shorts.L
Fra:21 Mem:20.42M (Peak 20.42M) | Time:00:00.11 | Mem:0.00M, Peak:0.00M | Scene, ViewLayer | Synchronizing object | Shorts_Hem.L
Fra:21 Mem:20.43M (Peak 20.43M) | Time:00:00.11 | Mem:0.00M, Peak:0.00M | Scene, ViewLayer | Synchronizing object | Sneaker_Sole.L
Fra:21 Mem:20.45M (Peak 20.45M) | Time:00:00.11 | Mem:0.00M, Peak:0.00M | Scene, ViewLayer | Synchronizing object | Sneaker_Upper.L
Fra:21 Mem:20.47M (Peak 20.47M) | Time:00:00.11 | Mem:0.00M, Peak:0.00M | Scene, ViewLayer | Synchronizing object | Sock.L
Fra:21 Mem:20.48M (Peak 20.48M) | Time:00:00.11 | Mem:0.00M, Peak:0.00M | Scene, ViewLayer | Synchronizing object | Lace_0.L
Fra:21 Mem:20.48M (Peak 20.48M) | Time:00:00.11 | Mem:0.00M, Peak:0.00M | Scene, ViewLayer | Synchronizing object | Lace_1.L
Fra:21 Mem:20.49M (Peak 20.49M) | Time:00:00.11 | Mem:0.00M, Peak:0.00M | Scene, ViewLayer | Synchronizing object | Lace_2.L
Fra:21 Mem:20.49M (Peak 20.49M) | Time:00:00.11 | Mem:0.00M, Peak:0.00M | Scene, ViewLayer | Synchronizing object | Heel_Tab.L
Fra:21 Mem:20.49M (Peak 20.49M) | Time:00:00.11 | Mem:0.00M, Peak:0.00M | Scene, ViewLayer | Synchronizing object | Sleeve_Cuff.R
Fra:21 Mem:20.50M (Peak 20.50M) | Time:00:00.11 | Mem:0.00M, Peak:0.00M | Scene, ViewLayer | Synchronizing object | Zip_Tape.R
Fra:21 Mem:20.54M (Peak 20.54M) | Time:00:00.13 | Mem:0.00M, Peak:0.00M | Scene, ViewLayer | Synchronizing object | Palm.R
Fra:21 Mem:20.58M (Peak 20.58M) | Time:00:00.13 | Mem:0.00M, Peak:0.00M | Scene, ViewLayer | Synchronizing object | Index_Mesh.R
Fra:21 Mem:20.59M (Peak 20.59M) | Time:00:00.13 | Mem:0.00M, Peak:0.00M | Scene, ViewLayer | Synchronizing object | Middle_Mesh.R
Fra:21 Mem:20.60M (Peak 20.60M) | Time:00:00.13 | Mem:0.00M, Peak:0.00M | Scene, ViewLayer | Synchronizing object | Ring_Mesh.R
Fra:21 Mem:20.60M (Peak 20.60M) | Time:00:00.13 | Mem:0.00M, Peak:0.00M | Scene, ViewLayer | Synchronizing object | Pinky_Mesh.R
Fra:21 Mem:20.61M (Peak 20.61M) | Time:00:00.13 | Mem:0.00M, Peak:0.00M | Scene, ViewLayer | Synchronizing object | Thumb_Mesh.R
Fra:21 Mem:20.70M (Peak 20.70M) | Time:00:00.16 | Mem:0.00M, Peak:0.00M | Scene, ViewLayer | Synchronizing object | Leg.R
Fra:21 Mem:20.89M (Peak 20.89M) | Time:00:00.19 | Mem:0.00M, Peak:0.00M | Scene, ViewLayer | Synchronizing object | Shorts.R
Fra:21 Mem:20.99M (Peak 20.99M) | Time:00:00.19 | Mem:0.00M, Peak:0.00M | Scene, ViewLayer | Synchronizing object | Shorts_Hem.R
Fra:21 Mem:21.00M (Peak 21.00M) | Time:00:00.19 | Mem:0.00M, Peak:0.00M | Scene, ViewLayer | Synchronizing object | Sneaker_Sole.R
Fra:21 Mem:21.01M (Peak 21.01M) | Time:00:00.19 | Mem:0.00M, Peak:0.00M | Scene, ViewLayer | Synchronizing object | Sneaker_Upper.R
Fra:21 Mem:21.03M (Peak 21.03M) | Time:00:00.19 | Mem:0.00M, Peak:0.00M | Scene, ViewLayer | Synchronizing object | Sock.R
Fra:21 Mem:21.05M (Peak 21.05M) | Time:00:00.19 | Mem:0.00M, Peak:0.00M | Scene, ViewLayer | Synchronizing object | Lace_0.R
Fra:21 Mem:21.05M (Peak 21.05M) | Time:00:00.19 | Mem:0.00M, Peak:0.00M | Scene, ViewLayer | Synchronizing object | Lace_1.R
Fra:21 Mem:21.05M (Peak 21.05M) | Time:00:00.19 | Mem:0.00M, Peak:0.00M | Scene, ViewLayer | Synchronizing object | Lace_2.R
Fra:21 Mem:21.06M (Peak 21.06M) | Time:00:00.19 | Mem:0.00M, Peak:0.00M | Scene, ViewLayer | Synchronizing object | Heel_Tab.R
Fra:21 Mem:21.62M (Peak 21.62M) | Time:00:00.23 | Mem:0.00M, Peak:0.00M | Scene, ViewLayer | Synchronizing object | Jacket_ContinuousShoulders
Fra:21 Mem:22.84M (Peak 22.84M) | Time:00:00.63 | Mem:0.00M, Peak:0.00M | Scene, ViewLayer | Synchronizing object | Face_Head
Fra:21 Mem:23.51M (Peak 23.51M) | Time:00:00.64 | Mem:0.00M, Peak:0.00M | Scene, ViewLayer | Synchronizing object | Ear.L
Fra:21 Mem:23.56M (Peak 23.56M) | Time:00:00.64 | Mem:0.00M, Peak:0.00M | Scene, ViewLayer | Synchronizing object | Ear_Fold.L
Fra:21 Mem:23.61M (Peak 23.61M) | Time:00:00.66 | Mem:0.00M, Peak:0.00M | Scene, ViewLayer | Synchronizing object | Ear.R
Fra:21 Mem:23.67M (Peak 23.67M) | Time:00:00.66 | Mem:0.00M, Peak:0.00M | Scene, ViewLayer | Synchronizing object | Ear_Fold.R
Fra:21 Mem:23.68M (Peak 23.68M) | Time:00:00.66 | Mem:0.00M, Peak:0.00M | Scene, ViewLayer | Synchronizing object | Eye_White.L
Fra:21 Mem:23.68M (Peak 23.68M) | Time:00:00.66 | Mem:0.00M, Peak:0.00M | Scene, ViewLayer | Synchronizing object | Iris_hair.L
Fra:21 Mem:23.69M (Peak 23.69M) | Time:00:00.66 | Mem:0.00M, Peak:0.00M | Scene, ViewLayer | Synchronizing object | Iris_ink.L
Fra:21 Mem:23.70M (Peak 23.70M) | Time:00:00.66 | Mem:0.00M, Peak:0.00M | Scene, ViewLayer | Synchronizing object | Eye_Glint.L
Fra:21 Mem:23.71M (Peak 23.71M) | Time:00:00.66 | Mem:0.00M, Peak:0.00M | Scene, ViewLayer | Synchronizing object | Upper_Lid.L
Fra:21 Mem:23.72M (Peak 23.72M) | Time:00:00.66 | Mem:0.00M, Peak:0.00M | Scene, ViewLayer | Synchronizing object | Lower_Lid.L
Fra:21 Mem:23.72M (Peak 23.72M) | Time:00:00.66 | Mem:0.00M, Peak:0.00M | Scene, ViewLayer | Synchronizing object | Eyebrow.L
Fra:21 Mem:23.73M (Peak 23.73M) | Time:00:00.66 | Mem:0.00M, Peak:0.00M | Scene, ViewLayer | Synchronizing object | Eye_White.R
Fra:21 Mem:23.74M (Peak 23.74M) | Time:00:00.66 | Mem:0.00M, Peak:0.00M | Scene, ViewLayer | Synchronizing object | Iris_hair.R
Fra:21 Mem:23.74M (Peak 23.74M) | Time:00:00.66 | Mem:0.00M, Peak:0.00M | Scene, ViewLayer | Synchronizing object | Iris_ink.R
Fra:21 Mem:23.75M (Peak 23.75M) | Time:00:00.66 | Mem:0.00M, Peak:0.00M | Scene, ViewLayer | Synchronizing object | Eye_Glint.R
Fra:21 Mem:23.76M (Peak 23.76M) | Time:00:00.66 | Mem:0.00M, Peak:0.00M | Scene, ViewLayer | Synchronizing object | Upper_Lid.R
Fra:21 Mem:23.77M (Peak 23.77M) | Time:00:00.66 | Mem:0.00M, Peak:0.00M | Scene, ViewLayer | Synchronizing object | Lower_Lid.R
Fra:21 Mem:23.78M (Peak 23.78M) | Time:00:00.66 | Mem:0.00M, Peak:0.00M | Scene, ViewLayer | Synchronizing object | Eyebrow.R
Fra:21 Mem:23.78M (Peak 23.78M) | Time:00:00.66 | Mem:0.00M, Peak:0.00M | Scene, ViewLayer | Synchronizing object | Mouth
Fra:21 Mem:23.79M (Peak 23.79M) | Time:00:00.66 | Mem:0.00M, Peak:0.00M | Scene, ViewLayer | Synchronizing object | Hair_Cap
Fra:21 Mem:24.96M (Peak 24.96M) | Time:00:00.69 | Mem:0.00M, Peak:0.00M | Scene, ViewLayer | Synchronizing object | Hair_CrownBase
Fra:21 Mem:25.02M (Peak 25.02M) | Time:00:00.69 | Mem:0.00M, Peak:0.00M | Scene, ViewLayer | Synchronizing object | Review_Rim
Fra:21 Mem:25.05M (Peak 25.05M) | Time:00:00.69 | Mem:0.00M, Peak:0.00M | Scene, ViewLayer | Synchronizing object | Review_Fill
Fra:21 Mem:25.05M (Peak 25.05M) | Time:00:00.69 | Mem:0.00M, Peak:0.00M | Scene, ViewLayer | Synchronizing object | Review_Key
Fra:21 Mem:25.06M (Peak 25.06M) | Time:00:00.69 | Mem:0.00M, Peak:0.00M | Scene, ViewLayer | Synchronizing object | Review_Ground
Fra:21 Mem:25.05M (Peak 25.06M) | Time:00:00.69 | Mem:0.00M, Peak:0.00M | Scene, ViewLayer | Synchronizing object | Bangs_00
Fra:21 Mem:25.05M (Peak 25.06M) | Time:00:00.69 | Mem:0.00M, Peak:0.00M | Scene, ViewLayer | Synchronizing object | Drawing_Pen_0.16
Fra:21 Mem:25.07M (Peak 25.07M) | Time:00:00.69 | Mem:0.00M, Peak:0.00M | Scene, ViewLayer | Synchronizing object | Drawing_Pen_0.136
Fra:21 Mem:25.07M (Peak 25.07M) | Time:00:00.69 | Mem:0.00M, Peak:0.00M | Scene, ViewLayer | Synchronizing object | Bangs_01
Fra:21 Mem:25.07M (Peak 25.07M) | Time:00:00.69 | Mem:0.00M, Peak:0.00M | Scene, ViewLayer | Synchronizing object | Pen_Pouch
Fra:21 Mem:25.09M (Peak 25.09M) | Time:00:00.69 | Mem:0.00M, Peak:0.00M | Scene, ViewLayer | Synchronizing object | Hair_Clip_1
Fra:21 Mem:25.09M (Peak 25.09M) | Time:00:00.69 | Mem:0.00M, Peak:0.00M | Scene, ViewLayer | Synchronizing object | Bangs_02
Fra:21 Mem:25.10M (Peak 25.10M) | Time:00:00.69 | Mem:0.00M, Peak:0.00M | Scene, ViewLayer | Synchronizing object | Hair_Clip_0
Fra:21 Mem:25.12M (Peak 25.12M) | Time:00:00.69 | Mem:0.00M, Peak:0.00M | Scene, ViewLayer | Synchronizing object | Temple_0.R
Fra:21 Mem:25.12M (Peak 25.12M) | Time:00:00.69 | Mem:0.00M, Peak:0.00M | Scene, ViewLayer | Synchronizing object | Bangs_03
Fra:21 Mem:25.15M (Peak 25.15M) | Time:00:00.69 | Mem:0.00M, Peak:0.00M | Scene, ViewLayer | Synchronizing object | Temple_0.L
Fra:21 Mem:25.17M (Peak 25.17M) | Time:00:00.69 | Mem:0.00M, Peak:0.00M | Scene, ViewLayer | Initializing
Fra:21 Mem:20.44M (Peak 25.17M) | Time:00:00.70 | Mem:0.00M, Peak:0.00M | Scene, ViewLayer | Updating Images | Loading CHR002_GreyStudy_BaseColor
Fra:21 Mem:21.90M (Peak 28.45M) | Time:00:00.71 | Mem:4.00M, Peak:4.00M | Scene, ViewLayer | Waiting for render to start
Fra:21 Mem:21.90M (Peak 28.45M) | Time:00:00.71 | Mem:4.00M, Peak:4.00M | Scene, ViewLayer | Updating Scene
Fra:21 Mem:21.90M (Peak 28.45M) | Time:00:00.71 | Mem:4.00M, Peak:4.00M | Scene, ViewLayer | Updating Shaders
Fra:21 Mem:21.90M (Peak 28.45M) | Time:00:00.71 | Mem:4.00M, Peak:4.00M | Scene, ViewLayer | Loading render kernels (may take a few minutes the first time)
Fra:21 Mem:21.98M (Peak 28.45M) | Time:00:00.71 | Mem:4.00M, Peak:4.00M | Scene, ViewLayer | Updating Procedurals
Fra:21 Mem:21.98M (Peak 28.45M) | Time:00:00.71 | Mem:4.00M, Peak:4.00M | Scene, ViewLayer | Updating Background
Fra:21 Mem:21.98M (Peak 28.45M) | Time:00:00.71 | Mem:4.00M, Peak:4.00M | Scene, ViewLayer | Updating Camera
Fra:21 Mem:21.98M (Peak 28.45M) | Time:00:00.71 | Mem:4.00M, Peak:4.00M | Scene, ViewLayer | Updating Meshes Flags
Fra:21 Mem:21.98M (Peak 28.45M) | Time:00:00.71 | Mem:4.00M, Peak:4.00M | Scene, ViewLayer | Updating Objects
Fra:21 Mem:21.98M (Peak 28.45M) | Time:00:00.71 | Mem:4.00M, Peak:4.00M | Scene, ViewLayer | Updating Objects | Copying Transformations to device
Fra:21 Mem:22.00M (Peak 28.45M) | Time:00:00.71 | Mem:4.02M, Peak:4.02M | Scene, ViewLayer | Updating Particle Systems
Fra:21 Mem:22.00M (Peak 28.45M) | Time:00:00.71 | Mem:4.02M, Peak:4.02M | Scene, ViewLayer | Updating Particle Systems | Copying Particles to device
Fra:21 Mem:22.00M (Peak 28.45M) | Time:00:00.71 | Mem:4.02M, Peak:4.02M | Scene, ViewLayer | Updating Meshes
Fra:21 Mem:22.00M (Peak 28.45M) | Time:00:00.71 | Mem:4.02M, Peak:4.02M | Scene, ViewLayer | Updating Objects | Applying Static Transformations
Fra:21 Mem:22.00M (Peak 28.45M) | Time:00:00.71 | Mem:4.02M, Peak:4.02M | Scene, ViewLayer | Updating Mesh | Computing attributes
Fra:21 Mem:23.16M (Peak 28.45M) | Time:00:00.71 | Mem:4.03M, Peak:4.03M | Scene, ViewLayer | Updating Mesh | Copying Attributes to device
Fra:21 Mem:23.15M (Peak 28.45M) | Time:00:00.71 | Mem:5.17M, Peak:5.17M | Scene, ViewLayer | Updating Scene BVH | Building
Fra:21 Mem:23.15M (Peak 28.45M) | Time:00:00.71 | Mem:5.17M, Peak:5.17M | Scene, ViewLayer | Updating Scene BVH | Building BVH
Fra:21 Mem:23.15M (Peak 28.45M) | Time:00:00.71 | Mem:6.38M, Peak:6.38M | Scene, ViewLayer | Updating Scene BVH | Building BVH 0%
Fra:21 Mem:23.15M (Peak 28.45M) | Time:00:00.71 | Mem:7.70M, Peak:8.91M | Scene, ViewLayer | Updating Scene BVH | Copying BVH to device
Fra:21 Mem:23.15M (Peak 28.45M) | Time:00:00.71 | Mem:7.70M, Peak:8.91M | Scene, ViewLayer | Updating Mesh | Computing normals
Fra:21 Mem:24.22M (Peak 28.45M) | Time:00:00.71 | Mem:7.70M, Peak:8.91M | Scene, ViewLayer | Updating Mesh | Copying Mesh to device
Fra:21 Mem:24.22M (Peak 28.45M) | Time:00:00.71 | Mem:8.77M, Peak:8.91M | Scene, ViewLayer | Updating Objects Flags
Fra:21 Mem:24.22M (Peak 28.45M) | Time:00:00.71 | Mem:8.77M, Peak:8.91M | Scene, ViewLayer | Updating Primitive Offsets
Fra:21 Mem:24.22M (Peak 28.45M) | Time:00:00.71 | Mem:8.77M, Peak:8.91M | Scene, ViewLayer | Updating Images
Fra:21 Mem:24.22M (Peak 28.45M) | Time:00:00.71 | Mem:8.77M, Peak:8.91M | Scene, ViewLayer | Updating Camera Volume
Fra:21 Mem:24.22M (Peak 28.45M) | Time:00:00.71 | Mem:8.77M, Peak:8.91M | Scene, ViewLayer | Updating Lookup Tables
Fra:21 Mem:24.22M (Peak 28.45M) | Time:00:00.71 | Mem:8.85M, Peak:8.91M | Scene, ViewLayer | Updating Lights
Fra:21 Mem:24.22M (Peak 28.45M) | Time:00:00.71 | Mem:8.85M, Peak:8.91M | Scene, ViewLayer | Updating Lights | Computing tree
Fra:21 Mem:24.22M (Peak 28.45M) | Time:00:00.71 | Mem:8.85M, Peak:8.91M | Scene, ViewLayer | Updating Integrator
Fra:21 Mem:24.22M (Peak 28.45M) | Time:00:00.71 | Mem:8.85M, Peak:8.91M | Scene, ViewLayer | Updating Film
Fra:21 Mem:24.22M (Peak 28.45M) | Time:00:00.71 | Mem:8.77M, Peak:8.91M | Scene, ViewLayer | Updating Lookup Tables
Fra:21 Mem:24.22M (Peak 28.45M) | Time:00:00.71 | Mem:8.86M, Peak:8.91M | Scene, ViewLayer | Updating Baking
Fra:21 Mem:24.22M (Peak 28.45M) | Time:00:00.71 | Mem:8.86M, Peak:8.91M | Scene, ViewLayer | Updating Device | Writing constant memory
Fra:21 Mem:24.23M (Peak 28.45M) | Time:00:00.71 | Mem:8.86M, Peak:8.91M | Scene, ViewLayer | Loading denoising kernels (may take a few minutes the first time)
Fra:21 Mem:24.23M (Peak 28.45M) | Time:00:00.71 | Mem:8.86M, Peak:8.91M | Scene, ViewLayer | Sample 0/16
Fra:21 Mem:46.51M (Peak 46.51M) | Time:00:00.99 | Remaining:00:04.16 | Mem:31.13M, Peak:31.13M | Scene, ViewLayer | Sample 1/16
Fra:21 Mem:55.89M (Peak 69.96M) | Time:00:08.31 | Mem:31.13M, Peak:31.13M | Scene, ViewLayer | Sample 16/16
Fra:21 Mem:55.89M (Peak 69.96M) | Time:00:08.31 | Mem:31.13M, Peak:31.13M | Scene, ViewLayer | Finished
Saved: '/home/lzzz/MyProjects/N-SIDE/output/characters/CHR-002/ling-model-r1/final/run-04.png'
Time: 00:08.34 (Saving: 00:00.02)

Fra:26 Mem:19.76M (Peak 20.01M) | Time:00:00.04 | Mem:0.00M, Peak:0.00M | Scene, ViewLayer | Synchronizing object | TShirt
Fra:26 Mem:19.91M (Peak 20.01M) | Time:00:00.04 | Mem:0.00M, Peak:0.00M | Scene, ViewLayer | Synchronizing object | TShirt_Collar
Fra:26 Mem:19.94M (Peak 20.01M) | Time:00:00.04 | Mem:0.00M, Peak:0.00M | Scene, ViewLayer | Synchronizing object | Sleeve_Cuff.L
Fra:26 Mem:19.94M (Peak 20.01M) | Time:00:00.04 | Mem:0.00M, Peak:0.00M | Scene, ViewLayer | Synchronizing object | Zip_Tape.L
Fra:26 Mem:19.98M (Peak 20.01M) | Time:00:00.05 | Mem:0.00M, Peak:0.00M | Scene, ViewLayer | Synchronizing object | Palm.L
Fra:26 Mem:20.03M (Peak 20.03M) | Time:00:00.05 | Mem:0.00M, Peak:0.00M | Scene, ViewLayer | Synchronizing object | Index_Mesh.L
Fra:26 Mem:20.04M (Peak 20.04M) | Time:00:00.05 | Mem:0.00M, Peak:0.00M | Scene, ViewLayer | Synchronizing object | Middle_Mesh.L
Fra:26 Mem:20.04M (Peak 20.04M) | Time:00:00.05 | Mem:0.00M, Peak:0.00M | Scene, ViewLayer | Synchronizing object | Ring_Mesh.L
Fra:26 Mem:20.05M (Peak 20.05M) | Time:00:00.05 | Mem:0.00M, Peak:0.00M | Scene, ViewLayer | Synchronizing object | Pinky_Mesh.L
Fra:26 Mem:20.06M (Peak 20.06M) | Time:00:00.05 | Mem:0.00M, Peak:0.00M | Scene, ViewLayer | Synchronizing object | Thumb_Mesh.L
Fra:26 Mem:20.15M (Peak 20.15M) | Time:00:00.09 | Mem:0.00M, Peak:0.00M | Scene, ViewLayer | Synchronizing object | Leg.L
Fra:26 Mem:20.34M (Peak 20.34M) | Time:00:00.12 | Mem:0.00M, Peak:0.00M | Scene, ViewLayer | Synchronizing object | Shorts.L
Fra:26 Mem:20.42M (Peak 20.42M) | Time:00:00.12 | Mem:0.00M, Peak:0.00M | Scene, ViewLayer | Synchronizing object | Shorts_Hem.L
Fra:26 Mem:20.43M (Peak 20.43M) | Time:00:00.12 | Mem:0.00M, Peak:0.00M | Scene, ViewLayer | Synchronizing object | Sneaker_Sole.L
Fra:26 Mem:20.45M (Peak 20.45M) | Time:00:00.12 | Mem:0.00M, Peak:0.00M | Scene, ViewLayer | Synchronizing object | Sneaker_Upper.L
Fra:26 Mem:20.47M (Peak 20.47M) | Time:00:00.12 | Mem:0.00M, Peak:0.00M | Scene, ViewLayer | Synchronizing object | Sock.L
Fra:26 Mem:20.48M (Peak 20.48M) | Time:00:00.12 | Mem:0.00M, Peak:0.00M | Scene, ViewLayer | Synchronizing object | Lace_0.L
Fra:26 Mem:20.48M (Peak 20.48M) | Time:00:00.12 | Mem:0.00M, Peak:0.00M | Scene, ViewLayer | Synchronizing object | Lace_1.L
Fra:26 Mem:20.49M (Peak 20.49M) | Time:00:00.12 | Mem:0.00M, Peak:0.00M | Scene, ViewLayer | Synchronizing object | Lace_2.L
Fra:26 Mem:20.49M (Peak 20.49M) | Time:00:00.12 | Mem:0.00M, Peak:0.00M | Scene, ViewLayer | Synchronizing object | Heel_Tab.L
Fra:26 Mem:20.49M (Peak 20.49M) | Time:00:00.12 | Mem:0.00M, Peak:0.00M | Scene, ViewLayer | Synchronizing object | Sleeve_Cuff.R
Fra:26 Mem:20.50M (Peak 20.50M) | Time:00:00.12 | Mem:0.00M, Peak:0.00M | Scene, ViewLayer | Synchronizing object | Zip_Tape.R
Fra:26 Mem:20.54M (Peak 20.54M) | Time:00:00.13 | Mem:0.00M, Peak:0.00M | Scene, ViewLayer | Synchronizing object | Palm.R
Fra:26 Mem:20.58M (Peak 20.58M) | Time:00:00.13 | Mem:0.00M, Peak:0.00M | Scene, ViewLayer | Synchronizing object | Index_Mesh.R
Fra:26 Mem:20.59M (Peak 20.59M) | Time:00:00.13 | Mem:0.00M, Peak:0.00M | Scene, ViewLayer | Synchronizing object | Middle_Mesh.R
Fra:26 Mem:20.60M (Peak 20.60M) | Time:00:00.13 | Mem:0.00M, Peak:0.00M | Scene, ViewLayer | Synchronizing object | Ring_Mesh.R
Fra:26 Mem:20.60M (Peak 20.60M) | Time:00:00.13 | Mem:0.00M, Peak:0.00M | Scene, ViewLayer | Synchronizing object | Pinky_Mesh.R
Fra:26 Mem:20.61M (Peak 20.61M) | Time:00:00.13 | Mem:0.00M, Peak:0.00M | Scene, ViewLayer | Synchronizing object | Thumb_Mesh.R
Fra:26 Mem:20.70M (Peak 20.70M) | Time:00:00.16 | Mem:0.00M, Peak:0.00M | Scene, ViewLayer | Synchronizing object | Leg.R
Fra:26 Mem:20.89M (Peak 20.89M) | Time:00:00.20 | Mem:0.00M, Peak:0.00M | Scene, ViewLayer | Synchronizing object | Shorts.R
Fra:26 Mem:20.99M (Peak 20.99M) | Time:00:00.20 | Mem:0.00M, Peak:0.00M | Scene, ViewLayer | Synchronizing object | Shorts_Hem.R
Fra:26 Mem:21.00M (Peak 21.00M) | Time:00:00.20 | Mem:0.00M, Peak:0.00M | Scene, ViewLayer | Synchronizing object | Sneaker_Sole.R
Fra:26 Mem:21.01M (Peak 21.01M) | Time:00:00.20 | Mem:0.00M, Peak:0.00M | Scene, ViewLayer | Synchronizing object | Sneaker_Upper.R
Fra:26 Mem:21.03M (Peak 21.03M) | Time:00:00.20 | Mem:0.00M, Peak:0.00M | Scene, ViewLayer | Synchronizing object | Sock.R
Fra:26 Mem:21.05M (Peak 21.05M) | Time:00:00.20 | Mem:0.00M, Peak:0.00M | Scene, ViewLayer | Synchronizing object | Lace_0.R
Fra:26 Mem:21.05M (Peak 21.05M) | Time:00:00.20 | Mem:0.00M, Peak:0.00M | Scene, ViewLayer | Synchronizing object | Lace_1.R
Fra:26 Mem:21.05M (Peak 21.05M) | Time:00:00.20 | Mem:0.00M, Peak:0.00M | Scene, ViewLayer | Synchronizing object | Lace_2.R
Fra:26 Mem:21.06M (Peak 21.06M) | Time:00:00.20 | Mem:0.00M, Peak:0.00M | Scene, ViewLayer | Synchronizing object | Heel_Tab.R
Fra:26 Mem:21.62M (Peak 21.62M) | Time:00:00.23 | Mem:0.00M, Peak:0.00M | Scene, ViewLayer | Synchronizing object | Jacket_ContinuousShoulders
Fra:26 Mem:22.84M (Peak 22.84M) | Time:00:00.64 | Mem:0.00M, Peak:0.00M | Scene, ViewLayer | Synchronizing object | Face_Head
Fra:26 Mem:23.51M (Peak 23.51M) | Time:00:00.65 | Mem:0.00M, Peak:0.00M | Scene, ViewLayer | Synchronizing object | Ear.L
Fra:26 Mem:23.56M (Peak 23.56M) | Time:00:00.65 | Mem:0.00M, Peak:0.00M | Scene, ViewLayer | Synchronizing object | Ear_Fold.L
Fra:26 Mem:23.61M (Peak 23.61M) | Time:00:00.66 | Mem:0.00M, Peak:0.00M | Scene, ViewLayer | Synchronizing object | Ear.R
Fra:26 Mem:23.67M (Peak 23.67M) | Time:00:00.66 | Mem:0.00M, Peak:0.00M | Scene, ViewLayer | Synchronizing object | Ear_Fold.R
Fra:26 Mem:23.68M (Peak 23.68M) | Time:00:00.66 | Mem:0.00M, Peak:0.00M | Scene, ViewLayer | Synchronizing object | Eye_White.L
Fra:26 Mem:23.69M (Peak 23.69M) | Time:00:00.66 | Mem:0.00M, Peak:0.00M | Scene, ViewLayer | Synchronizing object | Iris_hair.L
Fra:26 Mem:23.70M (Peak 23.70M) | Time:00:00.66 | Mem:0.00M, Peak:0.00M | Scene, ViewLayer | Synchronizing object | Iris_ink.L
Fra:26 Mem:23.70M (Peak 23.70M) | Time:00:00.66 | Mem:0.00M, Peak:0.00M | Scene, ViewLayer | Synchronizing object | Eye_Glint.L
Fra:26 Mem:23.71M (Peak 23.71M) | Time:00:00.66 | Mem:0.00M, Peak:0.00M | Scene, ViewLayer | Synchronizing object | Upper_Lid.L
Fra:26 Mem:23.72M (Peak 23.72M) | Time:00:00.66 | Mem:0.00M, Peak:0.00M | Scene, ViewLayer | Synchronizing object | Lower_Lid.L
Fra:26 Mem:23.72M (Peak 23.72M) | Time:00:00.66 | Mem:0.00M, Peak:0.00M | Scene, ViewLayer | Synchronizing object | Eyebrow.L
Fra:26 Mem:23.73M (Peak 23.73M) | Time:00:00.66 | Mem:0.00M, Peak:0.00M | Scene, ViewLayer | Synchronizing object | Eye_White.R
Fra:26 Mem:23.74M (Peak 23.74M) | Time:00:00.66 | Mem:0.00M, Peak:0.00M | Scene, ViewLayer | Synchronizing object | Iris_hair.R
Fra:26 Mem:23.75M (Peak 23.75M) | Time:00:00.66 | Mem:0.00M, Peak:0.00M | Scene, ViewLayer | Synchronizing object | Iris_ink.R
Fra:26 Mem:23.75M (Peak 23.75M) | Time:00:00.66 | Mem:0.00M, Peak:0.00M | Scene, ViewLayer | Synchronizing object | Eye_Glint.R
Fra:26 Mem:23.76M (Peak 23.76M) | Time:00:00.66 | Mem:0.00M, Peak:0.00M | Scene, ViewLayer | Synchronizing object | Upper_Lid.R
Fra:26 Mem:23.77M (Peak 23.77M) | Time:00:00.66 | Mem:0.00M, Peak:0.00M | Scene, ViewLayer | Synchronizing object | Lower_Lid.R
Fra:26 Mem:23.78M (Peak 23.78M) | Time:00:00.66 | Mem:0.00M, Peak:0.00M | Scene, ViewLayer | Synchronizing object | Eyebrow.R
Fra:26 Mem:23.78M (Peak 23.78M) | Time:00:00.66 | Mem:0.00M, Peak:0.00M | Scene, ViewLayer | Synchronizing object | Mouth
Fra:26 Mem:23.79M (Peak 23.79M) | Time:00:00.66 | Mem:0.00M, Peak:0.00M | Scene, ViewLayer | Synchronizing object | Hair_Cap
Fra:26 Mem:24.96M (Peak 24.96M) | Time:00:00.70 | Mem:0.00M, Peak:0.00M | Scene, ViewLayer | Synchronizing object | Hair_CrownBase
Fra:26 Mem:25.02M (Peak 25.02M) | Time:00:00.70 | Mem:0.00M, Peak:0.00M | Scene, ViewLayer | Synchronizing object | Review_Rim
Fra:26 Mem:25.05M (Peak 25.05M) | Time:00:00.70 | Mem:0.00M, Peak:0.00M | Scene, ViewLayer | Synchronizing object | Review_Fill
Fra:26 Mem:25.05M (Peak 25.05M) | Time:00:00.70 | Mem:0.00M, Peak:0.00M | Scene, ViewLayer | Synchronizing object | Review_Key
Fra:26 Mem:25.05M (Peak 25.05M) | Time:00:00.70 | Mem:0.00M, Peak:0.00M | Scene, ViewLayer | Synchronizing object | Review_Ground
Fra:26 Mem:25.07M (Peak 25.07M) | Time:00:00.70 | Mem:0.00M, Peak:0.00M | Scene, ViewLayer | Synchronizing object | Drawing_Pen_0.16
Fra:26 Mem:25.05M (Peak 25.07M) | Time:00:00.70 | Mem:0.00M, Peak:0.00M | Scene, ViewLayer | Synchronizing object | Bangs_00
Fra:26 Mem:25.06M (Peak 25.07M) | Time:00:00.70 | Mem:0.00M, Peak:0.00M | Scene, ViewLayer | Synchronizing object | Drawing_Pen_0.136
Fra:26 Mem:25.07M (Peak 25.07M) | Time:00:00.70 | Mem:0.00M, Peak:0.00M | Scene, ViewLayer | Synchronizing object | Pen_Pouch
Fra:26 Mem:25.07M (Peak 25.07M) | Time:00:00.70 | Mem:0.00M, Peak:0.00M | Scene, ViewLayer | Synchronizing object | Bangs_01
Fra:26 Mem:25.09M (Peak 25.09M) | Time:00:00.70 | Mem:0.00M, Peak:0.00M | Scene, ViewLayer | Synchronizing object | Hair_Clip_1
Fra:26 Mem:25.10M (Peak 25.10M) | Time:00:00.70 | Mem:0.00M, Peak:0.00M | Scene, ViewLayer | Synchronizing object | Hair_Clip_0
Fra:26 Mem:25.10M (Peak 25.10M) | Time:00:00.70 | Mem:0.00M, Peak:0.00M | Scene, ViewLayer | Synchronizing object | Bangs_02
Fra:26 Mem:25.10M (Peak 25.10M) | Time:00:00.70 | Mem:0.00M, Peak:0.00M | Scene, ViewLayer | Synchronizing object | Temple_0.R
Fra:26 Mem:25.13M (Peak 25.13M) | Time:00:00.70 | Mem:0.00M, Peak:0.00M | Scene, ViewLayer | Synchronizing object | Bangs_03
Fra:26 Mem:25.13M (Peak 25.13M) | Time:00:00.70 | Mem:0.00M, Peak:0.00M | Scene, ViewLayer | Synchronizing object | Temple_0.L
Fra:26 Mem:25.17M (Peak 25.17M) | Time:00:00.70 | Mem:0.00M, Peak:0.00M | Scene, ViewLayer | Initializing
Fra:26 Mem:20.44M (Peak 25.17M) | Time:00:00.70 | Mem:0.00M, Peak:0.00M | Scene, ViewLayer | Updating Images | Loading CHR002_GreyStudy_BaseColor
Fra:26 Mem:21.90M (Peak 28.45M) | Time:00:00.71 | Mem:4.00M, Peak:4.00M | Scene, ViewLayer | Waiting for render to start
Fra:26 Mem:21.90M (Peak 28.45M) | Time:00:00.71 | Mem:4.00M, Peak:4.00M | Scene, ViewLayer | Updating Scene
Fra:26 Mem:21.90M (Peak 28.45M) | Time:00:00.71 | Mem:4.00M, Peak:4.00M | Scene, ViewLayer | Updating Shaders
Fra:26 Mem:21.90M (Peak 28.45M) | Time:00:00.71 | Mem:4.00M, Peak:4.00M | Scene, ViewLayer | Loading render kernels (may take a few minutes the first time)
Fra:26 Mem:21.98M (Peak 28.45M) | Time:00:00.71 | Mem:4.00M, Peak:4.00M | Scene, ViewLayer | Updating Procedurals
Fra:26 Mem:21.98M (Peak 28.45M) | Time:00:00.71 | Mem:4.00M, Peak:4.00M | Scene, ViewLayer | Updating Background
Fra:26 Mem:21.98M (Peak 28.45M) | Time:00:00.71 | Mem:4.00M, Peak:4.00M | Scene, ViewLayer | Updating Camera
Fra:26 Mem:21.98M (Peak 28.45M) | Time:00:00.71 | Mem:4.00M, Peak:4.00M | Scene, ViewLayer | Updating Meshes Flags
Fra:26 Mem:21.98M (Peak 28.45M) | Time:00:00.71 | Mem:4.00M, Peak:4.00M | Scene, ViewLayer | Updating Objects
Fra:26 Mem:21.98M (Peak 28.45M) | Time:00:00.71 | Mem:4.00M, Peak:4.00M | Scene, ViewLayer | Updating Objects | Copying Transformations to device
Fra:26 Mem:22.00M (Peak 28.45M) | Time:00:00.71 | Mem:4.02M, Peak:4.02M | Scene, ViewLayer | Updating Particle Systems
Fra:26 Mem:22.00M (Peak 28.45M) | Time:00:00.71 | Mem:4.02M, Peak:4.02M | Scene, ViewLayer | Updating Particle Systems | Copying Particles to device
Fra:26 Mem:22.00M (Peak 28.45M) | Time:00:00.71 | Mem:4.02M, Peak:4.02M | Scene, ViewLayer | Updating Meshes
Fra:26 Mem:22.00M (Peak 28.45M) | Time:00:00.71 | Mem:4.02M, Peak:4.02M | Scene, ViewLayer | Updating Objects | Applying Static Transformations
Fra:26 Mem:22.00M (Peak 28.45M) | Time:00:00.71 | Mem:4.02M, Peak:4.02M | Scene, ViewLayer | Updating Mesh | Computing attributes
Fra:26 Mem:23.16M (Peak 28.45M) | Time:00:00.71 | Mem:4.03M, Peak:4.03M | Scene, ViewLayer | Updating Mesh | Copying Attributes to device
Fra:26 Mem:23.15M (Peak 28.45M) | Time:00:00.71 | Mem:5.17M, Peak:5.17M | Scene, ViewLayer | Updating Scene BVH | Building
Fra:26 Mem:23.15M (Peak 28.45M) | Time:00:00.71 | Mem:5.17M, Peak:5.17M | Scene, ViewLayer | Updating Scene BVH | Building BVH
Fra:26 Mem:23.15M (Peak 28.45M) | Time:00:00.71 | Mem:6.38M, Peak:6.38M | Scene, ViewLayer | Updating Scene BVH | Building BVH 0%
Fra:26 Mem:23.15M (Peak 28.45M) | Time:00:00.72 | Mem:7.70M, Peak:8.91M | Scene, ViewLayer | Updating Scene BVH | Copying BVH to device
Fra:26 Mem:23.15M (Peak 28.45M) | Time:00:00.72 | Mem:7.70M, Peak:8.91M | Scene, ViewLayer | Updating Mesh | Computing normals
Fra:26 Mem:24.22M (Peak 28.45M) | Time:00:00.72 | Mem:7.70M, Peak:8.91M | Scene, ViewLayer | Updating Mesh | Copying Mesh to device
Fra:26 Mem:24.22M (Peak 28.45M) | Time:00:00.72 | Mem:8.77M, Peak:8.91M | Scene, ViewLayer | Updating Objects Flags
Fra:26 Mem:24.22M (Peak 28.45M) | Time:00:00.72 | Mem:8.77M, Peak:8.91M | Scene, ViewLayer | Updating Primitive Offsets
Fra:26 Mem:24.22M (Peak 28.45M) | Time:00:00.72 | Mem:8.77M, Peak:8.91M | Scene, ViewLayer | Updating Images
Fra:26 Mem:24.22M (Peak 28.45M) | Time:00:00.72 | Mem:8.77M, Peak:8.91M | Scene, ViewLayer | Updating Camera Volume
Fra:26 Mem:24.22M (Peak 28.45M) | Time:00:00.72 | Mem:8.77M, Peak:8.91M | Scene, ViewLayer | Updating Lookup Tables
Fra:26 Mem:24.22M (Peak 28.45M) | Time:00:00.72 | Mem:8.85M, Peak:8.91M | Scene, ViewLayer | Updating Lights
Fra:26 Mem:24.22M (Peak 28.45M) | Time:00:00.72 | Mem:8.85M, Peak:8.91M | Scene, ViewLayer | Updating Lights | Computing tree
Fra:26 Mem:24.22M (Peak 28.45M) | Time:00:00.72 | Mem:8.85M, Peak:8.91M | Scene, ViewLayer | Updating Integrator
Fra:26 Mem:24.22M (Peak 28.45M) | Time:00:00.72 | Mem:8.85M, Peak:8.91M | Scene, ViewLayer | Updating Film
Fra:26 Mem:24.22M (Peak 28.45M) | Time:00:00.72 | Mem:8.77M, Peak:8.91M | Scene, ViewLayer | Updating Lookup Tables
Fra:26 Mem:24.22M (Peak 28.45M) | Time:00:00.72 | Mem:8.86M, Peak:8.91M | Scene, ViewLayer | Updating Baking
Fra:26 Mem:24.22M (Peak 28.45M) | Time:00:00.72 | Mem:8.86M, Peak:8.91M | Scene, ViewLayer | Updating Device | Writing constant memory
Fra:26 Mem:24.23M (Peak 28.45M) | Time:00:00.72 | Mem:8.86M, Peak:8.91M | Scene, ViewLayer | Loading denoising kernels (may take a few minutes the first time)
Fra:26 Mem:24.23M (Peak 28.45M) | Time:00:00.72 | Mem:8.86M, Peak:8.91M | Scene, ViewLayer | Sample 0/16
Fra:26 Mem:46.51M (Peak 46.51M) | Time:00:01.00 | Remaining:00:04.21 | Mem:31.13M, Peak:31.13M | Scene, ViewLayer | Sample 1/16
Fra:26 Mem:55.89M (Peak 69.96M) | Time:00:08.45 | Mem:31.13M, Peak:31.13M | Scene, ViewLayer | Sample 16/16
Fra:26 Mem:55.89M (Peak 69.96M) | Time:00:08.45 | Mem:31.13M, Peak:31.13M | Scene, ViewLayer | Finished
Saved: '/home/lzzz/MyProjects/N-SIDE/output/characters/CHR-002/ling-model-r1/final/run-05.png'
Time: 00:08.47 (Saving: 00:00.02)

Fra:31 Mem:19.76M (Peak 19.92M) | Time:00:00.04 | Mem:0.00M, Peak:0.00M | Scene, ViewLayer | Synchronizing object | TShirt
Fra:31 Mem:19.92M (Peak 19.92M) | Time:00:00.04 | Mem:0.00M, Peak:0.00M | Scene, ViewLayer | Synchronizing object | TShirt_Collar
Fra:31 Mem:19.94M (Peak 19.94M) | Time:00:00.04 | Mem:0.00M, Peak:0.00M | Scene, ViewLayer | Synchronizing object | Sleeve_Cuff.L
Fra:31 Mem:19.94M (Peak 19.94M) | Time:00:00.04 | Mem:0.00M, Peak:0.00M | Scene, ViewLayer | Synchronizing object | Zip_Tape.L
Fra:31 Mem:19.98M (Peak 19.98M) | Time:00:00.05 | Mem:0.00M, Peak:0.00M | Scene, ViewLayer | Synchronizing object | Palm.L
Fra:31 Mem:20.03M (Peak 20.03M) | Time:00:00.05 | Mem:0.00M, Peak:0.00M | Scene, ViewLayer | Synchronizing object | Index_Mesh.L
Fra:31 Mem:20.04M (Peak 20.04M) | Time:00:00.05 | Mem:0.00M, Peak:0.00M | Scene, ViewLayer | Synchronizing object | Middle_Mesh.L
Fra:31 Mem:20.04M (Peak 20.04M) | Time:00:00.05 | Mem:0.00M, Peak:0.00M | Scene, ViewLayer | Synchronizing object | Ring_Mesh.L
Fra:31 Mem:20.05M (Peak 20.05M) | Time:00:00.05 | Mem:0.00M, Peak:0.00M | Scene, ViewLayer | Synchronizing object | Pinky_Mesh.L
Fra:31 Mem:20.06M (Peak 20.06M) | Time:00:00.05 | Mem:0.00M, Peak:0.00M | Scene, ViewLayer | Synchronizing object | Thumb_Mesh.L
Fra:31 Mem:20.15M (Peak 20.15M) | Time:00:00.09 | Mem:0.00M, Peak:0.00M | Scene, ViewLayer | Synchronizing object | Leg.L
Fra:31 Mem:20.34M (Peak 20.34M) | Time:00:00.12 | Mem:0.00M, Peak:0.00M | Scene, ViewLayer | Synchronizing object | Shorts.L
Fra:31 Mem:20.43M (Peak 20.43M) | Time:00:00.12 | Mem:0.00M, Peak:0.00M | Scene, ViewLayer | Synchronizing object | Shorts_Hem.L
Fra:31 Mem:20.43M (Peak 20.43M) | Time:00:00.12 | Mem:0.00M, Peak:0.00M | Scene, ViewLayer | Synchronizing object | Sneaker_Sole.L
Fra:31 Mem:20.45M (Peak 20.45M) | Time:00:00.12 | Mem:0.00M, Peak:0.00M | Scene, ViewLayer | Synchronizing object | Sneaker_Upper.L
Fra:31 Mem:20.47M (Peak 20.47M) | Time:00:00.12 | Mem:0.00M, Peak:0.00M | Scene, ViewLayer | Synchronizing object | Sock.L
Fra:31 Mem:20.48M (Peak 20.48M) | Time:00:00.12 | Mem:0.00M, Peak:0.00M | Scene, ViewLayer | Synchronizing object | Lace_0.L
Fra:31 Mem:20.48M (Peak 20.48M) | Time:00:00.12 | Mem:0.00M, Peak:0.00M | Scene, ViewLayer | Synchronizing object | Lace_1.L
Fra:31 Mem:20.49M (Peak 20.49M) | Time:00:00.12 | Mem:0.00M, Peak:0.00M | Scene, ViewLayer | Synchronizing object | Lace_2.L
Fra:31 Mem:20.49M (Peak 20.49M) | Time:00:00.12 | Mem:0.00M, Peak:0.00M | Scene, ViewLayer | Synchronizing object | Heel_Tab.L
Fra:31 Mem:20.49M (Peak 20.49M) | Time:00:00.12 | Mem:0.00M, Peak:0.00M | Scene, ViewLayer | Synchronizing object | Sleeve_Cuff.R
Fra:31 Mem:20.50M (Peak 20.50M) | Time:00:00.12 | Mem:0.00M, Peak:0.00M | Scene, ViewLayer | Synchronizing object | Zip_Tape.R
Fra:31 Mem:20.54M (Peak 20.54M) | Time:00:00.13 | Mem:0.00M, Peak:0.00M | Scene, ViewLayer | Synchronizing object | Palm.R
Fra:31 Mem:20.60M (Peak 20.60M) | Time:00:00.13 | Mem:0.00M, Peak:0.00M | Scene, ViewLayer | Synchronizing object | Index_Mesh.R
Fra:31 Mem:20.59M (Peak 20.60M) | Time:00:00.13 | Mem:0.00M, Peak:0.00M | Scene, ViewLayer | Synchronizing object | Middle_Mesh.R
Fra:31 Mem:20.60M (Peak 20.60M) | Time:00:00.13 | Mem:0.00M, Peak:0.00M | Scene, ViewLayer | Synchronizing object | Ring_Mesh.R
Fra:31 Mem:20.60M (Peak 20.60M) | Time:00:00.13 | Mem:0.00M, Peak:0.00M | Scene, ViewLayer | Synchronizing object | Pinky_Mesh.R
Fra:31 Mem:20.61M (Peak 20.61M) | Time:00:00.13 | Mem:0.00M, Peak:0.00M | Scene, ViewLayer | Synchronizing object | Thumb_Mesh.R
Fra:31 Mem:20.70M (Peak 20.70M) | Time:00:00.17 | Mem:0.00M, Peak:0.00M | Scene, ViewLayer | Synchronizing object | Leg.R
Fra:31 Mem:20.89M (Peak 20.89M) | Time:00:00.20 | Mem:0.00M, Peak:0.00M | Scene, ViewLayer | Synchronizing object | Shorts.R
Fra:31 Mem:20.99M (Peak 20.99M) | Time:00:00.20 | Mem:0.00M, Peak:0.00M | Scene, ViewLayer | Synchronizing object | Shorts_Hem.R
Fra:31 Mem:21.00M (Peak 21.00M) | Time:00:00.20 | Mem:0.00M, Peak:0.00M | Scene, ViewLayer | Synchronizing object | Sneaker_Sole.R
Fra:31 Mem:21.01M (Peak 21.01M) | Time:00:00.20 | Mem:0.00M, Peak:0.00M | Scene, ViewLayer | Synchronizing object | Sneaker_Upper.R
Fra:31 Mem:21.03M (Peak 21.03M) | Time:00:00.20 | Mem:0.00M, Peak:0.00M | Scene, ViewLayer | Synchronizing object | Sock.R
Fra:31 Mem:21.05M (Peak 21.05M) | Time:00:00.20 | Mem:0.00M, Peak:0.00M | Scene, ViewLayer | Synchronizing object | Lace_0.R
Fra:31 Mem:21.05M (Peak 21.05M) | Time:00:00.20 | Mem:0.00M, Peak:0.00M | Scene, ViewLayer | Synchronizing object | Lace_1.R
Fra:31 Mem:21.05M (Peak 21.05M) | Time:00:00.20 | Mem:0.00M, Peak:0.00M | Scene, ViewLayer | Synchronizing object | Lace_2.R
Fra:31 Mem:21.06M (Peak 21.06M) | Time:00:00.20 | Mem:0.00M, Peak:0.00M | Scene, ViewLayer | Synchronizing object | Heel_Tab.R
Fra:31 Mem:21.62M (Peak 21.62M) | Time:00:00.24 | Mem:0.00M, Peak:0.00M | Scene, ViewLayer | Synchronizing object | Jacket_ContinuousShoulders
Fra:31 Mem:22.84M (Peak 22.84M) | Time:00:00.65 | Mem:0.00M, Peak:0.00M | Scene, ViewLayer | Synchronizing object | Face_Head
Fra:31 Mem:23.51M (Peak 23.51M) | Time:00:00.67 | Mem:0.00M, Peak:0.00M | Scene, ViewLayer | Synchronizing object | Ear.L
Fra:31 Mem:23.56M (Peak 23.56M) | Time:00:00.67 | Mem:0.00M, Peak:0.00M | Scene, ViewLayer | Synchronizing object | Ear_Fold.L
Fra:31 Mem:23.61M (Peak 23.61M) | Time:00:00.68 | Mem:0.00M, Peak:0.00M | Scene, ViewLayer | Synchronizing object | Ear.R
Fra:31 Mem:23.67M (Peak 23.67M) | Time:00:00.68 | Mem:0.00M, Peak:0.00M | Scene, ViewLayer | Synchronizing object | Ear_Fold.R
Fra:31 Mem:23.68M (Peak 23.68M) | Time:00:00.68 | Mem:0.00M, Peak:0.00M | Scene, ViewLayer | Synchronizing object | Eye_White.L
Fra:31 Mem:23.69M (Peak 23.69M) | Time:00:00.68 | Mem:0.00M, Peak:0.00M | Scene, ViewLayer | Synchronizing object | Iris_hair.L
Fra:31 Mem:23.69M (Peak 23.69M) | Time:00:00.68 | Mem:0.00M, Peak:0.00M | Scene, ViewLayer | Synchronizing object | Iris_ink.L
Fra:31 Mem:23.70M (Peak 23.70M) | Time:00:00.68 | Mem:0.00M, Peak:0.00M | Scene, ViewLayer | Synchronizing object | Eye_Glint.L
Fra:31 Mem:23.71M (Peak 23.71M) | Time:00:00.68 | Mem:0.00M, Peak:0.00M | Scene, ViewLayer | Synchronizing object | Upper_Lid.L
Fra:31 Mem:23.72M (Peak 23.72M) | Time:00:00.68 | Mem:0.00M, Peak:0.00M | Scene, ViewLayer | Synchronizing object | Lower_Lid.L
Fra:31 Mem:23.72M (Peak 23.72M) | Time:00:00.68 | Mem:0.00M, Peak:0.00M | Scene, ViewLayer | Synchronizing object | Eyebrow.L
Fra:31 Mem:23.73M (Peak 23.73M) | Time:00:00.68 | Mem:0.00M, Peak:0.00M | Scene, ViewLayer | Synchronizing object | Eye_White.R
Fra:31 Mem:23.74M (Peak 23.74M) | Time:00:00.68 | Mem:0.00M, Peak:0.00M | Scene, ViewLayer | Synchronizing object | Iris_hair.R
Fra:31 Mem:23.75M (Peak 23.75M) | Time:00:00.68 | Mem:0.00M, Peak:0.00M | Scene, ViewLayer | Synchronizing object | Iris_ink.R
Fra:31 Mem:23.75M (Peak 23.75M) | Time:00:00.68 | Mem:0.00M, Peak:0.00M | Scene, ViewLayer | Synchronizing object | Eye_Glint.R
Fra:31 Mem:23.76M (Peak 23.76M) | Time:00:00.68 | Mem:0.00M, Peak:0.00M | Scene, ViewLayer | Synchronizing object | Upper_Lid.R
Fra:31 Mem:23.77M (Peak 23.77M) | Time:00:00.68 | Mem:0.00M, Peak:0.00M | Scene, ViewLayer | Synchronizing object | Lower_Lid.R
Fra:31 Mem:23.78M (Peak 23.78M) | Time:00:00.68 | Mem:0.00M, Peak:0.00M | Scene, ViewLayer | Synchronizing object | Eyebrow.R
Fra:31 Mem:23.78M (Peak 23.78M) | Time:00:00.68 | Mem:0.00M, Peak:0.00M | Scene, ViewLayer | Synchronizing object | Mouth
Fra:31 Mem:23.79M (Peak 23.79M) | Time:00:00.68 | Mem:0.00M, Peak:0.00M | Scene, ViewLayer | Synchronizing object | Hair_Cap
Fra:31 Mem:24.96M (Peak 24.96M) | Time:00:00.72 | Mem:0.00M, Peak:0.00M | Scene, ViewLayer | Synchronizing object | Hair_CrownBase
Fra:31 Mem:25.02M (Peak 25.02M) | Time:00:00.72 | Mem:0.00M, Peak:0.00M | Scene, ViewLayer | Synchronizing object | Review_Rim
Fra:31 Mem:25.03M (Peak 25.03M) | Time:00:00.72 | Mem:0.00M, Peak:0.00M | Scene, ViewLayer | Synchronizing object | Review_Fill
Fra:31 Mem:25.03M (Peak 25.03M) | Time:00:00.72 | Mem:0.00M, Peak:0.00M | Scene, ViewLayer | Synchronizing object | Review_Key
Fra:31 Mem:25.05M (Peak 25.05M) | Time:00:00.72 | Mem:0.00M, Peak:0.00M | Scene, ViewLayer | Synchronizing object | Review_Ground
Fra:31 Mem:25.07M (Peak 25.07M) | Time:00:00.72 | Mem:0.00M, Peak:0.00M | Scene, ViewLayer | Synchronizing object | Drawing_Pen_0.16
Fra:31 Mem:25.05M (Peak 25.07M) | Time:00:00.72 | Mem:0.00M, Peak:0.00M | Scene, ViewLayer | Synchronizing object | Bangs_00
Fra:31 Mem:25.06M (Peak 25.07M) | Time:00:00.72 | Mem:0.00M, Peak:0.00M | Scene, ViewLayer | Synchronizing object | Drawing_Pen_0.136
Fra:31 Mem:25.07M (Peak 25.07M) | Time:00:00.72 | Mem:0.00M, Peak:0.00M | Scene, ViewLayer | Synchronizing object | Pen_Pouch
Fra:31 Mem:25.07M (Peak 25.07M) | Time:00:00.72 | Mem:0.00M, Peak:0.00M | Scene, ViewLayer | Synchronizing object | Bangs_01
Fra:31 Mem:25.09M (Peak 25.09M) | Time:00:00.72 | Mem:0.00M, Peak:0.00M | Scene, ViewLayer | Synchronizing object | Hair_Clip_1
Fra:31 Mem:25.10M (Peak 25.10M) | Time:00:00.72 | Mem:0.00M, Peak:0.00M | Scene, ViewLayer | Synchronizing object | Hair_Clip_0
Fra:31 Mem:25.10M (Peak 25.10M) | Time:00:00.72 | Mem:0.00M, Peak:0.00M | Scene, ViewLayer | Synchronizing object | Bangs_02
Fra:31 Mem:25.10M (Peak 25.10M) | Time:00:00.72 | Mem:0.00M, Peak:0.00M | Scene, ViewLayer | Synchronizing object | Temple_0.R
Fra:31 Mem:25.13M (Peak 25.13M) | Time:00:00.72 | Mem:0.00M, Peak:0.00M | Scene, ViewLayer | Synchronizing object | Bangs_03
Fra:31 Mem:25.14M (Peak 25.14M) | Time:00:00.72 | Mem:0.00M, Peak:0.00M | Scene, ViewLayer | Synchronizing object | Temple_0.L
Fra:31 Mem:25.17M (Peak 25.17M) | Time:00:00.72 | Mem:0.00M, Peak:0.00M | Scene, ViewLayer | Initializing
Fra:31 Mem:20.44M (Peak 25.17M) | Time:00:00.72 | Mem:0.00M, Peak:0.00M | Scene, ViewLayer | Updating Images | Loading CHR002_GreyStudy_BaseColor
Fra:31 Mem:21.90M (Peak 28.45M) | Time:00:00.73 | Mem:4.00M, Peak:4.00M | Scene, ViewLayer | Waiting for render to start
Fra:31 Mem:21.90M (Peak 28.45M) | Time:00:00.73 | Mem:4.00M, Peak:4.00M | Scene, ViewLayer | Updating Scene
Fra:31 Mem:21.90M (Peak 28.45M) | Time:00:00.73 | Mem:4.00M, Peak:4.00M | Scene, ViewLayer | Updating Shaders
Fra:31 Mem:21.90M (Peak 28.45M) | Time:00:00.73 | Mem:4.00M, Peak:4.00M | Scene, ViewLayer | Loading render kernels (may take a few minutes the first time)
Fra:31 Mem:21.98M (Peak 28.45M) | Time:00:00.73 | Mem:4.00M, Peak:4.00M | Scene, ViewLayer | Updating Procedurals
Fra:31 Mem:21.98M (Peak 28.45M) | Time:00:00.73 | Mem:4.00M, Peak:4.00M | Scene, ViewLayer | Updating Background
Fra:31 Mem:21.98M (Peak 28.45M) | Time:00:00.73 | Mem:4.00M, Peak:4.00M | Scene, ViewLayer | Updating Camera
Fra:31 Mem:21.98M (Peak 28.45M) | Time:00:00.73 | Mem:4.00M, Peak:4.00M | Scene, ViewLayer | Updating Meshes Flags
Fra:31 Mem:21.98M (Peak 28.45M) | Time:00:00.73 | Mem:4.00M, Peak:4.00M | Scene, ViewLayer | Updating Objects
Fra:31 Mem:21.98M (Peak 28.45M) | Time:00:00.73 | Mem:4.00M, Peak:4.00M | Scene, ViewLayer | Updating Objects | Copying Transformations to device
Fra:31 Mem:22.00M (Peak 28.45M) | Time:00:00.73 | Mem:4.02M, Peak:4.02M | Scene, ViewLayer | Updating Particle Systems
Fra:31 Mem:22.00M (Peak 28.45M) | Time:00:00.73 | Mem:4.02M, Peak:4.02M | Scene, ViewLayer | Updating Particle Systems | Copying Particles to device
Fra:31 Mem:22.00M (Peak 28.45M) | Time:00:00.73 | Mem:4.02M, Peak:4.02M | Scene, ViewLayer | Updating Meshes
Fra:31 Mem:22.00M (Peak 28.45M) | Time:00:00.73 | Mem:4.02M, Peak:4.02M | Scene, ViewLayer | Updating Objects | Applying Static Transformations
Fra:31 Mem:22.00M (Peak 28.45M) | Time:00:00.73 | Mem:4.02M, Peak:4.02M | Scene, ViewLayer | Updating Mesh | Computing attributes
Fra:31 Mem:23.16M (Peak 28.45M) | Time:00:00.73 | Mem:4.03M, Peak:4.03M | Scene, ViewLayer | Updating Mesh | Copying Attributes to device
Fra:31 Mem:23.15M (Peak 28.45M) | Time:00:00.73 | Mem:5.17M, Peak:5.17M | Scene, ViewLayer | Updating Scene BVH | Building
Fra:31 Mem:23.15M (Peak 28.45M) | Time:00:00.73 | Mem:5.17M, Peak:5.17M | Scene, ViewLayer | Updating Scene BVH | Building BVH
Fra:31 Mem:23.15M (Peak 28.45M) | Time:00:00.73 | Mem:6.38M, Peak:6.38M | Scene, ViewLayer | Updating Scene BVH | Building BVH 0%
Fra:31 Mem:23.15M (Peak 28.45M) | Time:00:00.74 | Mem:7.70M, Peak:8.91M | Scene, ViewLayer | Updating Scene BVH | Copying BVH to device
Fra:31 Mem:23.15M (Peak 28.45M) | Time:00:00.74 | Mem:7.70M, Peak:8.91M | Scene, ViewLayer | Updating Mesh | Computing normals
Fra:31 Mem:24.22M (Peak 28.45M) | Time:00:00.74 | Mem:7.70M, Peak:8.91M | Scene, ViewLayer | Updating Mesh | Copying Mesh to device
Fra:31 Mem:24.22M (Peak 28.45M) | Time:00:00.74 | Mem:8.77M, Peak:8.91M | Scene, ViewLayer | Updating Objects Flags
Fra:31 Mem:24.22M (Peak 28.45M) | Time:00:00.74 | Mem:8.77M, Peak:8.91M | Scene, ViewLayer | Updating Primitive Offsets
Fra:31 Mem:24.22M (Peak 28.45M) | Time:00:00.74 | Mem:8.77M, Peak:8.91M | Scene, ViewLayer | Updating Images
Fra:31 Mem:24.22M (Peak 28.45M) | Time:00:00.74 | Mem:8.77M, Peak:8.91M | Scene, ViewLayer | Updating Camera Volume
Fra:31 Mem:24.22M (Peak 28.45M) | Time:00:00.74 | Mem:8.77M, Peak:8.91M | Scene, ViewLayer | Updating Lookup Tables
Fra:31 Mem:24.22M (Peak 28.45M) | Time:00:00.74 | Mem:8.85M, Peak:8.91M | Scene, ViewLayer | Updating Lights
Fra:31 Mem:24.22M (Peak 28.45M) | Time:00:00.74 | Mem:8.85M, Peak:8.91M | Scene, ViewLayer | Updating Lights | Computing tree
Fra:31 Mem:24.22M (Peak 28.45M) | Time:00:00.74 | Mem:8.85M, Peak:8.91M | Scene, ViewLayer | Updating Integrator
Fra:31 Mem:24.22M (Peak 28.45M) | Time:00:00.74 | Mem:8.85M, Peak:8.91M | Scene, ViewLayer | Updating Film
Fra:31 Mem:24.22M (Peak 28.45M) | Time:00:00.74 | Mem:8.77M, Peak:8.91M | Scene, ViewLayer | Updating Lookup Tables
Fra:31 Mem:24.22M (Peak 28.45M) | Time:00:00.74 | Mem:8.86M, Peak:8.91M | Scene, ViewLayer | Updating Baking
Fra:31 Mem:24.22M (Peak 28.45M) | Time:00:00.74 | Mem:8.86M, Peak:8.91M | Scene, ViewLayer | Updating Device | Writing constant memory
Fra:31 Mem:24.23M (Peak 28.45M) | Time:00:00.74 | Mem:8.86M, Peak:8.91M | Scene, ViewLayer | Loading denoising kernels (may take a few minutes the first time)
Fra:31 Mem:24.23M (Peak 28.45M) | Time:00:00.74 | Mem:8.86M, Peak:8.91M | Scene, ViewLayer | Sample 0/16
Fra:31 Mem:46.51M (Peak 46.51M) | Time:00:01.03 | Remaining:00:04.36 | Mem:31.13M, Peak:31.13M | Scene, ViewLayer | Sample 1/16
Fra:31 Mem:55.89M (Peak 69.96M) | Time:00:08.63 | Mem:31.13M, Peak:31.13M | Scene, ViewLayer | Sample 16/16
Fra:31 Mem:55.89M (Peak 69.96M) | Time:00:08.63 | Mem:31.13M, Peak:31.13M | Scene, ViewLayer | Finished
Saved: '/home/lzzz/MyProjects/N-SIDE/output/characters/CHR-002/ling-model-r1/final/run-06.png'
Time: 00:08.67 (Saving: 00:00.03)

Fra:36 Mem:19.76M (Peak 20.01M) | Time:00:00.06 | Mem:0.00M, Peak:0.00M | Scene, ViewLayer | Synchronizing object | TShirt
Fra:36 Mem:19.91M (Peak 20.01M) | Time:00:00.07 | Mem:0.00M, Peak:0.00M | Scene, ViewLayer | Synchronizing object | TShirt_Collar
Fra:36 Mem:19.94M (Peak 20.01M) | Time:00:00.07 | Mem:0.00M, Peak:0.00M | Scene, ViewLayer | Synchronizing object | Sleeve_Cuff.L
Fra:36 Mem:19.94M (Peak 20.01M) | Time:00:00.07 | Mem:0.00M, Peak:0.00M | Scene, ViewLayer | Synchronizing object | Zip_Tape.L
Fra:36 Mem:19.98M (Peak 20.01M) | Time:00:00.09 | Mem:0.00M, Peak:0.00M | Scene, ViewLayer | Synchronizing object | Palm.L
Fra:36 Mem:20.03M (Peak 20.03M) | Time:00:00.09 | Mem:0.00M, Peak:0.00M | Scene, ViewLayer | Synchronizing object | Index_Mesh.L
Fra:36 Mem:20.04M (Peak 20.04M) | Time:00:00.09 | Mem:0.00M, Peak:0.00M | Scene, ViewLayer | Synchronizing object | Middle_Mesh.L
Fra:36 Mem:20.04M (Peak 20.04M) | Time:00:00.09 | Mem:0.00M, Peak:0.00M | Scene, ViewLayer | Synchronizing object | Ring_Mesh.L
Fra:36 Mem:20.05M (Peak 20.05M) | Time:00:00.09 | Mem:0.00M, Peak:0.00M | Scene, ViewLayer | Synchronizing object | Pinky_Mesh.L
Fra:36 Mem:20.06M (Peak 20.06M) | Time:00:00.09 | Mem:0.00M, Peak:0.00M | Scene, ViewLayer | Synchronizing object | Thumb_Mesh.L
Fra:36 Mem:20.15M (Peak 20.15M) | Time:00:00.14 | Mem:0.00M, Peak:0.00M | Scene, ViewLayer | Synchronizing object | Leg.L
Fra:36 Mem:20.34M (Peak 20.34M) | Time:00:00.17 | Mem:0.00M, Peak:0.00M | Scene, ViewLayer | Synchronizing object | Shorts.L
Fra:36 Mem:20.43M (Peak 20.43M) | Time:00:00.17 | Mem:0.00M, Peak:0.00M | Scene, ViewLayer | Synchronizing object | Shorts_Hem.L
Fra:36 Mem:20.43M (Peak 20.43M) | Time:00:00.17 | Mem:0.00M, Peak:0.00M | Scene, ViewLayer | Synchronizing object | Sneaker_Sole.L
Fra:36 Mem:20.45M (Peak 20.45M) | Time:00:00.17 | Mem:0.00M, Peak:0.00M | Scene, ViewLayer | Synchronizing object | Sneaker_Upper.L
Fra:36 Mem:20.47M (Peak 20.47M) | Time:00:00.17 | Mem:0.00M, Peak:0.00M | Scene, ViewLayer | Synchronizing object | Sock.L
Fra:36 Mem:20.48M (Peak 20.48M) | Time:00:00.17 | Mem:0.00M, Peak:0.00M | Scene, ViewLayer | Synchronizing object | Lace_0.L
Fra:36 Mem:20.48M (Peak 20.48M) | Time:00:00.17 | Mem:0.00M, Peak:0.00M | Scene, ViewLayer | Synchronizing object | Lace_1.L
Fra:36 Mem:20.49M (Peak 20.49M) | Time:00:00.17 | Mem:0.00M, Peak:0.00M | Scene, ViewLayer | Synchronizing object | Lace_2.L
Fra:36 Mem:20.49M (Peak 20.49M) | Time:00:00.17 | Mem:0.00M, Peak:0.00M | Scene, ViewLayer | Synchronizing object | Heel_Tab.L
Fra:36 Mem:20.49M (Peak 20.49M) | Time:00:00.17 | Mem:0.00M, Peak:0.00M | Scene, ViewLayer | Synchronizing object | Sleeve_Cuff.R
Fra:36 Mem:20.50M (Peak 20.50M) | Time:00:00.17 | Mem:0.00M, Peak:0.00M | Scene, ViewLayer | Synchronizing object | Zip_Tape.R
Fra:36 Mem:20.54M (Peak 20.54M) | Time:00:00.18 | Mem:0.00M, Peak:0.00M | Scene, ViewLayer | Synchronizing object | Palm.R
Fra:36 Mem:20.58M (Peak 20.58M) | Time:00:00.18 | Mem:0.00M, Peak:0.00M | Scene, ViewLayer | Synchronizing object | Index_Mesh.R
Fra:36 Mem:20.59M (Peak 20.59M) | Time:00:00.18 | Mem:0.00M, Peak:0.00M | Scene, ViewLayer | Synchronizing object | Middle_Mesh.R
Fra:36 Mem:20.60M (Peak 20.60M) | Time:00:00.18 | Mem:0.00M, Peak:0.00M | Scene, ViewLayer | Synchronizing object | Ring_Mesh.R
Fra:36 Mem:20.60M (Peak 20.60M) | Time:00:00.18 | Mem:0.00M, Peak:0.00M | Scene, ViewLayer | Synchronizing object | Pinky_Mesh.R
Fra:36 Mem:20.61M (Peak 20.61M) | Time:00:00.18 | Mem:0.00M, Peak:0.00M | Scene, ViewLayer | Synchronizing object | Thumb_Mesh.R
Fra:36 Mem:20.70M (Peak 20.70M) | Time:00:00.23 | Mem:0.00M, Peak:0.00M | Scene, ViewLayer | Synchronizing object | Leg.R
Fra:36 Mem:20.89M (Peak 20.89M) | Time:00:00.29 | Mem:0.00M, Peak:0.00M | Scene, ViewLayer | Synchronizing object | Shorts.R
Fra:36 Mem:20.99M (Peak 20.99M) | Time:00:00.29 | Mem:0.00M, Peak:0.00M | Scene, ViewLayer | Synchronizing object | Shorts_Hem.R
Fra:36 Mem:21.00M (Peak 21.00M) | Time:00:00.29 | Mem:0.00M, Peak:0.00M | Scene, ViewLayer | Synchronizing object | Sneaker_Sole.R
Fra:36 Mem:21.01M (Peak 21.01M) | Time:00:00.29 | Mem:0.00M, Peak:0.00M | Scene, ViewLayer | Synchronizing object | Sneaker_Upper.R
Fra:36 Mem:21.03M (Peak 21.03M) | Time:00:00.29 | Mem:0.00M, Peak:0.00M | Scene, ViewLayer | Synchronizing object | Sock.R
Fra:36 Mem:21.05M (Peak 21.05M) | Time:00:00.29 | Mem:0.00M, Peak:0.00M | Scene, ViewLayer | Synchronizing object | Lace_0.R
Fra:36 Mem:21.05M (Peak 21.05M) | Time:00:00.29 | Mem:0.00M, Peak:0.00M | Scene, ViewLayer | Synchronizing object | Lace_1.R
Fra:36 Mem:21.05M (Peak 21.05M) | Time:00:00.29 | Mem:0.00M, Peak:0.00M | Scene, ViewLayer | Synchronizing object | Lace_2.R
Fra:36 Mem:21.06M (Peak 21.06M) | Time:00:00.29 | Mem:0.00M, Peak:0.00M | Scene, ViewLayer | Synchronizing object | Heel_Tab.R
Fra:36 Mem:21.62M (Peak 21.62M) | Time:00:00.34 | Mem:0.00M, Peak:0.00M | Scene, ViewLayer | Synchronizing object | Jacket_ContinuousShoulders
Fra:36 Mem:22.84M (Peak 22.84M) | Time:00:01.14 | Mem:0.00M, Peak:0.00M | Scene, ViewLayer | Synchronizing object | Face_Head
Fra:36 Mem:23.51M (Peak 23.51M) | Time:00:01.17 | Mem:0.00M, Peak:0.00M | Scene, ViewLayer | Synchronizing object | Ear.L
Fra:36 Mem:23.56M (Peak 23.56M) | Time:00:01.17 | Mem:0.00M, Peak:0.00M | Scene, ViewLayer | Synchronizing object | Ear_Fold.L
Fra:36 Mem:23.61M (Peak 23.61M) | Time:00:01.19 | Mem:0.00M, Peak:0.00M | Scene, ViewLayer | Synchronizing object | Ear.R
Fra:36 Mem:23.67M (Peak 23.67M) | Time:00:01.19 | Mem:0.00M, Peak:0.00M | Scene, ViewLayer | Synchronizing object | Ear_Fold.R
Fra:36 Mem:23.68M (Peak 23.68M) | Time:00:01.19 | Mem:0.00M, Peak:0.00M | Scene, ViewLayer | Synchronizing object | Eye_White.L
Fra:36 Mem:23.68M (Peak 23.68M) | Time:00:01.19 | Mem:0.00M, Peak:0.00M | Scene, ViewLayer | Synchronizing object | Iris_hair.L
Fra:36 Mem:23.69M (Peak 23.69M) | Time:00:01.19 | Mem:0.00M, Peak:0.00M | Scene, ViewLayer | Synchronizing object | Iris_ink.L
Fra:36 Mem:23.70M (Peak 23.70M) | Time:00:01.19 | Mem:0.00M, Peak:0.00M | Scene, ViewLayer | Synchronizing object | Eye_Glint.L
Fra:36 Mem:23.71M (Peak 23.71M) | Time:00:01.19 | Mem:0.00M, Peak:0.00M | Scene, ViewLayer | Synchronizing object | Upper_Lid.L
Fra:36 Mem:23.72M (Peak 23.72M) | Time:00:01.19 | Mem:0.00M, Peak:0.00M | Scene, ViewLayer | Synchronizing object | Lower_Lid.L
Fra:36 Mem:23.72M (Peak 23.72M) | Time:00:01.19 | Mem:0.00M, Peak:0.00M | Scene, ViewLayer | Synchronizing object | Eyebrow.L
Fra:36 Mem:23.73M (Peak 23.73M) | Time:00:01.19 | Mem:0.00M, Peak:0.00M | Scene, ViewLayer | Synchronizing object | Eye_White.R
Fra:36 Mem:23.74M (Peak 23.74M) | Time:00:01.19 | Mem:0.00M, Peak:0.00M | Scene, ViewLayer | Synchronizing object | Iris_hair.R
Fra:36 Mem:23.75M (Peak 23.75M) | Time:00:01.19 | Mem:0.00M, Peak:0.00M | Scene, ViewLayer | Synchronizing object | Iris_ink.R
Fra:36 Mem:23.75M (Peak 23.75M) | Time:00:01.19 | Mem:0.00M, Peak:0.00M | Scene, ViewLayer | Synchronizing object | Eye_Glint.R
Fra:36 Mem:23.76M (Peak 23.76M) | Time:00:01.19 | Mem:0.00M, Peak:0.00M | Scene, ViewLayer | Synchronizing object | Upper_Lid.R
Fra:36 Mem:23.77M (Peak 23.77M) | Time:00:01.19 | Mem:0.00M, Peak:0.00M | Scene, ViewLayer | Synchronizing object | Lower_Lid.R
Fra:36 Mem:23.78M (Peak 23.78M) | Time:00:01.19 | Mem:0.00M, Peak:0.00M | Scene, ViewLayer | Synchronizing object | Eyebrow.R
Fra:36 Mem:23.78M (Peak 23.78M) | Time:00:01.19 | Mem:0.00M, Peak:0.00M | Scene, ViewLayer | Synchronizing object | Mouth
Fra:36 Mem:23.79M (Peak 23.79M) | Time:00:01.19 | Mem:0.00M, Peak:0.00M | Scene, ViewLayer | Synchronizing object | Hair_Cap
Fra:36 Mem:24.96M (Peak 24.96M) | Time:00:01.26 | Mem:0.00M, Peak:0.00M | Scene, ViewLayer | Synchronizing object | Hair_CrownBase
Fra:36 Mem:25.02M (Peak 25.02M) | Time:00:01.26 | Mem:0.00M, Peak:0.00M | Scene, ViewLayer | Synchronizing object | Review_Rim
Fra:36 Mem:25.05M (Peak 25.05M) | Time:00:01.26 | Mem:0.00M, Peak:0.00M | Scene, ViewLayer | Synchronizing object | Review_Fill
Fra:36 Mem:25.05M (Peak 25.05M) | Time:00:01.26 | Mem:0.00M, Peak:0.00M | Scene, ViewLayer | Synchronizing object | Review_Key
Fra:36 Mem:25.06M (Peak 25.06M) | Time:00:01.26 | Mem:0.00M, Peak:0.00M | Scene, ViewLayer | Synchronizing object | Review_Ground
Fra:36 Mem:25.05M (Peak 25.06M) | Time:00:01.26 | Mem:0.00M, Peak:0.00M | Scene, ViewLayer | Synchronizing object | Bangs_00
Fra:36 Mem:25.05M (Peak 25.06M) | Time:00:01.26 | Mem:0.00M, Peak:0.00M | Scene, ViewLayer | Synchronizing object | Drawing_Pen_0.16
Fra:36 Mem:25.07M (Peak 25.07M) | Time:00:01.26 | Mem:0.00M, Peak:0.00M | Scene, ViewLayer | Synchronizing object | Drawing_Pen_0.136
Fra:36 Mem:25.08M (Peak 25.08M) | Time:00:01.26 | Mem:0.00M, Peak:0.00M | Scene, ViewLayer | Synchronizing object | Bangs_01
Fra:36 Mem:25.07M (Peak 25.08M) | Time:00:01.26 | Mem:0.00M, Peak:0.00M | Scene, ViewLayer | Synchronizing object | Pen_Pouch
Fra:36 Mem:25.10M (Peak 25.10M) | Time:00:01.26 | Mem:0.00M, Peak:0.00M | Scene, ViewLayer | Synchronizing object | Hair_Clip_1
Fra:36 Mem:25.09M (Peak 25.10M) | Time:00:01.26 | Mem:0.00M, Peak:0.00M | Scene, ViewLayer | Synchronizing object | Bangs_02
Fra:36 Mem:25.10M (Peak 25.10M) | Time:00:01.26 | Mem:0.00M, Peak:0.00M | Scene, ViewLayer | Synchronizing object | Hair_Clip_0
Fra:36 Mem:25.12M (Peak 25.12M) | Time:00:01.26 | Mem:0.00M, Peak:0.00M | Scene, ViewLayer | Synchronizing object | Temple_0.R
Fra:36 Mem:25.12M (Peak 25.12M) | Time:00:01.26 | Mem:0.00M, Peak:0.00M | Scene, ViewLayer | Synchronizing object | Bangs_03
Fra:36 Mem:25.15M (Peak 25.15M) | Time:00:01.26 | Mem:0.00M, Peak:0.00M | Scene, ViewLayer | Synchronizing object | Temple_0.L
Fra:36 Mem:25.17M (Peak 25.17M) | Time:00:01.26 | Mem:0.00M, Peak:0.00M | Scene, ViewLayer | Initializing
Fra:36 Mem:20.44M (Peak 25.17M) | Time:00:01.26 | Mem:0.00M, Peak:0.00M | Scene, ViewLayer | Updating Images | Loading CHR002_GreyStudy_BaseColor
Fra:36 Mem:21.90M (Peak 28.45M) | Time:00:01.28 | Mem:4.00M, Peak:4.00M | Scene, ViewLayer | Waiting for render to start
Fra:36 Mem:21.90M (Peak 28.45M) | Time:00:01.28 | Mem:4.00M, Peak:4.00M | Scene, ViewLayer | Updating Scene
Fra:36 Mem:21.90M (Peak 28.45M) | Time:00:01.28 | Mem:4.00M, Peak:4.00M | Scene, ViewLayer | Updating Shaders
Fra:36 Mem:21.90M (Peak 28.45M) | Time:00:01.28 | Mem:4.00M, Peak:4.00M | Scene, ViewLayer | Loading render kernels (may take a few minutes the first time)
Fra:36 Mem:21.98M (Peak 28.45M) | Time:00:01.28 | Mem:4.00M, Peak:4.00M | Scene, ViewLayer | Updating Procedurals
Fra:36 Mem:21.98M (Peak 28.45M) | Time:00:01.28 | Mem:4.00M, Peak:4.00M | Scene, ViewLayer | Updating Background
Fra:36 Mem:21.98M (Peak 28.45M) | Time:00:01.28 | Mem:4.00M, Peak:4.00M | Scene, ViewLayer | Updating Camera
Fra:36 Mem:21.98M (Peak 28.45M) | Time:00:01.28 | Mem:4.00M, Peak:4.00M | Scene, ViewLayer | Updating Meshes Flags
Fra:36 Mem:21.98M (Peak 28.45M) | Time:00:01.28 | Mem:4.00M, Peak:4.00M | Scene, ViewLayer | Updating Objects
Fra:36 Mem:21.98M (Peak 28.45M) | Time:00:01.28 | Mem:4.00M, Peak:4.00M | Scene, ViewLayer | Updating Objects | Copying Transformations to device
Fra:36 Mem:22.00M (Peak 28.45M) | Time:00:01.28 | Mem:4.02M, Peak:4.02M | Scene, ViewLayer | Updating Particle Systems
Fra:36 Mem:22.00M (Peak 28.45M) | Time:00:01.28 | Mem:4.02M, Peak:4.02M | Scene, ViewLayer | Updating Particle Systems | Copying Particles to device
Fra:36 Mem:22.00M (Peak 28.45M) | Time:00:01.28 | Mem:4.02M, Peak:4.02M | Scene, ViewLayer | Updating Meshes
Fra:36 Mem:22.00M (Peak 28.45M) | Time:00:01.28 | Mem:4.02M, Peak:4.02M | Scene, ViewLayer | Updating Objects | Applying Static Transformations
Fra:36 Mem:22.00M (Peak 28.45M) | Time:00:01.28 | Mem:4.02M, Peak:4.02M | Scene, ViewLayer | Updating Mesh | Computing attributes
Fra:36 Mem:23.16M (Peak 28.45M) | Time:00:01.28 | Mem:4.03M, Peak:4.03M | Scene, ViewLayer | Updating Mesh | Copying Attributes to device
Fra:36 Mem:23.15M (Peak 28.45M) | Time:00:01.28 | Mem:5.17M, Peak:5.17M | Scene, ViewLayer | Updating Scene BVH | Building
Fra:36 Mem:23.15M (Peak 28.45M) | Time:00:01.28 | Mem:5.17M, Peak:5.17M | Scene, ViewLayer | Updating Scene BVH | Building BVH
Fra:36 Mem:23.15M (Peak 28.45M) | Time:00:01.28 | Mem:6.38M, Peak:6.38M | Scene, ViewLayer | Updating Scene BVH | Building BVH 0%
Fra:36 Mem:23.15M (Peak 28.45M) | Time:00:01.29 | Mem:7.70M, Peak:8.91M | Scene, ViewLayer | Updating Scene BVH | Copying BVH to device
Fra:36 Mem:23.15M (Peak 28.45M) | Time:00:01.29 | Mem:7.70M, Peak:8.91M | Scene, ViewLayer | Updating Mesh | Computing normals
Fra:36 Mem:24.22M (Peak 28.45M) | Time:00:01.29 | Mem:7.70M, Peak:8.91M | Scene, ViewLayer | Updating Mesh | Copying Mesh to device
Fra:36 Mem:24.22M (Peak 28.45M) | Time:00:01.29 | Mem:8.77M, Peak:8.91M | Scene, ViewLayer | Updating Objects Flags
Fra:36 Mem:24.22M (Peak 28.45M) | Time:00:01.29 | Mem:8.77M, Peak:8.91M | Scene, ViewLayer | Updating Primitive Offsets
Fra:36 Mem:24.22M (Peak 28.45M) | Time:00:01.29 | Mem:8.77M, Peak:8.91M | Scene, ViewLayer | Updating Images
Fra:36 Mem:24.22M (Peak 28.45M) | Time:00:01.29 | Mem:8.77M, Peak:8.91M | Scene, ViewLayer | Updating Camera Volume
Fra:36 Mem:24.22M (Peak 28.45M) | Time:00:01.29 | Mem:8.77M, Peak:8.91M | Scene, ViewLayer | Updating Lookup Tables
Fra:36 Mem:24.22M (Peak 28.45M) | Time:00:01.29 | Mem:8.85M, Peak:8.91M | Scene, ViewLayer | Updating Lights
Fra:36 Mem:24.22M (Peak 28.45M) | Time:00:01.29 | Mem:8.85M, Peak:8.91M | Scene, ViewLayer | Updating Lights | Computing tree
Fra:36 Mem:24.22M (Peak 28.45M) | Time:00:01.29 | Mem:8.85M, Peak:8.91M | Scene, ViewLayer | Updating Integrator
Fra:36 Mem:24.22M (Peak 28.45M) | Time:00:01.29 | Mem:8.85M, Peak:8.91M | Scene, ViewLayer | Updating Film
Fra:36 Mem:24.22M (Peak 28.45M) | Time:00:01.29 | Mem:8.77M, Peak:8.91M | Scene, ViewLayer | Updating Lookup Tables
Fra:36 Mem:24.22M (Peak 28.45M) | Time:00:01.29 | Mem:8.86M, Peak:8.91M | Scene, ViewLayer | Updating Baking
Fra:36 Mem:24.22M (Peak 28.45M) | Time:00:01.29 | Mem:8.86M, Peak:8.91M | Scene, ViewLayer | Updating Device | Writing constant memory
Fra:36 Mem:24.23M (Peak 28.45M) | Time:00:01.29 | Mem:8.86M, Peak:8.91M | Scene, ViewLayer | Loading denoising kernels (may take a few minutes the first time)
Fra:36 Mem:24.23M (Peak 28.45M) | Time:00:01.29 | Mem:8.86M, Peak:8.91M | Scene, ViewLayer | Sample 0/16
Fra:36 Mem:46.51M (Peak 46.51M) | Time:00:01.74 | Remaining:00:06.75 | Mem:31.13M, Peak:31.13M | Scene, ViewLayer | Sample 1/16
Fra:36 Mem:55.89M (Peak 69.96M) | Time:00:11.89 | Mem:31.13M, Peak:31.13M | Scene, ViewLayer | Sample 16/16
Fra:36 Mem:55.89M (Peak 69.96M) | Time:00:11.89 | Mem:31.13M, Peak:31.13M | Scene, ViewLayer | Finished
Saved: '/home/lzzz/MyProjects/N-SIDE/output/characters/CHR-002/ling-model-r1/final/run-07.png'
Time: 00:11.93 (Saving: 00:00.03)

Fra:1 Mem:19.76M (Peak 19.92M) | Time:00:00.07 | Mem:0.00M, Peak:0.00M | Scene, ViewLayer | Synchronizing object | TShirt
Fra:1 Mem:19.92M (Peak 19.92M) | Time:00:00.07 | Mem:0.00M, Peak:0.00M | Scene, ViewLayer | Synchronizing object | TShirt_Collar
Fra:1 Mem:19.94M (Peak 19.94M) | Time:00:00.07 | Mem:0.00M, Peak:0.00M | Scene, ViewLayer | Synchronizing object | Sleeve_Cuff.L
Fra:1 Mem:19.94M (Peak 19.94M) | Time:00:00.07 | Mem:0.00M, Peak:0.00M | Scene, ViewLayer | Synchronizing object | Zip_Tape.L
Fra:1 Mem:19.98M (Peak 19.98M) | Time:00:00.09 | Mem:0.00M, Peak:0.00M | Scene, ViewLayer | Synchronizing object | Palm.L
Fra:1 Mem:20.03M (Peak 20.03M) | Time:00:00.09 | Mem:0.00M, Peak:0.00M | Scene, ViewLayer | Synchronizing object | Index_Mesh.L
Fra:1 Mem:20.04M (Peak 20.04M) | Time:00:00.10 | Mem:0.00M, Peak:0.00M | Scene, ViewLayer | Synchronizing object | Middle_Mesh.L
Fra:1 Mem:20.04M (Peak 20.04M) | Time:00:00.10 | Mem:0.00M, Peak:0.00M | Scene, ViewLayer | Synchronizing object | Ring_Mesh.L
Fra:1 Mem:20.05M (Peak 20.05M) | Time:00:00.10 | Mem:0.00M, Peak:0.00M | Scene, ViewLayer | Synchronizing object | Pinky_Mesh.L
Fra:1 Mem:20.06M (Peak 20.06M) | Time:00:00.10 | Mem:0.00M, Peak:0.00M | Scene, ViewLayer | Synchronizing object | Thumb_Mesh.L
Fra:1 Mem:20.15M (Peak 20.15M) | Time:00:00.15 | Mem:0.00M, Peak:0.00M | Scene, ViewLayer | Synchronizing object | Leg.L
Fra:1 Mem:20.34M (Peak 20.34M) | Time:00:00.20 | Mem:0.00M, Peak:0.00M | Scene, ViewLayer | Synchronizing object | Shorts.L
Fra:1 Mem:20.43M (Peak 20.43M) | Time:00:00.20 | Mem:0.00M, Peak:0.00M | Scene, ViewLayer | Synchronizing object | Shorts_Hem.L
Fra:1 Mem:20.43M (Peak 20.43M) | Time:00:00.20 | Mem:0.00M, Peak:0.00M | Scene, ViewLayer | Synchronizing object | Sneaker_Sole.L
Fra:1 Mem:20.45M (Peak 20.45M) | Time:00:00.20 | Mem:0.00M, Peak:0.00M | Scene, ViewLayer | Synchronizing object | Sneaker_Upper.L
Fra:1 Mem:20.47M (Peak 20.47M) | Time:00:00.20 | Mem:0.00M, Peak:0.00M | Scene, ViewLayer | Synchronizing object | Sock.L
Fra:1 Mem:20.48M (Peak 20.48M) | Time:00:00.20 | Mem:0.00M, Peak:0.00M | Scene, ViewLayer | Synchronizing object | Lace_0.L
Fra:1 Mem:20.48M (Peak 20.48M) | Time:00:00.20 | Mem:0.00M, Peak:0.00M | Scene, ViewLayer | Synchronizing object | Lace_1.L
Fra:1 Mem:20.49M (Peak 20.49M) | Time:00:00.20 | Mem:0.00M, Peak:0.00M | Scene, ViewLayer | Synchronizing object | Lace_2.L
Fra:1 Mem:20.49M (Peak 20.49M) | Time:00:00.20 | Mem:0.00M, Peak:0.00M | Scene, ViewLayer | Synchronizing object | Heel_Tab.L
Fra:1 Mem:20.49M (Peak 20.49M) | Time:00:00.20 | Mem:0.00M, Peak:0.00M | Scene, ViewLayer | Synchronizing object | Sleeve_Cuff.R
Fra:1 Mem:20.50M (Peak 20.50M) | Time:00:00.20 | Mem:0.00M, Peak:0.00M | Scene, ViewLayer | Synchronizing object | Zip_Tape.R
Fra:1 Mem:20.54M (Peak 20.54M) | Time:00:00.22 | Mem:0.00M, Peak:0.00M | Scene, ViewLayer | Synchronizing object | Palm.R
Fra:1 Mem:20.58M (Peak 20.58M) | Time:00:00.22 | Mem:0.00M, Peak:0.00M | Scene, ViewLayer | Synchronizing object | Index_Mesh.R
Fra:1 Mem:20.59M (Peak 20.59M) | Time:00:00.22 | Mem:0.00M, Peak:0.00M | Scene, ViewLayer | Synchronizing object | Middle_Mesh.R
Fra:1 Mem:20.60M (Peak 20.60M) | Time:00:00.22 | Mem:0.00M, Peak:0.00M | Scene, ViewLayer | Synchronizing object | Ring_Mesh.R
Fra:1 Mem:20.60M (Peak 20.60M) | Time:00:00.22 | Mem:0.00M, Peak:0.00M | Scene, ViewLayer | Synchronizing object | Pinky_Mesh.R
Fra:1 Mem:20.61M (Peak 20.61M) | Time:00:00.22 | Mem:0.00M, Peak:0.00M | Scene, ViewLayer | Synchronizing object | Thumb_Mesh.R
Fra:1 Mem:20.70M (Peak 20.70M) | Time:00:00.26 | Mem:0.00M, Peak:0.00M | Scene, ViewLayer | Synchronizing object | Leg.R
Fra:1 Mem:20.89M (Peak 20.89M) | Time:00:00.29 | Mem:0.00M, Peak:0.00M | Scene, ViewLayer | Synchronizing object | Shorts.R
Fra:1 Mem:20.99M (Peak 20.99M) | Time:00:00.29 | Mem:0.00M, Peak:0.00M | Scene, ViewLayer | Synchronizing object | Shorts_Hem.R
Fra:1 Mem:21.00M (Peak 21.00M) | Time:00:00.29 | Mem:0.00M, Peak:0.00M | Scene, ViewLayer | Synchronizing object | Sneaker_Sole.R
Fra:1 Mem:21.01M (Peak 21.01M) | Time:00:00.29 | Mem:0.00M, Peak:0.00M | Scene, ViewLayer | Synchronizing object | Sneaker_Upper.R
Fra:1 Mem:21.03M (Peak 21.03M) | Time:00:00.29 | Mem:0.00M, Peak:0.00M | Scene, ViewLayer | Synchronizing object | Sock.R
Fra:1 Mem:21.05M (Peak 21.05M) | Time:00:00.29 | Mem:0.00M, Peak:0.00M | Scene, ViewLayer | Synchronizing object | Lace_0.R
Fra:1 Mem:21.05M (Peak 21.05M) | Time:00:00.29 | Mem:0.00M, Peak:0.00M | Scene, ViewLayer | Synchronizing object | Lace_1.R
Fra:1 Mem:21.05M (Peak 21.05M) | Time:00:00.29 | Mem:0.00M, Peak:0.00M | Scene, ViewLayer | Synchronizing object | Lace_2.R
Fra:1 Mem:21.06M (Peak 21.06M) | Time:00:00.29 | Mem:0.00M, Peak:0.00M | Scene, ViewLayer | Synchronizing object | Heel_Tab.R
Fra:1 Mem:21.62M (Peak 21.62M) | Time:00:00.33 | Mem:0.00M, Peak:0.00M | Scene, ViewLayer | Synchronizing object | Jacket_ContinuousShoulders
Fra:1 Mem:22.84M (Peak 22.84M) | Time:00:00.74 | Mem:0.00M, Peak:0.00M | Scene, ViewLayer | Synchronizing object | Face_Head
Fra:1 Mem:23.51M (Peak 23.51M) | Time:00:00.75 | Mem:0.00M, Peak:0.00M | Scene, ViewLayer | Synchronizing object | Ear.L
Fra:1 Mem:23.56M (Peak 23.56M) | Time:00:00.75 | Mem:0.00M, Peak:0.00M | Scene, ViewLayer | Synchronizing object | Ear_Fold.L
Fra:1 Mem:23.61M (Peak 23.61M) | Time:00:00.76 | Mem:0.00M, Peak:0.00M | Scene, ViewLayer | Synchronizing object | Ear.R
Fra:1 Mem:23.67M (Peak 23.67M) | Time:00:00.76 | Mem:0.00M, Peak:0.00M | Scene, ViewLayer | Synchronizing object | Ear_Fold.R
Fra:1 Mem:23.68M (Peak 23.68M) | Time:00:00.76 | Mem:0.00M, Peak:0.00M | Scene, ViewLayer | Synchronizing object | Eye_White.L
Fra:1 Mem:23.69M (Peak 23.69M) | Time:00:00.76 | Mem:0.00M, Peak:0.00M | Scene, ViewLayer | Synchronizing object | Iris_hair.L
Fra:1 Mem:23.69M (Peak 23.69M) | Time:00:00.76 | Mem:0.00M, Peak:0.00M | Scene, ViewLayer | Synchronizing object | Iris_ink.L
Fra:1 Mem:23.70M (Peak 23.70M) | Time:00:00.76 | Mem:0.00M, Peak:0.00M | Scene, ViewLayer | Synchronizing object | Eye_Glint.L
Fra:1 Mem:23.71M (Peak 23.71M) | Time:00:00.76 | Mem:0.00M, Peak:0.00M | Scene, ViewLayer | Synchronizing object | Upper_Lid.L
Fra:1 Mem:23.72M (Peak 23.72M) | Time:00:00.76 | Mem:0.00M, Peak:0.00M | Scene, ViewLayer | Synchronizing object | Lower_Lid.L
Fra:1 Mem:23.72M (Peak 23.72M) | Time:00:00.76 | Mem:0.00M, Peak:0.00M | Scene, ViewLayer | Synchronizing object | Eyebrow.L
Fra:1 Mem:23.73M (Peak 23.73M) | Time:00:00.76 | Mem:0.00M, Peak:0.00M | Scene, ViewLayer | Synchronizing object | Eye_White.R
Fra:1 Mem:23.74M (Peak 23.74M) | Time:00:00.76 | Mem:0.00M, Peak:0.00M | Scene, ViewLayer | Synchronizing object | Iris_hair.R
Fra:1 Mem:23.75M (Peak 23.75M) | Time:00:00.76 | Mem:0.00M, Peak:0.00M | Scene, ViewLayer | Synchronizing object | Iris_ink.R
Fra:1 Mem:23.75M (Peak 23.75M) | Time:00:00.76 | Mem:0.00M, Peak:0.00M | Scene, ViewLayer | Synchronizing object | Eye_Glint.R
Fra:1 Mem:23.76M (Peak 23.76M) | Time:00:00.76 | Mem:0.00M, Peak:0.00M | Scene, ViewLayer | Synchronizing object | Upper_Lid.R
Fra:1 Mem:23.77M (Peak 23.77M) | Time:00:00.76 | Mem:0.00M, Peak:0.00M | Scene, ViewLayer | Synchronizing object | Lower_Lid.R
Fra:1 Mem:23.78M (Peak 23.78M) | Time:00:00.76 | Mem:0.00M, Peak:0.00M | Scene, ViewLayer | Synchronizing object | Eyebrow.R
Fra:1 Mem:23.78M (Peak 23.78M) | Time:00:00.76 | Mem:0.00M, Peak:0.00M | Scene, ViewLayer | Synchronizing object | Mouth
Fra:1 Mem:23.79M (Peak 23.79M) | Time:00:00.76 | Mem:0.00M, Peak:0.00M | Scene, ViewLayer | Synchronizing object | Hair_Cap
Fra:1 Mem:24.96M (Peak 24.96M) | Time:00:00.80 | Mem:0.00M, Peak:0.00M | Scene, ViewLayer | Synchronizing object | Hair_CrownBase
Fra:1 Mem:25.03M (Peak 25.03M) | Time:00:00.80 | Mem:0.00M, Peak:0.00M | Scene, ViewLayer | Synchronizing object | Review_Rim
Fra:1 Mem:25.05M (Peak 25.05M) | Time:00:00.80 | Mem:0.00M, Peak:0.00M | Scene, ViewLayer | Synchronizing object | Review_Fill
Fra:1 Mem:25.05M (Peak 25.05M) | Time:00:00.80 | Mem:0.00M, Peak:0.00M | Scene, ViewLayer | Synchronizing object | Review_Key
Fra:1 Mem:25.07M (Peak 25.07M) | Time:00:00.80 | Mem:0.00M, Peak:0.00M | Scene, ViewLayer | Synchronizing object | Review_Ground
Fra:1 Mem:25.05M (Peak 25.07M) | Time:00:00.80 | Mem:0.00M, Peak:0.00M | Scene, ViewLayer | Synchronizing object | Bangs_00
Fra:1 Mem:25.05M (Peak 25.07M) | Time:00:00.80 | Mem:0.00M, Peak:0.00M | Scene, ViewLayer | Synchronizing object | Drawing_Pen_0.16
Fra:1 Mem:25.07M (Peak 25.07M) | Time:00:00.80 | Mem:0.00M, Peak:0.00M | Scene, ViewLayer | Synchronizing object | Drawing_Pen_0.136
Fra:1 Mem:25.07M (Peak 25.07M) | Time:00:00.80 | Mem:0.00M, Peak:0.00M | Scene, ViewLayer | Synchronizing object | Bangs_01
Fra:1 Mem:25.08M (Peak 25.08M) | Time:00:00.80 | Mem:0.00M, Peak:0.00M | Scene, ViewLayer | Synchronizing object | Pen_Pouch
Fra:1 Mem:25.09M (Peak 25.09M) | Time:00:00.80 | Mem:0.00M, Peak:0.00M | Scene, ViewLayer | Synchronizing object | Bangs_02
Fra:1 Mem:25.11M (Peak 25.11M) | Time:00:00.80 | Mem:0.00M, Peak:0.00M | Scene, ViewLayer | Synchronizing object | Hair_Clip_1
Fra:1 Mem:25.11M (Peak 25.11M) | Time:00:00.80 | Mem:0.00M, Peak:0.00M | Scene, ViewLayer | Synchronizing object | Bangs_03
Fra:1 Mem:25.12M (Peak 25.12M) | Time:00:00.80 | Mem:0.00M, Peak:0.00M | Scene, ViewLayer | Synchronizing object | Hair_Clip_0
Fra:1 Mem:25.13M (Peak 25.13M) | Time:00:00.80 | Mem:0.00M, Peak:0.00M | Scene, ViewLayer | Synchronizing object | Temple_0.R
Fra:1 Mem:25.13M (Peak 25.13M) | Time:00:00.80 | Mem:0.00M, Peak:0.00M | Scene, ViewLayer | Synchronizing object | Temple_0.L
Fra:1 Mem:25.17M (Peak 25.17M) | Time:00:00.80 | Mem:0.00M, Peak:0.00M | Scene, ViewLayer | Initializing
Fra:1 Mem:20.44M (Peak 25.17M) | Time:00:00.80 | Mem:0.00M, Peak:0.00M | Scene, ViewLayer | Updating Images | Loading CHR002_GreyStudy_BaseColor
Fra:1 Mem:21.90M (Peak 28.45M) | Time:00:00.81 | Mem:4.00M, Peak:4.00M | Scene, ViewLayer | Waiting for render to start
Fra:1 Mem:21.90M (Peak 28.45M) | Time:00:00.81 | Mem:4.00M, Peak:4.00M | Scene, ViewLayer | Updating Scene
Fra:1 Mem:21.90M (Peak 28.45M) | Time:00:00.81 | Mem:4.00M, Peak:4.00M | Scene, ViewLayer | Updating Shaders
Fra:1 Mem:21.90M (Peak 28.45M) | Time:00:00.81 | Mem:4.00M, Peak:4.00M | Scene, ViewLayer | Loading render kernels (may take a few minutes the first time)
Fra:1 Mem:21.98M (Peak 28.45M) | Time:00:00.81 | Mem:4.00M, Peak:4.00M | Scene, ViewLayer | Updating Procedurals
Fra:1 Mem:21.98M (Peak 28.45M) | Time:00:00.81 | Mem:4.00M, Peak:4.00M | Scene, ViewLayer | Updating Background
Fra:1 Mem:21.98M (Peak 28.45M) | Time:00:00.81 | Mem:4.00M, Peak:4.00M | Scene, ViewLayer | Updating Camera
Fra:1 Mem:21.98M (Peak 28.45M) | Time:00:00.81 | Mem:4.00M, Peak:4.00M | Scene, ViewLayer | Updating Meshes Flags
Fra:1 Mem:21.98M (Peak 28.45M) | Time:00:00.81 | Mem:4.00M, Peak:4.00M | Scene, ViewLayer | Updating Objects
Fra:1 Mem:21.98M (Peak 28.45M) | Time:00:00.81 | Mem:4.00M, Peak:4.00M | Scene, ViewLayer | Updating Objects | Copying Transformations to device
Fra:1 Mem:22.00M (Peak 28.45M) | Time:00:00.81 | Mem:4.02M, Peak:4.02M | Scene, ViewLayer | Updating Particle Systems
Fra:1 Mem:22.00M (Peak 28.45M) | Time:00:00.81 | Mem:4.02M, Peak:4.02M | Scene, ViewLayer | Updating Particle Systems | Copying Particles to device
Fra:1 Mem:22.00M (Peak 28.45M) | Time:00:00.81 | Mem:4.02M, Peak:4.02M | Scene, ViewLayer | Updating Meshes
Fra:1 Mem:22.00M (Peak 28.45M) | Time:00:00.81 | Mem:4.02M, Peak:4.02M | Scene, ViewLayer | Updating Objects | Applying Static Transformations
Fra:1 Mem:22.00M (Peak 28.45M) | Time:00:00.81 | Mem:4.02M, Peak:4.02M | Scene, ViewLayer | Updating Mesh | Computing attributes
Fra:1 Mem:23.16M (Peak 28.45M) | Time:00:00.81 | Mem:4.03M, Peak:4.03M | Scene, ViewLayer | Updating Mesh | Copying Attributes to device
Fra:1 Mem:23.15M (Peak 28.45M) | Time:00:00.81 | Mem:5.17M, Peak:5.17M | Scene, ViewLayer | Updating Scene BVH | Building
Fra:1 Mem:23.15M (Peak 28.45M) | Time:00:00.81 | Mem:5.17M, Peak:5.17M | Scene, ViewLayer | Updating Scene BVH | Building BVH
Fra:1 Mem:23.15M (Peak 28.45M) | Time:00:00.81 | Mem:6.38M, Peak:6.38M | Scene, ViewLayer | Updating Scene BVH | Building BVH 0%
Fra:1 Mem:23.15M (Peak 28.45M) | Time:00:00.82 | Mem:7.70M, Peak:8.91M | Scene, ViewLayer | Updating Scene BVH | Copying BVH to device
Fra:1 Mem:23.15M (Peak 28.45M) | Time:00:00.82 | Mem:7.70M, Peak:8.91M | Scene, ViewLayer | Updating Mesh | Computing normals
Fra:1 Mem:24.22M (Peak 28.45M) | Time:00:00.82 | Mem:7.70M, Peak:8.91M | Scene, ViewLayer | Updating Mesh | Copying Mesh to device
Fra:1 Mem:24.22M (Peak 28.45M) | Time:00:00.82 | Mem:8.77M, Peak:8.91M | Scene, ViewLayer | Updating Objects Flags
Fra:1 Mem:24.22M (Peak 28.45M) | Time:00:00.82 | Mem:8.77M, Peak:8.91M | Scene, ViewLayer | Updating Primitive Offsets
Fra:1 Mem:24.22M (Peak 28.45M) | Time:00:00.82 | Mem:8.77M, Peak:8.91M | Scene, ViewLayer | Updating Images
Fra:1 Mem:24.22M (Peak 28.45M) | Time:00:00.82 | Mem:8.77M, Peak:8.91M | Scene, ViewLayer | Updating Camera Volume
Fra:1 Mem:24.22M (Peak 28.45M) | Time:00:00.82 | Mem:8.77M, Peak:8.91M | Scene, ViewLayer | Updating Lookup Tables
Fra:1 Mem:24.22M (Peak 28.45M) | Time:00:00.82 | Mem:8.85M, Peak:8.91M | Scene, ViewLayer | Updating Lights
Fra:1 Mem:24.22M (Peak 28.45M) | Time:00:00.82 | Mem:8.85M, Peak:8.91M | Scene, ViewLayer | Updating Lights | Computing tree
Fra:1 Mem:24.22M (Peak 28.45M) | Time:00:00.82 | Mem:8.85M, Peak:8.91M | Scene, ViewLayer | Updating Integrator
Fra:1 Mem:24.22M (Peak 28.45M) | Time:00:00.82 | Mem:8.85M, Peak:8.91M | Scene, ViewLayer | Updating Film
Fra:1 Mem:24.22M (Peak 28.45M) | Time:00:00.82 | Mem:8.77M, Peak:8.91M | Scene, ViewLayer | Updating Lookup Tables
Fra:1 Mem:24.22M (Peak 28.45M) | Time:00:00.82 | Mem:8.86M, Peak:8.91M | Scene, ViewLayer | Updating Baking
Fra:1 Mem:24.22M (Peak 28.45M) | Time:00:00.82 | Mem:8.86M, Peak:8.91M | Scene, ViewLayer | Updating Device | Writing constant memory
Fra:1 Mem:24.23M (Peak 28.45M) | Time:00:00.82 | Mem:8.86M, Peak:8.91M | Scene, ViewLayer | Loading denoising kernels (may take a few minutes the first time)
Fra:1 Mem:24.23M (Peak 28.45M) | Time:00:00.82 | Mem:8.86M, Peak:8.91M | Scene, ViewLayer | Sample 0/16
Fra:1 Mem:46.51M (Peak 46.51M) | Time:00:01.10 | Remaining:00:04.21 | Mem:31.13M, Peak:31.13M | Scene, ViewLayer | Sample 1/16
Fra:1 Mem:55.89M (Peak 69.96M) | Time:00:08.73 | Mem:31.13M, Peak:31.13M | Scene, ViewLayer | Sample 16/16
Fra:1 Mem:55.89M (Peak 69.96M) | Time:00:08.73 | Mem:31.13M, Peak:31.13M | Scene, ViewLayer | Finished
Saved: '/home/lzzz/MyProjects/N-SIDE/output/characters/CHR-002/ling-model-r1/final/run-front-01.png'
Time: 00:08.77 (Saving: 00:00.03)

Fra:7 Mem:19.76M (Peak 19.92M) | Time:00:00.06 | Mem:0.00M, Peak:0.00M | Scene, ViewLayer | Synchronizing object | TShirt
Fra:7 Mem:19.91M (Peak 19.92M) | Time:00:00.06 | Mem:0.00M, Peak:0.00M | Scene, ViewLayer | Synchronizing object | TShirt_Collar
Fra:7 Mem:19.94M (Peak 19.94M) | Time:00:00.06 | Mem:0.00M, Peak:0.00M | Scene, ViewLayer | Synchronizing object | Sleeve_Cuff.L
Fra:7 Mem:19.94M (Peak 19.94M) | Time:00:00.06 | Mem:0.00M, Peak:0.00M | Scene, ViewLayer | Synchronizing object | Zip_Tape.L
Fra:7 Mem:19.98M (Peak 19.98M) | Time:00:00.09 | Mem:0.00M, Peak:0.00M | Scene, ViewLayer | Synchronizing object | Palm.L
Fra:7 Mem:20.05M (Peak 20.05M) | Time:00:00.09 | Mem:0.00M, Peak:0.00M | Scene, ViewLayer | Synchronizing object | Index_Mesh.L
Fra:7 Mem:20.04M (Peak 20.05M) | Time:00:00.09 | Mem:0.00M, Peak:0.00M | Scene, ViewLayer | Synchronizing object | Middle_Mesh.L
Fra:7 Mem:20.04M (Peak 20.05M) | Time:00:00.09 | Mem:0.00M, Peak:0.00M | Scene, ViewLayer | Synchronizing object | Ring_Mesh.L
Fra:7 Mem:20.05M (Peak 20.05M) | Time:00:00.09 | Mem:0.00M, Peak:0.00M | Scene, ViewLayer | Synchronizing object | Pinky_Mesh.L
Fra:7 Mem:20.06M (Peak 20.06M) | Time:00:00.09 | Mem:0.00M, Peak:0.00M | Scene, ViewLayer | Synchronizing object | Thumb_Mesh.L
Fra:7 Mem:20.15M (Peak 20.15M) | Time:00:00.18 | Mem:0.00M, Peak:0.00M | Scene, ViewLayer | Synchronizing object | Leg.L
Fra:7 Mem:20.34M (Peak 20.34M) | Time:00:00.21 | Mem:0.00M, Peak:0.00M | Scene, ViewLayer | Synchronizing object | Shorts.L
Fra:7 Mem:20.43M (Peak 20.43M) | Time:00:00.21 | Mem:0.00M, Peak:0.00M | Scene, ViewLayer | Synchronizing object | Shorts_Hem.L
Fra:7 Mem:20.43M (Peak 20.43M) | Time:00:00.21 | Mem:0.00M, Peak:0.00M | Scene, ViewLayer | Synchronizing object | Sneaker_Sole.L
Fra:7 Mem:20.45M (Peak 20.45M) | Time:00:00.21 | Mem:0.00M, Peak:0.00M | Scene, ViewLayer | Synchronizing object | Sneaker_Upper.L
Fra:7 Mem:20.47M (Peak 20.47M) | Time:00:00.21 | Mem:0.00M, Peak:0.00M | Scene, ViewLayer | Synchronizing object | Sock.L
Fra:7 Mem:20.48M (Peak 20.48M) | Time:00:00.21 | Mem:0.00M, Peak:0.00M | Scene, ViewLayer | Synchronizing object | Lace_0.L
Fra:7 Mem:20.48M (Peak 20.48M) | Time:00:00.21 | Mem:0.00M, Peak:0.00M | Scene, ViewLayer | Synchronizing object | Lace_1.L
Fra:7 Mem:20.49M (Peak 20.49M) | Time:00:00.21 | Mem:0.00M, Peak:0.00M | Scene, ViewLayer | Synchronizing object | Lace_2.L
Fra:7 Mem:20.49M (Peak 20.49M) | Time:00:00.21 | Mem:0.00M, Peak:0.00M | Scene, ViewLayer | Synchronizing object | Heel_Tab.L
Fra:7 Mem:20.49M (Peak 20.49M) | Time:00:00.21 | Mem:0.00M, Peak:0.00M | Scene, ViewLayer | Synchronizing object | Sleeve_Cuff.R
Fra:7 Mem:20.50M (Peak 20.50M) | Time:00:00.21 | Mem:0.00M, Peak:0.00M | Scene, ViewLayer | Synchronizing object | Zip_Tape.R
Fra:7 Mem:20.54M (Peak 20.54M) | Time:00:00.22 | Mem:0.00M, Peak:0.00M | Scene, ViewLayer | Synchronizing object | Palm.R
Fra:7 Mem:20.58M (Peak 20.58M) | Time:00:00.22 | Mem:0.00M, Peak:0.00M | Scene, ViewLayer | Synchronizing object | Index_Mesh.R
Fra:7 Mem:20.59M (Peak 20.59M) | Time:00:00.22 | Mem:0.00M, Peak:0.00M | Scene, ViewLayer | Synchronizing object | Middle_Mesh.R
Fra:7 Mem:20.60M (Peak 20.60M) | Time:00:00.22 | Mem:0.00M, Peak:0.00M | Scene, ViewLayer | Synchronizing object | Ring_Mesh.R
Fra:7 Mem:20.60M (Peak 20.60M) | Time:00:00.22 | Mem:0.00M, Peak:0.00M | Scene, ViewLayer | Synchronizing object | Pinky_Mesh.R
Fra:7 Mem:20.61M (Peak 20.61M) | Time:00:00.22 | Mem:0.00M, Peak:0.00M | Scene, ViewLayer | Synchronizing object | Thumb_Mesh.R
Fra:7 Mem:20.70M (Peak 20.70M) | Time:00:00.26 | Mem:0.00M, Peak:0.00M | Scene, ViewLayer | Synchronizing object | Leg.R
Fra:7 Mem:20.89M (Peak 20.89M) | Time:00:00.30 | Mem:0.00M, Peak:0.00M | Scene, ViewLayer | Synchronizing object | Shorts.R
Fra:7 Mem:20.99M (Peak 20.99M) | Time:00:00.30 | Mem:0.00M, Peak:0.00M | Scene, ViewLayer | Synchronizing object | Shorts_Hem.R
Fra:7 Mem:21.00M (Peak 21.00M) | Time:00:00.30 | Mem:0.00M, Peak:0.00M | Scene, ViewLayer | Synchronizing object | Sneaker_Sole.R
Fra:7 Mem:21.01M (Peak 21.01M) | Time:00:00.30 | Mem:0.00M, Peak:0.00M | Scene, ViewLayer | Synchronizing object | Sneaker_Upper.R
Fra:7 Mem:21.03M (Peak 21.03M) | Time:00:00.30 | Mem:0.00M, Peak:0.00M | Scene, ViewLayer | Synchronizing object | Sock.R
Fra:7 Mem:21.05M (Peak 21.05M) | Time:00:00.30 | Mem:0.00M, Peak:0.00M | Scene, ViewLayer | Synchronizing object | Lace_0.R
Fra:7 Mem:21.05M (Peak 21.05M) | Time:00:00.30 | Mem:0.00M, Peak:0.00M | Scene, ViewLayer | Synchronizing object | Lace_1.R
Fra:7 Mem:21.05M (Peak 21.05M) | Time:00:00.30 | Mem:0.00M, Peak:0.00M | Scene, ViewLayer | Synchronizing object | Lace_2.R
Fra:7 Mem:21.06M (Peak 21.06M) | Time:00:00.30 | Mem:0.00M, Peak:0.00M | Scene, ViewLayer | Synchronizing object | Heel_Tab.R
Fra:7 Mem:21.62M (Peak 21.62M) | Time:00:00.35 | Mem:0.00M, Peak:0.00M | Scene, ViewLayer | Synchronizing object | Jacket_ContinuousShoulders
Fra:7 Mem:22.84M (Peak 22.84M) | Time:00:01.02 | Mem:0.00M, Peak:0.00M | Scene, ViewLayer | Synchronizing object | Face_Head
Fra:7 Mem:23.51M (Peak 23.51M) | Time:00:01.03 | Mem:0.00M, Peak:0.00M | Scene, ViewLayer | Synchronizing object | Ear.L
Fra:7 Mem:23.56M (Peak 23.56M) | Time:00:01.03 | Mem:0.00M, Peak:0.00M | Scene, ViewLayer | Synchronizing object | Ear_Fold.L
Fra:7 Mem:23.61M (Peak 23.61M) | Time:00:01.05 | Mem:0.00M, Peak:0.00M | Scene, ViewLayer | Synchronizing object | Ear.R
Fra:7 Mem:23.67M (Peak 23.67M) | Time:00:01.05 | Mem:0.00M, Peak:0.00M | Scene, ViewLayer | Synchronizing object | Ear_Fold.R
Fra:7 Mem:23.68M (Peak 23.68M) | Time:00:01.05 | Mem:0.00M, Peak:0.00M | Scene, ViewLayer | Synchronizing object | Eye_White.L
Fra:7 Mem:23.69M (Peak 23.69M) | Time:00:01.05 | Mem:0.00M, Peak:0.00M | Scene, ViewLayer | Synchronizing object | Iris_hair.L
Fra:7 Mem:23.69M (Peak 23.69M) | Time:00:01.05 | Mem:0.00M, Peak:0.00M | Scene, ViewLayer | Synchronizing object | Iris_ink.L
Fra:7 Mem:23.70M (Peak 23.70M) | Time:00:01.05 | Mem:0.00M, Peak:0.00M | Scene, ViewLayer | Synchronizing object | Eye_Glint.L
Fra:7 Mem:23.71M (Peak 23.71M) | Time:00:01.05 | Mem:0.00M, Peak:0.00M | Scene, ViewLayer | Synchronizing object | Upper_Lid.L
Fra:7 Mem:23.72M (Peak 23.72M) | Time:00:01.05 | Mem:0.00M, Peak:0.00M | Scene, ViewLayer | Synchronizing object | Lower_Lid.L
Fra:7 Mem:23.72M (Peak 23.72M) | Time:00:01.05 | Mem:0.00M, Peak:0.00M | Scene, ViewLayer | Synchronizing object | Eyebrow.L
Fra:7 Mem:23.73M (Peak 23.73M) | Time:00:01.05 | Mem:0.00M, Peak:0.00M | Scene, ViewLayer | Synchronizing object | Eye_White.R
Fra:7 Mem:23.74M (Peak 23.74M) | Time:00:01.05 | Mem:0.00M, Peak:0.00M | Scene, ViewLayer | Synchronizing object | Iris_hair.R
Fra:7 Mem:23.75M (Peak 23.75M) | Time:00:01.05 | Mem:0.00M, Peak:0.00M | Scene, ViewLayer | Synchronizing object | Iris_ink.R
Fra:7 Mem:23.75M (Peak 23.75M) | Time:00:01.05 | Mem:0.00M, Peak:0.00M | Scene, ViewLayer | Synchronizing object | Eye_Glint.R
Fra:7 Mem:23.76M (Peak 23.76M) | Time:00:01.05 | Mem:0.00M, Peak:0.00M | Scene, ViewLayer | Synchronizing object | Upper_Lid.R
Fra:7 Mem:23.77M (Peak 23.77M) | Time:00:01.05 | Mem:0.00M, Peak:0.00M | Scene, ViewLayer | Synchronizing object | Lower_Lid.R
Fra:7 Mem:23.78M (Peak 23.78M) | Time:00:01.05 | Mem:0.00M, Peak:0.00M | Scene, ViewLayer | Synchronizing object | Eyebrow.R
Fra:7 Mem:23.78M (Peak 23.78M) | Time:00:01.05 | Mem:0.00M, Peak:0.00M | Scene, ViewLayer | Synchronizing object | Mouth
Fra:7 Mem:23.79M (Peak 23.79M) | Time:00:01.05 | Mem:0.00M, Peak:0.00M | Scene, ViewLayer | Synchronizing object | Hair_Cap
Fra:7 Mem:24.96M (Peak 24.96M) | Time:00:01.09 | Mem:0.00M, Peak:0.00M | Scene, ViewLayer | Synchronizing object | Hair_CrownBase
Fra:7 Mem:25.02M (Peak 25.02M) | Time:00:01.09 | Mem:0.00M, Peak:0.00M | Scene, ViewLayer | Synchronizing object | Review_Rim
Fra:7 Mem:25.03M (Peak 25.03M) | Time:00:01.09 | Mem:0.00M, Peak:0.00M | Scene, ViewLayer | Synchronizing object | Review_Fill
Fra:7 Mem:25.03M (Peak 25.03M) | Time:00:01.09 | Mem:0.00M, Peak:0.00M | Scene, ViewLayer | Synchronizing object | Review_Key
Fra:7 Mem:25.03M (Peak 25.03M) | Time:00:01.09 | Mem:0.00M, Peak:0.00M | Scene, ViewLayer | Synchronizing object | Review_Ground
Fra:7 Mem:25.06M (Peak 25.06M) | Time:00:01.09 | Mem:0.00M, Peak:0.00M | Scene, ViewLayer | Synchronizing object | Drawing_Pen_0.16
Fra:7 Mem:25.05M (Peak 25.06M) | Time:00:01.09 | Mem:0.00M, Peak:0.00M | Scene, ViewLayer | Synchronizing object | Bangs_00
Fra:7 Mem:25.05M (Peak 25.06M) | Time:00:01.09 | Mem:0.00M, Peak:0.00M | Scene, ViewLayer | Synchronizing object | Drawing_Pen_0.136
Fra:7 Mem:25.07M (Peak 25.07M) | Time:00:01.09 | Mem:0.00M, Peak:0.00M | Scene, ViewLayer | Synchronizing object | Pen_Pouch
Fra:7 Mem:25.07M (Peak 25.07M) | Time:00:01.09 | Mem:0.00M, Peak:0.00M | Scene, ViewLayer | Synchronizing object | Bangs_01
Fra:7 Mem:25.09M (Peak 25.09M) | Time:00:01.09 | Mem:0.00M, Peak:0.00M | Scene, ViewLayer | Synchronizing object | Hair_Clip_1
Fra:7 Mem:25.09M (Peak 25.09M) | Time:00:01.09 | Mem:0.00M, Peak:0.00M | Scene, ViewLayer | Synchronizing object | Hair_Clip_0
Fra:7 Mem:25.10M (Peak 25.10M) | Time:00:01.09 | Mem:0.00M, Peak:0.00M | Scene, ViewLayer | Synchronizing object | Bangs_02
Fra:7 Mem:25.10M (Peak 25.10M) | Time:00:01.09 | Mem:0.00M, Peak:0.00M | Scene, ViewLayer | Synchronizing object | Temple_0.R
Fra:7 Mem:25.13M (Peak 25.13M) | Time:00:01.09 | Mem:0.00M, Peak:0.00M | Scene, ViewLayer | Synchronizing object | Bangs_03
Fra:7 Mem:25.13M (Peak 25.13M) | Time:00:01.09 | Mem:0.00M, Peak:0.00M | Scene, ViewLayer | Synchronizing object | Temple_0.L
Fra:7 Mem:25.17M (Peak 25.17M) | Time:00:01.09 | Mem:0.00M, Peak:0.00M | Scene, ViewLayer | Initializing
Fra:7 Mem:20.44M (Peak 25.17M) | Time:00:01.09 | Mem:0.00M, Peak:0.00M | Scene, ViewLayer | Updating Images | Loading CHR002_GreyStudy_BaseColor
Fra:7 Mem:21.90M (Peak 28.45M) | Time:00:01.10 | Mem:4.00M, Peak:4.00M | Scene, ViewLayer | Waiting for render to start
Fra:7 Mem:21.90M (Peak 28.45M) | Time:00:01.10 | Mem:4.00M, Peak:4.00M | Scene, ViewLayer | Updating Scene
Fra:7 Mem:21.90M (Peak 28.45M) | Time:00:01.10 | Mem:4.00M, Peak:4.00M | Scene, ViewLayer | Updating Shaders
Fra:7 Mem:21.90M (Peak 28.45M) | Time:00:01.10 | Mem:4.00M, Peak:4.00M | Scene, ViewLayer | Loading render kernels (may take a few minutes the first time)
Fra:7 Mem:21.98M (Peak 28.45M) | Time:00:01.10 | Mem:4.00M, Peak:4.00M | Scene, ViewLayer | Updating Procedurals
Fra:7 Mem:21.98M (Peak 28.45M) | Time:00:01.10 | Mem:4.00M, Peak:4.00M | Scene, ViewLayer | Updating Background
Fra:7 Mem:21.98M (Peak 28.45M) | Time:00:01.10 | Mem:4.00M, Peak:4.00M | Scene, ViewLayer | Updating Camera
Fra:7 Mem:21.98M (Peak 28.45M) | Time:00:01.10 | Mem:4.00M, Peak:4.00M | Scene, ViewLayer | Updating Meshes Flags
Fra:7 Mem:21.98M (Peak 28.45M) | Time:00:01.10 | Mem:4.00M, Peak:4.00M | Scene, ViewLayer | Updating Objects
Fra:7 Mem:21.98M (Peak 28.45M) | Time:00:01.10 | Mem:4.00M, Peak:4.00M | Scene, ViewLayer | Updating Objects | Copying Transformations to device
Fra:7 Mem:22.00M (Peak 28.45M) | Time:00:01.10 | Mem:4.02M, Peak:4.02M | Scene, ViewLayer | Updating Particle Systems
Fra:7 Mem:22.00M (Peak 28.45M) | Time:00:01.10 | Mem:4.02M, Peak:4.02M | Scene, ViewLayer | Updating Particle Systems | Copying Particles to device
Fra:7 Mem:22.00M (Peak 28.45M) | Time:00:01.10 | Mem:4.02M, Peak:4.02M | Scene, ViewLayer | Updating Meshes
Fra:7 Mem:22.00M (Peak 28.45M) | Time:00:01.10 | Mem:4.02M, Peak:4.02M | Scene, ViewLayer | Updating Objects | Applying Static Transformations
Fra:7 Mem:22.00M (Peak 28.45M) | Time:00:01.10 | Mem:4.02M, Peak:4.02M | Scene, ViewLayer | Updating Mesh | Computing attributes
Fra:7 Mem:23.16M (Peak 28.45M) | Time:00:01.10 | Mem:4.03M, Peak:4.03M | Scene, ViewLayer | Updating Mesh | Copying Attributes to device
Fra:7 Mem:23.15M (Peak 28.45M) | Time:00:01.10 | Mem:5.17M, Peak:5.17M | Scene, ViewLayer | Updating Scene BVH | Building
Fra:7 Mem:23.15M (Peak 28.45M) | Time:00:01.10 | Mem:5.17M, Peak:5.17M | Scene, ViewLayer | Updating Scene BVH | Building BVH
Fra:7 Mem:23.15M (Peak 28.45M) | Time:00:01.10 | Mem:6.38M, Peak:6.38M | Scene, ViewLayer | Updating Scene BVH | Building BVH 0%
Fra:7 Mem:23.15M (Peak 28.45M) | Time:00:01.11 | Mem:7.70M, Peak:8.91M | Scene, ViewLayer | Updating Scene BVH | Copying BVH to device
Fra:7 Mem:23.15M (Peak 28.45M) | Time:00:01.11 | Mem:7.70M, Peak:8.91M | Scene, ViewLayer | Updating Mesh | Computing normals
Fra:7 Mem:24.22M (Peak 28.45M) | Time:00:01.11 | Mem:7.70M, Peak:8.91M | Scene, ViewLayer | Updating Mesh | Copying Mesh to device
Fra:7 Mem:24.22M (Peak 28.45M) | Time:00:01.11 | Mem:8.77M, Peak:8.91M | Scene, ViewLayer | Updating Objects Flags
Fra:7 Mem:24.22M (Peak 28.45M) | Time:00:01.11 | Mem:8.77M, Peak:8.91M | Scene, ViewLayer | Updating Primitive Offsets
Fra:7 Mem:24.22M (Peak 28.45M) | Time:00:01.11 | Mem:8.77M, Peak:8.91M | Scene, ViewLayer | Updating Images
Fra:7 Mem:24.22M (Peak 28.45M) | Time:00:01.11 | Mem:8.77M, Peak:8.91M | Scene, ViewLayer | Updating Camera Volume
Fra:7 Mem:24.22M (Peak 28.45M) | Time:00:01.11 | Mem:8.77M, Peak:8.91M | Scene, ViewLayer | Updating Lookup Tables
Fra:7 Mem:24.22M (Peak 28.45M) | Time:00:01.11 | Mem:8.85M, Peak:8.91M | Scene, ViewLayer | Updating Lights
Fra:7 Mem:24.22M (Peak 28.45M) | Time:00:01.11 | Mem:8.85M, Peak:8.91M | Scene, ViewLayer | Updating Lights | Computing tree
Fra:7 Mem:24.22M (Peak 28.45M) | Time:00:01.11 | Mem:8.85M, Peak:8.91M | Scene, ViewLayer | Updating Integrator
Fra:7 Mem:24.22M (Peak 28.45M) | Time:00:01.11 | Mem:8.85M, Peak:8.91M | Scene, ViewLayer | Updating Film
Fra:7 Mem:24.22M (Peak 28.45M) | Time:00:01.11 | Mem:8.77M, Peak:8.91M | Scene, ViewLayer | Updating Lookup Tables
Fra:7 Mem:24.22M (Peak 28.45M) | Time:00:01.11 | Mem:8.86M, Peak:8.91M | Scene, ViewLayer | Updating Baking
Fra:7 Mem:24.22M (Peak 28.45M) | Time:00:01.11 | Mem:8.86M, Peak:8.91M | Scene, ViewLayer | Updating Device | Writing constant memory
Fra:7 Mem:24.23M (Peak 28.45M) | Time:00:01.11 | Mem:8.86M, Peak:8.91M | Scene, ViewLayer | Loading denoising kernels (may take a few minutes the first time)
Fra:7 Mem:24.23M (Peak 28.45M) | Time:00:01.11 | Mem:8.86M, Peak:8.91M | Scene, ViewLayer | Sample 0/16
Fra:7 Mem:46.51M (Peak 46.51M) | Time:00:01.46 | Remaining:00:05.19 | Mem:31.13M, Peak:31.13M | Scene, ViewLayer | Sample 1/16
Fra:7 Mem:55.89M (Peak 69.96M) | Time:00:09.30 | Mem:31.13M, Peak:31.13M | Scene, ViewLayer | Sample 16/16
Fra:7 Mem:55.89M (Peak 69.96M) | Time:00:09.30 | Mem:31.13M, Peak:31.13M | Scene, ViewLayer | Finished
Saved: '/home/lzzz/MyProjects/N-SIDE/output/characters/CHR-002/ling-model-r1/final/run-front-07.png'
Time: 00:09.33 (Saving: 00:00.02)

Fra:13 Mem:19.76M (Peak 20.01M) | Time:00:00.04 | Mem:0.00M, Peak:0.00M | Scene, ViewLayer | Synchronizing object | TShirt
Fra:13 Mem:19.92M (Peak 20.01M) | Time:00:00.04 | Mem:0.00M, Peak:0.00M | Scene, ViewLayer | Synchronizing object | TShirt_Collar
Fra:13 Mem:19.94M (Peak 20.01M) | Time:00:00.04 | Mem:0.00M, Peak:0.00M | Scene, ViewLayer | Synchronizing object | Sleeve_Cuff.L
Fra:13 Mem:19.94M (Peak 20.01M) | Time:00:00.04 | Mem:0.00M, Peak:0.00M | Scene, ViewLayer | Synchronizing object | Zip_Tape.L
Fra:13 Mem:19.98M (Peak 20.01M) | Time:00:00.05 | Mem:0.00M, Peak:0.00M | Scene, ViewLayer | Synchronizing object | Palm.L
Fra:13 Mem:20.03M (Peak 20.03M) | Time:00:00.05 | Mem:0.00M, Peak:0.00M | Scene, ViewLayer | Synchronizing object | Index_Mesh.L
Fra:13 Mem:20.04M (Peak 20.04M) | Time:00:00.05 | Mem:0.00M, Peak:0.00M | Scene, ViewLayer | Synchronizing object | Middle_Mesh.L
Fra:13 Mem:20.04M (Peak 20.04M) | Time:00:00.05 | Mem:0.00M, Peak:0.00M | Scene, ViewLayer | Synchronizing object | Ring_Mesh.L
Fra:13 Mem:20.05M (Peak 20.05M) | Time:00:00.05 | Mem:0.00M, Peak:0.00M | Scene, ViewLayer | Synchronizing object | Pinky_Mesh.L
Fra:13 Mem:20.06M (Peak 20.06M) | Time:00:00.05 | Mem:0.00M, Peak:0.00M | Scene, ViewLayer | Synchronizing object | Thumb_Mesh.L
Fra:13 Mem:20.15M (Peak 20.15M) | Time:00:00.08 | Mem:0.00M, Peak:0.00M | Scene, ViewLayer | Synchronizing object | Leg.L
Fra:13 Mem:20.34M (Peak 20.34M) | Time:00:00.12 | Mem:0.00M, Peak:0.00M | Scene, ViewLayer | Synchronizing object | Shorts.L
Fra:13 Mem:20.43M (Peak 20.43M) | Time:00:00.12 | Mem:0.00M, Peak:0.00M | Scene, ViewLayer | Synchronizing object | Shorts_Hem.L
Fra:13 Mem:20.43M (Peak 20.43M) | Time:00:00.12 | Mem:0.00M, Peak:0.00M | Scene, ViewLayer | Synchronizing object | Sneaker_Sole.L
Fra:13 Mem:20.45M (Peak 20.45M) | Time:00:00.12 | Mem:0.00M, Peak:0.00M | Scene, ViewLayer | Synchronizing object | Sneaker_Upper.L
Fra:13 Mem:20.47M (Peak 20.47M) | Time:00:00.12 | Mem:0.00M, Peak:0.00M | Scene, ViewLayer | Synchronizing object | Sock.L
Fra:13 Mem:20.48M (Peak 20.48M) | Time:00:00.12 | Mem:0.00M, Peak:0.00M | Scene, ViewLayer | Synchronizing object | Lace_0.L
Fra:13 Mem:20.48M (Peak 20.48M) | Time:00:00.12 | Mem:0.00M, Peak:0.00M | Scene, ViewLayer | Synchronizing object | Lace_1.L
Fra:13 Mem:20.49M (Peak 20.49M) | Time:00:00.12 | Mem:0.00M, Peak:0.00M | Scene, ViewLayer | Synchronizing object | Lace_2.L
Fra:13 Mem:20.49M (Peak 20.49M) | Time:00:00.12 | Mem:0.00M, Peak:0.00M | Scene, ViewLayer | Synchronizing object | Heel_Tab.L
Fra:13 Mem:20.49M (Peak 20.49M) | Time:00:00.12 | Mem:0.00M, Peak:0.00M | Scene, ViewLayer | Synchronizing object | Sleeve_Cuff.R
Fra:13 Mem:20.50M (Peak 20.50M) | Time:00:00.12 | Mem:0.00M, Peak:0.00M | Scene, ViewLayer | Synchronizing object | Zip_Tape.R
Fra:13 Mem:20.54M (Peak 20.54M) | Time:00:00.13 | Mem:0.00M, Peak:0.00M | Scene, ViewLayer | Synchronizing object | Palm.R
Fra:13 Mem:20.59M (Peak 20.59M) | Time:00:00.13 | Mem:0.00M, Peak:0.00M | Scene, ViewLayer | Synchronizing object | Index_Mesh.R
Fra:13 Mem:20.59M (Peak 20.59M) | Time:00:00.13 | Mem:0.00M, Peak:0.00M | Scene, ViewLayer | Synchronizing object | Middle_Mesh.R
Fra:13 Mem:20.60M (Peak 20.60M) | Time:00:00.13 | Mem:0.00M, Peak:0.00M | Scene, ViewLayer | Synchronizing object | Ring_Mesh.R
Fra:13 Mem:20.60M (Peak 20.60M) | Time:00:00.13 | Mem:0.00M, Peak:0.00M | Scene, ViewLayer | Synchronizing object | Pinky_Mesh.R
Fra:13 Mem:20.61M (Peak 20.61M) | Time:00:00.13 | Mem:0.00M, Peak:0.00M | Scene, ViewLayer | Synchronizing object | Thumb_Mesh.R
Fra:13 Mem:20.70M (Peak 20.70M) | Time:00:00.16 | Mem:0.00M, Peak:0.00M | Scene, ViewLayer | Synchronizing object | Leg.R
Fra:13 Mem:20.89M (Peak 20.89M) | Time:00:00.20 | Mem:0.00M, Peak:0.00M | Scene, ViewLayer | Synchronizing object | Shorts.R
Fra:13 Mem:20.99M (Peak 20.99M) | Time:00:00.20 | Mem:0.00M, Peak:0.00M | Scene, ViewLayer | Synchronizing object | Shorts_Hem.R
Fra:13 Mem:21.00M (Peak 21.00M) | Time:00:00.20 | Mem:0.00M, Peak:0.00M | Scene, ViewLayer | Synchronizing object | Sneaker_Sole.R
Fra:13 Mem:21.01M (Peak 21.01M) | Time:00:00.20 | Mem:0.00M, Peak:0.00M | Scene, ViewLayer | Synchronizing object | Sneaker_Upper.R
Fra:13 Mem:21.03M (Peak 21.03M) | Time:00:00.20 | Mem:0.00M, Peak:0.00M | Scene, ViewLayer | Synchronizing object | Sock.R
Fra:13 Mem:21.05M (Peak 21.05M) | Time:00:00.20 | Mem:0.00M, Peak:0.00M | Scene, ViewLayer | Synchronizing object | Lace_0.R
Fra:13 Mem:21.05M (Peak 21.05M) | Time:00:00.20 | Mem:0.00M, Peak:0.00M | Scene, ViewLayer | Synchronizing object | Lace_1.R
Fra:13 Mem:21.05M (Peak 21.05M) | Time:00:00.20 | Mem:0.00M, Peak:0.00M | Scene, ViewLayer | Synchronizing object | Lace_2.R
Fra:13 Mem:21.06M (Peak 21.06M) | Time:00:00.20 | Mem:0.00M, Peak:0.00M | Scene, ViewLayer | Synchronizing object | Heel_Tab.R
Fra:13 Mem:21.62M (Peak 21.62M) | Time:00:00.23 | Mem:0.00M, Peak:0.00M | Scene, ViewLayer | Synchronizing object | Jacket_ContinuousShoulders
Fra:13 Mem:22.84M (Peak 22.84M) | Time:00:00.64 | Mem:0.00M, Peak:0.00M | Scene, ViewLayer | Synchronizing object | Face_Head
Fra:13 Mem:23.51M (Peak 23.51M) | Time:00:00.65 | Mem:0.00M, Peak:0.00M | Scene, ViewLayer | Synchronizing object | Ear.L
Fra:13 Mem:23.56M (Peak 23.56M) | Time:00:00.65 | Mem:0.00M, Peak:0.00M | Scene, ViewLayer | Synchronizing object | Ear_Fold.L
Fra:13 Mem:23.61M (Peak 23.61M) | Time:00:00.66 | Mem:0.00M, Peak:0.00M | Scene, ViewLayer | Synchronizing object | Ear.R
Fra:13 Mem:23.67M (Peak 23.67M) | Time:00:00.66 | Mem:0.00M, Peak:0.00M | Scene, ViewLayer | Synchronizing object | Ear_Fold.R
Fra:13 Mem:23.68M (Peak 23.68M) | Time:00:00.66 | Mem:0.00M, Peak:0.00M | Scene, ViewLayer | Synchronizing object | Eye_White.L
Fra:13 Mem:23.69M (Peak 23.69M) | Time:00:00.66 | Mem:0.00M, Peak:0.00M | Scene, ViewLayer | Synchronizing object | Iris_hair.L
Fra:13 Mem:23.69M (Peak 23.69M) | Time:00:00.66 | Mem:0.00M, Peak:0.00M | Scene, ViewLayer | Synchronizing object | Iris_ink.L
Fra:13 Mem:23.70M (Peak 23.70M) | Time:00:00.66 | Mem:0.00M, Peak:0.00M | Scene, ViewLayer | Synchronizing object | Eye_Glint.L
Fra:13 Mem:23.71M (Peak 23.71M) | Time:00:00.66 | Mem:0.00M, Peak:0.00M | Scene, ViewLayer | Synchronizing object | Upper_Lid.L
Fra:13 Mem:23.72M (Peak 23.72M) | Time:00:00.66 | Mem:0.00M, Peak:0.00M | Scene, ViewLayer | Synchronizing object | Lower_Lid.L
Fra:13 Mem:23.73M (Peak 23.73M) | Time:00:00.66 | Mem:0.00M, Peak:0.00M | Scene, ViewLayer | Synchronizing object | Eyebrow.L
Fra:13 Mem:23.73M (Peak 23.73M) | Time:00:00.66 | Mem:0.00M, Peak:0.00M | Scene, ViewLayer | Synchronizing object | Eye_White.R
Fra:13 Mem:23.74M (Peak 23.74M) | Time:00:00.66 | Mem:0.00M, Peak:0.00M | Scene, ViewLayer | Synchronizing object | Iris_hair.R
Fra:13 Mem:23.75M (Peak 23.75M) | Time:00:00.66 | Mem:0.00M, Peak:0.00M | Scene, ViewLayer | Synchronizing object | Iris_ink.R
Fra:13 Mem:23.75M (Peak 23.75M) | Time:00:00.66 | Mem:0.00M, Peak:0.00M | Scene, ViewLayer | Synchronizing object | Eye_Glint.R
Fra:13 Mem:23.76M (Peak 23.76M) | Time:00:00.66 | Mem:0.00M, Peak:0.00M | Scene, ViewLayer | Synchronizing object | Upper_Lid.R
Fra:13 Mem:23.77M (Peak 23.77M) | Time:00:00.66 | Mem:0.00M, Peak:0.00M | Scene, ViewLayer | Synchronizing object | Lower_Lid.R
Fra:13 Mem:23.78M (Peak 23.78M) | Time:00:00.66 | Mem:0.00M, Peak:0.00M | Scene, ViewLayer | Synchronizing object | Eyebrow.R
Fra:13 Mem:23.78M (Peak 23.78M) | Time:00:00.66 | Mem:0.00M, Peak:0.00M | Scene, ViewLayer | Synchronizing object | Mouth
Fra:13 Mem:23.79M (Peak 23.79M) | Time:00:00.66 | Mem:0.00M, Peak:0.00M | Scene, ViewLayer | Synchronizing object | Hair_Cap
Fra:13 Mem:24.96M (Peak 24.96M) | Time:00:00.70 | Mem:0.00M, Peak:0.00M | Scene, ViewLayer | Synchronizing object | Hair_CrownBase
Fra:13 Mem:25.03M (Peak 25.03M) | Time:00:00.70 | Mem:0.00M, Peak:0.00M | Scene, ViewLayer | Synchronizing object | Review_Rim
Fra:13 Mem:25.05M (Peak 25.05M) | Time:00:00.70 | Mem:0.00M, Peak:0.00M | Scene, ViewLayer | Synchronizing object | Review_Fill
Fra:13 Mem:25.07M (Peak 25.07M) | Time:00:00.70 | Mem:0.00M, Peak:0.00M | Scene, ViewLayer | Synchronizing object | Review_Key
Fra:13 Mem:25.05M (Peak 25.07M) | Time:00:00.70 | Mem:0.00M, Peak:0.00M | Scene, ViewLayer | Synchronizing object | Review_Ground
Fra:13 Mem:25.05M (Peak 25.07M) | Time:00:00.70 | Mem:0.00M, Peak:0.00M | Scene, ViewLayer | Synchronizing object | Bangs_00
Fra:13 Mem:25.05M (Peak 25.07M) | Time:00:00.70 | Mem:0.00M, Peak:0.00M | Scene, ViewLayer | Synchronizing object | Drawing_Pen_0.16
Fra:13 Mem:25.07M (Peak 25.07M) | Time:00:00.70 | Mem:0.00M, Peak:0.00M | Scene, ViewLayer | Synchronizing object | Bangs_01
Fra:13 Mem:25.07M (Peak 25.07M) | Time:00:00.70 | Mem:0.00M, Peak:0.00M | Scene, ViewLayer | Synchronizing object | Drawing_Pen_0.136
Fra:13 Mem:25.09M (Peak 25.09M) | Time:00:00.70 | Mem:0.00M, Peak:0.00M | Scene, ViewLayer | Synchronizing object | Pen_Pouch
Fra:13 Mem:25.09M (Peak 25.09M) | Time:00:00.70 | Mem:0.00M, Peak:0.00M | Scene, ViewLayer | Synchronizing object | Bangs_02
Fra:13 Mem:25.11M (Peak 25.11M) | Time:00:00.70 | Mem:0.00M, Peak:0.00M | Scene, ViewLayer | Synchronizing object | Hair_Clip_1
Fra:13 Mem:25.11M (Peak 25.11M) | Time:00:00.70 | Mem:0.00M, Peak:0.00M | Scene, ViewLayer | Synchronizing object | Bangs_03
Fra:13 Mem:25.12M (Peak 25.12M) | Time:00:00.70 | Mem:0.00M, Peak:0.00M | Scene, ViewLayer | Synchronizing object | Hair_Clip_0
Fra:13 Mem:25.13M (Peak 25.13M) | Time:00:00.70 | Mem:0.00M, Peak:0.00M | Scene, ViewLayer | Synchronizing object | Temple_0.L
Fra:13 Mem:25.14M (Peak 25.14M) | Time:00:00.70 | Mem:0.00M, Peak:0.00M | Scene, ViewLayer | Synchronizing object | Temple_0.R
Fra:13 Mem:25.17M (Peak 25.17M) | Time:00:00.70 | Mem:0.00M, Peak:0.00M | Scene, ViewLayer | Initializing
Fra:13 Mem:20.44M (Peak 25.17M) | Time:00:00.70 | Mem:0.00M, Peak:0.00M | Scene, ViewLayer | Updating Images | Loading CHR002_GreyStudy_BaseColor
Fra:13 Mem:21.90M (Peak 28.45M) | Time:00:00.71 | Mem:4.00M, Peak:4.00M | Scene, ViewLayer | Waiting for render to start
Fra:13 Mem:21.90M (Peak 28.45M) | Time:00:00.71 | Mem:4.00M, Peak:4.00M | Scene, ViewLayer | Updating Scene
Fra:13 Mem:21.90M (Peak 28.45M) | Time:00:00.71 | Mem:4.00M, Peak:4.00M | Scene, ViewLayer | Updating Shaders
Fra:13 Mem:21.90M (Peak 28.45M) | Time:00:00.71 | Mem:4.00M, Peak:4.00M | Scene, ViewLayer | Loading render kernels (may take a few minutes the first time)
Fra:13 Mem:21.98M (Peak 28.45M) | Time:00:00.71 | Mem:4.00M, Peak:4.00M | Scene, ViewLayer | Updating Procedurals
Fra:13 Mem:21.98M (Peak 28.45M) | Time:00:00.71 | Mem:4.00M, Peak:4.00M | Scene, ViewLayer | Updating Background
Fra:13 Mem:21.98M (Peak 28.45M) | Time:00:00.71 | Mem:4.00M, Peak:4.00M | Scene, ViewLayer | Updating Camera
Fra:13 Mem:21.98M (Peak 28.45M) | Time:00:00.71 | Mem:4.00M, Peak:4.00M | Scene, ViewLayer | Updating Meshes Flags
Fra:13 Mem:21.98M (Peak 28.45M) | Time:00:00.71 | Mem:4.00M, Peak:4.00M | Scene, ViewLayer | Updating Objects
Fra:13 Mem:21.98M (Peak 28.45M) | Time:00:00.71 | Mem:4.00M, Peak:4.00M | Scene, ViewLayer | Updating Objects | Copying Transformations to device
Fra:13 Mem:22.00M (Peak 28.45M) | Time:00:00.71 | Mem:4.02M, Peak:4.02M | Scene, ViewLayer | Updating Particle Systems
Fra:13 Mem:22.00M (Peak 28.45M) | Time:00:00.71 | Mem:4.02M, Peak:4.02M | Scene, ViewLayer | Updating Particle Systems | Copying Particles to device
Fra:13 Mem:22.00M (Peak 28.45M) | Time:00:00.71 | Mem:4.02M, Peak:4.02M | Scene, ViewLayer | Updating Meshes
Fra:13 Mem:22.00M (Peak 28.45M) | Time:00:00.71 | Mem:4.02M, Peak:4.02M | Scene, ViewLayer | Updating Objects | Applying Static Transformations
Fra:13 Mem:22.00M (Peak 28.45M) | Time:00:00.71 | Mem:4.02M, Peak:4.02M | Scene, ViewLayer | Updating Mesh | Computing attributes
Fra:13 Mem:23.16M (Peak 28.45M) | Time:00:00.71 | Mem:4.03M, Peak:4.03M | Scene, ViewLayer | Updating Mesh | Copying Attributes to device
Fra:13 Mem:23.15M (Peak 28.45M) | Time:00:00.71 | Mem:5.17M, Peak:5.17M | Scene, ViewLayer | Updating Scene BVH | Building
Fra:13 Mem:23.15M (Peak 28.45M) | Time:00:00.71 | Mem:5.17M, Peak:5.17M | Scene, ViewLayer | Updating Scene BVH | Building BVH
Fra:13 Mem:23.15M (Peak 28.45M) | Time:00:00.71 | Mem:6.38M, Peak:6.38M | Scene, ViewLayer | Updating Scene BVH | Building BVH 0%
Fra:13 Mem:23.15M (Peak 28.45M) | Time:00:00.72 | Mem:7.70M, Peak:8.91M | Scene, ViewLayer | Updating Scene BVH | Copying BVH to device
Fra:13 Mem:23.15M (Peak 28.45M) | Time:00:00.72 | Mem:7.70M, Peak:8.91M | Scene, ViewLayer | Updating Mesh | Computing normals
Fra:13 Mem:24.22M (Peak 28.45M) | Time:00:00.72 | Mem:7.70M, Peak:8.91M | Scene, ViewLayer | Updating Mesh | Copying Mesh to device
Fra:13 Mem:24.22M (Peak 28.45M) | Time:00:00.72 | Mem:8.77M, Peak:8.91M | Scene, ViewLayer | Updating Objects Flags
Fra:13 Mem:24.22M (Peak 28.45M) | Time:00:00.72 | Mem:8.77M, Peak:8.91M | Scene, ViewLayer | Updating Primitive Offsets
Fra:13 Mem:24.22M (Peak 28.45M) | Time:00:00.72 | Mem:8.77M, Peak:8.91M | Scene, ViewLayer | Updating Images
Fra:13 Mem:24.22M (Peak 28.45M) | Time:00:00.72 | Mem:8.77M, Peak:8.91M | Scene, ViewLayer | Updating Camera Volume
Fra:13 Mem:24.22M (Peak 28.45M) | Time:00:00.72 | Mem:8.77M, Peak:8.91M | Scene, ViewLayer | Updating Lookup Tables
Fra:13 Mem:24.22M (Peak 28.45M) | Time:00:00.72 | Mem:8.85M, Peak:8.91M | Scene, ViewLayer | Updating Lights
Fra:13 Mem:24.22M (Peak 28.45M) | Time:00:00.72 | Mem:8.85M, Peak:8.91M | Scene, ViewLayer | Updating Lights | Computing tree
Fra:13 Mem:24.22M (Peak 28.45M) | Time:00:00.72 | Mem:8.85M, Peak:8.91M | Scene, ViewLayer | Updating Integrator
Fra:13 Mem:24.22M (Peak 28.45M) | Time:00:00.72 | Mem:8.85M, Peak:8.91M | Scene, ViewLayer | Updating Film
Fra:13 Mem:24.22M (Peak 28.45M) | Time:00:00.72 | Mem:8.77M, Peak:8.91M | Scene, ViewLayer | Updating Lookup Tables
Fra:13 Mem:24.22M (Peak 28.45M) | Time:00:00.72 | Mem:8.86M, Peak:8.91M | Scene, ViewLayer | Updating Baking
Fra:13 Mem:24.22M (Peak 28.45M) | Time:00:00.72 | Mem:8.86M, Peak:8.91M | Scene, ViewLayer | Updating Device | Writing constant memory
Fra:13 Mem:24.23M (Peak 28.45M) | Time:00:00.72 | Mem:8.86M, Peak:8.91M | Scene, ViewLayer | Loading denoising kernels (may take a few minutes the first time)
Fra:13 Mem:24.23M (Peak 28.45M) | Time:00:00.72 | Mem:8.86M, Peak:8.91M | Scene, ViewLayer | Sample 0/16
Fra:13 Mem:46.51M (Peak 46.51M) | Time:00:01.00 | Remaining:00:04.20 | Mem:31.13M, Peak:31.13M | Scene, ViewLayer | Sample 1/16
Fra:13 Mem:55.89M (Peak 69.96M) | Time:00:08.29 | Mem:31.13M, Peak:31.13M | Scene, ViewLayer | Sample 16/16
Fra:13 Mem:55.89M (Peak 69.96M) | Time:00:08.29 | Mem:31.13M, Peak:31.13M | Scene, ViewLayer | Finished
Saved: '/home/lzzz/MyProjects/N-SIDE/output/characters/CHR-002/ling-model-r1/final/run-front-13.png'
Time: 00:08.32 (Saving: 00:00.02)


Blender quit
