Idle floor -9.983777360389468e-09 contact 0.001999971689656377 target-error 0.0 loop 0.0
Walk floor -0.005022960714995861 contact 0.005022960714995861 target-error 0.017579855124155663 loop 0.0
Run floor -0.007022423204034567 contact 0.007022423204034567 target-error 0.02979025363922122 loop 0.0
INFO Draco mesh compression is available, use library at /home/lzzz/MyProjects/N-SIDE/output/tools/blender-4.5.14-linux-x64/4.5/scripts/addons_core/io_scene_gltf2/libextern_draco.so
04:15:48 | INFO: Starting glTF 2.0 export
04:15:48 | INFO: Extracting primitive: CHR001_RuntimeMesh
04:15:48 | INFO: Primitives created: 1
04:15:48 | INFO: Finished glTF 2.0 export in 0.612809419631958 s
Blender 4.5.14 LTS (hash 62c1db4208e8 built 2026-09-15 01:31:19)
Read blend: "/home/lzzz/MyProjects/N-SIDE/source-assets/characters/CHR-001/model/yao-grey-study.blend"
Fra:1 Mem:24.81M (Peak 24.81M) | Time:00:00.00 | Mem:0.00M, Peak:0.00M | Scene, ViewLayer | Synchronizing object | TShirt
Fra:1 Mem:24.97M (Peak 24.97M) | Time:00:00.01 | Mem:0.00M, Peak:0.00M | Scene, ViewLayer | Synchronizing object | TShirt_Collar
Fra:1 Mem:24.97M (Peak 24.97M) | Time:00:00.01 | Mem:0.00M, Peak:0.00M | Scene, ViewLayer | Synchronizing object | Hood
Fra:1 Mem:24.98M (Peak 24.98M) | Time:00:00.01 | Mem:0.00M, Peak:0.00M | Scene, ViewLayer | Synchronizing object | Sleeve_Cuff.L
Fra:1 Mem:25.03M (Peak 25.03M) | Time:00:00.01 | Mem:0.00M, Peak:0.00M | Scene, ViewLayer | Synchronizing object | Zip_Tape.L
Fra:1 Mem:25.04M (Peak 25.04M) | Time:00:00.01 | Mem:0.00M, Peak:0.00M | Scene, ViewLayer | Synchronizing object | Hood_Cord.L
Fra:1 Mem:25.10M (Peak 25.10M) | Time:00:00.02 | Mem:0.00M, Peak:0.00M | Scene, ViewLayer | Synchronizing object | Palm.L
Fra:1 Mem:25.10M (Peak 25.10M) | Time:00:00.02 | Mem:0.00M, Peak:0.00M | Scene, ViewLayer | Synchronizing object | Index_Mesh.L
Fra:1 Mem:25.10M (Peak 25.10M) | Time:00:00.02 | Mem:0.00M, Peak:0.00M | Scene, ViewLayer | Synchronizing object | Middle_Mesh.L
Fra:1 Mem:25.12M (Peak 25.12M) | Time:00:00.02 | Mem:0.00M, Peak:0.00M | Scene, ViewLayer | Synchronizing object | Ring_Mesh.L
Fra:1 Mem:25.15M (Peak 25.15M) | Time:00:00.02 | Mem:0.00M, Peak:0.00M | Scene, ViewLayer | Synchronizing object | Pinky_Mesh.L
Fra:1 Mem:25.16M (Peak 25.16M) | Time:00:00.02 | Mem:0.00M, Peak:0.00M | Scene, ViewLayer | Synchronizing object | Thumb_Mesh.L
Fra:1 Mem:25.36M (Peak 25.36M) | Time:00:00.05 | Mem:0.00M, Peak:0.00M | Scene, ViewLayer | Synchronizing object | Trousers.L
Fra:1 Mem:25.36M (Peak 25.36M) | Time:00:00.05 | Mem:0.00M, Peak:0.00M | Scene, ViewLayer | Synchronizing object | Sneaker_Sole.L
Fra:1 Mem:25.39M (Peak 25.39M) | Time:00:00.05 | Mem:0.00M, Peak:0.00M | Scene, ViewLayer | Synchronizing object | Sneaker_Upper.L
Fra:1 Mem:25.55M (Peak 25.55M) | Time:00:00.05 | Mem:0.00M, Peak:0.00M | Scene, ViewLayer | Synchronizing object | Sock.L
Fra:1 Mem:25.59M (Peak 25.59M) | Time:00:00.05 | Mem:0.00M, Peak:0.00M | Scene, ViewLayer | Synchronizing object | Lace_0.L
Fra:1 Mem:25.58M (Peak 25.59M) | Time:00:00.05 | Mem:0.00M, Peak:0.00M | Scene, ViewLayer | Synchronizing object | Lace_1.L
Fra:1 Mem:25.58M (Peak 25.59M) | Time:00:00.05 | Mem:0.00M, Peak:0.00M | Scene, ViewLayer | Synchronizing object | Lace_2.L
Fra:1 Mem:25.58M (Peak 25.59M) | Time:00:00.05 | Mem:0.00M, Peak:0.00M | Scene, ViewLayer | Synchronizing object | Lace_3.L
Fra:1 Mem:25.59M (Peak 25.59M) | Time:00:00.05 | Mem:0.00M, Peak:0.00M | Scene, ViewLayer | Synchronizing object | Heel_Tab.L
Fra:1 Mem:25.59M (Peak 25.59M) | Time:00:00.05 | Mem:0.00M, Peak:0.00M | Scene, ViewLayer | Synchronizing object | Sleeve_Cuff.R
Fra:1 Mem:25.62M (Peak 25.62M) | Time:00:00.05 | Mem:0.00M, Peak:0.00M | Scene, ViewLayer | Synchronizing object | Zip_Tape.R
Fra:1 Mem:25.62M (Peak 25.62M) | Time:00:00.05 | Mem:0.00M, Peak:0.00M | Scene, ViewLayer | Synchronizing object | Hood_Cord.R
Fra:1 Mem:25.73M (Peak 25.73M) | Time:00:00.07 | Mem:0.00M, Peak:0.00M | Scene, ViewLayer | Synchronizing object | Palm.R
Fra:1 Mem:25.73M (Peak 25.73M) | Time:00:00.07 | Mem:0.00M, Peak:0.00M | Scene, ViewLayer | Synchronizing object | Index_Mesh.R
Fra:1 Mem:25.76M (Peak 25.76M) | Time:00:00.07 | Mem:0.00M, Peak:0.00M | Scene, ViewLayer | Synchronizing object | Middle_Mesh.R
Fra:1 Mem:25.78M (Peak 25.78M) | Time:00:00.07 | Mem:0.00M, Peak:0.00M | Scene, ViewLayer | Synchronizing object | Ring_Mesh.R
Fra:1 Mem:25.80M (Peak 25.80M) | Time:00:00.07 | Mem:0.00M, Peak:0.00M | Scene, ViewLayer | Synchronizing object | Pinky_Mesh.R
Fra:1 Mem:25.81M (Peak 25.81M) | Time:00:00.07 | Mem:0.00M, Peak:0.00M | Scene, ViewLayer | Synchronizing object | Thumb_Mesh.R
Fra:1 Mem:25.99M (Peak 25.99M) | Time:00:00.10 | Mem:0.00M, Peak:0.00M | Scene, ViewLayer | Synchronizing object | Trousers.R
Fra:1 Mem:25.99M (Peak 25.99M) | Time:00:00.10 | Mem:0.00M, Peak:0.00M | Scene, ViewLayer | Synchronizing object | Sneaker_Sole.R
Fra:1 Mem:26.12M (Peak 26.12M) | Time:00:00.10 | Mem:0.00M, Peak:0.00M | Scene, ViewLayer | Synchronizing object | Sneaker_Upper.R
Fra:1 Mem:26.17M (Peak 26.17M) | Time:00:00.10 | Mem:0.00M, Peak:0.00M | Scene, ViewLayer | Synchronizing object | Sock.R
Fra:1 Mem:26.23M (Peak 26.23M) | Time:00:00.10 | Mem:0.00M, Peak:0.00M | Scene, ViewLayer | Synchronizing object | Lace_0.R
Fra:1 Mem:26.23M (Peak 26.23M) | Time:00:00.10 | Mem:0.00M, Peak:0.00M | Scene, ViewLayer | Synchronizing object | Lace_1.R
Fra:1 Mem:26.23M (Peak 26.23M) | Time:00:00.10 | Mem:0.00M, Peak:0.00M | Scene, ViewLayer | Synchronizing object | Lace_2.R
Fra:1 Mem:26.23M (Peak 26.23M) | Time:00:00.10 | Mem:0.00M, Peak:0.00M | Scene, ViewLayer | Synchronizing object | Lace_3.R
Fra:1 Mem:26.26M (Peak 26.26M) | Time:00:00.10 | Mem:0.00M, Peak:0.00M | Scene, ViewLayer | Synchronizing object | Heel_Tab.R
Fra:1 Mem:26.89M (Peak 26.89M) | Time:00:00.14 | Mem:0.00M, Peak:0.00M | Scene, ViewLayer | Synchronizing object | Jacket_ContinuousShoulders
Fra:1 Mem:28.12M (Peak 28.12M) | Time:00:00.54 | Mem:0.00M, Peak:0.00M | Scene, ViewLayer | Synchronizing object | Face_Head
Fra:1 Mem:28.78M (Peak 28.78M) | Time:00:00.56 | Mem:0.00M, Peak:0.00M | Scene, ViewLayer | Synchronizing object | Ear.L
Fra:1 Mem:28.79M (Peak 28.79M) | Time:00:00.56 | Mem:0.00M, Peak:0.00M | Scene, ViewLayer | Synchronizing object | Ear_Fold.L
Fra:1 Mem:28.89M (Peak 28.89M) | Time:00:00.57 | Mem:0.00M, Peak:0.00M | Scene, ViewLayer | Synchronizing object | Ear.R
Fra:1 Mem:28.89M (Peak 28.89M) | Time:00:00.57 | Mem:0.00M, Peak:0.00M | Scene, ViewLayer | Synchronizing object | Ear_Fold.R
Fra:1 Mem:28.93M (Peak 28.93M) | Time:00:00.57 | Mem:0.00M, Peak:0.00M | Scene, ViewLayer | Synchronizing object | Eye_White.L
Fra:1 Mem:28.94M (Peak 28.94M) | Time:00:00.57 | Mem:0.00M, Peak:0.00M | Scene, ViewLayer | Synchronizing object | Iris_hair.L
Fra:1 Mem:28.97M (Peak 28.97M) | Time:00:00.57 | Mem:0.00M, Peak:0.00M | Scene, ViewLayer | Synchronizing object | Iris_ink.L
Fra:1 Mem:28.98M (Peak 28.98M) | Time:00:00.57 | Mem:0.00M, Peak:0.00M | Scene, ViewLayer | Synchronizing object | Eye_Glint.L
Fra:1 Mem:28.99M (Peak 28.99M) | Time:00:00.57 | Mem:0.00M, Peak:0.00M | Scene, ViewLayer | Synchronizing object | Upper_Lid.L
Fra:1 Mem:28.99M (Peak 28.99M) | Time:00:00.57 | Mem:0.00M, Peak:0.00M | Scene, ViewLayer | Synchronizing object | Lower_Lid.L
Fra:1 Mem:29.00M (Peak 29.00M) | Time:00:00.57 | Mem:0.00M, Peak:0.00M | Scene, ViewLayer | Synchronizing object | Eyebrow.L
Fra:1 Mem:29.02M (Peak 29.02M) | Time:00:00.57 | Mem:0.00M, Peak:0.00M | Scene, ViewLayer | Synchronizing object | Eye_White.R
Fra:1 Mem:29.04M (Peak 29.04M) | Time:00:00.57 | Mem:0.00M, Peak:0.00M | Scene, ViewLayer | Synchronizing object | Iris_ink.R
Fra:1 Mem:29.03M (Peak 29.04M) | Time:00:00.57 | Mem:0.00M, Peak:0.00M | Scene, ViewLayer | Synchronizing object | Eye_Glint.R
Fra:1 Mem:29.04M (Peak 29.04M) | Time:00:00.57 | Mem:0.00M, Peak:0.00M | Scene, ViewLayer | Synchronizing object | Upper_Lid.R
Fra:1 Mem:29.05M (Peak 29.05M) | Time:00:00.57 | Mem:0.00M, Peak:0.00M | Scene, ViewLayer | Synchronizing object | Lower_Lid.R
Fra:1 Mem:29.06M (Peak 29.06M) | Time:00:00.57 | Mem:0.00M, Peak:0.00M | Scene, ViewLayer | Synchronizing object | Eyebrow.R
Fra:1 Mem:29.07M (Peak 29.07M) | Time:00:00.57 | Mem:0.00M, Peak:0.00M | Scene, ViewLayer | Synchronizing object | Mouth
Fra:1 Mem:29.21M (Peak 29.21M) | Time:00:00.71 | Mem:0.00M, Peak:0.00M | Scene, ViewLayer | Synchronizing object | Review_Rim
Fra:1 Mem:29.21M (Peak 29.21M) | Time:00:00.71 | Mem:0.00M, Peak:0.00M | Scene, ViewLayer | Synchronizing object | Review_Fill
Fra:1 Mem:29.21M (Peak 29.21M) | Time:00:00.71 | Mem:0.00M, Peak:0.00M | Scene, ViewLayer | Synchronizing object | Review_Key
Fra:1 Mem:29.21M (Peak 29.21M) | Time:00:00.71 | Mem:0.00M, Peak:0.00M | Scene, ViewLayer | Synchronizing object | Review_Ground
Fra:1 Mem:29.21M (Peak 29.21M) | Time:00:00.71 | Mem:0.00M, Peak:0.00M | Scene, ViewLayer | Synchronizing object | Tee_Bar
Fra:1 Mem:29.21M (Peak 29.21M) | Time:00:00.71 | Mem:0.00M, Peak:0.00M | Scene, ViewLayer | Synchronizing object | Tee_Dot_1.246
Fra:1 Mem:29.22M (Peak 29.22M) | Time:00:00.71 | Mem:0.00M, Peak:0.00M | Scene, ViewLayer | Synchronizing object | Tee_Dot_1.275
Fra:1 Mem:29.23M (Peak 29.23M) | Time:00:00.71 | Mem:0.00M, Peak:0.00M | Scene, ViewLayer | Synchronizing object | Back_Lock_6
Fra:1 Mem:29.25M (Peak 29.25M) | Time:00:00.71 | Mem:0.00M, Peak:0.00M | Scene, ViewLayer | Synchronizing object | Back_Lock_5
Fra:1 Mem:29.27M (Peak 29.27M) | Time:00:00.71 | Mem:0.00M, Peak:0.00M | Scene, ViewLayer | Synchronizing object | Back_Lock_4
Fra:1 Mem:29.29M (Peak 29.29M) | Time:00:00.71 | Mem:0.00M, Peak:0.00M | Scene, ViewLayer | Synchronizing object | Back_Lock_3
Fra:1 Mem:29.31M (Peak 29.31M) | Time:00:00.71 | Mem:0.00M, Peak:0.00M | Scene, ViewLayer | Synchronizing object | Back_Lock_2
Fra:1 Mem:29.33M (Peak 29.33M) | Time:00:00.71 | Mem:0.00M, Peak:0.00M | Scene, ViewLayer | Synchronizing object | Back_Lock_1
Fra:1 Mem:29.35M (Peak 29.35M) | Time:00:00.71 | Mem:0.00M, Peak:0.00M | Scene, ViewLayer | Synchronizing object | Back_Lock_0
Fra:1 Mem:29.37M (Peak 29.37M) | Time:00:00.71 | Mem:0.00M, Peak:0.00M | Scene, ViewLayer | Synchronizing object | Crown_0.R
Fra:1 Mem:29.39M (Peak 29.39M) | Time:00:00.71 | Mem:0.00M, Peak:0.00M | Scene, ViewLayer | Synchronizing object | Crown_0.L
Fra:1 Mem:29.41M (Peak 29.41M) | Time:00:00.71 | Mem:0.00M, Peak:0.00M | Scene, ViewLayer | Synchronizing object | Nape_1.R
Fra:1 Mem:29.43M (Peak 29.43M) | Time:00:00.71 | Mem:0.00M, Peak:0.00M | Scene, ViewLayer | Synchronizing object | Nape_0.R
Fra:1 Mem:29.45M (Peak 29.45M) | Time:00:00.71 | Mem:0.00M, Peak:0.00M | Scene, ViewLayer | Synchronizing object | Temple_2.R
Fra:1 Mem:29.47M (Peak 29.47M) | Time:00:00.71 | Mem:0.00M, Peak:0.00M | Scene, ViewLayer | Synchronizing object | Temple_1.R
Fra:1 Mem:29.49M (Peak 29.49M) | Time:00:00.71 | Mem:0.00M, Peak:0.00M | Scene, ViewLayer | Synchronizing object | Temple_0.R
Fra:1 Mem:29.51M (Peak 29.51M) | Time:00:00.71 | Mem:0.00M, Peak:0.00M | Scene, ViewLayer | Synchronizing object | Nape_1.L
Fra:1 Mem:29.53M (Peak 29.53M) | Time:00:00.71 | Mem:0.00M, Peak:0.00M | Scene, ViewLayer | Synchronizing object | Nape_0.L
Fra:1 Mem:29.55M (Peak 29.55M) | Time:00:00.71 | Mem:0.00M, Peak:0.00M | Scene, ViewLayer | Synchronizing object | Temple_2.L
Fra:1 Mem:29.57M (Peak 29.57M) | Time:00:00.71 | Mem:0.00M, Peak:0.00M | Scene, ViewLayer | Synchronizing object | Temple_1.L
Fra:1 Mem:29.59M (Peak 29.59M) | Time:00:00.71 | Mem:0.00M, Peak:0.00M | Scene, ViewLayer | Synchronizing object | Temple_0.L
Fra:1 Mem:29.61M (Peak 29.61M) | Time:00:00.71 | Mem:0.00M, Peak:0.00M | Scene, ViewLayer | Synchronizing object | Bangs_05
Fra:1 Mem:29.62M (Peak 29.62M) | Time:00:00.71 | Mem:0.00M, Peak:0.00M | Scene, ViewLayer | Synchronizing object | Hair_Cap
Fra:1 Mem:29.63M (Peak 29.63M) | Time:00:00.71 | Mem:0.00M, Peak:0.00M | Scene, ViewLayer | Synchronizing object | Bangs_04
Fra:1 Mem:29.74M (Peak 29.74M) | Time:00:00.71 | Mem:0.00M, Peak:0.00M | Scene, ViewLayer | Synchronizing object | Bangs_03
Fra:1 Mem:29.78M (Peak 29.78M) | Time:00:00.71 | Mem:0.00M, Peak:0.00M | Scene, ViewLayer | Synchronizing object | Bangs_02
Fra:1 Mem:29.80M (Peak 29.80M) | Time:00:00.71 | Mem:0.00M, Peak:0.00M | Scene, ViewLayer | Synchronizing object | Bangs_01
Fra:1 Mem:29.83M (Peak 29.83M) | Time:00:00.71 | Mem:0.00M, Peak:0.00M | Scene, ViewLayer | Synchronizing object | Bangs_00
Fra:1 Mem:29.90M (Peak 29.90M) | Time:00:00.71 | Mem:0.00M, Peak:0.00M | Scene, ViewLayer | Initializing
Fra:1 Mem:25.81M (Peak 29.90M) | Time:00:00.72 | Mem:0.00M, Peak:0.00M | Scene, ViewLayer | Updating Images | Loading CHR001_GreyStudy_BaseColor
Fra:1 Mem:27.00M (Peak 29.90M) | Time:00:00.72 | Mem:4.00M, Peak:4.00M | Scene, ViewLayer | Waiting for render to start
Fra:1 Mem:27.00M (Peak 29.90M) | Time:00:00.72 | Mem:4.00M, Peak:4.00M | Scene, ViewLayer | Updating Scene
Fra:1 Mem:27.00M (Peak 29.90M) | Time:00:00.72 | Mem:4.00M, Peak:4.00M | Scene, ViewLayer | Updating Shaders
Fra:1 Mem:27.00M (Peak 29.90M) | Time:00:00.72 | Mem:4.00M, Peak:4.00M | Scene, ViewLayer | Loading render kernels (may take a few minutes the first time)
Fra:1 Mem:27.08M (Peak 29.90M) | Time:00:00.72 | Mem:4.00M, Peak:4.00M | Scene, ViewLayer | Updating Procedurals
Fra:1 Mem:27.08M (Peak 29.90M) | Time:00:00.72 | Mem:4.00M, Peak:4.00M | Scene, ViewLayer | Updating Background
Fra:1 Mem:27.08M (Peak 29.90M) | Time:00:00.72 | Mem:4.00M, Peak:4.00M | Scene, ViewLayer | Updating Camera
Fra:1 Mem:27.08M (Peak 29.90M) | Time:00:00.72 | Mem:4.00M, Peak:4.00M | Scene, ViewLayer | Updating Meshes Flags
Fra:1 Mem:27.08M (Peak 29.90M) | Time:00:00.72 | Mem:4.00M, Peak:4.00M | Scene, ViewLayer | Updating Objects
Fra:1 Mem:27.08M (Peak 29.90M) | Time:00:00.72 | Mem:4.00M, Peak:4.00M | Scene, ViewLayer | Updating Objects | Copying Transformations to device
Fra:1 Mem:27.11M (Peak 29.90M) | Time:00:00.72 | Mem:4.02M, Peak:4.02M | Scene, ViewLayer | Updating Particle Systems
Fra:1 Mem:27.11M (Peak 29.90M) | Time:00:00.72 | Mem:4.02M, Peak:4.02M | Scene, ViewLayer | Updating Particle Systems | Copying Particles to device
Fra:1 Mem:27.11M (Peak 29.90M) | Time:00:00.72 | Mem:4.02M, Peak:4.02M | Scene, ViewLayer | Updating Meshes
Fra:1 Mem:27.11M (Peak 29.90M) | Time:00:00.72 | Mem:4.02M, Peak:4.02M | Scene, ViewLayer | Updating Objects | Applying Static Transformations
Fra:1 Mem:27.11M (Peak 29.90M) | Time:00:00.72 | Mem:4.02M, Peak:4.02M | Scene, ViewLayer | Updating Mesh | Computing attributes
Fra:1 Mem:28.12M (Peak 29.90M) | Time:00:00.72 | Mem:4.03M, Peak:4.03M | Scene, ViewLayer | Updating Mesh | Copying Attributes to device
Fra:1 Mem:28.11M (Peak 29.90M) | Time:00:00.72 | Mem:5.02M, Peak:5.02M | Scene, ViewLayer | Updating Scene BVH | Building
Fra:1 Mem:28.11M (Peak 29.90M) | Time:00:00.72 | Mem:5.02M, Peak:5.02M | Scene, ViewLayer | Updating Scene BVH | Building BVH
Fra:1 Mem:28.11M (Peak 29.90M) | Time:00:00.72 | Mem:6.08M, Peak:6.08M | Scene, ViewLayer | Updating Scene BVH | Building BVH 0%
Fra:1 Mem:28.11M (Peak 29.90M) | Time:00:00.73 | Mem:7.23M, Peak:8.28M | Scene, ViewLayer | Updating Scene BVH | Copying BVH to device
Fra:1 Mem:28.11M (Peak 29.90M) | Time:00:00.73 | Mem:7.23M, Peak:8.28M | Scene, ViewLayer | Updating Mesh | Computing normals
Fra:1 Mem:29.04M (Peak 29.90M) | Time:00:00.73 | Mem:7.23M, Peak:8.28M | Scene, ViewLayer | Updating Mesh | Copying Mesh to device
Fra:1 Mem:29.04M (Peak 29.90M) | Time:00:00.73 | Mem:8.16M, Peak:8.28M | Scene, ViewLayer | Updating Objects Flags
Fra:1 Mem:29.04M (Peak 29.90M) | Time:00:00.73 | Mem:8.16M, Peak:8.28M | Scene, ViewLayer | Updating Primitive Offsets
Fra:1 Mem:29.04M (Peak 29.90M) | Time:00:00.73 | Mem:8.16M, Peak:8.28M | Scene, ViewLayer | Updating Images
Fra:1 Mem:29.04M (Peak 29.90M) | Time:00:00.73 | Mem:8.16M, Peak:8.28M | Scene, ViewLayer | Updating Camera Volume
Fra:1 Mem:29.04M (Peak 29.90M) | Time:00:00.73 | Mem:8.16M, Peak:8.28M | Scene, ViewLayer | Updating Lookup Tables
Fra:1 Mem:29.04M (Peak 29.90M) | Time:00:00.73 | Mem:8.24M, Peak:8.28M | Scene, ViewLayer | Updating Lights
Fra:1 Mem:29.04M (Peak 29.90M) | Time:00:00.73 | Mem:8.24M, Peak:8.28M | Scene, ViewLayer | Updating Lights | Computing tree
Fra:1 Mem:29.04M (Peak 29.90M) | Time:00:00.73 | Mem:8.24M, Peak:8.28M | Scene, ViewLayer | Updating Integrator
Fra:1 Mem:29.04M (Peak 29.90M) | Time:00:00.73 | Mem:8.24M, Peak:8.28M | Scene, ViewLayer | Updating Film
Fra:1 Mem:29.05M (Peak 29.90M) | Time:00:00.73 | Mem:8.16M, Peak:8.28M | Scene, ViewLayer | Updating Lookup Tables
Fra:1 Mem:29.05M (Peak 29.90M) | Time:00:00.73 | Mem:8.25M, Peak:8.28M | Scene, ViewLayer | Updating Baking
Fra:1 Mem:29.05M (Peak 29.90M) | Time:00:00.73 | Mem:8.25M, Peak:8.28M | Scene, ViewLayer | Updating Device | Writing constant memory
Fra:1 Mem:29.05M (Peak 29.90M) | Time:00:00.73 | Mem:8.25M, Peak:8.28M | Scene, ViewLayer | Loading denoising kernels (may take a few minutes the first time)
Fra:1 Mem:29.05M (Peak 29.90M) | Time:00:00.73 | Mem:8.25M, Peak:8.28M | Scene, ViewLayer | Sample 0/24
Fra:1 Mem:79.19M (Peak 79.19M) | Time:00:01.06 | Remaining:00:07.56 | Mem:58.35M, Peak:58.35M | Scene, ViewLayer | Sample 1/24
Fra:1 Mem:100.29M (Peak 131.93M) | Time:00:11.74 | Mem:58.35M, Peak:58.35M | Scene, ViewLayer | Sample 24/24
Fra:1 Mem:100.29M (Peak 131.93M) | Time:00:11.74 | Mem:58.35M, Peak:58.35M | Scene, ViewLayer | Finished
Saved: '/home/lzzz/MyProjects/N-SIDE/output/characters/CHR-001/animation-r1/walk-01.png'
Time: 00:11.79 (Saving: 00:00.05)

Fra:5 Mem:24.93M (Peak 24.93M) | Time:00:00.00 | Mem:0.00M, Peak:0.00M | Scene, ViewLayer | Synchronizing object | TShirt
Fra:5 Mem:25.09M (Peak 25.09M) | Time:00:00.01 | Mem:0.00M, Peak:0.00M | Scene, ViewLayer | Synchronizing object | TShirt_Collar
Fra:5 Mem:25.09M (Peak 25.09M) | Time:00:00.01 | Mem:0.00M, Peak:0.00M | Scene, ViewLayer | Synchronizing object | Hood
Fra:5 Mem:25.10M (Peak 25.10M) | Time:00:00.01 | Mem:0.00M, Peak:0.00M | Scene, ViewLayer | Synchronizing object | Sleeve_Cuff.L
Fra:5 Mem:25.15M (Peak 25.15M) | Time:00:00.01 | Mem:0.00M, Peak:0.00M | Scene, ViewLayer | Synchronizing object | Zip_Tape.L
Fra:5 Mem:25.15M (Peak 25.15M) | Time:00:00.01 | Mem:0.00M, Peak:0.00M | Scene, ViewLayer | Synchronizing object | Hood_Cord.L
Fra:5 Mem:25.21M (Peak 25.21M) | Time:00:00.02 | Mem:0.00M, Peak:0.00M | Scene, ViewLayer | Synchronizing object | Palm.L
Fra:5 Mem:25.22M (Peak 25.22M) | Time:00:00.02 | Mem:0.00M, Peak:0.00M | Scene, ViewLayer | Synchronizing object | Index_Mesh.L
Fra:5 Mem:25.25M (Peak 25.25M) | Time:00:00.02 | Mem:0.00M, Peak:0.00M | Scene, ViewLayer | Synchronizing object | Middle_Mesh.L
Fra:5 Mem:25.28M (Peak 25.28M) | Time:00:00.02 | Mem:0.00M, Peak:0.00M | Scene, ViewLayer | Synchronizing object | Ring_Mesh.L
Fra:5 Mem:25.28M (Peak 25.28M) | Time:00:00.02 | Mem:0.00M, Peak:0.00M | Scene, ViewLayer | Synchronizing object | Pinky_Mesh.L
Fra:5 Mem:25.29M (Peak 25.29M) | Time:00:00.02 | Mem:0.00M, Peak:0.00M | Scene, ViewLayer | Synchronizing object | Thumb_Mesh.L
Fra:5 Mem:25.47M (Peak 25.47M) | Time:00:00.05 | Mem:0.00M, Peak:0.00M | Scene, ViewLayer | Synchronizing object | Trousers.L
Fra:5 Mem:25.47M (Peak 25.47M) | Time:00:00.05 | Mem:0.00M, Peak:0.00M | Scene, ViewLayer | Synchronizing object | Sneaker_Upper.L
Fra:5 Mem:25.60M (Peak 25.60M) | Time:00:00.05 | Mem:0.00M, Peak:0.00M | Scene, ViewLayer | Synchronizing object | Sock.L
Fra:5 Mem:25.64M (Peak 25.64M) | Time:00:00.05 | Mem:0.00M, Peak:0.00M | Scene, ViewLayer | Synchronizing object | Lace_0.L
Fra:5 Mem:25.66M (Peak 25.66M) | Time:00:00.05 | Mem:0.00M, Peak:0.00M | Scene, ViewLayer | Synchronizing object | Lace_1.L
Fra:5 Mem:25.66M (Peak 25.66M) | Time:00:00.05 | Mem:0.00M, Peak:0.00M | Scene, ViewLayer | Synchronizing object | Lace_2.L
Fra:5 Mem:25.69M (Peak 25.69M) | Time:00:00.05 | Mem:0.00M, Peak:0.00M | Scene, ViewLayer | Synchronizing object | Lace_3.L
Fra:5 Mem:25.69M (Peak 25.69M) | Time:00:00.05 | Mem:0.00M, Peak:0.00M | Scene, ViewLayer | Synchronizing object | Heel_Tab.L
Fra:5 Mem:25.69M (Peak 25.69M) | Time:00:00.05 | Mem:0.00M, Peak:0.00M | Scene, ViewLayer | Synchronizing object | Sleeve_Cuff.R
Fra:5 Mem:25.70M (Peak 25.70M) | Time:00:00.05 | Mem:0.00M, Peak:0.00M | Scene, ViewLayer | Synchronizing object | Zip_Tape.R
Fra:5 Mem:25.71M (Peak 25.71M) | Time:00:00.05 | Mem:0.00M, Peak:0.00M | Scene, ViewLayer | Synchronizing object | Hood_Cord.R
Fra:5 Mem:25.83M (Peak 25.83M) | Time:00:00.06 | Mem:0.00M, Peak:0.00M | Scene, ViewLayer | Synchronizing object | Palm.R
Fra:5 Mem:25.84M (Peak 25.84M) | Time:00:00.06 | Mem:0.00M, Peak:0.00M | Scene, ViewLayer | Synchronizing object | Index_Mesh.R
Fra:5 Mem:25.87M (Peak 25.87M) | Time:00:00.06 | Mem:0.00M, Peak:0.00M | Scene, ViewLayer | Synchronizing object | Middle_Mesh.R
Fra:5 Mem:25.89M (Peak 25.89M) | Time:00:00.06 | Mem:0.00M, Peak:0.00M | Scene, ViewLayer | Synchronizing object | Ring_Mesh.R
Fra:5 Mem:25.91M (Peak 25.91M) | Time:00:00.06 | Mem:0.00M, Peak:0.00M | Scene, ViewLayer | Synchronizing object | Pinky_Mesh.R
Fra:5 Mem:25.91M (Peak 25.91M) | Time:00:00.06 | Mem:0.00M, Peak:0.00M | Scene, ViewLayer | Synchronizing object | Thumb_Mesh.R
Fra:5 Mem:26.09M (Peak 26.09M) | Time:00:00.10 | Mem:0.00M, Peak:0.00M | Scene, ViewLayer | Synchronizing object | Trousers.R
Fra:5 Mem:26.12M (Peak 26.12M) | Time:00:00.10 | Mem:0.00M, Peak:0.00M | Scene, ViewLayer | Synchronizing object | Sneaker_Sole.R
Fra:5 Mem:26.12M (Peak 26.12M) | Time:00:00.10 | Mem:0.00M, Peak:0.00M | Scene, ViewLayer | Synchronizing object | Sneaker_Upper.R
Fra:5 Mem:26.28M (Peak 26.28M) | Time:00:00.10 | Mem:0.00M, Peak:0.00M | Scene, ViewLayer | Synchronizing object | Sock.R
Fra:5 Mem:26.32M (Peak 26.32M) | Time:00:00.10 | Mem:0.00M, Peak:0.00M | Scene, ViewLayer | Synchronizing object | Lace_0.R
Fra:5 Mem:26.32M (Peak 26.32M) | Time:00:00.10 | Mem:0.00M, Peak:0.00M | Scene, ViewLayer | Synchronizing object | Lace_1.R
Fra:5 Mem:26.32M (Peak 26.32M) | Time:00:00.10 | Mem:0.00M, Peak:0.00M | Scene, ViewLayer | Synchronizing object | Lace_2.R
Fra:5 Mem:26.34M (Peak 26.34M) | Time:00:00.10 | Mem:0.00M, Peak:0.00M | Scene, ViewLayer | Synchronizing object | Lace_3.R
Fra:5 Mem:26.33M (Peak 26.34M) | Time:00:00.10 | Mem:0.00M, Peak:0.00M | Scene, ViewLayer | Synchronizing object | Heel_Tab.R
Fra:5 Mem:26.98M (Peak 26.98M) | Time:00:00.13 | Mem:0.00M, Peak:0.00M | Scene, ViewLayer | Synchronizing object | Jacket_ContinuousShoulders
Fra:5 Mem:28.20M (Peak 28.20M) | Time:00:00.53 | Mem:0.00M, Peak:0.00M | Scene, ViewLayer | Synchronizing object | Face_Head
Fra:5 Mem:28.87M (Peak 28.87M) | Time:00:00.54 | Mem:0.00M, Peak:0.00M | Scene, ViewLayer | Synchronizing object | Ear.L
Fra:5 Mem:28.87M (Peak 28.87M) | Time:00:00.54 | Mem:0.00M, Peak:0.00M | Scene, ViewLayer | Synchronizing object | Ear_Fold.L
Fra:5 Mem:28.98M (Peak 28.98M) | Time:00:00.55 | Mem:0.00M, Peak:0.00M | Scene, ViewLayer | Synchronizing object | Ear.R
Fra:5 Mem:28.98M (Peak 28.98M) | Time:00:00.55 | Mem:0.00M, Peak:0.00M | Scene, ViewLayer | Synchronizing object | Ear_Fold.R
Fra:5 Mem:29.02M (Peak 29.02M) | Time:00:00.55 | Mem:0.00M, Peak:0.00M | Scene, ViewLayer | Synchronizing object | Eye_White.L
Fra:5 Mem:29.03M (Peak 29.03M) | Time:00:00.55 | Mem:0.00M, Peak:0.00M | Scene, ViewLayer | Synchronizing object | Iris_hair.L
Fra:5 Mem:29.05M (Peak 29.05M) | Time:00:00.55 | Mem:0.00M, Peak:0.00M | Scene, ViewLayer | Synchronizing object | Iris_ink.L
Fra:5 Mem:29.06M (Peak 29.06M) | Time:00:00.55 | Mem:0.00M, Peak:0.00M | Scene, ViewLayer | Synchronizing object | Eye_Glint.L
Fra:5 Mem:29.07M (Peak 29.07M) | Time:00:00.55 | Mem:0.00M, Peak:0.00M | Scene, ViewLayer | Synchronizing object | Upper_Lid.L
Fra:5 Mem:29.08M (Peak 29.08M) | Time:00:00.55 | Mem:0.00M, Peak:0.00M | Scene, ViewLayer | Synchronizing object | Lower_Lid.L
Fra:5 Mem:29.08M (Peak 29.08M) | Time:00:00.55 | Mem:0.00M, Peak:0.00M | Scene, ViewLayer | Synchronizing object | Eyebrow.L
Fra:5 Mem:29.10M (Peak 29.10M) | Time:00:00.55 | Mem:0.00M, Peak:0.00M | Scene, ViewLayer | Synchronizing object | Eye_White.R
Fra:5 Mem:29.10M (Peak 29.10M) | Time:00:00.55 | Mem:0.00M, Peak:0.00M | Scene, ViewLayer | Synchronizing object | Iris_hair.R
Fra:5 Mem:29.13M (Peak 29.13M) | Time:00:00.55 | Mem:0.00M, Peak:0.00M | Scene, ViewLayer | Synchronizing object | Iris_ink.R
Fra:5 Mem:29.11M (Peak 29.13M) | Time:00:00.55 | Mem:0.00M, Peak:0.00M | Scene, ViewLayer | Synchronizing object | Eye_Glint.R
Fra:5 Mem:29.12M (Peak 29.13M) | Time:00:00.55 | Mem:0.00M, Peak:0.00M | Scene, ViewLayer | Synchronizing object | Upper_Lid.R
Fra:5 Mem:29.14M (Peak 29.14M) | Time:00:00.55 | Mem:0.00M, Peak:0.00M | Scene, ViewLayer | Synchronizing object | Lower_Lid.R
Fra:5 Mem:29.14M (Peak 29.14M) | Time:00:00.55 | Mem:0.00M, Peak:0.00M | Scene, ViewLayer | Synchronizing object | Eyebrow.R
Fra:5 Mem:29.14M (Peak 29.14M) | Time:00:00.55 | Mem:0.00M, Peak:0.00M | Scene, ViewLayer | Synchronizing object | Mouth
Fra:5 Mem:29.27M (Peak 29.27M) | Time:00:00.67 | Mem:0.00M, Peak:0.00M | Scene, ViewLayer | Synchronizing object | Hair_Cap
Fra:5 Mem:29.28M (Peak 29.28M) | Time:00:00.67 | Mem:0.00M, Peak:0.00M | Scene, ViewLayer | Synchronizing object | Bangs_01
Fra:5 Mem:29.41M (Peak 29.41M) | Time:00:00.67 | Mem:0.00M, Peak:0.00M | Scene, ViewLayer | Synchronizing object | Bangs_02
Fra:5 Mem:29.41M (Peak 29.41M) | Time:00:00.67 | Mem:0.00M, Peak:0.00M | Scene, ViewLayer | Synchronizing object | Bangs_03
Fra:5 Mem:29.46M (Peak 29.46M) | Time:00:00.67 | Mem:0.00M, Peak:0.00M | Scene, ViewLayer | Synchronizing object | Bangs_04
Fra:5 Mem:29.47M (Peak 29.47M) | Time:00:00.67 | Mem:0.00M, Peak:0.00M | Scene, ViewLayer | Synchronizing object | Bangs_05
Fra:5 Mem:29.49M (Peak 29.49M) | Time:00:00.67 | Mem:0.00M, Peak:0.00M | Scene, ViewLayer | Synchronizing object | Review_Rim
Fra:5 Mem:29.50M (Peak 29.50M) | Time:00:00.67 | Mem:0.00M, Peak:0.00M | Scene, ViewLayer | Synchronizing object | Temple_0.L
Fra:5 Mem:29.50M (Peak 29.50M) | Time:00:00.67 | Mem:0.00M, Peak:0.00M | Scene, ViewLayer | Synchronizing object | Review_Fill
Fra:5 Mem:29.52M (Peak 29.52M) | Time:00:00.67 | Mem:0.00M, Peak:0.00M | Scene, ViewLayer | Synchronizing object | Review_Key
Fra:5 Mem:29.53M (Peak 29.53M) | Time:00:00.67 | Mem:0.00M, Peak:0.00M | Scene, ViewLayer | Synchronizing object | Review_Ground
Fra:5 Mem:29.54M (Peak 29.54M) | Time:00:00.67 | Mem:0.00M, Peak:0.00M | Scene, ViewLayer | Synchronizing object | Temple_2.L
Fra:5 Mem:29.58M (Peak 29.58M) | Time:00:00.67 | Mem:0.00M, Peak:0.00M | Scene, ViewLayer | Synchronizing object | Tee_Bar
Fra:5 Mem:29.61M (Peak 29.61M) | Time:00:00.67 | Mem:0.00M, Peak:0.00M | Scene, ViewLayer | Synchronizing object | Tee_Dot_1.246
Fra:5 Mem:29.62M (Peak 29.62M) | Time:00:00.67 | Mem:0.00M, Peak:0.00M | Scene, ViewLayer | Synchronizing object | Nape_0.L
Fra:5 Mem:29.66M (Peak 29.66M) | Time:00:00.67 | Mem:0.00M, Peak:0.00M | Scene, ViewLayer | Synchronizing object | Nape_1.L
Fra:5 Mem:29.68M (Peak 29.68M) | Time:00:00.67 | Mem:0.00M, Peak:0.00M | Scene, ViewLayer | Synchronizing object | Tee_Dot_1.275
Fra:5 Mem:29.65M (Peak 29.68M) | Time:00:00.67 | Mem:0.00M, Peak:0.00M | Scene, ViewLayer | Synchronizing object | Temple_0.R
Fra:5 Mem:29.65M (Peak 29.68M) | Time:00:00.67 | Mem:0.00M, Peak:0.00M | Scene, ViewLayer | Synchronizing object | Temple_1.R
Fra:5 Mem:29.67M (Peak 29.68M) | Time:00:00.67 | Mem:0.00M, Peak:0.00M | Scene, ViewLayer | Synchronizing object | Temple_2.R
Fra:5 Mem:29.69M (Peak 29.69M) | Time:00:00.67 | Mem:0.00M, Peak:0.00M | Scene, ViewLayer | Synchronizing object | Back_Lock_6
Fra:5 Mem:29.70M (Peak 29.70M) | Time:00:00.67 | Mem:0.00M, Peak:0.00M | Scene, ViewLayer | Synchronizing object | Nape_0.R
Fra:5 Mem:29.72M (Peak 29.72M) | Time:00:00.67 | Mem:0.00M, Peak:0.00M | Scene, ViewLayer | Synchronizing object | Nape_1.R
Fra:5 Mem:29.75M (Peak 29.75M) | Time:00:00.67 | Mem:0.00M, Peak:0.00M | Scene, ViewLayer | Synchronizing object | Crown_0.L
Fra:5 Mem:29.75M (Peak 29.75M) | Time:00:00.67 | Mem:0.00M, Peak:0.00M | Scene, ViewLayer | Synchronizing object | Back_Lock_5
Fra:5 Mem:29.77M (Peak 29.77M) | Time:00:00.67 | Mem:0.00M, Peak:0.00M | Scene, ViewLayer | Synchronizing object | Crown_0.R
Fra:5 Mem:29.78M (Peak 29.78M) | Time:00:00.67 | Mem:0.00M, Peak:0.00M | Scene, ViewLayer | Synchronizing object | Back_Lock_0
Fra:5 Mem:29.83M (Peak 29.83M) | Time:00:00.67 | Mem:0.00M, Peak:0.00M | Scene, ViewLayer | Synchronizing object | Back_Lock_4
Fra:5 Mem:29.84M (Peak 29.84M) | Time:00:00.67 | Mem:0.00M, Peak:0.00M | Scene, ViewLayer | Synchronizing object | Back_Lock_1
Fra:5 Mem:29.85M (Peak 29.85M) | Time:00:00.67 | Mem:0.00M, Peak:0.00M | Scene, ViewLayer | Synchronizing object | Back_Lock_3
Fra:5 Mem:29.90M (Peak 29.90M) | Time:00:00.67 | Mem:0.00M, Peak:0.00M | Scene, ViewLayer | Initializing
Fra:5 Mem:25.81M (Peak 29.90M) | Time:00:00.67 | Mem:0.00M, Peak:0.00M | Scene, ViewLayer | Updating Images | Loading CHR001_GreyStudy_BaseColor
Fra:5 Mem:27.00M (Peak 29.90M) | Time:00:00.67 | Mem:4.00M, Peak:4.00M | Scene, ViewLayer | Waiting for render to start
Fra:5 Mem:27.00M (Peak 29.90M) | Time:00:00.67 | Mem:4.00M, Peak:4.00M | Scene, ViewLayer | Updating Scene
Fra:5 Mem:27.00M (Peak 29.90M) | Time:00:00.67 | Mem:4.00M, Peak:4.00M | Scene, ViewLayer | Updating Shaders
Fra:5 Mem:27.00M (Peak 29.90M) | Time:00:00.67 | Mem:4.00M, Peak:4.00M | Scene, ViewLayer | Loading render kernels (may take a few minutes the first time)
Fra:5 Mem:27.08M (Peak 29.90M) | Time:00:00.67 | Mem:4.00M, Peak:4.00M | Scene, ViewLayer | Updating Procedurals
Fra:5 Mem:27.08M (Peak 29.90M) | Time:00:00.67 | Mem:4.00M, Peak:4.00M | Scene, ViewLayer | Updating Background
Fra:5 Mem:27.08M (Peak 29.90M) | Time:00:00.67 | Mem:4.00M, Peak:4.00M | Scene, ViewLayer | Updating Camera
Fra:5 Mem:27.08M (Peak 29.90M) | Time:00:00.67 | Mem:4.00M, Peak:4.00M | Scene, ViewLayer | Updating Meshes Flags
Fra:5 Mem:27.08M (Peak 29.90M) | Time:00:00.67 | Mem:4.00M, Peak:4.00M | Scene, ViewLayer | Updating Objects
Fra:5 Mem:27.08M (Peak 29.90M) | Time:00:00.67 | Mem:4.00M, Peak:4.00M | Scene, ViewLayer | Updating Objects | Copying Transformations to device
Fra:5 Mem:27.11M (Peak 29.90M) | Time:00:00.67 | Mem:4.02M, Peak:4.02M | Scene, ViewLayer | Updating Particle Systems
Fra:5 Mem:27.11M (Peak 29.90M) | Time:00:00.67 | Mem:4.02M, Peak:4.02M | Scene, ViewLayer | Updating Particle Systems | Copying Particles to device
Fra:5 Mem:27.11M (Peak 29.90M) | Time:00:00.67 | Mem:4.02M, Peak:4.02M | Scene, ViewLayer | Updating Meshes
Fra:5 Mem:27.11M (Peak 29.90M) | Time:00:00.67 | Mem:4.02M, Peak:4.02M | Scene, ViewLayer | Updating Objects | Applying Static Transformations
Fra:5 Mem:27.11M (Peak 29.90M) | Time:00:00.67 | Mem:4.02M, Peak:4.02M | Scene, ViewLayer | Updating Mesh | Computing attributes
Fra:5 Mem:28.12M (Peak 29.90M) | Time:00:00.67 | Mem:4.03M, Peak:4.03M | Scene, ViewLayer | Updating Mesh | Copying Attributes to device
Fra:5 Mem:28.11M (Peak 29.90M) | Time:00:00.67 | Mem:5.02M, Peak:5.02M | Scene, ViewLayer | Updating Scene BVH | Building
Fra:5 Mem:28.11M (Peak 29.90M) | Time:00:00.67 | Mem:5.02M, Peak:5.02M | Scene, ViewLayer | Updating Scene BVH | Building BVH
Fra:5 Mem:28.11M (Peak 29.90M) | Time:00:00.67 | Mem:6.08M, Peak:6.08M | Scene, ViewLayer | Updating Scene BVH | Building BVH 0%
Fra:5 Mem:28.11M (Peak 29.90M) | Time:00:00.68 | Mem:7.23M, Peak:8.28M | Scene, ViewLayer | Updating Scene BVH | Copying BVH to device
Fra:5 Mem:28.11M (Peak 29.90M) | Time:00:00.68 | Mem:7.23M, Peak:8.28M | Scene, ViewLayer | Updating Mesh | Computing normals
Fra:5 Mem:29.04M (Peak 29.90M) | Time:00:00.68 | Mem:7.23M, Peak:8.28M | Scene, ViewLayer | Updating Mesh | Copying Mesh to device
Fra:5 Mem:29.04M (Peak 29.90M) | Time:00:00.68 | Mem:8.16M, Peak:8.28M | Scene, ViewLayer | Updating Objects Flags
Fra:5 Mem:29.04M (Peak 29.90M) | Time:00:00.68 | Mem:8.16M, Peak:8.28M | Scene, ViewLayer | Updating Primitive Offsets
Fra:5 Mem:29.04M (Peak 29.90M) | Time:00:00.68 | Mem:8.16M, Peak:8.28M | Scene, ViewLayer | Updating Images
Fra:5 Mem:29.04M (Peak 29.90M) | Time:00:00.68 | Mem:8.16M, Peak:8.28M | Scene, ViewLayer | Updating Camera Volume
Fra:5 Mem:29.04M (Peak 29.90M) | Time:00:00.68 | Mem:8.16M, Peak:8.28M | Scene, ViewLayer | Updating Lookup Tables
Fra:5 Mem:29.04M (Peak 29.90M) | Time:00:00.68 | Mem:8.24M, Peak:8.28M | Scene, ViewLayer | Updating Lights
Fra:5 Mem:29.04M (Peak 29.90M) | Time:00:00.68 | Mem:8.24M, Peak:8.28M | Scene, ViewLayer | Updating Lights | Computing tree
Fra:5 Mem:29.04M (Peak 29.90M) | Time:00:00.68 | Mem:8.24M, Peak:8.28M | Scene, ViewLayer | Updating Integrator
Fra:5 Mem:29.04M (Peak 29.90M) | Time:00:00.68 | Mem:8.24M, Peak:8.28M | Scene, ViewLayer | Updating Film
Fra:5 Mem:29.05M (Peak 29.90M) | Time:00:00.68 | Mem:8.16M, Peak:8.28M | Scene, ViewLayer | Updating Lookup Tables
Fra:5 Mem:29.05M (Peak 29.90M) | Time:00:00.68 | Mem:8.25M, Peak:8.28M | Scene, ViewLayer | Updating Baking
Fra:5 Mem:29.05M (Peak 29.90M) | Time:00:00.68 | Mem:8.25M, Peak:8.28M | Scene, ViewLayer | Updating Device | Writing constant memory
Fra:5 Mem:29.05M (Peak 29.90M) | Time:00:00.68 | Mem:8.25M, Peak:8.28M | Scene, ViewLayer | Loading denoising kernels (may take a few minutes the first time)
Fra:5 Mem:29.05M (Peak 29.90M) | Time:00:00.68 | Mem:8.25M, Peak:8.28M | Scene, ViewLayer | Sample 0/24
Fra:5 Mem:79.19M (Peak 79.19M) | Time:00:01.00 | Remaining:00:07.35 | Mem:58.35M, Peak:58.35M | Scene, ViewLayer | Sample 1/24
Fra:5 Mem:100.29M (Peak 131.93M) | Time:00:11.89 | Mem:58.35M, Peak:58.35M | Scene, ViewLayer | Sample 24/24
Fra:5 Mem:100.29M (Peak 131.93M) | Time:00:11.89 | Mem:58.35M, Peak:58.35M | Scene, ViewLayer | Finished
Saved: '/home/lzzz/MyProjects/N-SIDE/output/characters/CHR-001/animation-r1/walk-05.png'
Time: 00:11.94 (Saving: 00:00.05)

Fra:9 Mem:24.93M (Peak 24.93M) | Time:00:00.00 | Mem:0.00M, Peak:0.00M | Scene, ViewLayer | Synchronizing object | TShirt
Fra:9 Mem:25.09M (Peak 25.09M) | Time:00:00.01 | Mem:0.00M, Peak:0.00M | Scene, ViewLayer | Synchronizing object | TShirt_Collar
Fra:9 Mem:25.09M (Peak 25.09M) | Time:00:00.01 | Mem:0.00M, Peak:0.00M | Scene, ViewLayer | Synchronizing object | Hood
Fra:9 Mem:25.11M (Peak 25.11M) | Time:00:00.01 | Mem:0.00M, Peak:0.00M | Scene, ViewLayer | Synchronizing object | Sleeve_Cuff.L
Fra:9 Mem:25.15M (Peak 25.15M) | Time:00:00.01 | Mem:0.00M, Peak:0.00M | Scene, ViewLayer | Synchronizing object | Zip_Tape.L
Fra:9 Mem:25.17M (Peak 25.17M) | Time:00:00.01 | Mem:0.00M, Peak:0.00M | Scene, ViewLayer | Synchronizing object | Hood_Cord.L
Fra:9 Mem:25.21M (Peak 25.21M) | Time:00:00.02 | Mem:0.00M, Peak:0.00M | Scene, ViewLayer | Synchronizing object | Palm.L
Fra:9 Mem:25.22M (Peak 25.22M) | Time:00:00.02 | Mem:0.00M, Peak:0.00M | Scene, ViewLayer | Synchronizing object | Index_Mesh.L
Fra:9 Mem:25.24M (Peak 25.24M) | Time:00:00.02 | Mem:0.00M, Peak:0.00M | Scene, ViewLayer | Synchronizing object | Middle_Mesh.L
Fra:9 Mem:25.26M (Peak 25.26M) | Time:00:00.02 | Mem:0.00M, Peak:0.00M | Scene, ViewLayer | Synchronizing object | Ring_Mesh.L
Fra:9 Mem:25.27M (Peak 25.27M) | Time:00:00.02 | Mem:0.00M, Peak:0.00M | Scene, ViewLayer | Synchronizing object | Pinky_Mesh.L
Fra:9 Mem:25.29M (Peak 25.29M) | Time:00:00.02 | Mem:0.00M, Peak:0.00M | Scene, ViewLayer | Synchronizing object | Thumb_Mesh.L
Fra:9 Mem:25.47M (Peak 25.47M) | Time:00:00.05 | Mem:0.00M, Peak:0.00M | Scene, ViewLayer | Synchronizing object | Trousers.L
Fra:9 Mem:25.47M (Peak 25.47M) | Time:00:00.05 | Mem:0.00M, Peak:0.00M | Scene, ViewLayer | Synchronizing object | Sneaker_Sole.L
Fra:9 Mem:25.51M (Peak 25.51M) | Time:00:00.05 | Mem:0.00M, Peak:0.00M | Scene, ViewLayer | Synchronizing object | Sneaker_Upper.L
Fra:9 Mem:25.65M (Peak 25.65M) | Time:00:00.05 | Mem:0.00M, Peak:0.00M | Scene, ViewLayer | Synchronizing object | Sock.L
Fra:9 Mem:25.68M (Peak 25.68M) | Time:00:00.05 | Mem:0.00M, Peak:0.00M | Scene, ViewLayer | Synchronizing object | Lace_0.L
Fra:9 Mem:25.70M (Peak 25.70M) | Time:00:00.05 | Mem:0.00M, Peak:0.00M | Scene, ViewLayer | Synchronizing object | Lace_1.L
Fra:9 Mem:25.72M (Peak 25.72M) | Time:00:00.05 | Mem:0.00M, Peak:0.00M | Scene, ViewLayer | Synchronizing object | Lace_2.L
Fra:9 Mem:25.78M (Peak 25.78M) | Time:00:00.05 | Mem:0.00M, Peak:0.00M | Scene, ViewLayer | Synchronizing object | Lace_3.L
Fra:9 Mem:25.80M (Peak 25.80M) | Time:00:00.05 | Mem:0.00M, Peak:0.00M | Scene, ViewLayer | Synchronizing object | Heel_Tab.L
Fra:9 Mem:25.86M (Peak 25.86M) | Time:00:00.05 | Mem:0.00M, Peak:0.00M | Scene, ViewLayer | Synchronizing object | Sleeve_Cuff.R
Fra:9 Mem:25.79M (Peak 25.86M) | Time:00:00.05 | Mem:0.00M, Peak:0.00M | Scene, ViewLayer | Synchronizing object | Zip_Tape.R
Fra:9 Mem:25.79M (Peak 25.86M) | Time:00:00.05 | Mem:0.00M, Peak:0.00M | Scene, ViewLayer | Synchronizing object | Hood_Cord.R
Fra:9 Mem:25.83M (Peak 25.86M) | Time:00:00.07 | Mem:0.00M, Peak:0.00M | Scene, ViewLayer | Synchronizing object | Palm.R
Fra:9 Mem:25.83M (Peak 25.86M) | Time:00:00.07 | Mem:0.00M, Peak:0.00M | Scene, ViewLayer | Synchronizing object | Index_Mesh.R
Fra:9 Mem:25.86M (Peak 25.86M) | Time:00:00.07 | Mem:0.00M, Peak:0.00M | Scene, ViewLayer | Synchronizing object | Middle_Mesh.R
Fra:9 Mem:25.88M (Peak 25.88M) | Time:00:00.07 | Mem:0.00M, Peak:0.00M | Scene, ViewLayer | Synchronizing object | Ring_Mesh.R
Fra:9 Mem:25.89M (Peak 25.89M) | Time:00:00.07 | Mem:0.00M, Peak:0.00M | Scene, ViewLayer | Synchronizing object | Pinky_Mesh.R
Fra:9 Mem:25.93M (Peak 25.93M) | Time:00:00.07 | Mem:0.00M, Peak:0.00M | Scene, ViewLayer | Synchronizing object | Thumb_Mesh.R
Fra:9 Mem:26.09M (Peak 26.09M) | Time:00:00.10 | Mem:0.00M, Peak:0.00M | Scene, ViewLayer | Synchronizing object | Trousers.R
Fra:9 Mem:26.12M (Peak 26.12M) | Time:00:00.10 | Mem:0.00M, Peak:0.00M | Scene, ViewLayer | Synchronizing object | Sneaker_Sole.R
Fra:9 Mem:26.18M (Peak 26.18M) | Time:00:00.10 | Mem:0.00M, Peak:0.00M | Scene, ViewLayer | Synchronizing object | Sneaker_Upper.R
Fra:9 Mem:26.32M (Peak 26.32M) | Time:00:00.10 | Mem:0.00M, Peak:0.00M | Scene, ViewLayer | Synchronizing object | Sock.R
Fra:9 Mem:26.32M (Peak 26.32M) | Time:00:00.10 | Mem:0.00M, Peak:0.00M | Scene, ViewLayer | Synchronizing object | Lace_0.R
Fra:9 Mem:26.32M (Peak 26.32M) | Time:00:00.10 | Mem:0.00M, Peak:0.00M | Scene, ViewLayer | Synchronizing object | Lace_1.R
Fra:9 Mem:26.32M (Peak 26.32M) | Time:00:00.10 | Mem:0.00M, Peak:0.00M | Scene, ViewLayer | Synchronizing object | Lace_2.R
Fra:9 Mem:26.32M (Peak 26.32M) | Time:00:00.10 | Mem:0.00M, Peak:0.00M | Scene, ViewLayer | Synchronizing object | Lace_3.R
Fra:9 Mem:26.33M (Peak 26.33M) | Time:00:00.10 | Mem:0.00M, Peak:0.00M | Scene, ViewLayer | Synchronizing object | Heel_Tab.R
Fra:9 Mem:26.98M (Peak 26.98M) | Time:00:00.14 | Mem:0.00M, Peak:0.00M | Scene, ViewLayer | Synchronizing object | Jacket_ContinuousShoulders
Fra:9 Mem:28.20M (Peak 28.20M) | Time:00:00.54 | Mem:0.00M, Peak:0.00M | Scene, ViewLayer | Synchronizing object | Face_Head
Fra:9 Mem:28.87M (Peak 28.87M) | Time:00:00.55 | Mem:0.00M, Peak:0.00M | Scene, ViewLayer | Synchronizing object | Ear.L
Fra:9 Mem:28.87M (Peak 28.87M) | Time:00:00.55 | Mem:0.00M, Peak:0.00M | Scene, ViewLayer | Synchronizing object | Ear_Fold.L
Fra:9 Mem:28.98M (Peak 28.98M) | Time:00:00.56 | Mem:0.00M, Peak:0.00M | Scene, ViewLayer | Synchronizing object | Ear.R
Fra:9 Mem:28.98M (Peak 28.98M) | Time:00:00.56 | Mem:0.00M, Peak:0.00M | Scene, ViewLayer | Synchronizing object | Eye_White.L
Fra:9 Mem:29.03M (Peak 29.03M) | Time:00:00.56 | Mem:0.00M, Peak:0.00M | Scene, ViewLayer | Synchronizing object | Iris_hair.L
Fra:9 Mem:29.03M (Peak 29.03M) | Time:00:00.56 | Mem:0.00M, Peak:0.00M | Scene, ViewLayer | Synchronizing object | Iris_ink.L
Fra:9 Mem:29.05M (Peak 29.05M) | Time:00:00.56 | Mem:0.00M, Peak:0.00M | Scene, ViewLayer | Synchronizing object | Eye_Glint.L
Fra:9 Mem:29.07M (Peak 29.07M) | Time:00:00.56 | Mem:0.00M, Peak:0.00M | Scene, ViewLayer | Synchronizing object | Upper_Lid.L
Fra:9 Mem:29.08M (Peak 29.08M) | Time:00:00.56 | Mem:0.00M, Peak:0.00M | Scene, ViewLayer | Synchronizing object | Lower_Lid.L
Fra:9 Mem:29.09M (Peak 29.09M) | Time:00:00.56 | Mem:0.00M, Peak:0.00M | Scene, ViewLayer | Synchronizing object | Eyebrow.L
Fra:9 Mem:29.09M (Peak 29.09M) | Time:00:00.56 | Mem:0.00M, Peak:0.00M | Scene, ViewLayer | Synchronizing object | Eye_White.R
Fra:9 Mem:29.09M (Peak 29.09M) | Time:00:00.56 | Mem:0.00M, Peak:0.00M | Scene, ViewLayer | Synchronizing object | Iris_hair.R
Fra:9 Mem:29.13M (Peak 29.13M) | Time:00:00.56 | Mem:0.00M, Peak:0.00M | Scene, ViewLayer | Synchronizing object | Iris_ink.R
Fra:9 Mem:29.12M (Peak 29.13M) | Time:00:00.56 | Mem:0.00M, Peak:0.00M | Scene, ViewLayer | Synchronizing object | Eye_Glint.R
Fra:9 Mem:29.12M (Peak 29.13M) | Time:00:00.56 | Mem:0.00M, Peak:0.00M | Scene, ViewLayer | Synchronizing object | Upper_Lid.R
Fra:9 Mem:29.13M (Peak 29.13M) | Time:00:00.56 | Mem:0.00M, Peak:0.00M | Scene, ViewLayer | Synchronizing object | Lower_Lid.R
Fra:9 Mem:29.14M (Peak 29.14M) | Time:00:00.56 | Mem:0.00M, Peak:0.00M | Scene, ViewLayer | Synchronizing object | Eyebrow.R
Fra:9 Mem:29.14M (Peak 29.14M) | Time:00:00.56 | Mem:0.00M, Peak:0.00M | Scene, ViewLayer | Synchronizing object | Mouth
Fra:9 Mem:29.27M (Peak 29.27M) | Time:00:00.68 | Mem:0.00M, Peak:0.00M | Scene, ViewLayer | Synchronizing object | Hair_Cap
Fra:9 Mem:29.27M (Peak 29.27M) | Time:00:00.68 | Mem:0.00M, Peak:0.00M | Scene, ViewLayer | Synchronizing object | Bangs_00
Fra:9 Mem:29.34M (Peak 29.34M) | Time:00:00.68 | Mem:0.00M, Peak:0.00M | Scene, ViewLayer | Synchronizing object | Bangs_01
Fra:9 Mem:29.43M (Peak 29.43M) | Time:00:00.68 | Mem:0.00M, Peak:0.00M | Scene, ViewLayer | Synchronizing object | Bangs_02
Fra:9 Mem:29.45M (Peak 29.45M) | Time:00:00.68 | Mem:0.00M, Peak:0.00M | Scene, ViewLayer | Synchronizing object | Bangs_03
Fra:9 Mem:29.44M (Peak 29.45M) | Time:00:00.68 | Mem:0.00M, Peak:0.00M | Scene, ViewLayer | Synchronizing object | Bangs_04
Fra:9 Mem:29.48M (Peak 29.48M) | Time:00:00.68 | Mem:0.00M, Peak:0.00M | Scene, ViewLayer | Synchronizing object | Bangs_05
Fra:9 Mem:29.49M (Peak 29.49M) | Time:00:00.68 | Mem:0.00M, Peak:0.00M | Scene, ViewLayer | Synchronizing object | Temple_0.L
Fra:9 Mem:29.57M (Peak 29.57M) | Time:00:00.68 | Mem:0.00M, Peak:0.00M | Scene, ViewLayer | Synchronizing object | Review_Rim
Fra:9 Mem:29.61M (Peak 29.61M) | Time:00:00.68 | Mem:0.00M, Peak:0.00M | Scene, ViewLayer | Synchronizing object | Temple_1.L
Fra:9 Mem:29.58M (Peak 29.61M) | Time:00:00.68 | Mem:0.00M, Peak:0.00M | Scene, ViewLayer | Synchronizing object | Review_Fill
Fra:9 Mem:29.58M (Peak 29.61M) | Time:00:00.68 | Mem:0.00M, Peak:0.00M | Scene, ViewLayer | Synchronizing object | Nape_0.L
Fra:9 Mem:29.60M (Peak 29.61M) | Time:00:00.68 | Mem:0.00M, Peak:0.00M | Scene, ViewLayer | Synchronizing object | Review_Key
Fra:9 Mem:29.60M (Peak 29.61M) | Time:00:00.68 | Mem:0.00M, Peak:0.00M | Scene, ViewLayer | Synchronizing object | Review_Ground
Fra:9 Mem:29.63M (Peak 29.63M) | Time:00:00.68 | Mem:0.00M, Peak:0.00M | Scene, ViewLayer | Synchronizing object | Tee_Bar
Fra:9 Mem:29.63M (Peak 29.63M) | Time:00:00.68 | Mem:0.00M, Peak:0.00M | Scene, ViewLayer | Synchronizing object | Temple_0.R
Fra:9 Mem:29.66M (Peak 29.66M) | Time:00:00.68 | Mem:0.00M, Peak:0.00M | Scene, ViewLayer | Synchronizing object | Temple_1.R
Fra:9 Mem:29.66M (Peak 29.66M) | Time:00:00.68 | Mem:0.00M, Peak:0.00M | Scene, ViewLayer | Synchronizing object | Temple_2.R
Fra:9 Mem:29.69M (Peak 29.69M) | Time:00:00.68 | Mem:0.00M, Peak:0.00M | Scene, ViewLayer | Synchronizing object | Nape_0.R
Fra:9 Mem:29.70M (Peak 29.70M) | Time:00:00.68 | Mem:0.00M, Peak:0.00M | Scene, ViewLayer | Synchronizing object | Nape_1.R
Fra:9 Mem:29.73M (Peak 29.73M) | Time:00:00.68 | Mem:0.00M, Peak:0.00M | Scene, ViewLayer | Synchronizing object | Tee_Dot_1.275
Fra:9 Mem:29.75M (Peak 29.75M) | Time:00:00.68 | Mem:0.00M, Peak:0.00M | Scene, ViewLayer | Synchronizing object | Crown_0.L
Fra:9 Mem:29.74M (Peak 29.75M) | Time:00:00.68 | Mem:0.00M, Peak:0.00M | Scene, ViewLayer | Synchronizing object | Back_Lock_6
Fra:9 Mem:29.76M (Peak 29.76M) | Time:00:00.68 | Mem:0.00M, Peak:0.00M | Scene, ViewLayer | Synchronizing object | Back_Lock_0
Fra:9 Mem:29.81M (Peak 29.81M) | Time:00:00.68 | Mem:0.00M, Peak:0.00M | Scene, ViewLayer | Synchronizing object | Back_Lock_1
Fra:9 Mem:29.81M (Peak 29.81M) | Time:00:00.68 | Mem:0.00M, Peak:0.00M | Scene, ViewLayer | Synchronizing object | Back_Lock_5
Fra:9 Mem:29.82M (Peak 29.82M) | Time:00:00.68 | Mem:0.00M, Peak:0.00M | Scene, ViewLayer | Synchronizing object | Back_Lock_2
Fra:9 Mem:29.86M (Peak 29.86M) | Time:00:00.68 | Mem:0.00M, Peak:0.00M | Scene, ViewLayer | Synchronizing object | Back_Lock_3
Fra:9 Mem:29.86M (Peak 29.86M) | Time:00:00.68 | Mem:0.00M, Peak:0.00M | Scene, ViewLayer | Synchronizing object | Back_Lock_4
Fra:9 Mem:29.90M (Peak 29.90M) | Time:00:00.68 | Mem:0.00M, Peak:0.00M | Scene, ViewLayer | Initializing
Fra:9 Mem:25.81M (Peak 29.90M) | Time:00:00.68 | Mem:0.00M, Peak:0.00M | Scene, ViewLayer | Updating Images | Loading CHR001_GreyStudy_BaseColor
Fra:9 Mem:27.00M (Peak 29.90M) | Time:00:00.68 | Mem:4.00M, Peak:4.00M | Scene, ViewLayer | Waiting for render to start
Fra:9 Mem:27.00M (Peak 29.90M) | Time:00:00.68 | Mem:4.00M, Peak:4.00M | Scene, ViewLayer | Updating Scene
Fra:9 Mem:27.00M (Peak 29.90M) | Time:00:00.68 | Mem:4.00M, Peak:4.00M | Scene, ViewLayer | Updating Shaders
Fra:9 Mem:27.00M (Peak 29.90M) | Time:00:00.68 | Mem:4.00M, Peak:4.00M | Scene, ViewLayer | Loading render kernels (may take a few minutes the first time)
Fra:9 Mem:27.08M (Peak 29.90M) | Time:00:00.68 | Mem:4.00M, Peak:4.00M | Scene, ViewLayer | Updating Procedurals
Fra:9 Mem:27.08M (Peak 29.90M) | Time:00:00.68 | Mem:4.00M, Peak:4.00M | Scene, ViewLayer | Updating Background
Fra:9 Mem:27.08M (Peak 29.90M) | Time:00:00.68 | Mem:4.00M, Peak:4.00M | Scene, ViewLayer | Updating Camera
Fra:9 Mem:27.08M (Peak 29.90M) | Time:00:00.68 | Mem:4.00M, Peak:4.00M | Scene, ViewLayer | Updating Meshes Flags
Fra:9 Mem:27.08M (Peak 29.90M) | Time:00:00.68 | Mem:4.00M, Peak:4.00M | Scene, ViewLayer | Updating Objects
Fra:9 Mem:27.08M (Peak 29.90M) | Time:00:00.68 | Mem:4.00M, Peak:4.00M | Scene, ViewLayer | Updating Objects | Copying Transformations to device
Fra:9 Mem:27.11M (Peak 29.90M) | Time:00:00.68 | Mem:4.02M, Peak:4.02M | Scene, ViewLayer | Updating Particle Systems
Fra:9 Mem:27.11M (Peak 29.90M) | Time:00:00.68 | Mem:4.02M, Peak:4.02M | Scene, ViewLayer | Updating Particle Systems | Copying Particles to device
Fra:9 Mem:27.11M (Peak 29.90M) | Time:00:00.68 | Mem:4.02M, Peak:4.02M | Scene, ViewLayer | Updating Meshes
Fra:9 Mem:27.11M (Peak 29.90M) | Time:00:00.68 | Mem:4.02M, Peak:4.02M | Scene, ViewLayer | Updating Objects | Applying Static Transformations
Fra:9 Mem:27.11M (Peak 29.90M) | Time:00:00.68 | Mem:4.02M, Peak:4.02M | Scene, ViewLayer | Updating Mesh | Computing attributes
Fra:9 Mem:28.12M (Peak 29.90M) | Time:00:00.68 | Mem:4.03M, Peak:4.03M | Scene, ViewLayer | Updating Mesh | Copying Attributes to device
Fra:9 Mem:28.11M (Peak 29.90M) | Time:00:00.68 | Mem:5.02M, Peak:5.02M | Scene, ViewLayer | Updating Scene BVH | Building
Fra:9 Mem:28.11M (Peak 29.90M) | Time:00:00.68 | Mem:5.02M, Peak:5.02M | Scene, ViewLayer | Updating Scene BVH | Building BVH
Fra:9 Mem:28.11M (Peak 29.90M) | Time:00:00.68 | Mem:6.08M, Peak:6.08M | Scene, ViewLayer | Updating Scene BVH | Building BVH 0%
Fra:9 Mem:28.11M (Peak 29.90M) | Time:00:00.69 | Mem:7.23M, Peak:8.28M | Scene, ViewLayer | Updating Scene BVH | Copying BVH to device
Fra:9 Mem:28.11M (Peak 29.90M) | Time:00:00.69 | Mem:7.23M, Peak:8.28M | Scene, ViewLayer | Updating Mesh | Computing normals
Fra:9 Mem:29.04M (Peak 29.90M) | Time:00:00.69 | Mem:7.23M, Peak:8.28M | Scene, ViewLayer | Updating Mesh | Copying Mesh to device
Fra:9 Mem:29.04M (Peak 29.90M) | Time:00:00.69 | Mem:8.16M, Peak:8.28M | Scene, ViewLayer | Updating Objects Flags
Fra:9 Mem:29.04M (Peak 29.90M) | Time:00:00.69 | Mem:8.16M, Peak:8.28M | Scene, ViewLayer | Updating Primitive Offsets
Fra:9 Mem:29.04M (Peak 29.90M) | Time:00:00.69 | Mem:8.16M, Peak:8.28M | Scene, ViewLayer | Updating Images
Fra:9 Mem:29.04M (Peak 29.90M) | Time:00:00.69 | Mem:8.16M, Peak:8.28M | Scene, ViewLayer | Updating Camera Volume
Fra:9 Mem:29.04M (Peak 29.90M) | Time:00:00.69 | Mem:8.16M, Peak:8.28M | Scene, ViewLayer | Updating Lookup Tables
Fra:9 Mem:29.04M (Peak 29.90M) | Time:00:00.69 | Mem:8.24M, Peak:8.28M | Scene, ViewLayer | Updating Lights
Fra:9 Mem:29.04M (Peak 29.90M) | Time:00:00.69 | Mem:8.24M, Peak:8.28M | Scene, ViewLayer | Updating Lights | Computing tree
Fra:9 Mem:29.04M (Peak 29.90M) | Time:00:00.69 | Mem:8.24M, Peak:8.28M | Scene, ViewLayer | Updating Integrator
Fra:9 Mem:29.04M (Peak 29.90M) | Time:00:00.69 | Mem:8.24M, Peak:8.28M | Scene, ViewLayer | Updating Film
Fra:9 Mem:29.05M (Peak 29.90M) | Time:00:00.69 | Mem:8.16M, Peak:8.28M | Scene, ViewLayer | Updating Lookup Tables
Fra:9 Mem:29.05M (Peak 29.90M) | Time:00:00.69 | Mem:8.25M, Peak:8.28M | Scene, ViewLayer | Updating Baking
Fra:9 Mem:29.05M (Peak 29.90M) | Time:00:00.69 | Mem:8.25M, Peak:8.28M | Scene, ViewLayer | Updating Device | Writing constant memory
Fra:9 Mem:29.05M (Peak 29.90M) | Time:00:00.69 | Mem:8.25M, Peak:8.28M | Scene, ViewLayer | Loading denoising kernels (may take a few minutes the first time)
Fra:9 Mem:29.05M (Peak 29.90M) | Time:00:00.69 | Mem:8.25M, Peak:8.28M | Scene, ViewLayer | Sample 0/24
Fra:9 Mem:79.19M (Peak 79.19M) | Time:00:01.00 | Remaining:00:07.21 | Mem:58.35M, Peak:58.35M | Scene, ViewLayer | Sample 1/24
Fra:9 Mem:100.29M (Peak 131.93M) | Time:00:11.72 | Mem:58.35M, Peak:58.35M | Scene, ViewLayer | Sample 24/24
Fra:9 Mem:100.29M (Peak 131.93M) | Time:00:11.72 | Mem:58.35M, Peak:58.35M | Scene, ViewLayer | Finished
Saved: '/home/lzzz/MyProjects/N-SIDE/output/characters/CHR-001/animation-r1/walk-09.png'
Time: 00:11.77 (Saving: 00:00.05)

Fra:11 Mem:24.93M (Peak 24.93M) | Time:00:00.00 | Mem:0.00M, Peak:0.00M | Scene, ViewLayer | Synchronizing object | TShirt
Fra:11 Mem:25.09M (Peak 25.09M) | Time:00:00.01 | Mem:0.00M, Peak:0.00M | Scene, ViewLayer | Synchronizing object | TShirt_Collar
Fra:11 Mem:25.09M (Peak 25.09M) | Time:00:00.01 | Mem:0.00M, Peak:0.00M | Scene, ViewLayer | Synchronizing object | Sleeve_Cuff.L
Fra:11 Mem:25.12M (Peak 25.12M) | Time:00:00.01 | Mem:0.00M, Peak:0.00M | Scene, ViewLayer | Synchronizing object | Zip_Tape.L
Fra:11 Mem:25.15M (Peak 25.15M) | Time:00:00.01 | Mem:0.00M, Peak:0.00M | Scene, ViewLayer | Synchronizing object | Hood_Cord.L
Fra:11 Mem:25.21M (Peak 25.21M) | Time:00:00.02 | Mem:0.00M, Peak:0.00M | Scene, ViewLayer | Synchronizing object | Palm.L
Fra:11 Mem:25.21M (Peak 25.21M) | Time:00:00.02 | Mem:0.00M, Peak:0.00M | Scene, ViewLayer | Synchronizing object | Index_Mesh.L
Fra:11 Mem:25.25M (Peak 25.25M) | Time:00:00.02 | Mem:0.00M, Peak:0.00M | Scene, ViewLayer | Synchronizing object | Middle_Mesh.L
Fra:11 Mem:25.26M (Peak 25.26M) | Time:00:00.02 | Mem:0.00M, Peak:0.00M | Scene, ViewLayer | Synchronizing object | Ring_Mesh.L
Fra:11 Mem:25.28M (Peak 25.28M) | Time:00:00.02 | Mem:0.00M, Peak:0.00M | Scene, ViewLayer | Synchronizing object | Pinky_Mesh.L
Fra:11 Mem:25.30M (Peak 25.30M) | Time:00:00.02 | Mem:0.00M, Peak:0.00M | Scene, ViewLayer | Synchronizing object | Thumb_Mesh.L
Fra:11 Mem:25.47M (Peak 25.47M) | Time:00:00.05 | Mem:0.00M, Peak:0.00M | Scene, ViewLayer | Synchronizing object | Trousers.L
Fra:11 Mem:25.47M (Peak 25.47M) | Time:00:00.05 | Mem:0.00M, Peak:0.00M | Scene, ViewLayer | Synchronizing object | Sneaker_Sole.L
Fra:11 Mem:25.59M (Peak 25.59M) | Time:00:00.05 | Mem:0.00M, Peak:0.00M | Scene, ViewLayer | Synchronizing object | Sneaker_Upper.L
Fra:11 Mem:25.64M (Peak 25.64M) | Time:00:00.05 | Mem:0.00M, Peak:0.00M | Scene, ViewLayer | Synchronizing object | Sock.L
Fra:11 Mem:25.69M (Peak 25.69M) | Time:00:00.05 | Mem:0.00M, Peak:0.00M | Scene, ViewLayer | Synchronizing object | Lace_0.L
Fra:11 Mem:25.68M (Peak 25.69M) | Time:00:00.05 | Mem:0.00M, Peak:0.00M | Scene, ViewLayer | Synchronizing object | Lace_1.L
Fra:11 Mem:25.69M (Peak 25.69M) | Time:00:00.05 | Mem:0.00M, Peak:0.00M | Scene, ViewLayer | Synchronizing object | Lace_2.L
Fra:11 Mem:25.69M (Peak 25.69M) | Time:00:00.05 | Mem:0.00M, Peak:0.00M | Scene, ViewLayer | Synchronizing object | Lace_3.L
Fra:11 Mem:25.69M (Peak 25.69M) | Time:00:00.05 | Mem:0.00M, Peak:0.00M | Scene, ViewLayer | Synchronizing object | Heel_Tab.L
Fra:11 Mem:25.71M (Peak 25.71M) | Time:00:00.05 | Mem:0.00M, Peak:0.00M | Scene, ViewLayer | Synchronizing object | Sleeve_Cuff.R
Fra:11 Mem:25.72M (Peak 25.72M) | Time:00:00.05 | Mem:0.00M, Peak:0.00M | Scene, ViewLayer | Synchronizing object | Zip_Tape.R
Fra:11 Mem:25.79M (Peak 25.79M) | Time:00:00.05 | Mem:0.00M, Peak:0.00M | Scene, ViewLayer | Synchronizing object | Hood_Cord.R
Fra:11 Mem:25.83M (Peak 25.83M) | Time:00:00.07 | Mem:0.00M, Peak:0.00M | Scene, ViewLayer | Synchronizing object | Palm.R
Fra:11 Mem:25.86M (Peak 25.86M) | Time:00:00.07 | Mem:0.00M, Peak:0.00M | Scene, ViewLayer | Synchronizing object | Index_Mesh.R
Fra:11 Mem:25.87M (Peak 25.87M) | Time:00:00.07 | Mem:0.00M, Peak:0.00M | Scene, ViewLayer | Synchronizing object | Middle_Mesh.R
Fra:11 Mem:25.88M (Peak 25.88M) | Time:00:00.07 | Mem:0.00M, Peak:0.00M | Scene, ViewLayer | Synchronizing object | Ring_Mesh.R
Fra:11 Mem:25.90M (Peak 25.90M) | Time:00:00.07 | Mem:0.00M, Peak:0.00M | Scene, ViewLayer | Synchronizing object | Pinky_Mesh.R
Fra:11 Mem:25.92M (Peak 25.92M) | Time:00:00.07 | Mem:0.00M, Peak:0.00M | Scene, ViewLayer | Synchronizing object | Thumb_Mesh.R
Fra:11 Mem:26.09M (Peak 26.09M) | Time:00:00.10 | Mem:0.00M, Peak:0.00M | Scene, ViewLayer | Synchronizing object | Trousers.R
Fra:11 Mem:26.09M (Peak 26.09M) | Time:00:00.10 | Mem:0.00M, Peak:0.00M | Scene, ViewLayer | Synchronizing object | Sneaker_Sole.R
Fra:11 Mem:26.21M (Peak 26.21M) | Time:00:00.10 | Mem:0.00M, Peak:0.00M | Scene, ViewLayer | Synchronizing object | Sneaker_Upper.R
Fra:11 Mem:26.32M (Peak 26.32M) | Time:00:00.10 | Mem:0.00M, Peak:0.00M | Scene, ViewLayer | Synchronizing object | Sock.R
Fra:11 Mem:26.31M (Peak 26.32M) | Time:00:00.10 | Mem:0.00M, Peak:0.00M | Scene, ViewLayer | Synchronizing object | Lace_0.R
Fra:11 Mem:26.32M (Peak 26.32M) | Time:00:00.10 | Mem:0.00M, Peak:0.00M | Scene, ViewLayer | Synchronizing object | Lace_1.R
Fra:11 Mem:26.32M (Peak 26.32M) | Time:00:00.10 | Mem:0.00M, Peak:0.00M | Scene, ViewLayer | Synchronizing object | Lace_2.R
Fra:11 Mem:26.32M (Peak 26.32M) | Time:00:00.10 | Mem:0.00M, Peak:0.00M | Scene, ViewLayer | Synchronizing object | Lace_3.R
Fra:11 Mem:26.33M (Peak 26.33M) | Time:00:00.10 | Mem:0.00M, Peak:0.00M | Scene, ViewLayer | Synchronizing object | Heel_Tab.R
Fra:11 Mem:26.99M (Peak 26.99M) | Time:00:00.14 | Mem:0.00M, Peak:0.00M | Scene, ViewLayer | Synchronizing object | Jacket_ContinuousShoulders
Fra:11 Mem:28.21M (Peak 28.21M) | Time:00:00.54 | Mem:0.00M, Peak:0.00M | Scene, ViewLayer | Synchronizing object | Face_Head
Fra:11 Mem:28.87M (Peak 28.87M) | Time:00:00.55 | Mem:0.00M, Peak:0.00M | Scene, ViewLayer | Synchronizing object | Ear.L
Fra:11 Mem:28.87M (Peak 28.87M) | Time:00:00.55 | Mem:0.00M, Peak:0.00M | Scene, ViewLayer | Synchronizing object | Ear_Fold.L
Fra:11 Mem:28.98M (Peak 28.98M) | Time:00:00.57 | Mem:0.00M, Peak:0.00M | Scene, ViewLayer | Synchronizing object | Ear.R
Fra:11 Mem:28.98M (Peak 28.98M) | Time:00:00.57 | Mem:0.00M, Peak:0.00M | Scene, ViewLayer | Synchronizing object | Eye_White.L
Fra:11 Mem:29.03M (Peak 29.03M) | Time:00:00.57 | Mem:0.00M, Peak:0.00M | Scene, ViewLayer | Synchronizing object | Iris_hair.L
Fra:11 Mem:29.04M (Peak 29.04M) | Time:00:00.57 | Mem:0.00M, Peak:0.00M | Scene, ViewLayer | Synchronizing object | Iris_ink.L
Fra:11 Mem:29.06M (Peak 29.06M) | Time:00:00.57 | Mem:0.00M, Peak:0.00M | Scene, ViewLayer | Synchronizing object | Eye_Glint.L
Fra:11 Mem:29.07M (Peak 29.07M) | Time:00:00.57 | Mem:0.00M, Peak:0.00M | Scene, ViewLayer | Synchronizing object | Upper_Lid.L
Fra:11 Mem:29.07M (Peak 29.07M) | Time:00:00.57 | Mem:0.00M, Peak:0.00M | Scene, ViewLayer | Synchronizing object | Eyebrow.L
Fra:11 Mem:29.09M (Peak 29.09M) | Time:00:00.57 | Mem:0.00M, Peak:0.00M | Scene, ViewLayer | Synchronizing object | Eye_White.R
Fra:11 Mem:29.10M (Peak 29.11M) | Time:00:00.57 | Mem:0.00M, Peak:0.00M | Scene, ViewLayer | Synchronizing object | Iris_hair.R
Fra:11 Mem:29.13M (Peak 29.13M) | Time:00:00.57 | Mem:0.00M, Peak:0.00M | Scene, ViewLayer | Synchronizing object | Iris_ink.R
Fra:11 Mem:29.11M (Peak 29.13M) | Time:00:00.57 | Mem:0.00M, Peak:0.00M | Scene, ViewLayer | Synchronizing object | Eye_Glint.R
Fra:11 Mem:29.11M (Peak 29.13M) | Time:00:00.57 | Mem:0.00M, Peak:0.00M | Scene, ViewLayer | Synchronizing object | Upper_Lid.R
Fra:11 Mem:29.13M (Peak 29.13M) | Time:00:00.57 | Mem:0.00M, Peak:0.00M | Scene, ViewLayer | Synchronizing object | Lower_Lid.R
Fra:11 Mem:29.14M (Peak 29.14M) | Time:00:00.57 | Mem:0.00M, Peak:0.00M | Scene, ViewLayer | Synchronizing object | Eyebrow.R
Fra:11 Mem:29.14M (Peak 29.14M) | Time:00:00.57 | Mem:0.00M, Peak:0.00M | Scene, ViewLayer | Synchronizing object | Mouth
Fra:11 Mem:29.27M (Peak 29.27M) | Time:00:00.68 | Mem:0.00M, Peak:0.00M | Scene, ViewLayer | Synchronizing object | Hair_Cap
Fra:11 Mem:29.34M (Peak 29.34M) | Time:00:00.68 | Mem:0.00M, Peak:0.00M | Scene, ViewLayer | Synchronizing object | Bangs_00
Fra:11 Mem:29.38M (Peak 29.38M) | Time:00:00.68 | Mem:0.00M, Peak:0.00M | Scene, ViewLayer | Synchronizing object | Bangs_01
Fra:11 Mem:29.42M (Peak 29.42M) | Time:00:00.68 | Mem:0.00M, Peak:0.00M | Scene, ViewLayer | Synchronizing object | Bangs_02
Fra:11 Mem:29.43M (Peak 29.43M) | Time:00:00.68 | Mem:0.00M, Peak:0.00M | Scene, ViewLayer | Synchronizing object | Bangs_03
Fra:11 Mem:29.45M (Peak 29.45M) | Time:00:00.68 | Mem:0.00M, Peak:0.00M | Scene, ViewLayer | Synchronizing object | Bangs_04
Fra:11 Mem:29.48M (Peak 29.48M) | Time:00:00.68 | Mem:0.00M, Peak:0.00M | Scene, ViewLayer | Synchronizing object | Bangs_05
Fra:11 Mem:29.56M (Peak 29.56M) | Time:00:00.68 | Mem:0.00M, Peak:0.00M | Scene, ViewLayer | Synchronizing object | Temple_0.L
Fra:11 Mem:29.60M (Peak 29.60M) | Time:00:00.68 | Mem:0.00M, Peak:0.00M | Scene, ViewLayer | Synchronizing object | Temple_1.L
Fra:11 Mem:29.57M (Peak 29.60M) | Time:00:00.68 | Mem:0.00M, Peak:0.00M | Scene, ViewLayer | Synchronizing object | Review_Rim
Fra:11 Mem:29.59M (Peak 29.60M) | Time:00:00.68 | Mem:0.00M, Peak:0.00M | Scene, ViewLayer | Synchronizing object | Nape_0.L
Fra:11 Mem:29.59M (Peak 29.60M) | Time:00:00.68 | Mem:0.00M, Peak:0.00M | Scene, ViewLayer | Synchronizing object | Review_Fill
Fra:11 Mem:29.62M (Peak 29.62M) | Time:00:00.68 | Mem:0.00M, Peak:0.00M | Scene, ViewLayer | Synchronizing object | Nape_1.L
Fra:11 Mem:29.61M (Peak 29.62M) | Time:00:00.68 | Mem:0.00M, Peak:0.00M | Scene, ViewLayer | Synchronizing object | Review_Key
Fra:11 Mem:29.62M (Peak 29.62M) | Time:00:00.68 | Mem:0.00M, Peak:0.00M | Scene, ViewLayer | Synchronizing object | Review_Ground
Fra:11 Mem:29.63M (Peak 29.63M) | Time:00:00.68 | Mem:0.00M, Peak:0.00M | Scene, ViewLayer | Synchronizing object | Temple_0.R
Fra:11 Mem:29.64M (Peak 29.64M) | Time:00:00.68 | Mem:0.00M, Peak:0.00M | Scene, ViewLayer | Synchronizing object | Temple_1.R
Fra:11 Mem:29.67M (Peak 29.67M) | Time:00:00.68 | Mem:0.00M, Peak:0.00M | Scene, ViewLayer | Synchronizing object | Tee_Bar
Fra:11 Mem:29.67M (Peak 29.67M) | Time:00:00.68 | Mem:0.00M, Peak:0.00M | Scene, ViewLayer | Synchronizing object | Temple_2.R
Fra:11 Mem:29.69M (Peak 29.69M) | Time:00:00.68 | Mem:0.00M, Peak:0.00M | Scene, ViewLayer | Synchronizing object | Tee_Dot_1.246
Fra:11 Mem:29.69M (Peak 29.69M) | Time:00:00.68 | Mem:0.00M, Peak:0.00M | Scene, ViewLayer | Synchronizing object | Nape_1.R
Fra:11 Mem:29.71M (Peak 29.71M) | Time:00:00.68 | Mem:0.00M, Peak:0.00M | Scene, ViewLayer | Synchronizing object | Tee_Dot_1.275
Fra:11 Mem:29.72M (Peak 29.72M) | Time:00:00.68 | Mem:0.00M, Peak:0.00M | Scene, ViewLayer | Synchronizing object | Crown_0.L
Fra:11 Mem:29.75M (Peak 29.75M) | Time:00:00.68 | Mem:0.00M, Peak:0.00M | Scene, ViewLayer | Synchronizing object | Crown_0.R
Fra:11 Mem:29.77M (Peak 29.77M) | Time:00:00.68 | Mem:0.00M, Peak:0.00M | Scene, ViewLayer | Synchronizing object | Back_Lock_6
Fra:11 Mem:29.78M (Peak 29.78M) | Time:00:00.68 | Mem:0.00M, Peak:0.00M | Scene, ViewLayer | Synchronizing object | Back_Lock_1
Fra:11 Mem:29.79M (Peak 29.79M) | Time:00:00.68 | Mem:0.00M, Peak:0.00M | Scene, ViewLayer | Synchronizing object | Back_Lock_2
Fra:11 Mem:29.82M (Peak 29.82M) | Time:00:00.68 | Mem:0.00M, Peak:0.00M | Scene, ViewLayer | Synchronizing object | Back_Lock_5
Fra:11 Mem:29.86M (Peak 29.86M) | Time:00:00.68 | Mem:0.00M, Peak:0.00M | Scene, ViewLayer | Synchronizing object | Back_Lock_3
Fra:11 Mem:29.86M (Peak 29.86M) | Time:00:00.68 | Mem:0.00M, Peak:0.00M | Scene, ViewLayer | Synchronizing object | Back_Lock_4
Fra:11 Mem:29.90M (Peak 29.90M) | Time:00:00.68 | Mem:0.00M, Peak:0.00M | Scene, ViewLayer | Initializing
Fra:11 Mem:25.81M (Peak 29.90M) | Time:00:00.68 | Mem:0.00M, Peak:0.00M | Scene, ViewLayer | Updating Images | Loading CHR001_GreyStudy_BaseColor
Fra:11 Mem:27.00M (Peak 29.90M) | Time:00:00.69 | Mem:4.00M, Peak:4.00M | Scene, ViewLayer | Waiting for render to start
Fra:11 Mem:27.00M (Peak 29.90M) | Time:00:00.69 | Mem:4.00M, Peak:4.00M | Scene, ViewLayer | Updating Scene
Fra:11 Mem:27.00M (Peak 29.90M) | Time:00:00.69 | Mem:4.00M, Peak:4.00M | Scene, ViewLayer | Updating Shaders
Fra:11 Mem:27.00M (Peak 29.90M) | Time:00:00.69 | Mem:4.00M, Peak:4.00M | Scene, ViewLayer | Loading render kernels (may take a few minutes the first time)
Fra:11 Mem:27.08M (Peak 29.90M) | Time:00:00.69 | Mem:4.00M, Peak:4.00M | Scene, ViewLayer | Updating Procedurals
Fra:11 Mem:27.08M (Peak 29.90M) | Time:00:00.69 | Mem:4.00M, Peak:4.00M | Scene, ViewLayer | Updating Background
Fra:11 Mem:27.08M (Peak 29.90M) | Time:00:00.69 | Mem:4.00M, Peak:4.00M | Scene, ViewLayer | Updating Camera
Fra:11 Mem:27.08M (Peak 29.90M) | Time:00:00.69 | Mem:4.00M, Peak:4.00M | Scene, ViewLayer | Updating Meshes Flags
Fra:11 Mem:27.08M (Peak 29.90M) | Time:00:00.69 | Mem:4.00M, Peak:4.00M | Scene, ViewLayer | Updating Objects
Fra:11 Mem:27.08M (Peak 29.90M) | Time:00:00.69 | Mem:4.00M, Peak:4.00M | Scene, ViewLayer | Updating Objects | Copying Transformations to device
Fra:11 Mem:27.11M (Peak 29.90M) | Time:00:00.69 | Mem:4.02M, Peak:4.02M | Scene, ViewLayer | Updating Particle Systems
Fra:11 Mem:27.11M (Peak 29.90M) | Time:00:00.69 | Mem:4.02M, Peak:4.02M | Scene, ViewLayer | Updating Particle Systems | Copying Particles to device
Fra:11 Mem:27.11M (Peak 29.90M) | Time:00:00.69 | Mem:4.02M, Peak:4.02M | Scene, ViewLayer | Updating Meshes
Fra:11 Mem:27.11M (Peak 29.90M) | Time:00:00.69 | Mem:4.02M, Peak:4.02M | Scene, ViewLayer | Updating Objects | Applying Static Transformations
Fra:11 Mem:27.11M (Peak 29.90M) | Time:00:00.69 | Mem:4.02M, Peak:4.02M | Scene, ViewLayer | Updating Mesh | Computing attributes
Fra:11 Mem:28.12M (Peak 29.90M) | Time:00:00.69 | Mem:4.03M, Peak:4.03M | Scene, ViewLayer | Updating Mesh | Copying Attributes to device
Fra:11 Mem:28.11M (Peak 29.90M) | Time:00:00.69 | Mem:5.02M, Peak:5.02M | Scene, ViewLayer | Updating Scene BVH | Building
Fra:11 Mem:28.11M (Peak 29.90M) | Time:00:00.69 | Mem:5.02M, Peak:5.02M | Scene, ViewLayer | Updating Scene BVH | Building BVH
Fra:11 Mem:28.11M (Peak 29.90M) | Time:00:00.69 | Mem:6.08M, Peak:6.08M | Scene, ViewLayer | Updating Scene BVH | Building BVH 0%
Fra:11 Mem:28.11M (Peak 29.90M) | Time:00:00.69 | Mem:7.23M, Peak:8.28M | Scene, ViewLayer | Updating Scene BVH | Copying BVH to device
Fra:11 Mem:28.11M (Peak 29.90M) | Time:00:00.69 | Mem:7.23M, Peak:8.28M | Scene, ViewLayer | Updating Mesh | Computing normals
Fra:11 Mem:29.04M (Peak 29.90M) | Time:00:00.69 | Mem:7.23M, Peak:8.28M | Scene, ViewLayer | Updating Mesh | Copying Mesh to device
Fra:11 Mem:29.04M (Peak 29.90M) | Time:00:00.69 | Mem:8.16M, Peak:8.28M | Scene, ViewLayer | Updating Objects Flags
Fra:11 Mem:29.04M (Peak 29.90M) | Time:00:00.69 | Mem:8.16M, Peak:8.28M | Scene, ViewLayer | Updating Primitive Offsets
Fra:11 Mem:29.04M (Peak 29.90M) | Time:00:00.69 | Mem:8.16M, Peak:8.28M | Scene, ViewLayer | Updating Images
Fra:11 Mem:29.04M (Peak 29.90M) | Time:00:00.69 | Mem:8.16M, Peak:8.28M | Scene, ViewLayer | Updating Camera Volume
Fra:11 Mem:29.04M (Peak 29.90M) | Time:00:00.69 | Mem:8.16M, Peak:8.28M | Scene, ViewLayer | Updating Lookup Tables
Fra:11 Mem:29.04M (Peak 29.90M) | Time:00:00.69 | Mem:8.24M, Peak:8.28M | Scene, ViewLayer | Updating Lights
Fra:11 Mem:29.04M (Peak 29.90M) | Time:00:00.69 | Mem:8.24M, Peak:8.28M | Scene, ViewLayer | Updating Lights | Computing tree
Fra:11 Mem:29.04M (Peak 29.90M) | Time:00:00.69 | Mem:8.24M, Peak:8.28M | Scene, ViewLayer | Updating Integrator
Fra:11 Mem:29.04M (Peak 29.90M) | Time:00:00.69 | Mem:8.24M, Peak:8.28M | Scene, ViewLayer | Updating Film
Fra:11 Mem:29.05M (Peak 29.90M) | Time:00:00.69 | Mem:8.16M, Peak:8.28M | Scene, ViewLayer | Updating Lookup Tables
Fra:11 Mem:29.05M (Peak 29.90M) | Time:00:00.69 | Mem:8.25M, Peak:8.28M | Scene, ViewLayer | Updating Baking
Fra:11 Mem:29.05M (Peak 29.90M) | Time:00:00.69 | Mem:8.25M, Peak:8.28M | Scene, ViewLayer | Updating Device | Writing constant memory
Fra:11 Mem:29.05M (Peak 29.90M) | Time:00:00.69 | Mem:8.25M, Peak:8.28M | Scene, ViewLayer | Loading denoising kernels (may take a few minutes the first time)
Fra:11 Mem:29.05M (Peak 29.90M) | Time:00:00.69 | Mem:8.25M, Peak:8.28M | Scene, ViewLayer | Sample 0/24
Fra:11 Mem:79.19M (Peak 79.19M) | Time:00:01.00 | Remaining:00:07.15 | Mem:58.35M, Peak:58.35M | Scene, ViewLayer | Sample 1/24
Fra:11 Mem:100.29M (Peak 131.93M) | Time:00:11.70 | Mem:58.35M, Peak:58.35M | Scene, ViewLayer | Sample 24/24
Fra:11 Mem:100.29M (Peak 131.93M) | Time:00:11.70 | Mem:58.35M, Peak:58.35M | Scene, ViewLayer | Finished
Saved: '/home/lzzz/MyProjects/N-SIDE/output/characters/CHR-001/animation-r1/walk-11.png'
Time: 00:11.76 (Saving: 00:00.05)

Fra:1 Mem:24.86M (Peak 24.86M) | Time:00:00.00 | Mem:0.00M, Peak:0.00M | Scene, ViewLayer | Synchronizing object | TShirt
Fra:1 Mem:25.01M (Peak 25.01M) | Time:00:00.01 | Mem:0.00M, Peak:0.00M | Scene, ViewLayer | Synchronizing object | TShirt_Collar
Fra:1 Mem:25.02M (Peak 25.02M) | Time:00:00.01 | Mem:0.00M, Peak:0.00M | Scene, ViewLayer | Synchronizing object | Sleeve_Cuff.L
Fra:1 Mem:25.08M (Peak 25.08M) | Time:00:00.01 | Mem:0.00M, Peak:0.00M | Scene, ViewLayer | Synchronizing object | Zip_Tape.L
Fra:1 Mem:25.08M (Peak 25.08M) | Time:00:00.01 | Mem:0.00M, Peak:0.00M | Scene, ViewLayer | Synchronizing object | Hood_Cord.L
Fra:1 Mem:25.14M (Peak 25.14M) | Time:00:00.02 | Mem:0.00M, Peak:0.00M | Scene, ViewLayer | Synchronizing object | Palm.L
Fra:1 Mem:25.16M (Peak 25.16M) | Time:00:00.02 | Mem:0.00M, Peak:0.00M | Scene, ViewLayer | Synchronizing object | Index_Mesh.L
Fra:1 Mem:25.18M (Peak 25.18M) | Time:00:00.02 | Mem:0.00M, Peak:0.00M | Scene, ViewLayer | Synchronizing object | Middle_Mesh.L
Fra:1 Mem:25.19M (Peak 25.19M) | Time:00:00.02 | Mem:0.00M, Peak:0.00M | Scene, ViewLayer | Synchronizing object | Ring_Mesh.L
Fra:1 Mem:25.21M (Peak 25.21M) | Time:00:00.02 | Mem:0.00M, Peak:0.00M | Scene, ViewLayer | Synchronizing object | Pinky_Mesh.L
Fra:1 Mem:25.22M (Peak 25.22M) | Time:00:00.02 | Mem:0.00M, Peak:0.00M | Scene, ViewLayer | Synchronizing object | Thumb_Mesh.L
Fra:1 Mem:25.40M (Peak 25.40M) | Time:00:00.05 | Mem:0.00M, Peak:0.00M | Scene, ViewLayer | Synchronizing object | Trousers.L
Fra:1 Mem:25.40M (Peak 25.40M) | Time:00:00.05 | Mem:0.00M, Peak:0.00M | Scene, ViewLayer | Synchronizing object | Sneaker_Sole.L
Fra:1 Mem:25.43M (Peak 25.43M) | Time:00:00.05 | Mem:0.00M, Peak:0.00M | Scene, ViewLayer | Synchronizing object | Sneaker_Upper.L
Fra:1 Mem:25.60M (Peak 25.60M) | Time:00:00.05 | Mem:0.00M, Peak:0.00M | Scene, ViewLayer | Synchronizing object | Sock.L
Fra:1 Mem:25.61M (Peak 25.61M) | Time:00:00.05 | Mem:0.00M, Peak:0.00M | Scene, ViewLayer | Synchronizing object | Lace_0.L
Fra:1 Mem:25.61M (Peak 25.61M) | Time:00:00.05 | Mem:0.00M, Peak:0.00M | Scene, ViewLayer | Synchronizing object | Lace_1.L
Fra:1 Mem:25.62M (Peak 25.62M) | Time:00:00.05 | Mem:0.00M, Peak:0.00M | Scene, ViewLayer | Synchronizing object | Lace_2.L
Fra:1 Mem:25.64M (Peak 25.64M) | Time:00:00.05 | Mem:0.00M, Peak:0.00M | Scene, ViewLayer | Synchronizing object | Lace_3.L
Fra:1 Mem:25.64M (Peak 25.64M) | Time:00:00.05 | Mem:0.00M, Peak:0.00M | Scene, ViewLayer | Synchronizing object | Heel_Tab.L
Fra:1 Mem:25.73M (Peak 25.73M) | Time:00:00.05 | Mem:0.00M, Peak:0.00M | Scene, ViewLayer | Synchronizing object | Sleeve_Cuff.R
Fra:1 Mem:25.72M (Peak 25.73M) | Time:00:00.05 | Mem:0.00M, Peak:0.00M | Scene, ViewLayer | Synchronizing object | Zip_Tape.R
Fra:1 Mem:25.78M (Peak 25.78M) | Time:00:00.05 | Mem:0.00M, Peak:0.00M | Scene, ViewLayer | Synchronizing object | Hood_Cord.R
Fra:1 Mem:25.76M (Peak 25.78M) | Time:00:00.06 | Mem:0.00M, Peak:0.00M | Scene, ViewLayer | Synchronizing object | Palm.R
Fra:1 Mem:25.78M (Peak 25.78M) | Time:00:00.06 | Mem:0.00M, Peak:0.00M | Scene, ViewLayer | Synchronizing object | Index_Mesh.R
Fra:1 Mem:25.81M (Peak 25.80M) | Time:00:00.06 | Mem:0.00M, Peak:0.00M | Scene, ViewLayer | Synchronizing object | Middle_Mesh.R
Fra:1 Mem:25.81M (Peak 25.81M) | Time:00:00.06 | Mem:0.00M, Peak:0.00M | Scene, ViewLayer | Synchronizing object | Ring_Mesh.R
Fra:1 Mem:25.81M (Peak 25.81M) | Time:00:00.06 | Mem:0.00M, Peak:0.00M | Scene, ViewLayer | Synchronizing object | Pinky_Mesh.R
Fra:1 Mem:25.84M (Peak 25.84M) | Time:00:00.06 | Mem:0.00M, Peak:0.00M | Scene, ViewLayer | Synchronizing object | Thumb_Mesh.R
Fra:1 Mem:26.02M (Peak 26.02M) | Time:00:00.10 | Mem:0.00M, Peak:0.00M | Scene, ViewLayer | Synchronizing object | Trousers.R
Fra:1 Mem:26.02M (Peak 26.02M) | Time:00:00.10 | Mem:0.00M, Peak:0.00M | Scene, ViewLayer | Synchronizing object | Sneaker_Sole.R
Fra:1 Mem:26.05M (Peak 26.05M) | Time:00:00.10 | Mem:0.00M, Peak:0.00M | Scene, ViewLayer | Synchronizing object | Sneaker_Upper.R
Fra:1 Mem:26.21M (Peak 26.21M) | Time:00:00.10 | Mem:0.00M, Peak:0.00M | Scene, ViewLayer | Synchronizing object | Sock.R
Fra:1 Mem:26.24M (Peak 26.24M) | Time:00:00.10 | Mem:0.00M, Peak:0.00M | Scene, ViewLayer | Synchronizing object | Lace_0.R
Fra:1 Mem:26.25M (Peak 26.25M) | Time:00:00.10 | Mem:0.00M, Peak:0.00M | Scene, ViewLayer | Synchronizing object | Lace_1.R
Fra:1 Mem:26.25M (Peak 26.25M) | Time:00:00.10 | Mem:0.00M, Peak:0.00M | Scene, ViewLayer | Synchronizing object | Lace_2.R
Fra:1 Mem:26.25M (Peak 26.25M) | Time:00:00.10 | Mem:0.00M, Peak:0.00M | Scene, ViewLayer | Synchronizing object | Lace_3.R
Fra:1 Mem:26.26M (Peak 26.26M) | Time:00:00.10 | Mem:0.00M, Peak:0.00M | Scene, ViewLayer | Synchronizing object | Heel_Tab.R
Fra:1 Mem:26.91M (Peak 26.91M) | Time:00:00.14 | Mem:0.00M, Peak:0.00M | Scene, ViewLayer | Synchronizing object | Jacket_ContinuousShoulders
Fra:1 Mem:28.13M (Peak 28.13M) | Time:00:00.54 | Mem:0.00M, Peak:0.00M | Scene, ViewLayer | Synchronizing object | Face_Head
Fra:1 Mem:28.80M (Peak 28.80M) | Time:00:00.55 | Mem:0.00M, Peak:0.00M | Scene, ViewLayer | Synchronizing object | Ear.L
Fra:1 Mem:28.83M (Peak 28.83M) | Time:00:00.55 | Mem:0.00M, Peak:0.00M | Scene, ViewLayer | Synchronizing object | Ear_Fold.L
Fra:1 Mem:28.90M (Peak 28.90M) | Time:00:00.56 | Mem:0.00M, Peak:0.00M | Scene, ViewLayer | Synchronizing object | Ear.R
Fra:1 Mem:28.91M (Peak 28.91M) | Time:00:00.56 | Mem:0.00M, Peak:0.00M | Scene, ViewLayer | Synchronizing object | Ear_Fold.R
Fra:1 Mem:28.94M (Peak 28.94M) | Time:00:00.56 | Mem:0.00M, Peak:0.00M | Scene, ViewLayer | Synchronizing object | Eye_White.L
Fra:1 Mem:28.95M (Peak 28.95M) | Time:00:00.56 | Mem:0.00M, Peak:0.00M | Scene, ViewLayer | Synchronizing object | Iris_hair.L
Fra:1 Mem:28.97M (Peak 28.97M) | Time:00:00.56 | Mem:0.00M, Peak:0.00M | Scene, ViewLayer | Synchronizing object | Iris_ink.L
Fra:1 Mem:28.99M (Peak 28.99M) | Time:00:00.56 | Mem:0.00M, Peak:0.00M | Scene, ViewLayer | Synchronizing object | Eye_Glint.L
Fra:1 Mem:29.00M (Peak 29.00M) | Time:00:00.56 | Mem:0.00M, Peak:0.00M | Scene, ViewLayer | Synchronizing object | Upper_Lid.L
Fra:1 Mem:29.00M (Peak 29.00M) | Time:00:00.56 | Mem:0.00M, Peak:0.00M | Scene, ViewLayer | Synchronizing object | Eyebrow.L
Fra:1 Mem:29.02M (Peak 29.02M) | Time:00:00.56 | Mem:0.00M, Peak:0.00M | Scene, ViewLayer | Synchronizing object | Eye_White.R
Fra:1 Mem:29.03M (Peak 29.03M) | Time:00:00.56 | Mem:0.00M, Peak:0.00M | Scene, ViewLayer | Synchronizing object | Iris_ink.R
Fra:1 Mem:29.04M (Peak 29.04M) | Time:00:00.56 | Mem:0.00M, Peak:0.00M | Scene, ViewLayer | Synchronizing object | Eye_Glint.R
Fra:1 Mem:29.05M (Peak 29.05M) | Time:00:00.56 | Mem:0.00M, Peak:0.00M | Scene, ViewLayer | Synchronizing object | Upper_Lid.R
Fra:1 Mem:29.06M (Peak 29.06M) | Time:00:00.56 | Mem:0.00M, Peak:0.00M | Scene, ViewLayer | Synchronizing object | Lower_Lid.R
Fra:1 Mem:29.06M (Peak 29.06M) | Time:00:00.56 | Mem:0.00M, Peak:0.00M | Scene, ViewLayer | Synchronizing object | Eyebrow.R
Fra:1 Mem:29.08M (Peak 29.08M) | Time:00:00.56 | Mem:0.00M, Peak:0.00M | Scene, ViewLayer | Synchronizing object | Mouth
Fra:1 Mem:29.20M (Peak 29.20M) | Time:00:00.68 | Mem:0.00M, Peak:0.00M | Scene, ViewLayer | Synchronizing object | Hair_Cap
Fra:1 Mem:29.20M (Peak 29.20M) | Time:00:00.68 | Mem:0.00M, Peak:0.00M | Scene, ViewLayer | Synchronizing object | Bangs_00
Fra:1 Mem:29.31M (Peak 29.31M) | Time:00:00.68 | Mem:0.00M, Peak:0.00M | Scene, ViewLayer | Synchronizing object | Bangs_01
Fra:1 Mem:29.35M (Peak 29.35M) | Time:00:00.68 | Mem:0.00M, Peak:0.00M | Scene, ViewLayer | Synchronizing object | Bangs_02
Fra:1 Mem:29.35M (Peak 29.35M) | Time:00:00.68 | Mem:0.00M, Peak:0.00M | Scene, ViewLayer | Synchronizing object | Bangs_03
Fra:1 Mem:29.40M (Peak 29.40M) | Time:00:00.68 | Mem:0.00M, Peak:0.00M | Scene, ViewLayer | Synchronizing object | Bangs_04
Fra:1 Mem:29.46M (Peak 29.46M) | Time:00:00.68 | Mem:0.00M, Peak:0.00M | Scene, ViewLayer | Synchronizing object | Bangs_05
Fra:1 Mem:29.52M (Peak 29.52M) | Time:00:00.68 | Mem:0.00M, Peak:0.00M | Scene, ViewLayer | Synchronizing object | Review_Rim
Fra:1 Mem:29.48M (Peak 29.52M) | Time:00:00.68 | Mem:0.00M, Peak:0.00M | Scene, ViewLayer | Synchronizing object | Temple_1.L
Fra:1 Mem:29.49M (Peak 29.52M) | Time:00:00.68 | Mem:0.00M, Peak:0.00M | Scene, ViewLayer | Synchronizing object | Review_Fill
Fra:1 Mem:29.50M (Peak 29.52M) | Time:00:00.68 | Mem:0.00M, Peak:0.00M | Scene, ViewLayer | Synchronizing object | Temple_2.L
Fra:1 Mem:29.51M (Peak 29.52M) | Time:00:00.68 | Mem:0.00M, Peak:0.00M | Scene, ViewLayer | Synchronizing object | Review_Key
Fra:1 Mem:29.51M (Peak 29.52M) | Time:00:00.68 | Mem:0.00M, Peak:0.00M | Scene, ViewLayer | Synchronizing object | Review_Ground
Fra:1 Mem:29.53M (Peak 29.53M) | Time:00:00.68 | Mem:0.00M, Peak:0.00M | Scene, ViewLayer | Synchronizing object | Tee_Bar
Fra:1 Mem:29.56M (Peak 29.56M) | Time:00:00.68 | Mem:0.00M, Peak:0.00M | Scene, ViewLayer | Synchronizing object | Tee_Dot_1.246
Fra:1 Mem:29.57M (Peak 29.57M) | Time:00:00.68 | Mem:0.00M, Peak:0.00M | Scene, ViewLayer | Synchronizing object | Temple_0.R
Fra:1 Mem:29.59M (Peak 29.59M) | Time:00:00.68 | Mem:0.00M, Peak:0.00M | Scene, ViewLayer | Synchronizing object | Tee_Dot_1.275
Fra:1 Mem:29.59M (Peak 29.59M) | Time:00:00.68 | Mem:0.00M, Peak:0.00M | Scene, ViewLayer | Synchronizing object | Temple_1.R
Fra:1 Mem:29.62M (Peak 29.62M) | Time:00:00.68 | Mem:0.00M, Peak:0.00M | Scene, ViewLayer | Synchronizing object | Temple_2.R
Fra:1 Mem:29.61M (Peak 29.62M) | Time:00:00.68 | Mem:0.00M, Peak:0.00M | Scene, ViewLayer | Synchronizing object | Nape_0.R
Fra:1 Mem:29.66M (Peak 29.66M) | Time:00:00.68 | Mem:0.00M, Peak:0.00M | Scene, ViewLayer | Synchronizing object | Nape_1.R
Fra:1 Mem:29.66M (Peak 29.66M) | Time:00:00.68 | Mem:0.00M, Peak:0.00M | Scene, ViewLayer | Synchronizing object | Crown_0.L
Fra:1 Mem:29.70M (Peak 29.68M) | Time:00:00.68 | Mem:0.00M, Peak:0.00M | Scene, ViewLayer | Synchronizing object | Back_Lock_5
Fra:1 Mem:29.70M (Peak 29.70M) | Time:00:00.68 | Mem:0.00M, Peak:0.00M | Scene, ViewLayer | Synchronizing object | Crown_0.R
Fra:1 Mem:29.73M (Peak 29.73M) | Time:00:00.68 | Mem:0.00M, Peak:0.00M | Scene, ViewLayer | Synchronizing object | Back_Lock_0
Fra:1 Mem:29.74M (Peak 29.74M) | Time:00:00.68 | Mem:0.00M, Peak:0.00M | Scene, ViewLayer | Synchronizing object | Back_Lock_1
Fra:1 Mem:29.75M (Peak 29.75M) | Time:00:00.68 | Mem:0.00M, Peak:0.00M | Scene, ViewLayer | Synchronizing object | Back_Lock_4
Fra:1 Mem:29.77M (Peak 29.77M) | Time:00:00.68 | Mem:0.00M, Peak:0.00M | Scene, ViewLayer | Synchronizing object | Back_Lock_2
Fra:1 Mem:29.79M (Peak 29.79M) | Time:00:00.68 | Mem:0.00M, Peak:0.00M | Scene, ViewLayer | Synchronizing object | Back_Lock_3
Fra:1 Mem:29.83M (Peak 29.83M) | Time:00:00.68 | Mem:0.00M, Peak:0.00M | Scene, ViewLayer | Initializing
Fra:1 Mem:25.74M (Peak 29.83M) | Time:00:00.68 | Mem:0.00M, Peak:0.00M | Scene, ViewLayer | Updating Images | Loading CHR001_GreyStudy_BaseColor
Fra:1 Mem:26.97M (Peak 29.83M) | Time:00:00.69 | Mem:4.00M, Peak:4.00M | Scene, ViewLayer | Waiting for render to start
Fra:1 Mem:26.97M (Peak 29.83M) | Time:00:00.69 | Mem:4.00M, Peak:4.00M | Scene, ViewLayer | Updating Scene
Fra:1 Mem:26.97M (Peak 29.83M) | Time:00:00.69 | Mem:4.00M, Peak:4.00M | Scene, ViewLayer | Updating Shaders
Fra:1 Mem:26.97M (Peak 29.83M) | Time:00:00.69 | Mem:4.00M, Peak:4.00M | Scene, ViewLayer | Loading render kernels (may take a few minutes the first time)
Fra:1 Mem:27.05M (Peak 29.83M) | Time:00:00.69 | Mem:4.00M, Peak:4.00M | Scene, ViewLayer | Updating Procedurals
Fra:1 Mem:27.05M (Peak 29.83M) | Time:00:00.69 | Mem:4.00M, Peak:4.00M | Scene, ViewLayer | Updating Background
Fra:1 Mem:27.05M (Peak 29.83M) | Time:00:00.69 | Mem:4.00M, Peak:4.00M | Scene, ViewLayer | Updating Camera
Fra:1 Mem:27.05M (Peak 29.83M) | Time:00:00.69 | Mem:4.00M, Peak:4.00M | Scene, ViewLayer | Updating Meshes Flags
Fra:1 Mem:27.05M (Peak 29.83M) | Time:00:00.69 | Mem:4.00M, Peak:4.00M | Scene, ViewLayer | Updating Objects
Fra:1 Mem:27.05M (Peak 29.83M) | Time:00:00.69 | Mem:4.00M, Peak:4.00M | Scene, ViewLayer | Updating Objects | Copying Transformations to device
Fra:1 Mem:27.07M (Peak 29.83M) | Time:00:00.69 | Mem:4.02M, Peak:4.02M | Scene, ViewLayer | Updating Particle Systems
Fra:1 Mem:27.07M (Peak 29.83M) | Time:00:00.69 | Mem:4.02M, Peak:4.02M | Scene, ViewLayer | Updating Particle Systems | Copying Particles to device
Fra:1 Mem:27.07M (Peak 29.83M) | Time:00:00.69 | Mem:4.02M, Peak:4.02M | Scene, ViewLayer | Updating Meshes
Fra:1 Mem:27.07M (Peak 29.83M) | Time:00:00.69 | Mem:4.02M, Peak:4.02M | Scene, ViewLayer | Updating Objects | Applying Static Transformations
Fra:1 Mem:27.07M (Peak 29.83M) | Time:00:00.69 | Mem:4.02M, Peak:4.02M | Scene, ViewLayer | Updating Mesh | Computing attributes
Fra:1 Mem:28.09M (Peak 29.83M) | Time:00:00.69 | Mem:4.03M, Peak:4.03M | Scene, ViewLayer | Updating Mesh | Copying Attributes to device
Fra:1 Mem:28.07M (Peak 29.83M) | Time:00:00.69 | Mem:5.02M, Peak:5.02M | Scene, ViewLayer | Updating Scene BVH | Building
Fra:1 Mem:28.07M (Peak 29.83M) | Time:00:00.69 | Mem:5.02M, Peak:5.02M | Scene, ViewLayer | Updating Scene BVH | Building BVH
Fra:1 Mem:28.07M (Peak 29.83M) | Time:00:00.69 | Mem:6.08M, Peak:6.08M | Scene, ViewLayer | Updating Scene BVH | Building BVH 0%
Fra:1 Mem:28.07M (Peak 29.83M) | Time:00:00.69 | Mem:7.23M, Peak:8.28M | Scene, ViewLayer | Updating Scene BVH | Copying BVH to device
Fra:1 Mem:28.07M (Peak 29.83M) | Time:00:00.69 | Mem:7.23M, Peak:8.28M | Scene, ViewLayer | Updating Mesh | Computing normals
Fra:1 Mem:29.00M (Peak 29.83M) | Time:00:00.69 | Mem:7.23M, Peak:8.28M | Scene, ViewLayer | Updating Mesh | Copying Mesh to device
Fra:1 Mem:29.00M (Peak 29.83M) | Time:00:00.69 | Mem:8.16M, Peak:8.28M | Scene, ViewLayer | Updating Objects Flags
Fra:1 Mem:29.00M (Peak 29.83M) | Time:00:00.69 | Mem:8.16M, Peak:8.28M | Scene, ViewLayer | Updating Primitive Offsets
Fra:1 Mem:29.00M (Peak 29.83M) | Time:00:00.69 | Mem:8.16M, Peak:8.28M | Scene, ViewLayer | Updating Images
Fra:1 Mem:29.00M (Peak 29.83M) | Time:00:00.69 | Mem:8.16M, Peak:8.28M | Scene, ViewLayer | Updating Camera Volume
Fra:1 Mem:29.00M (Peak 29.83M) | Time:00:00.69 | Mem:8.16M, Peak:8.28M | Scene, ViewLayer | Updating Lookup Tables
Fra:1 Mem:29.00M (Peak 29.83M) | Time:00:00.69 | Mem:8.24M, Peak:8.28M | Scene, ViewLayer | Updating Lights
Fra:1 Mem:29.00M (Peak 29.83M) | Time:00:00.69 | Mem:8.24M, Peak:8.28M | Scene, ViewLayer | Updating Lights | Computing tree
Fra:1 Mem:29.01M (Peak 29.83M) | Time:00:00.69 | Mem:8.24M, Peak:8.28M | Scene, ViewLayer | Updating Integrator
Fra:1 Mem:29.01M (Peak 29.83M) | Time:00:00.69 | Mem:8.24M, Peak:8.28M | Scene, ViewLayer | Updating Film
Fra:1 Mem:29.01M (Peak 29.83M) | Time:00:00.69 | Mem:8.16M, Peak:8.28M | Scene, ViewLayer | Updating Lookup Tables
Fra:1 Mem:29.01M (Peak 29.83M) | Time:00:00.69 | Mem:8.25M, Peak:8.28M | Scene, ViewLayer | Updating Baking
Fra:1 Mem:29.01M (Peak 29.83M) | Time:00:00.69 | Mem:8.25M, Peak:8.28M | Scene, ViewLayer | Updating Device | Writing constant memory
Fra:1 Mem:29.01M (Peak 29.83M) | Time:00:00.69 | Mem:8.25M, Peak:8.28M | Scene, ViewLayer | Loading denoising kernels (may take a few minutes the first time)
Fra:1 Mem:29.01M (Peak 29.83M) | Time:00:00.69 | Mem:8.25M, Peak:8.28M | Scene, ViewLayer | Sample 0/24
Fra:1 Mem:79.15M (Peak 79.15M) | Time:00:01.00 | Remaining:00:07.15 | Mem:58.35M, Peak:58.35M | Scene, ViewLayer | Sample 1/24
Fra:1 Mem:100.25M (Peak 131.89M) | Time:00:11.71 | Mem:58.35M, Peak:58.35M | Scene, ViewLayer | Sample 24/24
Fra:1 Mem:100.25M (Peak 131.89M) | Time:00:11.71 | Mem:58.35M, Peak:58.35M | Scene, ViewLayer | Finished
Saved: '/home/lzzz/MyProjects/N-SIDE/output/characters/CHR-001/animation-r1/run-01.png'
Time: 00:11.77 (Saving: 00:00.05)

Fra:3 Mem:24.86M (Peak 24.86M) | Time:00:00.00 | Mem:0.00M, Peak:0.00M | Scene, ViewLayer | Synchronizing object | TShirt
Fra:3 Mem:25.01M (Peak 25.01M) | Time:00:00.00 | Mem:0.00M, Peak:0.00M | Scene, ViewLayer | Synchronizing object | TShirt_Collar
Fra:3 Mem:25.01M (Peak 25.01M) | Time:00:00.00 | Mem:0.00M, Peak:0.00M | Scene, ViewLayer | Synchronizing object | Sleeve_Cuff.L
Fra:3 Mem:25.07M (Peak 25.07M) | Time:00:00.01 | Mem:0.00M, Peak:0.00M | Scene, ViewLayer | Synchronizing object | Zip_Tape.L
Fra:3 Mem:25.08M (Peak 25.08M) | Time:00:00.01 | Mem:0.00M, Peak:0.00M | Scene, ViewLayer | Synchronizing object | Hood_Cord.L
Fra:3 Mem:25.14M (Peak 25.14M) | Time:00:00.02 | Mem:0.00M, Peak:0.00M | Scene, ViewLayer | Synchronizing object | Palm.L
Fra:3 Mem:25.15M (Peak 25.15M) | Time:00:00.02 | Mem:0.00M, Peak:0.00M | Scene, ViewLayer | Synchronizing object | Middle_Mesh.L
Fra:3 Mem:25.19M (Peak 25.19M) | Time:00:00.02 | Mem:0.00M, Peak:0.00M | Scene, ViewLayer | Synchronizing object | Ring_Mesh.L
Fra:3 Mem:25.21M (Peak 25.21M) | Time:00:00.02 | Mem:0.00M, Peak:0.00M | Scene, ViewLayer | Synchronizing object | Pinky_Mesh.L
Fra:3 Mem:25.21M (Peak 25.21M) | Time:00:00.02 | Mem:0.00M, Peak:0.00M | Scene, ViewLayer | Synchronizing object | Thumb_Mesh.L
Fra:3 Mem:25.40M (Peak 25.40M) | Time:00:00.05 | Mem:0.00M, Peak:0.00M | Scene, ViewLayer | Synchronizing object | Trousers.L
Fra:3 Mem:25.43M (Peak 25.43M) | Time:00:00.05 | Mem:0.00M, Peak:0.00M | Scene, ViewLayer | Synchronizing object | Sneaker_Sole.L
Fra:3 Mem:25.49M (Peak 25.49M) | Time:00:00.05 | Mem:0.00M, Peak:0.00M | Scene, ViewLayer | Synchronizing object | Sneaker_Upper.L
Fra:3 Mem:25.61M (Peak 25.61M) | Time:00:00.05 | Mem:0.00M, Peak:0.00M | Scene, ViewLayer | Synchronizing object | Sock.L
Fra:3 Mem:25.61M (Peak 25.61M) | Time:00:00.05 | Mem:0.00M, Peak:0.00M | Scene, ViewLayer | Synchronizing object | Lace_0.L
Fra:3 Mem:25.61M (Peak 25.61M) | Time:00:00.05 | Mem:0.00M, Peak:0.00M | Scene, ViewLayer | Synchronizing object | Lace_1.L
Fra:3 Mem:25.62M (Peak 25.62M) | Time:00:00.05 | Mem:0.00M, Peak:0.00M | Scene, ViewLayer | Synchronizing object | Lace_2.L
Fra:3 Mem:25.62M (Peak 25.62M) | Time:00:00.05 | Mem:0.00M, Peak:0.00M | Scene, ViewLayer | Synchronizing object | Lace_3.L
Fra:3 Mem:25.62M (Peak 25.62M) | Time:00:00.05 | Mem:0.00M, Peak:0.00M | Scene, ViewLayer | Synchronizing object | Heel_Tab.L
Fra:3 Mem:25.62M (Peak 25.62M) | Time:00:00.05 | Mem:0.00M, Peak:0.00M | Scene, ViewLayer | Synchronizing object | Sleeve_Cuff.R
Fra:3 Mem:25.64M (Peak 25.64M) | Time:00:00.05 | Mem:0.00M, Peak:0.00M | Scene, ViewLayer | Synchronizing object | Zip_Tape.R
Fra:3 Mem:25.65M (Peak 25.65M) | Time:00:00.05 | Mem:0.00M, Peak:0.00M | Scene, ViewLayer | Synchronizing object | Hood_Cord.R
Fra:3 Mem:25.76M (Peak 25.76M) | Time:00:00.06 | Mem:0.00M, Peak:0.00M | Scene, ViewLayer | Synchronizing object | Palm.R
Fra:3 Mem:25.78M (Peak 25.78M) | Time:00:00.06 | Mem:0.00M, Peak:0.00M | Scene, ViewLayer | Synchronizing object | Index_Mesh.R
Fra:3 Mem:25.80M (Peak 25.80M) | Time:00:00.06 | Mem:0.00M, Peak:0.00M | Scene, ViewLayer | Synchronizing object | Middle_Mesh.R
Fra:3 Mem:25.81M (Peak 25.81M) | Time:00:00.06 | Mem:0.00M, Peak:0.00M | Scene, ViewLayer | Synchronizing object | Ring_Mesh.R
Fra:3 Mem:25.81M (Peak 25.81M) | Time:00:00.06 | Mem:0.00M, Peak:0.00M | Scene, ViewLayer | Synchronizing object | Pinky_Mesh.R
Fra:3 Mem:25.84M (Peak 25.84M) | Time:00:00.06 | Mem:0.00M, Peak:0.00M | Scene, ViewLayer | Synchronizing object | Thumb_Mesh.R
Fra:3 Mem:26.02M (Peak 26.02M) | Time:00:00.10 | Mem:0.00M, Peak:0.00M | Scene, ViewLayer | Synchronizing object | Trousers.R
Fra:3 Mem:26.02M (Peak 26.02M) | Time:00:00.10 | Mem:0.00M, Peak:0.00M | Scene, ViewLayer | Synchronizing object | Sneaker_Sole.R
Fra:3 Mem:26.14M (Peak 26.14M) | Time:00:00.10 | Mem:0.00M, Peak:0.00M | Scene, ViewLayer | Synchronizing object | Sneaker_Upper.R
Fra:3 Mem:26.25M (Peak 26.25M) | Time:00:00.10 | Mem:0.00M, Peak:0.00M | Scene, ViewLayer | Synchronizing object | Sock.R
Fra:3 Mem:26.24M (Peak 26.25M) | Time:00:00.10 | Mem:0.00M, Peak:0.00M | Scene, ViewLayer | Synchronizing object | Lace_0.R
Fra:3 Mem:26.24M (Peak 26.25M) | Time:00:00.10 | Mem:0.00M, Peak:0.00M | Scene, ViewLayer | Synchronizing object | Lace_1.R
Fra:3 Mem:26.25M (Peak 26.25M) | Time:00:00.10 | Mem:0.00M, Peak:0.00M | Scene, ViewLayer | Synchronizing object | Lace_2.R
Fra:3 Mem:26.25M (Peak 26.25M) | Time:00:00.10 | Mem:0.00M, Peak:0.00M | Scene, ViewLayer | Synchronizing object | Lace_3.R
Fra:3 Mem:26.26M (Peak 26.26M) | Time:00:00.10 | Mem:0.00M, Peak:0.00M | Scene, ViewLayer | Synchronizing object | Heel_Tab.R
Fra:3 Mem:26.91M (Peak 26.91M) | Time:00:00.14 | Mem:0.00M, Peak:0.00M | Scene, ViewLayer | Synchronizing object | Jacket_ContinuousShoulders
Fra:3 Mem:28.13M (Peak 28.13M) | Time:00:00.54 | Mem:0.00M, Peak:0.00M | Scene, ViewLayer | Synchronizing object | Face_Head
Fra:3 Mem:28.80M (Peak 28.80M) | Time:00:00.55 | Mem:0.00M, Peak:0.00M | Scene, ViewLayer | Synchronizing object | Ear.L
Fra:3 Mem:28.81M (Peak 28.81M) | Time:00:00.55 | Mem:0.00M, Peak:0.00M | Scene, ViewLayer | Synchronizing object | Ear_Fold.L
Fra:3 Mem:28.90M (Peak 28.90M) | Time:00:00.56 | Mem:0.00M, Peak:0.00M | Scene, ViewLayer | Synchronizing object | Ear.R
Fra:3 Mem:28.93M (Peak 28.93M) | Time:00:00.56 | Mem:0.00M, Peak:0.00M | Scene, ViewLayer | Synchronizing object | Ear_Fold.R
Fra:3 Mem:28.95M (Peak 28.95M) | Time:00:00.56 | Mem:0.00M, Peak:0.00M | Scene, ViewLayer | Synchronizing object | Eye_White.L
Fra:3 Mem:28.95M (Peak 28.95M) | Time:00:00.56 | Mem:0.00M, Peak:0.00M | Scene, ViewLayer | Synchronizing object | Iris_hair.L
Fra:3 Mem:28.99M (Peak 28.99M) | Time:00:00.56 | Mem:0.00M, Peak:0.00M | Scene, ViewLayer | Synchronizing object | Iris_ink.L
Fra:3 Mem:29.00M (Peak 29.00M) | Time:00:00.56 | Mem:0.00M, Peak:0.00M | Scene, ViewLayer | Synchronizing object | Eye_Glint.L
Fra:3 Mem:29.00M (Peak 29.00M) | Time:00:00.56 | Mem:0.00M, Peak:0.00M | Scene, ViewLayer | Synchronizing object | Upper_Lid.L
Fra:3 Mem:29.00M (Peak 29.00M) | Time:00:00.56 | Mem:0.00M, Peak:0.00M | Scene, ViewLayer | Synchronizing object | Lower_Lid.L
Fra:3 Mem:29.01M (Peak 29.01M) | Time:00:00.56 | Mem:0.00M, Peak:0.00M | Scene, ViewLayer | Synchronizing object | Eyebrow.L
Fra:3 Mem:29.02M (Peak 29.02M) | Time:00:00.56 | Mem:0.00M, Peak:0.00M | Scene, ViewLayer | Synchronizing object | Eye_White.R
Fra:3 Mem:29.04M (Peak 29.04M) | Time:00:00.56 | Mem:0.00M, Peak:0.00M | Scene, ViewLayer | Synchronizing object | Iris_ink.R
Fra:3 Mem:29.04M (Peak 29.04M) | Time:00:00.56 | Mem:0.00M, Peak:0.00M | Scene, ViewLayer | Synchronizing object | Eye_Glint.R
Fra:3 Mem:29.05M (Peak 29.05M) | Time:00:00.56 | Mem:0.00M, Peak:0.00M | Scene, ViewLayer | Synchronizing object | Upper_Lid.R
Fra:3 Mem:29.05M (Peak 29.05M) | Time:00:00.56 | Mem:0.00M, Peak:0.00M | Scene, ViewLayer | Synchronizing object | Eyebrow.R
Fra:3 Mem:29.07M (Peak 29.07M) | Time:00:00.56 | Mem:0.00M, Peak:0.00M | Scene, ViewLayer | Synchronizing object | Mouth
Fra:3 Mem:29.20M (Peak 29.20M) | Time:00:00.68 | Mem:0.00M, Peak:0.00M | Scene, ViewLayer | Synchronizing object | Hair_Cap
Fra:3 Mem:29.22M (Peak 29.22M) | Time:00:00.68 | Mem:0.00M, Peak:0.00M | Scene, ViewLayer | Synchronizing object | Bangs_00
Fra:3 Mem:29.30M (Peak 29.30M) | Time:00:00.68 | Mem:0.00M, Peak:0.00M | Scene, ViewLayer | Synchronizing object | Bangs_01
Fra:3 Mem:29.35M (Peak 29.35M) | Time:00:00.68 | Mem:0.00M, Peak:0.00M | Scene, ViewLayer | Synchronizing object | Bangs_02
Fra:3 Mem:29.36M (Peak 29.36M) | Time:00:00.68 | Mem:0.00M, Peak:0.00M | Scene, ViewLayer | Synchronizing object | Bangs_03
Fra:3 Mem:29.38M (Peak 29.38M) | Time:00:00.68 | Mem:0.00M, Peak:0.00M | Scene, ViewLayer | Synchronizing object | Bangs_04
Fra:3 Mem:29.43M (Peak 29.43M) | Time:00:00.68 | Mem:0.00M, Peak:0.00M | Scene, ViewLayer | Synchronizing object | Bangs_05
Fra:3 Mem:29.47M (Peak 29.47M) | Time:00:00.68 | Mem:0.00M, Peak:0.00M | Scene, ViewLayer | Synchronizing object | Temple_0.L
Fra:3 Mem:29.49M (Peak 29.49M) | Time:00:00.68 | Mem:0.00M, Peak:0.00M | Scene, ViewLayer | Synchronizing object | Review_Rim
Fra:3 Mem:29.54M (Peak 29.54M) | Time:00:00.68 | Mem:0.00M, Peak:0.00M | Scene, ViewLayer | Synchronizing object | Temple_1.L
Fra:3 Mem:29.51M (Peak 29.54M) | Time:00:00.68 | Mem:0.00M, Peak:0.00M | Scene, ViewLayer | Synchronizing object | Temple_2.L
Fra:3 Mem:29.52M (Peak 29.54M) | Time:00:00.68 | Mem:0.00M, Peak:0.00M | Scene, ViewLayer | Synchronizing object | Nape_0.L
Fra:3 Mem:29.52M (Peak 29.54M) | Time:00:00.68 | Mem:0.00M, Peak:0.00M | Scene, ViewLayer | Synchronizing object | Nape_1.L
Fra:3 Mem:29.55M (Peak 29.55M) | Time:00:00.68 | Mem:0.00M, Peak:0.00M | Scene, ViewLayer | Synchronizing object | Review_Ground
Fra:3 Mem:29.55M (Peak 29.55M) | Time:00:00.68 | Mem:0.00M, Peak:0.00M | Scene, ViewLayer | Synchronizing object | Temple_0.R
Fra:3 Mem:29.56M (Peak 29.56M) | Time:00:00.68 | Mem:0.00M, Peak:0.00M | Scene, ViewLayer | Synchronizing object | Tee_Bar
Fra:3 Mem:29.57M (Peak 29.57M) | Time:00:00.68 | Mem:0.00M, Peak:0.00M | Scene, ViewLayer | Synchronizing object | Temple_1.R
Fra:3 Mem:29.60M (Peak 29.60M) | Time:00:00.68 | Mem:0.00M, Peak:0.00M | Scene, ViewLayer | Synchronizing object | Tee_Dot_1.246
Fra:3 Mem:29.61M (Peak 29.61M) | Time:00:00.68 | Mem:0.00M, Peak:0.00M | Scene, ViewLayer | Synchronizing object | Temple_2.R
Fra:3 Mem:29.62M (Peak 29.62M) | Time:00:00.68 | Mem:0.00M, Peak:0.00M | Scene, ViewLayer | Synchronizing object | Nape_0.R
Fra:3 Mem:29.64M (Peak 29.64M) | Time:00:00.68 | Mem:0.00M, Peak:0.00M | Scene, ViewLayer | Synchronizing object | Tee_Dot_1.275
Fra:3 Mem:29.64M (Peak 29.64M) | Time:00:00.68 | Mem:0.00M, Peak:0.00M | Scene, ViewLayer | Synchronizing object | Nape_1.R
Fra:3 Mem:29.65M (Peak 29.65M) | Time:00:00.68 | Mem:0.00M, Peak:0.00M | Scene, ViewLayer | Synchronizing object | Crown_0.L
Fra:3 Mem:29.68M (Peak 29.68M) | Time:00:00.68 | Mem:0.00M, Peak:0.00M | Scene, ViewLayer | Synchronizing object | Crown_0.R
Fra:3 Mem:29.68M (Peak 29.68M) | Time:00:00.68 | Mem:0.00M, Peak:0.00M | Scene, ViewLayer | Synchronizing object | Back_Lock_6
Fra:3 Mem:29.71M (Peak 29.71M) | Time:00:00.68 | Mem:0.00M, Peak:0.00M | Scene, ViewLayer | Synchronizing object | Back_Lock_0
Fra:3 Mem:29.73M (Peak 29.73M) | Time:00:00.68 | Mem:0.00M, Peak:0.00M | Scene, ViewLayer | Synchronizing object | Back_Lock_1
Fra:3 Mem:29.75M (Peak 29.75M) | Time:00:00.68 | Mem:0.00M, Peak:0.00M | Scene, ViewLayer | Synchronizing object | Back_Lock_5
Fra:3 Mem:29.75M (Peak 29.75M) | Time:00:00.68 | Mem:0.00M, Peak:0.00M | Scene, ViewLayer | Synchronizing object | Back_Lock_2
Fra:3 Mem:29.77M (Peak 29.77M) | Time:00:00.68 | Mem:0.00M, Peak:0.00M | Scene, ViewLayer | Synchronizing object | Back_Lock_3
Fra:3 Mem:29.80M (Peak 29.80M) | Time:00:00.68 | Mem:0.00M, Peak:0.00M | Scene, ViewLayer | Synchronizing object | Back_Lock_4
Fra:3 Mem:29.83M (Peak 29.83M) | Time:00:00.68 | Mem:0.00M, Peak:0.00M | Scene, ViewLayer | Initializing
Fra:3 Mem:25.74M (Peak 29.83M) | Time:00:00.68 | Mem:0.00M, Peak:0.00M | Scene, ViewLayer | Updating Images | Loading CHR001_GreyStudy_BaseColor
Fra:3 Mem:26.97M (Peak 29.83M) | Time:00:00.68 | Mem:4.00M, Peak:4.00M | Scene, ViewLayer | Waiting for render to start
Fra:3 Mem:26.97M (Peak 29.83M) | Time:00:00.68 | Mem:4.00M, Peak:4.00M | Scene, ViewLayer | Updating Scene
Fra:3 Mem:26.97M (Peak 29.83M) | Time:00:00.68 | Mem:4.00M, Peak:4.00M | Scene, ViewLayer | Updating Shaders
Fra:3 Mem:26.97M (Peak 29.83M) | Time:00:00.68 | Mem:4.00M, Peak:4.00M | Scene, ViewLayer | Loading render kernels (may take a few minutes the first time)
Fra:3 Mem:27.05M (Peak 29.83M) | Time:00:00.68 | Mem:4.00M, Peak:4.00M | Scene, ViewLayer | Updating Procedurals
Fra:3 Mem:27.05M (Peak 29.83M) | Time:00:00.68 | Mem:4.00M, Peak:4.00M | Scene, ViewLayer | Updating Background
Fra:3 Mem:27.05M (Peak 29.83M) | Time:00:00.68 | Mem:4.00M, Peak:4.00M | Scene, ViewLayer | Updating Camera
Fra:3 Mem:27.05M (Peak 29.83M) | Time:00:00.68 | Mem:4.00M, Peak:4.00M | Scene, ViewLayer | Updating Meshes Flags
Fra:3 Mem:27.05M (Peak 29.83M) | Time:00:00.68 | Mem:4.00M, Peak:4.00M | Scene, ViewLayer | Updating Objects
Fra:3 Mem:27.05M (Peak 29.83M) | Time:00:00.68 | Mem:4.00M, Peak:4.00M | Scene, ViewLayer | Updating Objects | Copying Transformations to device
Fra:3 Mem:27.07M (Peak 29.83M) | Time:00:00.68 | Mem:4.02M, Peak:4.02M | Scene, ViewLayer | Updating Particle Systems
Fra:3 Mem:27.07M (Peak 29.83M) | Time:00:00.68 | Mem:4.02M, Peak:4.02M | Scene, ViewLayer | Updating Particle Systems | Copying Particles to device
Fra:3 Mem:27.07M (Peak 29.83M) | Time:00:00.68 | Mem:4.02M, Peak:4.02M | Scene, ViewLayer | Updating Meshes
Fra:3 Mem:27.07M (Peak 29.83M) | Time:00:00.68 | Mem:4.02M, Peak:4.02M | Scene, ViewLayer | Updating Objects | Applying Static Transformations
Fra:3 Mem:27.07M (Peak 29.83M) | Time:00:00.68 | Mem:4.02M, Peak:4.02M | Scene, ViewLayer | Updating Mesh | Computing attributes
Fra:3 Mem:28.09M (Peak 29.83M) | Time:00:00.69 | Mem:4.03M, Peak:4.03M | Scene, ViewLayer | Updating Mesh | Copying Attributes to device
Fra:3 Mem:28.07M (Peak 29.83M) | Time:00:00.69 | Mem:5.02M, Peak:5.02M | Scene, ViewLayer | Updating Scene BVH | Building
Fra:3 Mem:28.07M (Peak 29.83M) | Time:00:00.69 | Mem:5.02M, Peak:5.02M | Scene, ViewLayer | Updating Scene BVH | Building BVH
Fra:3 Mem:28.07M (Peak 29.83M) | Time:00:00.69 | Mem:6.08M, Peak:6.08M | Scene, ViewLayer | Updating Scene BVH | Building BVH 0%
Fra:3 Mem:28.07M (Peak 29.83M) | Time:00:00.69 | Mem:7.23M, Peak:8.28M | Scene, ViewLayer | Updating Scene BVH | Copying BVH to device
Fra:3 Mem:28.07M (Peak 29.83M) | Time:00:00.69 | Mem:7.23M, Peak:8.28M | Scene, ViewLayer | Updating Mesh | Computing normals
Fra:3 Mem:29.00M (Peak 29.83M) | Time:00:00.69 | Mem:7.23M, Peak:8.28M | Scene, ViewLayer | Updating Mesh | Copying Mesh to device
Fra:3 Mem:29.00M (Peak 29.83M) | Time:00:00.69 | Mem:8.16M, Peak:8.28M | Scene, ViewLayer | Updating Objects Flags
Fra:3 Mem:29.00M (Peak 29.83M) | Time:00:00.69 | Mem:8.16M, Peak:8.28M | Scene, ViewLayer | Updating Primitive Offsets
Fra:3 Mem:29.00M (Peak 29.83M) | Time:00:00.69 | Mem:8.16M, Peak:8.28M | Scene, ViewLayer | Updating Images
Fra:3 Mem:29.00M (Peak 29.83M) | Time:00:00.69 | Mem:8.16M, Peak:8.28M | Scene, ViewLayer | Updating Camera Volume
Fra:3 Mem:29.00M (Peak 29.83M) | Time:00:00.69 | Mem:8.16M, Peak:8.28M | Scene, ViewLayer | Updating Lookup Tables
Fra:3 Mem:29.00M (Peak 29.83M) | Time:00:00.69 | Mem:8.24M, Peak:8.28M | Scene, ViewLayer | Updating Lights
Fra:3 Mem:29.00M (Peak 29.83M) | Time:00:00.69 | Mem:8.24M, Peak:8.28M | Scene, ViewLayer | Updating Lights | Computing tree
Fra:3 Mem:29.01M (Peak 29.83M) | Time:00:00.69 | Mem:8.24M, Peak:8.28M | Scene, ViewLayer | Updating Integrator
Fra:3 Mem:29.01M (Peak 29.83M) | Time:00:00.69 | Mem:8.24M, Peak:8.28M | Scene, ViewLayer | Updating Film
Fra:3 Mem:29.01M (Peak 29.83M) | Time:00:00.69 | Mem:8.16M, Peak:8.28M | Scene, ViewLayer | Updating Lookup Tables
Fra:3 Mem:29.01M (Peak 29.83M) | Time:00:00.69 | Mem:8.25M, Peak:8.28M | Scene, ViewLayer | Updating Baking
Fra:3 Mem:29.01M (Peak 29.83M) | Time:00:00.69 | Mem:8.25M, Peak:8.28M | Scene, ViewLayer | Updating Device | Writing constant memory
Fra:3 Mem:29.01M (Peak 29.83M) | Time:00:00.69 | Mem:8.25M, Peak:8.28M | Scene, ViewLayer | Loading denoising kernels (may take a few minutes the first time)
Fra:3 Mem:29.01M (Peak 29.83M) | Time:00:00.69 | Mem:8.25M, Peak:8.28M | Scene, ViewLayer | Sample 0/24
Fra:3 Mem:79.15M (Peak 79.15M) | Time:00:01.00 | Remaining:00:07.24 | Mem:58.35M, Peak:58.35M | Scene, ViewLayer | Sample 1/24
Fra:3 Mem:100.25M (Peak 131.89M) | Time:00:11.81 | Mem:58.35M, Peak:58.35M | Scene, ViewLayer | Sample 24/24
Fra:3 Mem:100.25M (Peak 131.89M) | Time:00:11.81 | Mem:58.35M, Peak:58.35M | Scene, ViewLayer | Finished
Saved: '/home/lzzz/MyProjects/N-SIDE/output/characters/CHR-001/animation-r1/run-03.png'
Time: 00:11.86 (Saving: 00:00.05)

Fra:5 Mem:24.86M (Peak 24.86M) | Time:00:00.00 | Mem:0.00M, Peak:0.00M | Scene, ViewLayer | Synchronizing object | TShirt
Fra:5 Mem:25.01M (Peak 25.01M) | Time:00:00.01 | Mem:0.00M, Peak:0.00M | Scene, ViewLayer | Synchronizing object | TShirt_Collar
Fra:5 Mem:25.02M (Peak 25.02M) | Time:00:00.01 | Mem:0.00M, Peak:0.00M | Scene, ViewLayer | Synchronizing object | Sleeve_Cuff.L
Fra:5 Mem:25.08M (Peak 25.08M) | Time:00:00.01 | Mem:0.00M, Peak:0.00M | Scene, ViewLayer | Synchronizing object | Zip_Tape.L
Fra:5 Mem:25.08M (Peak 25.08M) | Time:00:00.01 | Mem:0.00M, Peak:0.00M | Scene, ViewLayer | Synchronizing object | Hood_Cord.L
Fra:5 Mem:25.14M (Peak 25.14M) | Time:00:00.02 | Mem:0.00M, Peak:0.00M | Scene, ViewLayer | Synchronizing object | Palm.L
Fra:5 Mem:25.14M (Peak 25.14M) | Time:00:00.02 | Mem:0.00M, Peak:0.00M | Scene, ViewLayer | Synchronizing object | Index_Mesh.L
Fra:5 Mem:25.17M (Peak 25.17M) | Time:00:00.02 | Mem:0.00M, Peak:0.00M | Scene, ViewLayer | Synchronizing object | Middle_Mesh.L
Fra:5 Mem:25.19M (Peak 25.19M) | Time:00:00.02 | Mem:0.00M, Peak:0.00M | Scene, ViewLayer | Synchronizing object | Ring_Mesh.L
Fra:5 Mem:25.19M (Peak 25.19M) | Time:00:00.02 | Mem:0.00M, Peak:0.00M | Scene, ViewLayer | Synchronizing object | Pinky_Mesh.L
Fra:5 Mem:25.22M (Peak 25.22M) | Time:00:00.02 | Mem:0.00M, Peak:0.00M | Scene, ViewLayer | Synchronizing object | Thumb_Mesh.L
Fra:5 Mem:25.40M (Peak 25.40M) | Time:00:00.05 | Mem:0.00M, Peak:0.00M | Scene, ViewLayer | Synchronizing object | Trousers.L
Fra:5 Mem:25.40M (Peak 25.40M) | Time:00:00.05 | Mem:0.00M, Peak:0.00M | Scene, ViewLayer | Synchronizing object | Sneaker_Sole.L
Fra:5 Mem:25.43M (Peak 25.43M) | Time:00:00.05 | Mem:0.00M, Peak:0.00M | Scene, ViewLayer | Synchronizing object | Sneaker_Upper.L
Fra:5 Mem:25.57M (Peak 25.57M) | Time:00:00.05 | Mem:0.00M, Peak:0.00M | Scene, ViewLayer | Synchronizing object | Sock.L
Fra:5 Mem:25.62M (Peak 25.62M) | Time:00:00.05 | Mem:0.00M, Peak:0.00M | Scene, ViewLayer | Synchronizing object | Lace_0.L
Fra:5 Mem:25.61M (Peak 25.62M) | Time:00:00.05 | Mem:0.00M, Peak:0.00M | Scene, ViewLayer | Synchronizing object | Lace_1.L
Fra:5 Mem:25.62M (Peak 25.62M) | Time:00:00.05 | Mem:0.00M, Peak:0.00M | Scene, ViewLayer | Synchronizing object | Lace_2.L
Fra:5 Mem:25.64M (Peak 25.64M) | Time:00:00.05 | Mem:0.00M, Peak:0.00M | Scene, ViewLayer | Synchronizing object | Lace_3.L
Fra:5 Mem:25.64M (Peak 25.64M) | Time:00:00.05 | Mem:0.00M, Peak:0.00M | Scene, ViewLayer | Synchronizing object | Heel_Tab.L
Fra:5 Mem:25.71M (Peak 25.71M) | Time:00:00.05 | Mem:0.00M, Peak:0.00M | Scene, ViewLayer | Synchronizing object | Sleeve_Cuff.R
Fra:5 Mem:25.72M (Peak 25.72M) | Time:00:00.05 | Mem:0.00M, Peak:0.00M | Scene, ViewLayer | Synchronizing object | Zip_Tape.R
Fra:5 Mem:25.72M (Peak 25.72M) | Time:00:00.05 | Mem:0.00M, Peak:0.00M | Scene, ViewLayer | Synchronizing object | Hood_Cord.R
Fra:5 Mem:25.76M (Peak 25.76M) | Time:00:00.06 | Mem:0.00M, Peak:0.00M | Scene, ViewLayer | Synchronizing object | Palm.R
Fra:5 Mem:25.77M (Peak 25.77M) | Time:00:00.06 | Mem:0.00M, Peak:0.00M | Scene, ViewLayer | Synchronizing object | Middle_Mesh.R
Fra:5 Mem:25.81M (Peak 25.81M) | Time:00:00.06 | Mem:0.00M, Peak:0.00M | Scene, ViewLayer | Synchronizing object | Ring_Mesh.R
Fra:5 Mem:25.82M (Peak 25.82M) | Time:00:00.06 | Mem:0.00M, Peak:0.00M | Scene, ViewLayer | Synchronizing object | Pinky_Mesh.R
Fra:5 Mem:25.84M (Peak 25.84M) | Time:00:00.06 | Mem:0.00M, Peak:0.00M | Scene, ViewLayer | Synchronizing object | Thumb_Mesh.R
Fra:5 Mem:26.02M (Peak 26.02M) | Time:00:00.10 | Mem:0.00M, Peak:0.00M | Scene, ViewLayer | Synchronizing object | Trousers.R
Fra:5 Mem:26.02M (Peak 26.02M) | Time:00:00.10 | Mem:0.00M, Peak:0.00M | Scene, ViewLayer | Synchronizing object | Sneaker_Sole.R
Fra:5 Mem:26.14M (Peak 26.14M) | Time:00:00.10 | Mem:0.00M, Peak:0.00M | Scene, ViewLayer | Synchronizing object | Sneaker_Upper.R
Fra:5 Mem:26.20M (Peak 26.20M) | Time:00:00.10 | Mem:0.00M, Peak:0.00M | Scene, ViewLayer | Synchronizing object | Sock.R
Fra:5 Mem:26.25M (Peak 26.25M) | Time:00:00.10 | Mem:0.00M, Peak:0.00M | Scene, ViewLayer | Synchronizing object | Lace_0.R
Fra:5 Mem:26.25M (Peak 26.25M) | Time:00:00.10 | Mem:0.00M, Peak:0.00M | Scene, ViewLayer | Synchronizing object | Lace_1.R
Fra:5 Mem:26.25M (Peak 26.25M) | Time:00:00.10 | Mem:0.00M, Peak:0.00M | Scene, ViewLayer | Synchronizing object | Lace_2.R
Fra:5 Mem:26.25M (Peak 26.25M) | Time:00:00.10 | Mem:0.00M, Peak:0.00M | Scene, ViewLayer | Synchronizing object | Lace_3.R
Fra:5 Mem:26.25M (Peak 26.25M) | Time:00:00.10 | Mem:0.00M, Peak:0.00M | Scene, ViewLayer | Synchronizing object | Heel_Tab.R
Fra:5 Mem:26.91M (Peak 26.91M) | Time:00:00.14 | Mem:0.00M, Peak:0.00M | Scene, ViewLayer | Synchronizing object | Jacket_ContinuousShoulders
Fra:5 Mem:28.13M (Peak 28.13M) | Time:00:00.54 | Mem:0.00M, Peak:0.00M | Scene, ViewLayer | Synchronizing object | Face_Head
Fra:5 Mem:28.80M (Peak 28.80M) | Time:00:00.55 | Mem:0.00M, Peak:0.00M | Scene, ViewLayer | Synchronizing object | Ear.L
Fra:5 Mem:28.80M (Peak 28.80M) | Time:00:00.55 | Mem:0.00M, Peak:0.00M | Scene, ViewLayer | Synchronizing object | Ear_Fold.L
Fra:5 Mem:28.90M (Peak 28.90M) | Time:00:00.56 | Mem:0.00M, Peak:0.00M | Scene, ViewLayer | Synchronizing object | Ear.R
Fra:5 Mem:28.90M (Peak 28.90M) | Time:00:00.56 | Mem:0.00M, Peak:0.00M | Scene, ViewLayer | Synchronizing object | Ear_Fold.R
Fra:5 Mem:28.94M (Peak 28.94M) | Time:00:00.56 | Mem:0.00M, Peak:0.00M | Scene, ViewLayer | Synchronizing object | Eye_White.L
Fra:5 Mem:28.96M (Peak 28.96M) | Time:00:00.56 | Mem:0.00M, Peak:0.00M | Scene, ViewLayer | Synchronizing object | Iris_hair.L
Fra:5 Mem:28.98M (Peak 28.98M) | Time:00:00.56 | Mem:0.00M, Peak:0.00M | Scene, ViewLayer | Synchronizing object | Iris_ink.L
Fra:5 Mem:28.99M (Peak 28.99M) | Time:00:00.56 | Mem:0.00M, Peak:0.00M | Scene, ViewLayer | Synchronizing object | Eye_Glint.L
Fra:5 Mem:29.00M (Peak 29.00M) | Time:00:00.56 | Mem:0.00M, Peak:0.00M | Scene, ViewLayer | Synchronizing object | Upper_Lid.L
Fra:5 Mem:29.00M (Peak 29.00M) | Time:00:00.56 | Mem:0.00M, Peak:0.00M | Scene, ViewLayer | Synchronizing object | Lower_Lid.L
Fra:5 Mem:29.01M (Peak 29.01M) | Time:00:00.56 | Mem:0.00M, Peak:0.00M | Scene, ViewLayer | Synchronizing object | Eyebrow.L
Fra:5 Mem:29.03M (Peak 29.02M) | Time:00:00.56 | Mem:0.00M, Peak:0.00M | Scene, ViewLayer | Synchronizing object | Eye_White.R
Fra:5 Mem:29.03M (Peak 29.03M) | Time:00:00.56 | Mem:0.00M, Peak:0.00M | Scene, ViewLayer | Synchronizing object | Iris_hair.R
Fra:5 Mem:29.03M (Peak 29.03M) | Time:00:00.56 | Mem:0.00M, Peak:0.00M | Scene, ViewLayer | Synchronizing object | Iris_ink.R
Fra:5 Mem:29.06M (Peak 29.06M) | Time:00:00.56 | Mem:0.00M, Peak:0.00M | Scene, ViewLayer | Synchronizing object | Eye_Glint.R
Fra:5 Mem:29.05M (Peak 29.06M) | Time:00:00.56 | Mem:0.00M, Peak:0.00M | Scene, ViewLayer | Synchronizing object | Upper_Lid.R
Fra:5 Mem:29.06M (Peak 29.06M) | Time:00:00.56 | Mem:0.00M, Peak:0.00M | Scene, ViewLayer | Synchronizing object | Lower_Lid.R
Fra:5 Mem:29.07M (Peak 29.07M) | Time:00:00.56 | Mem:0.00M, Peak:0.00M | Scene, ViewLayer | Synchronizing object | Eyebrow.R
Fra:5 Mem:29.08M (Peak 29.08M) | Time:00:00.56 | Mem:0.00M, Peak:0.00M | Scene, ViewLayer | Synchronizing object | Mouth
Fra:5 Mem:29.20M (Peak 29.20M) | Time:00:00.68 | Mem:0.00M, Peak:0.00M | Scene, ViewLayer | Synchronizing object | Hair_Cap
Fra:5 Mem:29.20M (Peak 29.20M) | Time:00:00.68 | Mem:0.00M, Peak:0.00M | Scene, ViewLayer | Synchronizing object | Bangs_00
Fra:5 Mem:29.23M (Peak 29.23M) | Time:00:00.68 | Mem:0.00M, Peak:0.00M | Scene, ViewLayer | Synchronizing object | Bangs_01
Fra:5 Mem:29.35M (Peak 29.35M) | Time:00:00.68 | Mem:0.00M, Peak:0.00M | Scene, ViewLayer | Synchronizing object | Bangs_02
Fra:5 Mem:29.36M (Peak 29.36M) | Time:00:00.68 | Mem:0.00M, Peak:0.00M | Scene, ViewLayer | Synchronizing object | Bangs_03
Fra:5 Mem:29.38M (Peak 29.38M) | Time:00:00.68 | Mem:0.00M, Peak:0.00M | Scene, ViewLayer | Synchronizing object | Bangs_04
Fra:5 Mem:29.40M (Peak 29.40M) | Time:00:00.68 | Mem:0.00M, Peak:0.00M | Scene, ViewLayer | Synchronizing object | Bangs_05
Fra:5 Mem:29.42M (Peak 29.42M) | Time:00:00.68 | Mem:0.00M, Peak:0.00M | Scene, ViewLayer | Synchronizing object | Temple_0.L
Fra:5 Mem:29.44M (Peak 29.44M) | Time:00:00.68 | Mem:0.00M, Peak:0.00M | Scene, ViewLayer | Synchronizing object | Temple_1.L
Fra:5 Mem:29.51M (Peak 29.51M) | Time:00:00.68 | Mem:0.00M, Peak:0.00M | Scene, ViewLayer | Synchronizing object | Review_Rim
Fra:5 Mem:29.52M (Peak 29.52M) | Time:00:00.68 | Mem:0.00M, Peak:0.00M | Scene, ViewLayer | Synchronizing object | Temple_2.L
Fra:5 Mem:29.52M (Peak 29.52M) | Time:00:00.68 | Mem:0.00M, Peak:0.00M | Scene, ViewLayer | Synchronizing object | Nape_0.L
Fra:5 Mem:29.59M (Peak 29.59M) | Time:00:00.68 | Mem:0.00M, Peak:0.00M | Scene, ViewLayer | Synchronizing object | Review_Key
Fra:5 Mem:29.59M (Peak 29.59M) | Time:00:00.68 | Mem:0.00M, Peak:0.00M | Scene, ViewLayer | Synchronizing object | Review_Ground
Fra:5 Mem:29.55M (Peak 29.59M) | Time:00:00.68 | Mem:0.00M, Peak:0.00M | Scene, ViewLayer | Synchronizing object | Temple_0.R
Fra:5 Mem:29.56M (Peak 29.59M) | Time:00:00.68 | Mem:0.00M, Peak:0.00M | Scene, ViewLayer | Synchronizing object | Temple_1.R
Fra:5 Mem:29.57M (Peak 29.59M) | Time:00:00.68 | Mem:0.00M, Peak:0.00M | Scene, ViewLayer | Synchronizing object | Tee_Bar
Fra:5 Mem:29.60M (Peak 29.60M) | Time:00:00.68 | Mem:0.00M, Peak:0.00M | Scene, ViewLayer | Synchronizing object | Temple_2.R
Fra:5 Mem:29.60M (Peak 29.60M) | Time:00:00.68 | Mem:0.00M, Peak:0.00M | Scene, ViewLayer | Synchronizing object | Nape_0.R
Fra:5 Mem:29.62M (Peak 29.62M) | Time:00:00.68 | Mem:0.00M, Peak:0.00M | Scene, ViewLayer | Synchronizing object | Tee_Dot_1.246
Fra:5 Mem:29.64M (Peak 29.64M) | Time:00:00.68 | Mem:0.00M, Peak:0.00M | Scene, ViewLayer | Synchronizing object | Nape_1.R
Fra:5 Mem:29.65M (Peak 29.65M) | Time:00:00.68 | Mem:0.00M, Peak:0.00M | Scene, ViewLayer | Synchronizing object | Crown_0.L
Fra:5 Mem:29.66M (Peak 29.66M) | Time:00:00.68 | Mem:0.00M, Peak:0.00M | Scene, ViewLayer | Synchronizing object | Crown_0.R
Fra:5 Mem:29.70M (Peak 29.70M) | Time:00:00.68 | Mem:0.00M, Peak:0.00M | Scene, ViewLayer | Synchronizing object | Back_Lock_0
Fra:5 Mem:29.70M (Peak 29.70M) | Time:00:00.68 | Mem:0.00M, Peak:0.00M | Scene, ViewLayer | Synchronizing object | Back_Lock_1
Fra:5 Mem:29.72M (Peak 29.72M) | Time:00:00.68 | Mem:0.00M, Peak:0.00M | Scene, ViewLayer | Synchronizing object | Back_Lock_2
Fra:5 Mem:29.76M (Peak 29.76M) | Time:00:00.68 | Mem:0.00M, Peak:0.00M | Scene, ViewLayer | Synchronizing object | Back_Lock_3
Fra:5 Mem:29.79M (Peak 29.79M) | Time:00:00.68 | Mem:0.00M, Peak:0.00M | Scene, ViewLayer | Synchronizing object | Back_Lock_4
Fra:5 Mem:29.79M (Peak 29.79M) | Time:00:00.68 | Mem:0.00M, Peak:0.00M | Scene, ViewLayer | Synchronizing object | Back_Lock_5
Fra:5 Mem:29.83M (Peak 29.83M) | Time:00:00.68 | Mem:0.00M, Peak:0.00M | Scene, ViewLayer | Initializing
Fra:5 Mem:25.74M (Peak 29.83M) | Time:00:00.68 | Mem:0.00M, Peak:0.00M | Scene, ViewLayer | Updating Images | Loading CHR001_GreyStudy_BaseColor
Fra:5 Mem:26.97M (Peak 29.83M) | Time:00:00.68 | Mem:4.00M, Peak:4.00M | Scene, ViewLayer | Waiting for render to start
Fra:5 Mem:26.97M (Peak 29.83M) | Time:00:00.68 | Mem:4.00M, Peak:4.00M | Scene, ViewLayer | Updating Scene
Fra:5 Mem:26.97M (Peak 29.83M) | Time:00:00.68 | Mem:4.00M, Peak:4.00M | Scene, ViewLayer | Updating Shaders
Fra:5 Mem:26.97M (Peak 29.83M) | Time:00:00.68 | Mem:4.00M, Peak:4.00M | Scene, ViewLayer | Loading render kernels (may take a few minutes the first time)
Fra:5 Mem:27.05M (Peak 29.83M) | Time:00:00.68 | Mem:4.00M, Peak:4.00M | Scene, ViewLayer | Updating Procedurals
Fra:5 Mem:27.05M (Peak 29.83M) | Time:00:00.68 | Mem:4.00M, Peak:4.00M | Scene, ViewLayer | Updating Background
Fra:5 Mem:27.05M (Peak 29.83M) | Time:00:00.68 | Mem:4.00M, Peak:4.00M | Scene, ViewLayer | Updating Camera
Fra:5 Mem:27.05M (Peak 29.83M) | Time:00:00.68 | Mem:4.00M, Peak:4.00M | Scene, ViewLayer | Updating Meshes Flags
Fra:5 Mem:27.05M (Peak 29.83M) | Time:00:00.68 | Mem:4.00M, Peak:4.00M | Scene, ViewLayer | Updating Objects
Fra:5 Mem:27.05M (Peak 29.83M) | Time:00:00.68 | Mem:4.00M, Peak:4.00M | Scene, ViewLayer | Updating Objects | Copying Transformations to device
Fra:5 Mem:27.07M (Peak 29.83M) | Time:00:00.68 | Mem:4.02M, Peak:4.02M | Scene, ViewLayer | Updating Particle Systems
Fra:5 Mem:27.07M (Peak 29.83M) | Time:00:00.68 | Mem:4.02M, Peak:4.02M | Scene, ViewLayer | Updating Particle Systems | Copying Particles to device
Fra:5 Mem:27.07M (Peak 29.83M) | Time:00:00.68 | Mem:4.02M, Peak:4.02M | Scene, ViewLayer | Updating Meshes
Fra:5 Mem:27.07M (Peak 29.83M) | Time:00:00.68 | Mem:4.02M, Peak:4.02M | Scene, ViewLayer | Updating Objects | Applying Static Transformations
Fra:5 Mem:27.07M (Peak 29.83M) | Time:00:00.68 | Mem:4.02M, Peak:4.02M | Scene, ViewLayer | Updating Mesh | Computing attributes
Fra:5 Mem:28.09M (Peak 29.83M) | Time:00:00.68 | Mem:4.03M, Peak:4.03M | Scene, ViewLayer | Updating Mesh | Copying Attributes to device
Fra:5 Mem:28.07M (Peak 29.83M) | Time:00:00.68 | Mem:5.02M, Peak:5.02M | Scene, ViewLayer | Updating Scene BVH | Building
Fra:5 Mem:28.07M (Peak 29.83M) | Time:00:00.68 | Mem:5.02M, Peak:5.02M | Scene, ViewLayer | Updating Scene BVH | Building BVH
Fra:5 Mem:28.07M (Peak 29.83M) | Time:00:00.68 | Mem:6.08M, Peak:6.08M | Scene, ViewLayer | Updating Scene BVH | Building BVH 0%
Fra:5 Mem:28.07M (Peak 29.83M) | Time:00:00.69 | Mem:7.23M, Peak:8.28M | Scene, ViewLayer | Updating Scene BVH | Copying BVH to device
Fra:5 Mem:28.07M (Peak 29.83M) | Time:00:00.69 | Mem:7.23M, Peak:8.28M | Scene, ViewLayer | Updating Mesh | Computing normals
Fra:5 Mem:29.00M (Peak 29.83M) | Time:00:00.69 | Mem:7.23M, Peak:8.28M | Scene, ViewLayer | Updating Mesh | Copying Mesh to device
Fra:5 Mem:29.00M (Peak 29.83M) | Time:00:00.69 | Mem:8.16M, Peak:8.28M | Scene, ViewLayer | Updating Objects Flags
Fra:5 Mem:29.00M (Peak 29.83M) | Time:00:00.69 | Mem:8.16M, Peak:8.28M | Scene, ViewLayer | Updating Primitive Offsets
Fra:5 Mem:29.00M (Peak 29.83M) | Time:00:00.69 | Mem:8.16M, Peak:8.28M | Scene, ViewLayer | Updating Images
Fra:5 Mem:29.00M (Peak 29.83M) | Time:00:00.69 | Mem:8.16M, Peak:8.28M | Scene, ViewLayer | Updating Camera Volume
Fra:5 Mem:29.00M (Peak 29.83M) | Time:00:00.69 | Mem:8.16M, Peak:8.28M | Scene, ViewLayer | Updating Lookup Tables
Fra:5 Mem:29.00M (Peak 29.83M) | Time:00:00.69 | Mem:8.24M, Peak:8.28M | Scene, ViewLayer | Updating Lights
Fra:5 Mem:29.00M (Peak 29.83M) | Time:00:00.69 | Mem:8.24M, Peak:8.28M | Scene, ViewLayer | Updating Lights | Computing tree
Fra:5 Mem:29.01M (Peak 29.83M) | Time:00:00.69 | Mem:8.24M, Peak:8.28M | Scene, ViewLayer | Updating Integrator
Fra:5 Mem:29.01M (Peak 29.83M) | Time:00:00.69 | Mem:8.24M, Peak:8.28M | Scene, ViewLayer | Updating Film
Fra:5 Mem:29.01M (Peak 29.83M) | Time:00:00.69 | Mem:8.16M, Peak:8.28M | Scene, ViewLayer | Updating Lookup Tables
Fra:5 Mem:29.01M (Peak 29.83M) | Time:00:00.69 | Mem:8.25M, Peak:8.28M | Scene, ViewLayer | Updating Baking
Fra:5 Mem:29.01M (Peak 29.83M) | Time:00:00.69 | Mem:8.25M, Peak:8.28M | Scene, ViewLayer | Updating Device | Writing constant memory
Fra:5 Mem:29.01M (Peak 29.83M) | Time:00:00.69 | Mem:8.25M, Peak:8.28M | Scene, ViewLayer | Loading denoising kernels (may take a few minutes the first time)
Fra:5 Mem:29.01M (Peak 29.83M) | Time:00:00.69 | Mem:8.25M, Peak:8.28M | Scene, ViewLayer | Sample 0/24
Fra:5 Mem:79.15M (Peak 79.15M) | Time:00:01.00 | Remaining:00:07.19 | Mem:58.35M, Peak:58.35M | Scene, ViewLayer | Sample 1/24
Fra:5 Mem:100.25M (Peak 131.89M) | Time:00:11.73 | Mem:58.35M, Peak:58.35M | Scene, ViewLayer | Sample 24/24
Fra:5 Mem:100.25M (Peak 131.89M) | Time:00:11.73 | Mem:58.35M, Peak:58.35M | Scene, ViewLayer | Finished
Saved: '/home/lzzz/MyProjects/N-SIDE/output/characters/CHR-001/animation-r1/run-05.png'
Time: 00:11.78 (Saving: 00:00.05)

Fra:8 Mem:24.86M (Peak 24.86M) | Time:00:00.00 | Mem:0.00M, Peak:0.00M | Scene, ViewLayer | Synchronizing object | TShirt
Fra:8 Mem:25.01M (Peak 25.01M) | Time:00:00.01 | Mem:0.00M, Peak:0.00M | Scene, ViewLayer | Synchronizing object | TShirt_Collar
Fra:8 Mem:25.02M (Peak 25.02M) | Time:00:00.01 | Mem:0.00M, Peak:0.00M | Scene, ViewLayer | Synchronizing object | Sleeve_Cuff.L
Fra:8 Mem:25.08M (Peak 25.08M) | Time:00:00.01 | Mem:0.00M, Peak:0.00M | Scene, ViewLayer | Synchronizing object | Zip_Tape.L
Fra:8 Mem:25.08M (Peak 25.08M) | Time:00:00.01 | Mem:0.00M, Peak:0.00M | Scene, ViewLayer | Synchronizing object | Hood_Cord.L
Fra:8 Mem:25.14M (Peak 25.14M) | Time:00:00.02 | Mem:0.00M, Peak:0.00M | Scene, ViewLayer | Synchronizing object | Palm.L
Fra:8 Mem:25.18M (Peak 25.18M) | Time:00:00.02 | Mem:0.00M, Peak:0.00M | Scene, ViewLayer | Synchronizing object | Index_Mesh.L
Fra:8 Mem:25.18M (Peak 25.18M) | Time:00:00.02 | Mem:0.00M, Peak:0.00M | Scene, ViewLayer | Synchronizing object | Middle_Mesh.L
Fra:8 Mem:25.20M (Peak 25.20M) | Time:00:00.02 | Mem:0.00M, Peak:0.00M | Scene, ViewLayer | Synchronizing object | Ring_Mesh.L
Fra:8 Mem:25.21M (Peak 25.21M) | Time:00:00.02 | Mem:0.00M, Peak:0.00M | Scene, ViewLayer | Synchronizing object | Pinky_Mesh.L
Fra:8 Mem:25.23M (Peak 25.23M) | Time:00:00.02 | Mem:0.00M, Peak:0.00M | Scene, ViewLayer | Synchronizing object | Thumb_Mesh.L
Fra:8 Mem:25.40M (Peak 25.40M) | Time:00:00.05 | Mem:0.00M, Peak:0.00M | Scene, ViewLayer | Synchronizing object | Trousers.L
Fra:8 Mem:25.40M (Peak 25.40M) | Time:00:00.05 | Mem:0.00M, Peak:0.00M | Scene, ViewLayer | Synchronizing object | Sneaker_Sole.L
Fra:8 Mem:25.43M (Peak 25.43M) | Time:00:00.05 | Mem:0.00M, Peak:0.00M | Scene, ViewLayer | Synchronizing object | Sneaker_Upper.L
Fra:8 Mem:25.62M (Peak 25.62M) | Time:00:00.05 | Mem:0.00M, Peak:0.00M | Scene, ViewLayer | Synchronizing object | Sock.L
Fra:8 Mem:25.61M (Peak 25.62M) | Time:00:00.05 | Mem:0.00M, Peak:0.00M | Scene, ViewLayer | Synchronizing object | Lace_0.L
Fra:8 Mem:25.61M (Peak 25.62M) | Time:00:00.05 | Mem:0.00M, Peak:0.00M | Scene, ViewLayer | Synchronizing object | Lace_1.L
Fra:8 Mem:25.62M (Peak 25.62M) | Time:00:00.05 | Mem:0.00M, Peak:0.00M | Scene, ViewLayer | Synchronizing object | Lace_2.L
Fra:8 Mem:25.62M (Peak 25.62M) | Time:00:00.05 | Mem:0.00M, Peak:0.00M | Scene, ViewLayer | Synchronizing object | Lace_3.L
Fra:8 Mem:25.64M (Peak 25.64M) | Time:00:00.05 | Mem:0.00M, Peak:0.00M | Scene, ViewLayer | Synchronizing object | Heel_Tab.L
Fra:8 Mem:25.71M (Peak 25.71M) | Time:00:00.05 | Mem:0.00M, Peak:0.00M | Scene, ViewLayer | Synchronizing object | Sleeve_Cuff.R
Fra:8 Mem:25.72M (Peak 25.72M) | Time:00:00.05 | Mem:0.00M, Peak:0.00M | Scene, ViewLayer | Synchronizing object | Zip_Tape.R
Fra:8 Mem:25.74M (Peak 25.74M) | Time:00:00.05 | Mem:0.00M, Peak:0.00M | Scene, ViewLayer | Synchronizing object | Hood_Cord.R
Fra:8 Mem:25.76M (Peak 25.76M) | Time:00:00.06 | Mem:0.00M, Peak:0.00M | Scene, ViewLayer | Synchronizing object | Palm.R
Fra:8 Mem:25.78M (Peak 25.78M) | Time:00:00.06 | Mem:0.00M, Peak:0.00M | Scene, ViewLayer | Synchronizing object | Index_Mesh.R
Fra:8 Mem:25.80M (Peak 25.80M) | Time:00:00.06 | Mem:0.00M, Peak:0.00M | Scene, ViewLayer | Synchronizing object | Ring_Mesh.R
Fra:8 Mem:25.81M (Peak 25.81M) | Time:00:00.06 | Mem:0.00M, Peak:0.00M | Scene, ViewLayer | Synchronizing object | Middle_Mesh.R
Fra:8 Mem:25.83M (Peak 25.83M) | Time:00:00.06 | Mem:0.00M, Peak:0.00M | Scene, ViewLayer | Synchronizing object | Pinky_Mesh.R
Fra:8 Mem:25.84M (Peak 25.84M) | Time:00:00.06 | Mem:0.00M, Peak:0.00M | Scene, ViewLayer | Synchronizing object | Thumb_Mesh.R
Fra:8 Mem:26.02M (Peak 26.02M) | Time:00:00.10 | Mem:0.00M, Peak:0.00M | Scene, ViewLayer | Synchronizing object | Trousers.R
Fra:8 Mem:26.02M (Peak 26.02M) | Time:00:00.10 | Mem:0.00M, Peak:0.00M | Scene, ViewLayer | Synchronizing object | Sneaker_Upper.R
Fra:8 Mem:26.19M (Peak 26.19M) | Time:00:00.10 | Mem:0.00M, Peak:0.00M | Scene, ViewLayer | Synchronizing object | Sock.R
Fra:8 Mem:26.25M (Peak 26.25M) | Time:00:00.10 | Mem:0.00M, Peak:0.00M | Scene, ViewLayer | Synchronizing object | Lace_0.R
Fra:8 Mem:26.25M (Peak 26.25M) | Time:00:00.10 | Mem:0.00M, Peak:0.00M | Scene, ViewLayer | Synchronizing object | Lace_1.R
Fra:8 Mem:26.25M (Peak 26.25M) | Time:00:00.10 | Mem:0.00M, Peak:0.00M | Scene, ViewLayer | Synchronizing object | Lace_2.R
Fra:8 Mem:26.25M (Peak 26.25M) | Time:00:00.10 | Mem:0.00M, Peak:0.00M | Scene, ViewLayer | Synchronizing object | Lace_3.R
Fra:8 Mem:26.25M (Peak 26.25M) | Time:00:00.10 | Mem:0.00M, Peak:0.00M | Scene, ViewLayer | Synchronizing object | Heel_Tab.R
Fra:8 Mem:26.91M (Peak 26.91M) | Time:00:00.14 | Mem:0.00M, Peak:0.00M | Scene, ViewLayer | Synchronizing object | Jacket_ContinuousShoulders
Fra:8 Mem:28.13M (Peak 28.13M) | Time:00:00.54 | Mem:0.00M, Peak:0.00M | Scene, ViewLayer | Synchronizing object | Face_Head
Fra:8 Mem:28.80M (Peak 28.80M) | Time:00:00.55 | Mem:0.00M, Peak:0.00M | Scene, ViewLayer | Synchronizing object | Ear.L
Fra:8 Mem:28.80M (Peak 28.80M) | Time:00:00.55 | Mem:0.00M, Peak:0.00M | Scene, ViewLayer | Synchronizing object | Ear_Fold.L
Fra:8 Mem:28.90M (Peak 28.90M) | Time:00:00.56 | Mem:0.00M, Peak:0.00M | Scene, ViewLayer | Synchronizing object | Ear.R
Fra:8 Mem:28.91M (Peak 28.91M) | Time:00:00.56 | Mem:0.00M, Peak:0.00M | Scene, ViewLayer | Synchronizing object | Eye_White.L
Fra:8 Mem:28.96M (Peak 28.96M) | Time:00:00.56 | Mem:0.00M, Peak:0.00M | Scene, ViewLayer | Synchronizing object | Iris_hair.L
Fra:8 Mem:28.98M (Peak 28.98M) | Time:00:00.56 | Mem:0.00M, Peak:0.00M | Scene, ViewLayer | Synchronizing object | Iris_ink.L
Fra:8 Mem:28.99M (Peak 28.99M) | Time:00:00.56 | Mem:0.00M, Peak:0.00M | Scene, ViewLayer | Synchronizing object | Eye_Glint.L
Fra:8 Mem:29.00M (Peak 29.00M) | Time:00:00.56 | Mem:0.00M, Peak:0.00M | Scene, ViewLayer | Synchronizing object | Upper_Lid.L
Fra:8 Mem:29.01M (Peak 29.01M) | Time:00:00.56 | Mem:0.00M, Peak:0.00M | Scene, ViewLayer | Synchronizing object | Eyebrow.L
Fra:8 Mem:29.02M (Peak 29.02M) | Time:00:00.56 | Mem:0.00M, Peak:0.00M | Scene, ViewLayer | Synchronizing object | Eye_White.R
Fra:8 Mem:29.04M (Peak 29.04M) | Time:00:00.56 | Mem:0.00M, Peak:0.00M | Scene, ViewLayer | Synchronizing object | Iris_ink.R
Fra:8 Mem:29.04M (Peak 29.04M) | Time:00:00.56 | Mem:0.00M, Peak:0.00M | Scene, ViewLayer | Synchronizing object | Eye_Glint.R
Fra:8 Mem:29.05M (Peak 29.05M) | Time:00:00.56 | Mem:0.00M, Peak:0.00M | Scene, ViewLayer | Synchronizing object | Upper_Lid.R
Fra:8 Mem:29.05M (Peak 29.05M) | Time:00:00.56 | Mem:0.00M, Peak:0.00M | Scene, ViewLayer | Synchronizing object | Lower_Lid.R
Fra:8 Mem:29.06M (Peak 29.06M) | Time:00:00.56 | Mem:0.00M, Peak:0.00M | Scene, ViewLayer | Synchronizing object | Eyebrow.R
Fra:8 Mem:29.07M (Peak 29.07M) | Time:00:00.56 | Mem:0.00M, Peak:0.00M | Scene, ViewLayer | Synchronizing object | Mouth
Fra:8 Mem:29.20M (Peak 29.20M) | Time:00:00.68 | Mem:0.00M, Peak:0.00M | Scene, ViewLayer | Synchronizing object | Hair_Cap
Fra:8 Mem:29.32M (Peak 29.32M) | Time:00:00.68 | Mem:0.00M, Peak:0.00M | Scene, ViewLayer | Synchronizing object | Bangs_01
Fra:8 Mem:29.41M (Peak 29.41M) | Time:00:00.68 | Mem:0.00M, Peak:0.00M | Scene, ViewLayer | Synchronizing object | Bangs_02
Fra:8 Mem:29.43M (Peak 29.43M) | Time:00:00.68 | Mem:0.00M, Peak:0.00M | Scene, ViewLayer | Synchronizing object | Review_Rim
Fra:8 Mem:29.47M (Peak 29.47M) | Time:00:00.68 | Mem:0.00M, Peak:0.00M | Scene, ViewLayer | Synchronizing object | Bangs_03
Fra:8 Mem:29.47M (Peak 29.47M) | Time:00:00.68 | Mem:0.00M, Peak:0.00M | Scene, ViewLayer | Synchronizing object | Bangs_04
Fra:8 Mem:29.44M (Peak 29.47M) | Time:00:00.68 | Mem:0.00M, Peak:0.00M | Scene, ViewLayer | Synchronizing object | Bangs_05
Fra:8 Mem:29.48M (Peak 29.48M) | Time:00:00.68 | Mem:0.00M, Peak:0.00M | Scene, ViewLayer | Synchronizing object | Review_Key
Fra:8 Mem:29.49M (Peak 29.49M) | Time:00:00.68 | Mem:0.00M, Peak:0.00M | Scene, ViewLayer | Synchronizing object | Review_Ground
Fra:8 Mem:29.48M (Peak 29.49M) | Time:00:00.68 | Mem:0.00M, Peak:0.00M | Scene, ViewLayer | Synchronizing object | Temple_2.L
Fra:8 Mem:29.49M (Peak 29.49M) | Time:00:00.68 | Mem:0.00M, Peak:0.00M | Scene, ViewLayer | Synchronizing object | Tee_Bar
Fra:8 Mem:29.51M (Peak 29.51M) | Time:00:00.68 | Mem:0.00M, Peak:0.00M | Scene, ViewLayer | Synchronizing object | Tee_Dot_1.246
Fra:8 Mem:29.53M (Peak 29.53M) | Time:00:00.68 | Mem:0.00M, Peak:0.00M | Scene, ViewLayer | Synchronizing object | Nape_0.L
Fra:8 Mem:29.54M (Peak 29.54M) | Time:00:00.68 | Mem:0.00M, Peak:0.00M | Scene, ViewLayer | Synchronizing object | Tee_Dot_1.275
Fra:8 Mem:29.57M (Peak 29.57M) | Time:00:00.68 | Mem:0.00M, Peak:0.00M | Scene, ViewLayer | Synchronizing object | Temple_0.R
Fra:8 Mem:29.57M (Peak 29.57M) | Time:00:00.68 | Mem:0.00M, Peak:0.00M | Scene, ViewLayer | Synchronizing object | Back_Lock_6
Fra:8 Mem:29.62M (Peak 29.62M) | Time:00:00.68 | Mem:0.00M, Peak:0.00M | Scene, ViewLayer | Synchronizing object | Temple_2.R
Fra:8 Mem:29.65M (Peak 29.65M) | Time:00:00.68 | Mem:0.00M, Peak:0.00M | Scene, ViewLayer | Synchronizing object | Nape_0.R
Fra:8 Mem:29.66M (Peak 29.66M) | Time:00:00.68 | Mem:0.00M, Peak:0.00M | Scene, ViewLayer | Synchronizing object | Crown_0.L
Fra:8 Mem:29.69M (Peak 29.69M) | Time:00:00.68 | Mem:0.00M, Peak:0.00M | Scene, ViewLayer | Synchronizing object | Crown_0.R
Fra:8 Mem:29.74M (Peak 29.74M) | Time:00:00.68 | Mem:0.00M, Peak:0.00M | Scene, ViewLayer | Synchronizing object | Back_Lock_0
Fra:8 Mem:29.74M (Peak 29.74M) | Time:00:00.68 | Mem:0.00M, Peak:0.00M | Scene, ViewLayer | Synchronizing object | Back_Lock_2
Fra:8 Mem:29.80M (Peak 29.80M) | Time:00:00.68 | Mem:0.00M, Peak:0.00M | Scene, ViewLayer | Synchronizing object | Back_Lock_3
Fra:8 Mem:29.83M (Peak 29.83M) | Time:00:00.68 | Mem:0.00M, Peak:0.00M | Scene, ViewLayer | Initializing
Fra:8 Mem:25.74M (Peak 29.83M) | Time:00:00.68 | Mem:0.00M, Peak:0.00M | Scene, ViewLayer | Updating Images | Loading CHR001_GreyStudy_BaseColor
Fra:8 Mem:26.97M (Peak 29.83M) | Time:00:00.69 | Mem:4.00M, Peak:4.00M | Scene, ViewLayer | Waiting for render to start
Fra:8 Mem:26.97M (Peak 29.83M) | Time:00:00.69 | Mem:4.00M, Peak:4.00M | Scene, ViewLayer | Updating Scene
Fra:8 Mem:26.97M (Peak 29.83M) | Time:00:00.69 | Mem:4.00M, Peak:4.00M | Scene, ViewLayer | Updating Shaders
Fra:8 Mem:26.97M (Peak 29.83M) | Time:00:00.69 | Mem:4.00M, Peak:4.00M | Scene, ViewLayer | Loading render kernels (may take a few minutes the first time)
Fra:8 Mem:27.05M (Peak 29.83M) | Time:00:00.69 | Mem:4.00M, Peak:4.00M | Scene, ViewLayer | Updating Procedurals
Fra:8 Mem:27.05M (Peak 29.83M) | Time:00:00.69 | Mem:4.00M, Peak:4.00M | Scene, ViewLayer | Updating Background
Fra:8 Mem:27.05M (Peak 29.83M) | Time:00:00.69 | Mem:4.00M, Peak:4.00M | Scene, ViewLayer | Updating Camera
Fra:8 Mem:27.05M (Peak 29.83M) | Time:00:00.69 | Mem:4.00M, Peak:4.00M | Scene, ViewLayer | Updating Meshes Flags
Fra:8 Mem:27.05M (Peak 29.83M) | Time:00:00.69 | Mem:4.00M, Peak:4.00M | Scene, ViewLayer | Updating Objects
Fra:8 Mem:27.05M (Peak 29.83M) | Time:00:00.69 | Mem:4.00M, Peak:4.00M | Scene, ViewLayer | Updating Objects | Copying Transformations to device
Fra:8 Mem:27.07M (Peak 29.83M) | Time:00:00.69 | Mem:4.02M, Peak:4.02M | Scene, ViewLayer | Updating Particle Systems
Fra:8 Mem:27.07M (Peak 29.83M) | Time:00:00.69 | Mem:4.02M, Peak:4.02M | Scene, ViewLayer | Updating Particle Systems | Copying Particles to device
Fra:8 Mem:27.07M (Peak 29.83M) | Time:00:00.69 | Mem:4.02M, Peak:4.02M | Scene, ViewLayer | Updating Meshes
Fra:8 Mem:27.07M (Peak 29.83M) | Time:00:00.69 | Mem:4.02M, Peak:4.02M | Scene, ViewLayer | Updating Objects | Applying Static Transformations
Fra:8 Mem:27.07M (Peak 29.83M) | Time:00:00.69 | Mem:4.02M, Peak:4.02M | Scene, ViewLayer | Updating Mesh | Computing attributes
Fra:8 Mem:28.09M (Peak 29.83M) | Time:00:00.69 | Mem:4.03M, Peak:4.03M | Scene, ViewLayer | Updating Mesh | Copying Attributes to device
Fra:8 Mem:28.07M (Peak 29.83M) | Time:00:00.69 | Mem:5.02M, Peak:5.02M | Scene, ViewLayer | Updating Scene BVH | Building
Fra:8 Mem:28.07M (Peak 29.83M) | Time:00:00.69 | Mem:5.02M, Peak:5.02M | Scene, ViewLayer | Updating Scene BVH | Building BVH
Fra:8 Mem:28.07M (Peak 29.83M) | Time:00:00.69 | Mem:6.08M, Peak:6.08M | Scene, ViewLayer | Updating Scene BVH | Building BVH 0%
Fra:8 Mem:28.07M (Peak 29.83M) | Time:00:00.69 | Mem:7.23M, Peak:8.28M | Scene, ViewLayer | Updating Scene BVH | Copying BVH to device
Fra:8 Mem:28.07M (Peak 29.83M) | Time:00:00.69 | Mem:7.23M, Peak:8.28M | Scene, ViewLayer | Updating Mesh | Computing normals
Fra:8 Mem:29.00M (Peak 29.83M) | Time:00:00.69 | Mem:7.23M, Peak:8.28M | Scene, ViewLayer | Updating Mesh | Copying Mesh to device
Fra:8 Mem:29.00M (Peak 29.83M) | Time:00:00.69 | Mem:8.16M, Peak:8.28M | Scene, ViewLayer | Updating Objects Flags
Fra:8 Mem:29.00M (Peak 29.83M) | Time:00:00.69 | Mem:8.16M, Peak:8.28M | Scene, ViewLayer | Updating Primitive Offsets
Fra:8 Mem:29.00M (Peak 29.83M) | Time:00:00.69 | Mem:8.16M, Peak:8.28M | Scene, ViewLayer | Updating Images
Fra:8 Mem:29.00M (Peak 29.83M) | Time:00:00.69 | Mem:8.16M, Peak:8.28M | Scene, ViewLayer | Updating Camera Volume
Fra:8 Mem:29.00M (Peak 29.83M) | Time:00:00.69 | Mem:8.16M, Peak:8.28M | Scene, ViewLayer | Updating Lookup Tables
Fra:8 Mem:29.00M (Peak 29.83M) | Time:00:00.69 | Mem:8.24M, Peak:8.28M | Scene, ViewLayer | Updating Lights
Fra:8 Mem:29.00M (Peak 29.83M) | Time:00:00.69 | Mem:8.24M, Peak:8.28M | Scene, ViewLayer | Updating Lights | Computing tree
Fra:8 Mem:29.01M (Peak 29.83M) | Time:00:00.69 | Mem:8.24M, Peak:8.28M | Scene, ViewLayer | Updating Integrator
Fra:8 Mem:29.01M (Peak 29.83M) | Time:00:00.69 | Mem:8.24M, Peak:8.28M | Scene, ViewLayer | Updating Film
Fra:8 Mem:29.01M (Peak 29.83M) | Time:00:00.69 | Mem:8.16M, Peak:8.28M | Scene, ViewLayer | Updating Lookup Tables
Fra:8 Mem:29.01M (Peak 29.83M) | Time:00:00.69 | Mem:8.25M, Peak:8.28M | Scene, ViewLayer | Updating Baking
Fra:8 Mem:29.01M (Peak 29.83M) | Time:00:00.69 | Mem:8.25M, Peak:8.28M | Scene, ViewLayer | Updating Device | Writing constant memory
Fra:8 Mem:29.01M (Peak 29.83M) | Time:00:00.69 | Mem:8.25M, Peak:8.28M | Scene, ViewLayer | Loading denoising kernels (may take a few minutes the first time)
Fra:8 Mem:29.01M (Peak 29.83M) | Time:00:00.69 | Mem:8.25M, Peak:8.28M | Scene, ViewLayer | Sample 0/24
Fra:8 Mem:79.15M (Peak 79.15M) | Time:00:01.00 | Remaining:00:07.18 | Mem:58.35M, Peak:58.35M | Scene, ViewLayer | Sample 1/24
Fra:8 Mem:100.25M (Peak 131.89M) | Time:00:11.69 | Mem:58.35M, Peak:58.35M | Scene, ViewLayer | Sample 24/24
Fra:8 Mem:100.25M (Peak 131.89M) | Time:00:11.69 | Mem:58.35M, Peak:58.35M | Scene, ViewLayer | Finished
Saved: '/home/lzzz/MyProjects/N-SIDE/output/characters/CHR-001/animation-r1/run-08.png'
Time: 00:11.74 (Saving: 00:00.05)


PROTOTYPE PASS

Blender quit
