Blender 4.5.14 LTS (hash 62c1db4208e8 built 2026-09-15 01:31:19)
Read blend: "/home/lzzz/MyProjects/N-SIDE/output/yao-drape-r13/before.blend"
Fra:1 Mem:22.84M (Peak 24.23M) | Time:00:00.03 | Mem:0.00M, Peak:0.00M | Scene, ViewLayer | Synchronizing object | TShirt
Fra:1 Mem:22.99M (Peak 24.23M) | Time:00:00.03 | Mem:0.00M, Peak:0.00M | Scene, ViewLayer | Synchronizing object | TShirt_Collar
Fra:1 Mem:23.02M (Peak 24.23M) | Time:00:00.03 | Mem:0.00M, Peak:0.00M | Scene, ViewLayer | Synchronizing object | Hood
Fra:1 Mem:23.12M (Peak 24.23M) | Time:00:00.03 | Mem:0.00M, Peak:0.00M | Scene, ViewLayer | Synchronizing object | Sleeve_Cuff.L
Fra:1 Mem:23.13M (Peak 24.23M) | Time:00:00.03 | Mem:0.00M, Peak:0.00M | Scene, ViewLayer | Synchronizing object | Hood_Cord.L
Fra:1 Mem:23.16M (Peak 24.23M) | Time:00:00.05 | Mem:0.00M, Peak:0.00M | Scene, ViewLayer | Synchronizing object | Palm.L
Fra:1 Mem:23.22M (Peak 24.23M) | Time:00:00.05 | Mem:0.00M, Peak:0.00M | Scene, ViewLayer | Synchronizing object | Index_Mesh.L
Fra:1 Mem:23.22M (Peak 24.23M) | Time:00:00.05 | Mem:0.00M, Peak:0.00M | Scene, ViewLayer | Synchronizing object | Middle_Mesh.L
Fra:1 Mem:23.24M (Peak 24.23M) | Time:00:00.05 | Mem:0.00M, Peak:0.00M | Scene, ViewLayer | Synchronizing object | Ring_Mesh.L
Fra:1 Mem:23.23M (Peak 24.23M) | Time:00:00.05 | Mem:0.00M, Peak:0.00M | Scene, ViewLayer | Synchronizing object | Pinky_Mesh.L
Fra:1 Mem:23.24M (Peak 24.23M) | Time:00:00.05 | Mem:0.00M, Peak:0.00M | Scene, ViewLayer | Synchronizing object | Thumb_Mesh.L
Fra:1 Mem:23.43M (Peak 24.23M) | Time:00:00.08 | Mem:0.00M, Peak:0.00M | Scene, ViewLayer | Synchronizing object | Trousers.L
Fra:1 Mem:23.68M (Peak 24.23M) | Time:00:00.08 | Mem:0.00M, Peak:0.00M | Scene, ViewLayer | Synchronizing object | Sneaker_Sole.L
Fra:1 Mem:23.70M (Peak 24.23M) | Time:00:00.08 | Mem:0.00M, Peak:0.00M | Scene, ViewLayer | Synchronizing object | Sneaker_Upper.L
Fra:1 Mem:23.73M (Peak 24.23M) | Time:00:00.08 | Mem:0.00M, Peak:0.00M | Scene, ViewLayer | Synchronizing object | Sock.L
Fra:1 Mem:23.73M (Peak 24.23M) | Time:00:00.08 | Mem:0.00M, Peak:0.00M | Scene, ViewLayer | Synchronizing object | Lace_0.L
Fra:1 Mem:23.74M (Peak 24.23M) | Time:00:00.08 | Mem:0.00M, Peak:0.00M | Scene, ViewLayer | Synchronizing object | Lace_1.L
Fra:1 Mem:23.74M (Peak 24.23M) | Time:00:00.08 | Mem:0.00M, Peak:0.00M | Scene, ViewLayer | Synchronizing object | Lace_2.L
Fra:1 Mem:23.74M (Peak 24.23M) | Time:00:00.08 | Mem:0.00M, Peak:0.00M | Scene, ViewLayer | Synchronizing object | Lace_3.L
Fra:1 Mem:23.74M (Peak 24.23M) | Time:00:00.08 | Mem:0.00M, Peak:0.00M | Scene, ViewLayer | Synchronizing object | Heel_Tab.L
Fra:1 Mem:23.75M (Peak 24.23M) | Time:00:00.08 | Mem:0.00M, Peak:0.00M | Scene, ViewLayer | Synchronizing object | Sleeve_Cuff.R
Fra:1 Mem:23.75M (Peak 24.23M) | Time:00:00.08 | Mem:0.00M, Peak:0.00M | Scene, ViewLayer | Synchronizing object | Hood_Cord.R
Fra:1 Mem:23.79M (Peak 24.23M) | Time:00:00.09 | Mem:0.00M, Peak:0.00M | Scene, ViewLayer | Synchronizing object | Palm.R
Fra:1 Mem:23.84M (Peak 24.23M) | Time:00:00.09 | Mem:0.00M, Peak:0.00M | Scene, ViewLayer | Synchronizing object | Index_Mesh.R
Fra:1 Mem:23.85M (Peak 24.23M) | Time:00:00.09 | Mem:0.00M, Peak:0.00M | Scene, ViewLayer | Synchronizing object | Middle_Mesh.R
Fra:1 Mem:23.86M (Peak 24.23M) | Time:00:00.09 | Mem:0.00M, Peak:0.00M | Scene, ViewLayer | Synchronizing object | Ring_Mesh.R
Fra:1 Mem:23.86M (Peak 24.23M) | Time:00:00.09 | Mem:0.00M, Peak:0.00M | Scene, ViewLayer | Synchronizing object | Pinky_Mesh.R
Fra:1 Mem:23.87M (Peak 24.23M) | Time:00:00.09 | Mem:0.00M, Peak:0.00M | Scene, ViewLayer | Synchronizing object | Thumb_Mesh.R
Fra:1 Mem:24.06M (Peak 24.23M) | Time:00:00.12 | Mem:0.00M, Peak:0.00M | Scene, ViewLayer | Synchronizing object | Trousers.R
Fra:1 Mem:24.33M (Peak 24.33M) | Time:00:00.12 | Mem:0.00M, Peak:0.00M | Scene, ViewLayer | Synchronizing object | Sneaker_Sole.R
Fra:1 Mem:24.35M (Peak 24.35M) | Time:00:00.12 | Mem:0.00M, Peak:0.00M | Scene, ViewLayer | Synchronizing object | Sneaker_Upper.R
Fra:1 Mem:24.46M (Peak 24.46M) | Time:00:00.12 | Mem:0.00M, Peak:0.00M | Scene, ViewLayer | Synchronizing object | Sock.R
Fra:1 Mem:24.39M (Peak 24.46M) | Time:00:00.12 | Mem:0.00M, Peak:0.00M | Scene, ViewLayer | Synchronizing object | Lace_0.R
Fra:1 Mem:24.36M (Peak 24.46M) | Time:00:00.12 | Mem:0.00M, Peak:0.00M | Scene, ViewLayer | Synchronizing object | Lace_1.R
Fra:1 Mem:24.37M (Peak 24.46M) | Time:00:00.12 | Mem:0.00M, Peak:0.00M | Scene, ViewLayer | Synchronizing object | Lace_2.R
Fra:1 Mem:24.37M (Peak 24.46M) | Time:00:00.12 | Mem:0.00M, Peak:0.00M | Scene, ViewLayer | Synchronizing object | Lace_3.R
Fra:1 Mem:24.37M (Peak 24.46M) | Time:00:00.12 | Mem:0.00M, Peak:0.00M | Scene, ViewLayer | Synchronizing object | Heel_Tab.R
Fra:1 Mem:24.95M (Peak 24.95M) | Time:00:00.16 | Mem:0.00M, Peak:0.00M | Scene, ViewLayer | Synchronizing object | Jacket_ContinuousShoulders
Fra:1 Mem:26.18M (Peak 26.18M) | Time:00:00.56 | Mem:0.00M, Peak:0.00M | Scene, ViewLayer | Synchronizing object | Face_Head
Fra:1 Mem:26.84M (Peak 26.84M) | Time:00:00.57 | Mem:0.00M, Peak:0.00M | Scene, ViewLayer | Synchronizing object | Ear.L
Fra:1 Mem:26.90M (Peak 26.90M) | Time:00:00.57 | Mem:0.00M, Peak:0.00M | Scene, ViewLayer | Synchronizing object | Ear_Fold.L
Fra:1 Mem:26.95M (Peak 26.95M) | Time:00:00.58 | Mem:0.00M, Peak:0.00M | Scene, ViewLayer | Synchronizing object | Ear.R
Fra:1 Mem:27.01M (Peak 27.01M) | Time:00:00.58 | Mem:0.00M, Peak:0.00M | Scene, ViewLayer | Synchronizing object | Ear_Fold.R
Fra:1 Mem:27.02M (Peak 27.02M) | Time:00:00.58 | Mem:0.00M, Peak:0.00M | Scene, ViewLayer | Synchronizing object | Eye_White.L
Fra:1 Mem:27.04M (Peak 27.04M) | Time:00:00.58 | Mem:0.00M, Peak:0.00M | Scene, ViewLayer | Synchronizing object | Iris_hair.L
Fra:1 Mem:27.04M (Peak 27.04M) | Time:00:00.58 | Mem:0.00M, Peak:0.00M | Scene, ViewLayer | Synchronizing object | Iris_ink.L
Fra:1 Mem:27.05M (Peak 27.05M) | Time:00:00.58 | Mem:0.00M, Peak:0.00M | Scene, ViewLayer | Synchronizing object | Eye_Glint.L
Fra:1 Mem:27.05M (Peak 27.05M) | Time:00:00.58 | Mem:0.00M, Peak:0.00M | Scene, ViewLayer | Synchronizing object | Upper_Lid.L
Fra:1 Mem:27.07M (Peak 27.07M) | Time:00:00.58 | Mem:0.00M, Peak:0.00M | Scene, ViewLayer | Synchronizing object | Lower_Lid.L
Fra:1 Mem:27.07M (Peak 27.07M) | Time:00:00.58 | Mem:0.00M, Peak:0.00M | Scene, ViewLayer | Synchronizing object | Eyebrow.L
Fra:1 Mem:27.08M (Peak 27.08M) | Time:00:00.58 | Mem:0.00M, Peak:0.00M | Scene, ViewLayer | Synchronizing object | Eye_White.R
Fra:1 Mem:27.08M (Peak 27.08M) | Time:00:00.58 | Mem:0.00M, Peak:0.00M | Scene, ViewLayer | Synchronizing object | Iris_hair.R
Fra:1 Mem:27.09M (Peak 27.09M) | Time:00:00.58 | Mem:0.00M, Peak:0.00M | Scene, ViewLayer | Synchronizing object | Iris_ink.R
Fra:1 Mem:27.11M (Peak 27.11M) | Time:00:00.58 | Mem:0.00M, Peak:0.00M | Scene, ViewLayer | Synchronizing object | Eye_Glint.R
Fra:1 Mem:27.11M (Peak 27.11M) | Time:00:00.58 | Mem:0.00M, Peak:0.00M | Scene, ViewLayer | Synchronizing object | Upper_Lid.R
Fra:1 Mem:27.12M (Peak 27.12M) | Time:00:00.58 | Mem:0.00M, Peak:0.00M | Scene, ViewLayer | Synchronizing object | Lower_Lid.R
Fra:1 Mem:27.13M (Peak 27.13M) | Time:00:00.58 | Mem:0.00M, Peak:0.00M | Scene, ViewLayer | Synchronizing object | Eyebrow.R
Fra:1 Mem:27.13M (Peak 27.13M) | Time:00:00.58 | Mem:0.00M, Peak:0.00M | Scene, ViewLayer | Synchronizing object | Mouth
Fra:1 Mem:27.15M (Peak 27.15M) | Time:00:00.58 | Mem:0.00M, Peak:0.00M | Scene, ViewLayer | Synchronizing object | Hair_Cap
Fra:1 Mem:28.73M (Peak 28.73M) | Time:00:00.64 | Mem:0.00M, Peak:0.00M | Scene, ViewLayer | Synchronizing object | Hair_CrownBase
Fra:1 Mem:28.82M (Peak 28.82M) | Time:00:00.64 | Mem:0.00M, Peak:0.00M | Scene, ViewLayer | Synchronizing object | Bangs_00
Fra:1 Mem:28.82M (Peak 28.82M) | Time:00:00.64 | Mem:0.00M, Peak:0.00M | Scene, ViewLayer | Synchronizing object | Review_Rim
Fra:1 Mem:28.83M (Peak 28.83M) | Time:00:00.64 | Mem:0.00M, Peak:0.00M | Scene, ViewLayer | Synchronizing object | Review_Fill
Fra:1 Mem:28.84M (Peak 28.84M) | Time:00:00.64 | Mem:0.00M, Peak:0.00M | Scene, ViewLayer | Synchronizing object | Review_Key
Fra:1 Mem:28.84M (Peak 28.84M) | Time:00:00.64 | Mem:0.00M, Peak:0.00M | Scene, ViewLayer | Synchronizing object | Review_Ground
Fra:1 Mem:28.85M (Peak 28.85M) | Time:00:00.64 | Mem:0.00M, Peak:0.00M | Scene, ViewLayer | Synchronizing object | Tee_Bar
Fra:1 Mem:28.86M (Peak 28.86M) | Time:00:00.64 | Mem:0.00M, Peak:0.00M | Scene, ViewLayer | Synchronizing object | Bangs_02
Fra:1 Mem:28.86M (Peak 28.86M) | Time:00:00.64 | Mem:0.00M, Peak:0.00M | Scene, ViewLayer | Synchronizing object | Tee_Dot_1.246
Fra:1 Mem:28.89M (Peak 28.89M) | Time:00:00.64 | Mem:0.00M, Peak:0.00M | Scene, ViewLayer | Synchronizing object | Tee_Dot_1.275
Fra:1 Mem:28.89M (Peak 28.89M) | Time:00:00.64 | Mem:0.00M, Peak:0.00M | Scene, ViewLayer | Synchronizing object | Bangs_03
Fra:1 Mem:28.90M (Peak 28.90M) | Time:00:00.64 | Mem:0.00M, Peak:0.00M | Scene, ViewLayer | Synchronizing object | Crown_0.R
Fra:1 Mem:28.93M (Peak 28.93M) | Time:00:00.64 | Mem:0.00M, Peak:0.00M | Scene, ViewLayer | Synchronizing object | Bangs_04
Fra:1 Mem:28.94M (Peak 28.94M) | Time:00:00.64 | Mem:0.00M, Peak:0.00M | Scene, ViewLayer | Synchronizing object | Crown_0.L
Fra:1 Mem:28.97M (Peak 28.97M) | Time:00:00.64 | Mem:0.00M, Peak:0.00M | Scene, ViewLayer | Synchronizing object | Bangs_05
Fra:1 Mem:28.99M (Peak 28.99M) | Time:00:00.64 | Mem:0.00M, Peak:0.00M | Scene, ViewLayer | Synchronizing object | Temple_2.R
Fra:1 Mem:29.01M (Peak 29.01M) | Time:00:00.64 | Mem:0.00M, Peak:0.00M | Scene, ViewLayer | Synchronizing object | Temple_0.L
Fra:1 Mem:29.03M (Peak 29.03M) | Time:00:00.64 | Mem:0.00M, Peak:0.00M | Scene, ViewLayer | Synchronizing object | Temple_1.R
Fra:1 Mem:29.05M (Peak 29.05M) | Time:00:00.64 | Mem:0.00M, Peak:0.00M | Scene, ViewLayer | Synchronizing object | Temple_1.L
Fra:1 Mem:29.07M (Peak 29.07M) | Time:00:00.64 | Mem:0.00M, Peak:0.00M | Scene, ViewLayer | Synchronizing object | Temple_0.R
Fra:1 Mem:29.09M (Peak 29.09M) | Time:00:00.64 | Mem:0.00M, Peak:0.00M | Scene, ViewLayer | Synchronizing object | Temple_2.L
Fra:1 Mem:29.11M (Peak 29.11M) | Time:00:00.64 | Mem:0.00M, Peak:0.00M | Scene, ViewLayer | Initializing
Fra:1 Mem:23.64M (Peak 29.11M) | Time:00:00.64 | Mem:0.00M, Peak:0.00M | Scene, ViewLayer | Updating Images | Loading CHR001_GreyStudy_Normal
Fra:1 Mem:31.65M (Peak 35.65M) | Time:00:00.66 | Mem:4.00M, Peak:4.00M | Scene, ViewLayer | Updating Images | Loading CHR001_GreyStudy_Surface
Fra:1 Mem:32.23M (Peak 39.66M) | Time:00:00.67 | Mem:12.00M, Peak:12.00M | Scene, ViewLayer | Waiting for render to start
Fra:1 Mem:32.23M (Peak 39.66M) | Time:00:00.67 | Mem:12.00M, Peak:12.00M | Scene, ViewLayer | Updating Scene
Fra:1 Mem:32.23M (Peak 39.66M) | Time:00:00.67 | Mem:12.00M, Peak:12.00M | Scene, ViewLayer | Updating Shaders
Fra:1 Mem:32.23M (Peak 39.66M) | Time:00:00.67 | Mem:12.00M, Peak:12.00M | Scene, ViewLayer | Loading render kernels (may take a few minutes the first time)
Fra:1 Mem:32.31M (Peak 39.66M) | Time:00:00.67 | Mem:12.00M, Peak:12.00M | Scene, ViewLayer | Updating Procedurals
Fra:1 Mem:32.31M (Peak 39.66M) | Time:00:00.67 | Mem:12.00M, Peak:12.00M | Scene, ViewLayer | Updating Background
Fra:1 Mem:32.31M (Peak 39.66M) | Time:00:00.67 | Mem:12.00M, Peak:12.00M | Scene, ViewLayer | Updating Camera
Fra:1 Mem:32.31M (Peak 39.66M) | Time:00:00.67 | Mem:12.00M, Peak:12.00M | Scene, ViewLayer | Updating Meshes Flags
Fra:1 Mem:32.31M (Peak 39.66M) | Time:00:00.67 | Mem:12.00M, Peak:12.00M | Scene, ViewLayer | Updating Objects
Fra:1 Mem:32.31M (Peak 39.66M) | Time:00:00.67 | Mem:12.00M, Peak:12.00M | Scene, ViewLayer | Updating Objects | Copying Transformations to device
Fra:1 Mem:32.33M (Peak 39.66M) | Time:00:00.67 | Mem:12.02M, Peak:12.02M | Scene, ViewLayer | Updating Particle Systems
Fra:1 Mem:32.33M (Peak 39.66M) | Time:00:00.67 | Mem:12.02M, Peak:12.02M | Scene, ViewLayer | Updating Particle Systems | Copying Particles to device
Fra:1 Mem:32.33M (Peak 39.66M) | Time:00:00.67 | Mem:12.02M, Peak:12.02M | Scene, ViewLayer | Updating Meshes
Fra:1 Mem:35.03M (Peak 39.66M) | Time:00:00.69 | Mem:12.02M, Peak:12.02M | Scene, ViewLayer | Updating Objects | Applying Static Transformations
Fra:1 Mem:35.03M (Peak 39.66M) | Time:00:00.69 | Mem:12.02M, Peak:12.02M | Scene, ViewLayer | Updating Mesh | Computing attributes
Fra:1 Mem:38.57M (Peak 39.66M) | Time:00:00.69 | Mem:12.03M, Peak:12.03M | Scene, ViewLayer | Updating Mesh | Copying Attributes to device
Fra:1 Mem:38.56M (Peak 39.66M) | Time:00:00.69 | Mem:15.55M, Peak:15.55M | Scene, ViewLayer | Updating Scene BVH | Building
Fra:1 Mem:38.56M (Peak 39.66M) | Time:00:00.69 | Mem:15.55M, Peak:15.55M | Scene, ViewLayer | Updating Scene BVH | Building BVH
Fra:1 Mem:38.56M (Peak 39.66M) | Time:00:00.70 | Mem:16.99M, Peak:16.99M | Scene, ViewLayer | Updating Scene BVH | Building BVH 0%
Fra:1 Mem:38.56M (Peak 39.66M) | Time:00:00.70 | Mem:18.55M, Peak:19.99M | Scene, ViewLayer | Updating Scene BVH | Copying BVH to device
Fra:1 Mem:38.56M (Peak 39.66M) | Time:00:00.70 | Mem:18.55M, Peak:19.99M | Scene, ViewLayer | Updating Mesh | Computing normals
Fra:1 Mem:39.83M (Peak 39.83M) | Time:00:00.70 | Mem:18.55M, Peak:19.99M | Scene, ViewLayer | Updating Mesh | Copying Mesh to device
Fra:1 Mem:39.83M (Peak 39.83M) | Time:00:00.70 | Mem:19.82M, Peak:19.99M | Scene, ViewLayer | Updating Objects Flags
Fra:1 Mem:39.83M (Peak 39.83M) | Time:00:00.70 | Mem:19.82M, Peak:19.99M | Scene, ViewLayer | Updating Primitive Offsets
Fra:1 Mem:39.83M (Peak 39.83M) | Time:00:00.70 | Mem:19.82M, Peak:19.99M | Scene, ViewLayer | Updating Images
Fra:1 Mem:39.83M (Peak 39.83M) | Time:00:00.70 | Mem:19.82M, Peak:19.99M | Scene, ViewLayer | Updating Camera Volume
Fra:1 Mem:39.83M (Peak 39.83M) | Time:00:00.70 | Mem:19.82M, Peak:19.99M | Scene, ViewLayer | Updating Lookup Tables
Fra:1 Mem:39.83M (Peak 39.83M) | Time:00:00.70 | Mem:19.91M, Peak:19.99M | Scene, ViewLayer | Updating Lights
Fra:1 Mem:39.83M (Peak 39.83M) | Time:00:00.70 | Mem:19.91M, Peak:19.99M | Scene, ViewLayer | Updating Lights | Computing tree
Fra:1 Mem:39.83M (Peak 39.83M) | Time:00:00.70 | Mem:19.91M, Peak:19.99M | Scene, ViewLayer | Updating Integrator
Fra:1 Mem:39.83M (Peak 39.83M) | Time:00:00.70 | Mem:19.91M, Peak:19.99M | Scene, ViewLayer | Updating Film
Fra:1 Mem:39.83M (Peak 39.83M) | Time:00:00.70 | Mem:19.83M, Peak:19.99M | Scene, ViewLayer | Updating Lookup Tables
Fra:1 Mem:39.83M (Peak 39.83M) | Time:00:00.70 | Mem:19.91M, Peak:19.99M | Scene, ViewLayer | Updating Baking
Fra:1 Mem:39.83M (Peak 39.83M) | Time:00:00.70 | Mem:19.91M, Peak:19.99M | Scene, ViewLayer | Updating Device | Writing constant memory
Fra:1 Mem:39.84M (Peak 39.84M) | Time:00:00.70 | Mem:19.91M, Peak:19.99M | Scene, ViewLayer | Loading denoising kernels (may take a few minutes the first time)
Fra:1 Mem:39.84M (Peak 39.84M) | Time:00:00.70 | Mem:19.91M, Peak:19.99M | Scene, ViewLayer | Sample 0/12
Fra:1 Mem:62.13M (Peak 62.13M) | Time:00:00.96 | Remaining:00:02.75 | Mem:42.19M, Peak:42.19M | Scene, ViewLayer | Sample 1/12
Fra:1 Mem:71.50M (Peak 85.57M) | Time:00:06.88 | Mem:42.19M, Peak:42.19M | Scene, ViewLayer | Sample 12/12
Fra:1 Mem:71.50M (Peak 85.57M) | Time:00:06.88 | Mem:42.19M, Peak:42.19M | Scene, ViewLayer | Finished
Saved: '/home/lzzz/MyProjects/N-SIDE/output/yao-drape-r13/before-front.png'
Time: 00:06.91 (Saving: 00:00.02)

Fra:1 Mem:22.93M (Peak 24.32M) | Time:00:00.03 | Mem:0.00M, Peak:0.00M | Scene, ViewLayer | Synchronizing object | TShirt
Fra:1 Mem:23.08M (Peak 24.32M) | Time:00:00.03 | Mem:0.00M, Peak:0.00M | Scene, ViewLayer | Synchronizing object | TShirt_Collar
Fra:1 Mem:23.11M (Peak 24.32M) | Time:00:00.03 | Mem:0.00M, Peak:0.00M | Scene, ViewLayer | Synchronizing object | Hood
Fra:1 Mem:23.21M (Peak 24.32M) | Time:00:00.03 | Mem:0.00M, Peak:0.00M | Scene, ViewLayer | Synchronizing object | Sleeve_Cuff.L
Fra:1 Mem:23.21M (Peak 24.32M) | Time:00:00.03 | Mem:0.00M, Peak:0.00M | Scene, ViewLayer | Synchronizing object | Hood_Cord.L
Fra:1 Mem:23.25M (Peak 24.32M) | Time:00:00.04 | Mem:0.00M, Peak:0.00M | Scene, ViewLayer | Synchronizing object | Palm.L
Fra:1 Mem:23.30M (Peak 24.32M) | Time:00:00.04 | Mem:0.00M, Peak:0.00M | Scene, ViewLayer | Synchronizing object | Index_Mesh.L
Fra:1 Mem:23.31M (Peak 24.32M) | Time:00:00.04 | Mem:0.00M, Peak:0.00M | Scene, ViewLayer | Synchronizing object | Middle_Mesh.L
Fra:1 Mem:23.34M (Peak 24.32M) | Time:00:00.04 | Mem:0.00M, Peak:0.00M | Scene, ViewLayer | Synchronizing object | Ring_Mesh.L
Fra:1 Mem:23.33M (Peak 24.32M) | Time:00:00.04 | Mem:0.00M, Peak:0.00M | Scene, ViewLayer | Synchronizing object | Pinky_Mesh.L
Fra:1 Mem:23.32M (Peak 24.32M) | Time:00:00.04 | Mem:0.00M, Peak:0.00M | Scene, ViewLayer | Synchronizing object | Thumb_Mesh.L
Fra:1 Mem:23.51M (Peak 24.32M) | Time:00:00.08 | Mem:0.00M, Peak:0.00M | Scene, ViewLayer | Synchronizing object | Trousers.L
Fra:1 Mem:23.77M (Peak 24.32M) | Time:00:00.08 | Mem:0.00M, Peak:0.00M | Scene, ViewLayer | Synchronizing object | Sneaker_Sole.L
Fra:1 Mem:23.78M (Peak 24.32M) | Time:00:00.08 | Mem:0.00M, Peak:0.00M | Scene, ViewLayer | Synchronizing object | Sneaker_Upper.L
Fra:1 Mem:23.80M (Peak 24.32M) | Time:00:00.08 | Mem:0.00M, Peak:0.00M | Scene, ViewLayer | Synchronizing object | Sock.L
Fra:1 Mem:23.81M (Peak 24.32M) | Time:00:00.08 | Mem:0.00M, Peak:0.00M | Scene, ViewLayer | Synchronizing object | Lace_0.L
Fra:1 Mem:23.81M (Peak 24.32M) | Time:00:00.08 | Mem:0.00M, Peak:0.00M | Scene, ViewLayer | Synchronizing object | Lace_1.L
Fra:1 Mem:23.81M (Peak 24.32M) | Time:00:00.08 | Mem:0.00M, Peak:0.00M | Scene, ViewLayer | Synchronizing object | Lace_2.L
Fra:1 Mem:23.82M (Peak 24.32M) | Time:00:00.08 | Mem:0.00M, Peak:0.00M | Scene, ViewLayer | Synchronizing object | Lace_3.L
Fra:1 Mem:23.82M (Peak 24.32M) | Time:00:00.08 | Mem:0.00M, Peak:0.00M | Scene, ViewLayer | Synchronizing object | Heel_Tab.L
Fra:1 Mem:23.82M (Peak 24.32M) | Time:00:00.08 | Mem:0.00M, Peak:0.00M | Scene, ViewLayer | Synchronizing object | Sleeve_Cuff.R
Fra:1 Mem:23.83M (Peak 24.32M) | Time:00:00.08 | Mem:0.00M, Peak:0.00M | Scene, ViewLayer | Synchronizing object | Hood_Cord.R
Fra:1 Mem:23.87M (Peak 24.32M) | Time:00:00.09 | Mem:0.00M, Peak:0.00M | Scene, ViewLayer | Synchronizing object | Palm.R
Fra:1 Mem:23.92M (Peak 24.32M) | Time:00:00.09 | Mem:0.00M, Peak:0.00M | Scene, ViewLayer | Synchronizing object | Index_Mesh.R
Fra:1 Mem:23.92M (Peak 24.32M) | Time:00:00.09 | Mem:0.00M, Peak:0.00M | Scene, ViewLayer | Synchronizing object | Middle_Mesh.R
Fra:1 Mem:23.93M (Peak 24.32M) | Time:00:00.09 | Mem:0.00M, Peak:0.00M | Scene, ViewLayer | Synchronizing object | Ring_Mesh.R
Fra:1 Mem:23.94M (Peak 24.32M) | Time:00:00.09 | Mem:0.00M, Peak:0.00M | Scene, ViewLayer | Synchronizing object | Pinky_Mesh.R
Fra:1 Mem:23.95M (Peak 24.32M) | Time:00:00.09 | Mem:0.00M, Peak:0.00M | Scene, ViewLayer | Synchronizing object | Thumb_Mesh.R
Fra:1 Mem:24.12M (Peak 24.32M) | Time:00:00.12 | Mem:0.00M, Peak:0.00M | Scene, ViewLayer | Synchronizing object | Trousers.R
Fra:1 Mem:24.40M (Peak 24.40M) | Time:00:00.12 | Mem:0.00M, Peak:0.00M | Scene, ViewLayer | Synchronizing object | Sneaker_Sole.R
Fra:1 Mem:24.41M (Peak 24.41M) | Time:00:00.12 | Mem:0.00M, Peak:0.00M | Scene, ViewLayer | Synchronizing object | Sneaker_Upper.R
Fra:1 Mem:24.52M (Peak 24.52M) | Time:00:00.12 | Mem:0.00M, Peak:0.00M | Scene, ViewLayer | Synchronizing object | Sock.R
Fra:1 Mem:24.52M (Peak 24.52M) | Time:00:00.12 | Mem:0.00M, Peak:0.00M | Scene, ViewLayer | Synchronizing object | Lace_0.R
Fra:1 Mem:24.53M (Peak 24.53M) | Time:00:00.12 | Mem:0.00M, Peak:0.00M | Scene, ViewLayer | Synchronizing object | Lace_1.R
Fra:1 Mem:24.46M (Peak 24.53M) | Time:00:00.12 | Mem:0.00M, Peak:0.00M | Scene, ViewLayer | Synchronizing object | Lace_2.R
Fra:1 Mem:24.46M (Peak 24.53M) | Time:00:00.12 | Mem:0.00M, Peak:0.00M | Scene, ViewLayer | Synchronizing object | Lace_3.R
Fra:1 Mem:24.46M (Peak 24.53M) | Time:00:00.12 | Mem:0.00M, Peak:0.00M | Scene, ViewLayer | Synchronizing object | Heel_Tab.R
Fra:1 Mem:25.01M (Peak 25.01M) | Time:00:00.16 | Mem:0.00M, Peak:0.00M | Scene, ViewLayer | Synchronizing object | Jacket_ContinuousShoulders
Fra:1 Mem:26.24M (Peak 26.24M) | Time:00:00.56 | Mem:0.00M, Peak:0.00M | Scene, ViewLayer | Synchronizing object | Face_Head
Fra:1 Mem:26.90M (Peak 26.90M) | Time:00:00.58 | Mem:0.00M, Peak:0.00M | Scene, ViewLayer | Synchronizing object | Ear.L
Fra:1 Mem:26.96M (Peak 26.96M) | Time:00:00.58 | Mem:0.00M, Peak:0.00M | Scene, ViewLayer | Synchronizing object | Ear_Fold.L
Fra:1 Mem:27.01M (Peak 27.01M) | Time:00:00.59 | Mem:0.00M, Peak:0.00M | Scene, ViewLayer | Synchronizing object | Ear.R
Fra:1 Mem:27.07M (Peak 27.07M) | Time:00:00.59 | Mem:0.00M, Peak:0.00M | Scene, ViewLayer | Synchronizing object | Ear_Fold.R
Fra:1 Mem:27.08M (Peak 27.08M) | Time:00:00.59 | Mem:0.00M, Peak:0.00M | Scene, ViewLayer | Synchronizing object | Eye_White.L
Fra:1 Mem:27.09M (Peak 27.09M) | Time:00:00.59 | Mem:0.00M, Peak:0.00M | Scene, ViewLayer | Synchronizing object | Iris_hair.L
Fra:1 Mem:27.09M (Peak 27.09M) | Time:00:00.59 | Mem:0.00M, Peak:0.00M | Scene, ViewLayer | Synchronizing object | Iris_ink.L
Fra:1 Mem:27.10M (Peak 27.10M) | Time:00:00.59 | Mem:0.00M, Peak:0.00M | Scene, ViewLayer | Synchronizing object | Eye_Glint.L
Fra:1 Mem:27.10M (Peak 27.10M) | Time:00:00.59 | Mem:0.00M, Peak:0.00M | Scene, ViewLayer | Synchronizing object | Upper_Lid.L
Fra:1 Mem:27.12M (Peak 27.12M) | Time:00:00.59 | Mem:0.00M, Peak:0.00M | Scene, ViewLayer | Synchronizing object | Lower_Lid.L
Fra:1 Mem:27.12M (Peak 27.12M) | Time:00:00.59 | Mem:0.00M, Peak:0.00M | Scene, ViewLayer | Synchronizing object | Eyebrow.L
Fra:1 Mem:27.13M (Peak 27.13M) | Time:00:00.59 | Mem:0.00M, Peak:0.00M | Scene, ViewLayer | Synchronizing object | Eye_White.R
Fra:1 Mem:27.13M (Peak 27.13M) | Time:00:00.59 | Mem:0.00M, Peak:0.00M | Scene, ViewLayer | Synchronizing object | Iris_hair.R
Fra:1 Mem:27.14M (Peak 27.14M) | Time:00:00.59 | Mem:0.00M, Peak:0.00M | Scene, ViewLayer | Synchronizing object | Iris_ink.R
Fra:1 Mem:27.15M (Peak 27.15M) | Time:00:00.59 | Mem:0.00M, Peak:0.00M | Scene, ViewLayer | Synchronizing object | Eye_Glint.R
Fra:1 Mem:27.15M (Peak 27.15M) | Time:00:00.59 | Mem:0.00M, Peak:0.00M | Scene, ViewLayer | Synchronizing object | Upper_Lid.R
Fra:1 Mem:27.17M (Peak 27.17M) | Time:00:00.59 | Mem:0.00M, Peak:0.00M | Scene, ViewLayer | Synchronizing object | Lower_Lid.R
Fra:1 Mem:27.17M (Peak 27.17M) | Time:00:00.59 | Mem:0.00M, Peak:0.00M | Scene, ViewLayer | Synchronizing object | Eyebrow.R
Fra:1 Mem:27.18M (Peak 27.18M) | Time:00:00.59 | Mem:0.00M, Peak:0.00M | Scene, ViewLayer | Synchronizing object | Mouth
Fra:1 Mem:27.19M (Peak 27.19M) | Time:00:00.59 | Mem:0.00M, Peak:0.00M | Scene, ViewLayer | Synchronizing object | Hair_Cap
Fra:1 Mem:28.76M (Peak 28.76M) | Time:00:00.65 | Mem:0.00M, Peak:0.00M | Scene, ViewLayer | Synchronizing object | Hair_CrownBase
Fra:1 Mem:28.86M (Peak 28.86M) | Time:00:00.65 | Mem:0.00M, Peak:0.00M | Scene, ViewLayer | Synchronizing object | Review_Rim
Fra:1 Mem:28.86M (Peak 28.86M) | Time:00:00.65 | Mem:0.00M, Peak:0.00M | Scene, ViewLayer | Synchronizing object | Review_Fill
Fra:1 Mem:28.86M (Peak 28.86M) | Time:00:00.65 | Mem:0.00M, Peak:0.00M | Scene, ViewLayer | Synchronizing object | Review_Key
Fra:1 Mem:28.86M (Peak 28.86M) | Time:00:00.65 | Mem:0.00M, Peak:0.00M | Scene, ViewLayer | Synchronizing object | Review_Ground
Fra:1 Mem:28.87M (Peak 28.87M) | Time:00:00.65 | Mem:0.00M, Peak:0.00M | Scene, ViewLayer | Synchronizing object | Tee_Bar
Fra:1 Mem:28.88M (Peak 28.88M) | Time:00:00.65 | Mem:0.00M, Peak:0.00M | Scene, ViewLayer | Synchronizing object | Tee_Dot_1.246
Fra:1 Mem:28.88M (Peak 28.88M) | Time:00:00.65 | Mem:0.00M, Peak:0.00M | Scene, ViewLayer | Synchronizing object | Bangs_01
Fra:1 Mem:28.89M (Peak 28.89M) | Time:00:00.65 | Mem:0.00M, Peak:0.00M | Scene, ViewLayer | Synchronizing object | Tee_Dot_1.275
Fra:1 Mem:28.90M (Peak 28.90M) | Time:00:00.65 | Mem:0.00M, Peak:0.00M | Scene, ViewLayer | Synchronizing object | Bangs_02
Fra:1 Mem:28.91M (Peak 28.91M) | Time:00:00.65 | Mem:0.00M, Peak:0.00M | Scene, ViewLayer | Synchronizing object | Crown_0.R
Fra:1 Mem:28.93M (Peak 28.93M) | Time:00:00.65 | Mem:0.00M, Peak:0.00M | Scene, ViewLayer | Synchronizing object | Bangs_03
Fra:1 Mem:28.95M (Peak 28.95M) | Time:00:00.65 | Mem:0.00M, Peak:0.00M | Scene, ViewLayer | Synchronizing object | Crown_0.L
Fra:1 Mem:28.96M (Peak 28.96M) | Time:00:00.65 | Mem:0.00M, Peak:0.00M | Scene, ViewLayer | Synchronizing object | Bangs_04
Fra:1 Mem:28.99M (Peak 28.99M) | Time:00:00.65 | Mem:0.00M, Peak:0.00M | Scene, ViewLayer | Synchronizing object | Temple_2.R
Fra:1 Mem:28.99M (Peak 28.99M) | Time:00:00.65 | Mem:0.00M, Peak:0.00M | Scene, ViewLayer | Synchronizing object | Bangs_05
Fra:1 Mem:29.03M (Peak 29.03M) | Time:00:00.65 | Mem:0.00M, Peak:0.00M | Scene, ViewLayer | Synchronizing object | Temple_1.R
Fra:1 Mem:29.03M (Peak 29.03M) | Time:00:00.65 | Mem:0.00M, Peak:0.00M | Scene, ViewLayer | Synchronizing object | Temple_0.L
Fra:1 Mem:29.07M (Peak 29.07M) | Time:00:00.65 | Mem:0.00M, Peak:0.00M | Scene, ViewLayer | Synchronizing object | Temple_1.L
Fra:1 Mem:29.08M (Peak 29.08M) | Time:00:00.65 | Mem:0.00M, Peak:0.00M | Scene, ViewLayer | Synchronizing object | Temple_0.R
Fra:1 Mem:29.08M (Peak 29.08M) | Time:00:00.65 | Mem:0.00M, Peak:0.00M | Scene, ViewLayer | Synchronizing object | Temple_2.L
Fra:1 Mem:29.11M (Peak 29.11M) | Time:00:00.65 | Mem:0.00M, Peak:0.00M | Scene, ViewLayer | Initializing
Fra:1 Mem:23.64M (Peak 29.11M) | Time:00:00.65 | Mem:0.00M, Peak:0.00M | Scene, ViewLayer | Updating Images | Loading CHR001_GreyStudy_BaseColor
Fra:1 Mem:23.64M (Peak 29.11M) | Time:00:00.65 | Mem:0.00M, Peak:0.00M | Scene, ViewLayer | Updating Images | Loading CHR001_GreyStudy_Normal
Fra:1 Mem:31.65M (Peak 35.65M) | Time:00:00.65 | Mem:4.00M, Peak:4.00M | Scene, ViewLayer | Updating Images | Loading CHR001_GreyStudy_Surface
Fra:1 Mem:32.23M (Peak 39.66M) | Time:00:00.66 | Mem:12.00M, Peak:12.00M | Scene, ViewLayer | Waiting for render to start
Fra:1 Mem:32.23M (Peak 39.66M) | Time:00:00.66 | Mem:12.00M, Peak:12.00M | Scene, ViewLayer | Updating Scene
Fra:1 Mem:32.23M (Peak 39.66M) | Time:00:00.66 | Mem:12.00M, Peak:12.00M | Scene, ViewLayer | Updating Shaders
Fra:1 Mem:32.23M (Peak 39.66M) | Time:00:00.66 | Mem:12.00M, Peak:12.00M | Scene, ViewLayer | Loading render kernels (may take a few minutes the first time)
Fra:1 Mem:32.31M (Peak 39.66M) | Time:00:00.66 | Mem:12.00M, Peak:12.00M | Scene, ViewLayer | Updating Procedurals
Fra:1 Mem:32.31M (Peak 39.66M) | Time:00:00.66 | Mem:12.00M, Peak:12.00M | Scene, ViewLayer | Updating Background
Fra:1 Mem:32.31M (Peak 39.66M) | Time:00:00.66 | Mem:12.00M, Peak:12.00M | Scene, ViewLayer | Updating Camera
Fra:1 Mem:32.31M (Peak 39.66M) | Time:00:00.66 | Mem:12.00M, Peak:12.00M | Scene, ViewLayer | Updating Meshes Flags
Fra:1 Mem:32.31M (Peak 39.66M) | Time:00:00.66 | Mem:12.00M, Peak:12.00M | Scene, ViewLayer | Updating Objects
Fra:1 Mem:32.31M (Peak 39.66M) | Time:00:00.66 | Mem:12.00M, Peak:12.00M | Scene, ViewLayer | Updating Objects | Copying Transformations to device
Fra:1 Mem:32.33M (Peak 39.66M) | Time:00:00.66 | Mem:12.02M, Peak:12.02M | Scene, ViewLayer | Updating Particle Systems
Fra:1 Mem:32.33M (Peak 39.66M) | Time:00:00.66 | Mem:12.02M, Peak:12.02M | Scene, ViewLayer | Updating Particle Systems | Copying Particles to device
Fra:1 Mem:32.33M (Peak 39.66M) | Time:00:00.66 | Mem:12.02M, Peak:12.02M | Scene, ViewLayer | Updating Meshes
Fra:1 Mem:35.03M (Peak 39.66M) | Time:00:00.68 | Mem:12.02M, Peak:12.02M | Scene, ViewLayer | Updating Objects | Applying Static Transformations
Fra:1 Mem:35.03M (Peak 39.66M) | Time:00:00.68 | Mem:12.02M, Peak:12.02M | Scene, ViewLayer | Updating Mesh | Computing attributes
Fra:1 Mem:38.57M (Peak 39.66M) | Time:00:00.68 | Mem:12.03M, Peak:12.03M | Scene, ViewLayer | Updating Mesh | Copying Attributes to device
Fra:1 Mem:38.56M (Peak 39.66M) | Time:00:00.68 | Mem:15.55M, Peak:15.55M | Scene, ViewLayer | Updating Scene BVH | Building
Fra:1 Mem:38.56M (Peak 39.66M) | Time:00:00.68 | Mem:15.55M, Peak:15.55M | Scene, ViewLayer | Updating Scene BVH | Building BVH
Fra:1 Mem:38.56M (Peak 39.66M) | Time:00:00.68 | Mem:16.99M, Peak:16.99M | Scene, ViewLayer | Updating Scene BVH | Building BVH 0%
Fra:1 Mem:38.56M (Peak 39.66M) | Time:00:00.69 | Mem:18.55M, Peak:19.99M | Scene, ViewLayer | Updating Scene BVH | Copying BVH to device
Fra:1 Mem:38.56M (Peak 39.66M) | Time:00:00.69 | Mem:18.55M, Peak:19.99M | Scene, ViewLayer | Updating Mesh | Computing normals
Fra:1 Mem:39.83M (Peak 39.83M) | Time:00:00.69 | Mem:18.55M, Peak:19.99M | Scene, ViewLayer | Updating Mesh | Copying Mesh to device
Fra:1 Mem:39.83M (Peak 39.83M) | Time:00:00.69 | Mem:19.82M, Peak:19.99M | Scene, ViewLayer | Updating Objects Flags
Fra:1 Mem:39.83M (Peak 39.83M) | Time:00:00.69 | Mem:19.82M, Peak:19.99M | Scene, ViewLayer | Updating Primitive Offsets
Fra:1 Mem:39.83M (Peak 39.83M) | Time:00:00.69 | Mem:19.82M, Peak:19.99M | Scene, ViewLayer | Updating Images
Fra:1 Mem:39.83M (Peak 39.83M) | Time:00:00.69 | Mem:19.82M, Peak:19.99M | Scene, ViewLayer | Updating Camera Volume
Fra:1 Mem:39.83M (Peak 39.83M) | Time:00:00.69 | Mem:19.82M, Peak:19.99M | Scene, ViewLayer | Updating Lookup Tables
Fra:1 Mem:39.83M (Peak 39.83M) | Time:00:00.69 | Mem:19.91M, Peak:19.99M | Scene, ViewLayer | Updating Lights
Fra:1 Mem:39.83M (Peak 39.83M) | Time:00:00.69 | Mem:19.91M, Peak:19.99M | Scene, ViewLayer | Updating Lights | Computing tree
Fra:1 Mem:39.83M (Peak 39.83M) | Time:00:00.69 | Mem:19.91M, Peak:19.99M | Scene, ViewLayer | Updating Integrator
Fra:1 Mem:39.83M (Peak 39.83M) | Time:00:00.69 | Mem:19.91M, Peak:19.99M | Scene, ViewLayer | Updating Film
Fra:1 Mem:39.83M (Peak 39.83M) | Time:00:00.69 | Mem:19.83M, Peak:19.99M | Scene, ViewLayer | Updating Lookup Tables
Fra:1 Mem:39.83M (Peak 39.83M) | Time:00:00.69 | Mem:19.91M, Peak:19.99M | Scene, ViewLayer | Updating Baking
Fra:1 Mem:39.83M (Peak 39.83M) | Time:00:00.69 | Mem:19.91M, Peak:19.99M | Scene, ViewLayer | Updating Device | Writing constant memory
Fra:1 Mem:39.84M (Peak 39.84M) | Time:00:00.69 | Mem:19.91M, Peak:19.99M | Scene, ViewLayer | Loading denoising kernels (may take a few minutes the first time)
Fra:1 Mem:39.84M (Peak 39.84M) | Time:00:00.69 | Mem:19.91M, Peak:19.99M | Scene, ViewLayer | Sample 0/12
Fra:1 Mem:62.13M (Peak 62.13M) | Time:00:00.94 | Remaining:00:02.72 | Mem:42.19M, Peak:42.19M | Scene, ViewLayer | Sample 1/12
Fra:1 Mem:71.50M (Peak 85.57M) | Time:00:06.80 | Mem:42.19M, Peak:42.19M | Scene, ViewLayer | Sample 12/12
Fra:1 Mem:71.50M (Peak 85.57M) | Time:00:06.80 | Mem:42.19M, Peak:42.19M | Scene, ViewLayer | Finished
Saved: '/home/lzzz/MyProjects/N-SIDE/output/yao-drape-r13/before-quarter.png'
Time: 00:06.83 (Saving: 00:00.02)

Fra:1 Mem:22.93M (Peak 24.32M) | Time:00:00.03 | Mem:0.00M, Peak:0.00M | Scene, ViewLayer | Synchronizing object | TShirt
Fra:1 Mem:23.08M (Peak 24.32M) | Time:00:00.04 | Mem:0.00M, Peak:0.00M | Scene, ViewLayer | Synchronizing object | TShirt_Collar
Fra:1 Mem:23.11M (Peak 24.32M) | Time:00:00.04 | Mem:0.00M, Peak:0.00M | Scene, ViewLayer | Synchronizing object | Hood
Fra:1 Mem:23.21M (Peak 24.32M) | Time:00:00.04 | Mem:0.00M, Peak:0.00M | Scene, ViewLayer | Synchronizing object | Sleeve_Cuff.L
Fra:1 Mem:23.21M (Peak 24.32M) | Time:00:00.04 | Mem:0.00M, Peak:0.00M | Scene, ViewLayer | Synchronizing object | Hood_Cord.L
Fra:1 Mem:23.25M (Peak 24.32M) | Time:00:00.05 | Mem:0.00M, Peak:0.00M | Scene, ViewLayer | Synchronizing object | Palm.L
Fra:1 Mem:23.30M (Peak 24.32M) | Time:00:00.05 | Mem:0.00M, Peak:0.00M | Scene, ViewLayer | Synchronizing object | Index_Mesh.L
Fra:1 Mem:23.31M (Peak 24.32M) | Time:00:00.05 | Mem:0.00M, Peak:0.00M | Scene, ViewLayer | Synchronizing object | Middle_Mesh.L
Fra:1 Mem:23.32M (Peak 24.32M) | Time:00:00.05 | Mem:0.00M, Peak:0.00M | Scene, ViewLayer | Synchronizing object | Ring_Mesh.L
Fra:1 Mem:23.35M (Peak 24.32M) | Time:00:00.05 | Mem:0.00M, Peak:0.00M | Scene, ViewLayer | Synchronizing object | Pinky_Mesh.L
Fra:1 Mem:23.33M (Peak 24.32M) | Time:00:00.05 | Mem:0.00M, Peak:0.00M | Scene, ViewLayer | Synchronizing object | Thumb_Mesh.L
Fra:1 Mem:23.51M (Peak 24.32M) | Time:00:00.08 | Mem:0.00M, Peak:0.00M | Scene, ViewLayer | Synchronizing object | Trousers.L
Fra:1 Mem:23.77M (Peak 24.32M) | Time:00:00.08 | Mem:0.00M, Peak:0.00M | Scene, ViewLayer | Synchronizing object | Sneaker_Sole.L
Fra:1 Mem:23.78M (Peak 24.32M) | Time:00:00.08 | Mem:0.00M, Peak:0.00M | Scene, ViewLayer | Synchronizing object | Sneaker_Upper.L
Fra:1 Mem:23.80M (Peak 24.32M) | Time:00:00.08 | Mem:0.00M, Peak:0.00M | Scene, ViewLayer | Synchronizing object | Sock.L
Fra:1 Mem:23.81M (Peak 24.32M) | Time:00:00.08 | Mem:0.00M, Peak:0.00M | Scene, ViewLayer | Synchronizing object | Lace_0.L
Fra:1 Mem:23.81M (Peak 24.32M) | Time:00:00.08 | Mem:0.00M, Peak:0.00M | Scene, ViewLayer | Synchronizing object | Lace_1.L
Fra:1 Mem:23.81M (Peak 24.32M) | Time:00:00.08 | Mem:0.00M, Peak:0.00M | Scene, ViewLayer | Synchronizing object | Lace_2.L
Fra:1 Mem:23.82M (Peak 24.32M) | Time:00:00.08 | Mem:0.00M, Peak:0.00M | Scene, ViewLayer | Synchronizing object | Lace_3.L
Fra:1 Mem:23.82M (Peak 24.32M) | Time:00:00.08 | Mem:0.00M, Peak:0.00M | Scene, ViewLayer | Synchronizing object | Heel_Tab.L
Fra:1 Mem:23.82M (Peak 24.32M) | Time:00:00.08 | Mem:0.00M, Peak:0.00M | Scene, ViewLayer | Synchronizing object | Sleeve_Cuff.R
Fra:1 Mem:23.83M (Peak 24.32M) | Time:00:00.08 | Mem:0.00M, Peak:0.00M | Scene, ViewLayer | Synchronizing object | Hood_Cord.R
Fra:1 Mem:23.87M (Peak 24.32M) | Time:00:00.10 | Mem:0.00M, Peak:0.00M | Scene, ViewLayer | Synchronizing object | Palm.R
Fra:1 Mem:23.92M (Peak 24.32M) | Time:00:00.10 | Mem:0.00M, Peak:0.00M | Scene, ViewLayer | Synchronizing object | Index_Mesh.R
Fra:1 Mem:23.92M (Peak 24.32M) | Time:00:00.10 | Mem:0.00M, Peak:0.00M | Scene, ViewLayer | Synchronizing object | Middle_Mesh.R
Fra:1 Mem:23.93M (Peak 24.32M) | Time:00:00.10 | Mem:0.00M, Peak:0.00M | Scene, ViewLayer | Synchronizing object | Ring_Mesh.R
Fra:1 Mem:23.96M (Peak 24.32M) | Time:00:00.10 | Mem:0.00M, Peak:0.00M | Scene, ViewLayer | Synchronizing object | Pinky_Mesh.R
Fra:1 Mem:23.95M (Peak 24.32M) | Time:00:00.10 | Mem:0.00M, Peak:0.00M | Scene, ViewLayer | Synchronizing object | Thumb_Mesh.R
Fra:1 Mem:24.12M (Peak 24.32M) | Time:00:00.13 | Mem:0.00M, Peak:0.00M | Scene, ViewLayer | Synchronizing object | Trousers.R
Fra:1 Mem:24.40M (Peak 24.40M) | Time:00:00.13 | Mem:0.00M, Peak:0.00M | Scene, ViewLayer | Synchronizing object | Sneaker_Sole.R
Fra:1 Mem:24.41M (Peak 24.41M) | Time:00:00.13 | Mem:0.00M, Peak:0.00M | Scene, ViewLayer | Synchronizing object | Sneaker_Upper.R
Fra:1 Mem:24.43M (Peak 24.43M) | Time:00:00.13 | Mem:0.00M, Peak:0.00M | Scene, ViewLayer | Synchronizing object | Sock.R
Fra:1 Mem:24.52M (Peak 24.52M) | Time:00:00.13 | Mem:0.00M, Peak:0.00M | Scene, ViewLayer | Synchronizing object | Lace_0.R
Fra:1 Mem:24.53M (Peak 24.53M) | Time:00:00.13 | Mem:0.00M, Peak:0.00M | Scene, ViewLayer | Synchronizing object | Lace_1.R
Fra:1 Mem:24.53M (Peak 24.53M) | Time:00:00.13 | Mem:0.00M, Peak:0.00M | Scene, ViewLayer | Synchronizing object | Lace_2.R
Fra:1 Mem:24.46M (Peak 24.53M) | Time:00:00.13 | Mem:0.00M, Peak:0.00M | Scene, ViewLayer | Synchronizing object | Lace_3.R
Fra:1 Mem:24.46M (Peak 24.53M) | Time:00:00.13 | Mem:0.00M, Peak:0.00M | Scene, ViewLayer | Synchronizing object | Heel_Tab.R
Fra:1 Mem:25.01M (Peak 25.01M) | Time:00:00.17 | Mem:0.00M, Peak:0.00M | Scene, ViewLayer | Synchronizing object | Jacket_ContinuousShoulders
Fra:1 Mem:26.24M (Peak 26.24M) | Time:00:00.57 | Mem:0.00M, Peak:0.00M | Scene, ViewLayer | Synchronizing object | Face_Head
Fra:1 Mem:26.90M (Peak 26.90M) | Time:00:00.58 | Mem:0.00M, Peak:0.00M | Scene, ViewLayer | Synchronizing object | Ear.L
Fra:1 Mem:26.96M (Peak 26.96M) | Time:00:00.58 | Mem:0.00M, Peak:0.00M | Scene, ViewLayer | Synchronizing object | Ear_Fold.L
Fra:1 Mem:27.01M (Peak 27.01M) | Time:00:00.59 | Mem:0.00M, Peak:0.00M | Scene, ViewLayer | Synchronizing object | Ear.R
Fra:1 Mem:27.07M (Peak 27.07M) | Time:00:00.59 | Mem:0.00M, Peak:0.00M | Scene, ViewLayer | Synchronizing object | Ear_Fold.R
Fra:1 Mem:27.08M (Peak 27.08M) | Time:00:00.59 | Mem:0.00M, Peak:0.00M | Scene, ViewLayer | Synchronizing object | Eye_White.L
Fra:1 Mem:27.09M (Peak 27.09M) | Time:00:00.59 | Mem:0.00M, Peak:0.00M | Scene, ViewLayer | Synchronizing object | Iris_hair.L
Fra:1 Mem:27.09M (Peak 27.09M) | Time:00:00.59 | Mem:0.00M, Peak:0.00M | Scene, ViewLayer | Synchronizing object | Iris_ink.L
Fra:1 Mem:27.10M (Peak 27.10M) | Time:00:00.59 | Mem:0.00M, Peak:0.00M | Scene, ViewLayer | Synchronizing object | Eye_Glint.L
Fra:1 Mem:27.10M (Peak 27.10M) | Time:00:00.59 | Mem:0.00M, Peak:0.00M | Scene, ViewLayer | Synchronizing object | Upper_Lid.L
Fra:1 Mem:27.12M (Peak 27.12M) | Time:00:00.59 | Mem:0.00M, Peak:0.00M | Scene, ViewLayer | Synchronizing object | Lower_Lid.L
Fra:1 Mem:27.12M (Peak 27.12M) | Time:00:00.60 | Mem:0.00M, Peak:0.00M | Scene, ViewLayer | Synchronizing object | Eyebrow.L
Fra:1 Mem:27.13M (Peak 27.13M) | Time:00:00.60 | Mem:0.00M, Peak:0.00M | Scene, ViewLayer | Synchronizing object | Eye_White.R
Fra:1 Mem:27.13M (Peak 27.13M) | Time:00:00.60 | Mem:0.00M, Peak:0.00M | Scene, ViewLayer | Synchronizing object | Iris_hair.R
Fra:1 Mem:27.14M (Peak 27.14M) | Time:00:00.60 | Mem:0.00M, Peak:0.00M | Scene, ViewLayer | Synchronizing object | Iris_ink.R
Fra:1 Mem:27.15M (Peak 27.15M) | Time:00:00.60 | Mem:0.00M, Peak:0.00M | Scene, ViewLayer | Synchronizing object | Eye_Glint.R
Fra:1 Mem:27.15M (Peak 27.15M) | Time:00:00.60 | Mem:0.00M, Peak:0.00M | Scene, ViewLayer | Synchronizing object | Upper_Lid.R
Fra:1 Mem:27.17M (Peak 27.17M) | Time:00:00.60 | Mem:0.00M, Peak:0.00M | Scene, ViewLayer | Synchronizing object | Lower_Lid.R
Fra:1 Mem:27.17M (Peak 27.17M) | Time:00:00.60 | Mem:0.00M, Peak:0.00M | Scene, ViewLayer | Synchronizing object | Eyebrow.R
Fra:1 Mem:27.18M (Peak 27.18M) | Time:00:00.60 | Mem:0.00M, Peak:0.00M | Scene, ViewLayer | Synchronizing object | Mouth
Fra:1 Mem:27.19M (Peak 27.19M) | Time:00:00.60 | Mem:0.00M, Peak:0.00M | Scene, ViewLayer | Synchronizing object | Hair_Cap
Fra:1 Mem:28.77M (Peak 28.77M) | Time:00:00.65 | Mem:0.00M, Peak:0.00M | Scene, ViewLayer | Synchronizing object | Hair_CrownBase
Fra:1 Mem:28.86M (Peak 28.86M) | Time:00:00.65 | Mem:0.00M, Peak:0.00M | Scene, ViewLayer | Synchronizing object | Review_Rim
Fra:1 Mem:28.86M (Peak 28.86M) | Time:00:00.65 | Mem:0.00M, Peak:0.00M | Scene, ViewLayer | Synchronizing object | Bangs_00
Fra:1 Mem:28.86M (Peak 28.86M) | Time:00:00.65 | Mem:0.00M, Peak:0.00M | Scene, ViewLayer | Synchronizing object | Review_Fill
Fra:1 Mem:28.87M (Peak 28.87M) | Time:00:00.65 | Mem:0.00M, Peak:0.00M | Scene, ViewLayer | Synchronizing object | Review_Key
Fra:1 Mem:28.87M (Peak 28.87M) | Time:00:00.65 | Mem:0.00M, Peak:0.00M | Scene, ViewLayer | Synchronizing object | Review_Ground
Fra:1 Mem:28.87M (Peak 28.87M) | Time:00:00.65 | Mem:0.00M, Peak:0.00M | Scene, ViewLayer | Synchronizing object | Tee_Bar
Fra:1 Mem:28.87M (Peak 28.87M) | Time:00:00.65 | Mem:0.00M, Peak:0.00M | Scene, ViewLayer | Synchronizing object | Bangs_01
Fra:1 Mem:28.88M (Peak 28.88M) | Time:00:00.65 | Mem:0.00M, Peak:0.00M | Scene, ViewLayer | Synchronizing object | Tee_Dot_1.246
Fra:1 Mem:28.90M (Peak 28.90M) | Time:00:00.65 | Mem:0.00M, Peak:0.00M | Scene, ViewLayer | Synchronizing object | Tee_Dot_1.275
Fra:1 Mem:28.90M (Peak 28.90M) | Time:00:00.65 | Mem:0.00M, Peak:0.00M | Scene, ViewLayer | Synchronizing object | Bangs_02
Fra:1 Mem:28.92M (Peak 28.92M) | Time:00:00.65 | Mem:0.00M, Peak:0.00M | Scene, ViewLayer | Synchronizing object | Crown_0.R
Fra:1 Mem:28.93M (Peak 28.93M) | Time:00:00.65 | Mem:0.00M, Peak:0.00M | Scene, ViewLayer | Synchronizing object | Bangs_03
Fra:1 Mem:28.95M (Peak 28.95M) | Time:00:00.65 | Mem:0.00M, Peak:0.00M | Scene, ViewLayer | Synchronizing object | Crown_0.L
Fra:1 Mem:28.97M (Peak 28.97M) | Time:00:00.65 | Mem:0.00M, Peak:0.00M | Scene, ViewLayer | Synchronizing object | Bangs_04
Fra:1 Mem:28.98M (Peak 28.98M) | Time:00:00.65 | Mem:0.00M, Peak:0.00M | Scene, ViewLayer | Synchronizing object | Temple_2.R
Fra:1 Mem:29.00M (Peak 29.00M) | Time:00:00.65 | Mem:0.00M, Peak:0.00M | Scene, ViewLayer | Synchronizing object | Bangs_05
Fra:1 Mem:29.02M (Peak 29.02M) | Time:00:00.65 | Mem:0.00M, Peak:0.00M | Scene, ViewLayer | Synchronizing object | Temple_1.R
Fra:1 Mem:29.04M (Peak 29.04M) | Time:00:00.65 | Mem:0.00M, Peak:0.00M | Scene, ViewLayer | Synchronizing object | Temple_0.L
Fra:1 Mem:29.05M (Peak 29.05M) | Time:00:00.65 | Mem:0.00M, Peak:0.00M | Scene, ViewLayer | Synchronizing object | Temple_0.R
Fra:1 Mem:29.07M (Peak 29.07M) | Time:00:00.65 | Mem:0.00M, Peak:0.00M | Scene, ViewLayer | Synchronizing object | Temple_1.L
Fra:1 Mem:29.09M (Peak 29.09M) | Time:00:00.65 | Mem:0.00M, Peak:0.00M | Scene, ViewLayer | Synchronizing object | Temple_2.L
Fra:1 Mem:29.11M (Peak 29.11M) | Time:00:00.65 | Mem:0.00M, Peak:0.00M | Scene, ViewLayer | Initializing
Fra:1 Mem:23.64M (Peak 29.11M) | Time:00:00.65 | Mem:0.00M, Peak:0.00M | Scene, ViewLayer | Updating Images | Loading CHR001_GreyStudy_Normal
Fra:1 Mem:35.66M (Peak 39.66M) | Time:00:00.66 | Mem:4.00M, Peak:4.00M | Scene, ViewLayer | Updating Images | Loading CHR001_GreyStudy_Surface
Fra:1 Mem:32.23M (Peak 39.66M) | Time:00:00.67 | Mem:12.00M, Peak:12.00M | Scene, ViewLayer | Waiting for render to start
Fra:1 Mem:32.23M (Peak 39.66M) | Time:00:00.67 | Mem:12.00M, Peak:12.00M | Scene, ViewLayer | Updating Scene
Fra:1 Mem:32.23M (Peak 39.66M) | Time:00:00.67 | Mem:12.00M, Peak:12.00M | Scene, ViewLayer | Updating Shaders
Fra:1 Mem:32.23M (Peak 39.66M) | Time:00:00.67 | Mem:12.00M, Peak:12.00M | Scene, ViewLayer | Loading render kernels (may take a few minutes the first time)
Fra:1 Mem:32.31M (Peak 39.66M) | Time:00:00.67 | Mem:12.00M, Peak:12.00M | Scene, ViewLayer | Updating Procedurals
Fra:1 Mem:32.31M (Peak 39.66M) | Time:00:00.67 | Mem:12.00M, Peak:12.00M | Scene, ViewLayer | Updating Background
Fra:1 Mem:32.31M (Peak 39.66M) | Time:00:00.67 | Mem:12.00M, Peak:12.00M | Scene, ViewLayer | Updating Camera
Fra:1 Mem:32.31M (Peak 39.66M) | Time:00:00.67 | Mem:12.00M, Peak:12.00M | Scene, ViewLayer | Updating Meshes Flags
Fra:1 Mem:32.31M (Peak 39.66M) | Time:00:00.67 | Mem:12.00M, Peak:12.00M | Scene, ViewLayer | Updating Objects
Fra:1 Mem:32.31M (Peak 39.66M) | Time:00:00.67 | Mem:12.00M, Peak:12.00M | Scene, ViewLayer | Updating Objects | Copying Transformations to device
Fra:1 Mem:32.33M (Peak 39.66M) | Time:00:00.67 | Mem:12.02M, Peak:12.02M | Scene, ViewLayer | Updating Particle Systems
Fra:1 Mem:32.33M (Peak 39.66M) | Time:00:00.67 | Mem:12.02M, Peak:12.02M | Scene, ViewLayer | Updating Particle Systems | Copying Particles to device
Fra:1 Mem:32.33M (Peak 39.66M) | Time:00:00.67 | Mem:12.02M, Peak:12.02M | Scene, ViewLayer | Updating Meshes
Fra:1 Mem:35.03M (Peak 39.66M) | Time:00:00.69 | Mem:12.02M, Peak:12.02M | Scene, ViewLayer | Updating Objects | Applying Static Transformations
Fra:1 Mem:35.03M (Peak 39.66M) | Time:00:00.69 | Mem:12.02M, Peak:12.02M | Scene, ViewLayer | Updating Mesh | Computing attributes
Fra:1 Mem:38.57M (Peak 39.66M) | Time:00:00.69 | Mem:12.03M, Peak:12.03M | Scene, ViewLayer | Updating Mesh | Copying Attributes to device
Fra:1 Mem:38.56M (Peak 39.66M) | Time:00:00.69 | Mem:15.55M, Peak:15.55M | Scene, ViewLayer | Updating Scene BVH | Building
Fra:1 Mem:38.56M (Peak 39.66M) | Time:00:00.69 | Mem:15.55M, Peak:15.55M | Scene, ViewLayer | Updating Scene BVH | Building BVH
Fra:1 Mem:38.56M (Peak 39.66M) | Time:00:00.69 | Mem:16.99M, Peak:16.99M | Scene, ViewLayer | Updating Scene BVH | Building BVH 0%
Fra:1 Mem:38.56M (Peak 39.66M) | Time:00:00.70 | Mem:18.55M, Peak:19.99M | Scene, ViewLayer | Updating Scene BVH | Copying BVH to device
Fra:1 Mem:38.56M (Peak 39.66M) | Time:00:00.70 | Mem:18.55M, Peak:19.99M | Scene, ViewLayer | Updating Mesh | Computing normals
Fra:1 Mem:39.83M (Peak 39.83M) | Time:00:00.70 | Mem:18.55M, Peak:19.99M | Scene, ViewLayer | Updating Mesh | Copying Mesh to device
Fra:1 Mem:39.83M (Peak 39.83M) | Time:00:00.70 | Mem:19.82M, Peak:19.99M | Scene, ViewLayer | Updating Objects Flags
Fra:1 Mem:39.83M (Peak 39.83M) | Time:00:00.70 | Mem:19.82M, Peak:19.99M | Scene, ViewLayer | Updating Primitive Offsets
Fra:1 Mem:39.83M (Peak 39.83M) | Time:00:00.70 | Mem:19.82M, Peak:19.99M | Scene, ViewLayer | Updating Images
Fra:1 Mem:39.83M (Peak 39.83M) | Time:00:00.70 | Mem:19.82M, Peak:19.99M | Scene, ViewLayer | Updating Camera Volume
Fra:1 Mem:39.83M (Peak 39.83M) | Time:00:00.70 | Mem:19.82M, Peak:19.99M | Scene, ViewLayer | Updating Lookup Tables
Fra:1 Mem:39.83M (Peak 39.83M) | Time:00:00.70 | Mem:19.91M, Peak:19.99M | Scene, ViewLayer | Updating Lights
Fra:1 Mem:39.83M (Peak 39.83M) | Time:00:00.70 | Mem:19.91M, Peak:19.99M | Scene, ViewLayer | Updating Lights | Computing tree
Fra:1 Mem:39.83M (Peak 39.83M) | Time:00:00.70 | Mem:19.91M, Peak:19.99M | Scene, ViewLayer | Updating Integrator
Fra:1 Mem:39.83M (Peak 39.83M) | Time:00:00.70 | Mem:19.91M, Peak:19.99M | Scene, ViewLayer | Updating Film
Fra:1 Mem:39.83M (Peak 39.83M) | Time:00:00.70 | Mem:19.83M, Peak:19.99M | Scene, ViewLayer | Updating Lookup Tables
Fra:1 Mem:39.83M (Peak 39.83M) | Time:00:00.70 | Mem:19.91M, Peak:19.99M | Scene, ViewLayer | Updating Baking
Fra:1 Mem:39.83M (Peak 39.83M) | Time:00:00.70 | Mem:19.91M, Peak:19.99M | Scene, ViewLayer | Updating Device | Writing constant memory
Fra:1 Mem:39.84M (Peak 39.84M) | Time:00:00.70 | Mem:19.91M, Peak:19.99M | Scene, ViewLayer | Loading denoising kernels (may take a few minutes the first time)
Fra:1 Mem:39.84M (Peak 39.84M) | Time:00:00.70 | Mem:19.91M, Peak:19.99M | Scene, ViewLayer | Sample 0/12
Fra:1 Mem:62.13M (Peak 62.13M) | Time:00:00.95 | Remaining:00:02.77 | Mem:42.19M, Peak:42.19M | Scene, ViewLayer | Sample 1/12
Fra:1 Mem:71.50M (Peak 85.57M) | Time:00:06.87 | Mem:42.19M, Peak:42.19M | Scene, ViewLayer | Sample 12/12
Fra:1 Mem:71.50M (Peak 85.57M) | Time:00:06.87 | Mem:42.19M, Peak:42.19M | Scene, ViewLayer | Finished
Saved: '/home/lzzz/MyProjects/N-SIDE/output/yao-drape-r13/before-back-quarter.png'
Time: 00:06.89 (Saving: 00:00.02)

Fra:1 Mem:22.93M (Peak 24.32M) | Time:00:00.04 | Mem:0.00M, Peak:0.00M | Scene, ViewLayer | Synchronizing object | TShirt
Fra:1 Mem:23.08M (Peak 24.32M) | Time:00:00.04 | Mem:0.00M, Peak:0.00M | Scene, ViewLayer | Synchronizing object | TShirt_Collar
Fra:1 Mem:23.11M (Peak 24.32M) | Time:00:00.04 | Mem:0.00M, Peak:0.00M | Scene, ViewLayer | Synchronizing object | Hood
Fra:1 Mem:23.21M (Peak 24.32M) | Time:00:00.04 | Mem:0.00M, Peak:0.00M | Scene, ViewLayer | Synchronizing object | Sleeve_Cuff.L
Fra:1 Mem:23.21M (Peak 24.32M) | Time:00:00.04 | Mem:0.00M, Peak:0.00M | Scene, ViewLayer | Synchronizing object | Hood_Cord.L
Fra:1 Mem:23.25M (Peak 24.32M) | Time:00:00.05 | Mem:0.00M, Peak:0.00M | Scene, ViewLayer | Synchronizing object | Palm.L
Fra:1 Mem:23.30M (Peak 24.32M) | Time:00:00.05 | Mem:0.00M, Peak:0.00M | Scene, ViewLayer | Synchronizing object | Index_Mesh.L
Fra:1 Mem:23.31M (Peak 24.32M) | Time:00:00.05 | Mem:0.00M, Peak:0.00M | Scene, ViewLayer | Synchronizing object | Middle_Mesh.L
Fra:1 Mem:23.32M (Peak 24.32M) | Time:00:00.05 | Mem:0.00M, Peak:0.00M | Scene, ViewLayer | Synchronizing object | Ring_Mesh.L
Fra:1 Mem:23.35M (Peak 24.32M) | Time:00:00.05 | Mem:0.00M, Peak:0.00M | Scene, ViewLayer | Synchronizing object | Pinky_Mesh.L
Fra:1 Mem:23.32M (Peak 24.32M) | Time:00:00.05 | Mem:0.00M, Peak:0.00M | Scene, ViewLayer | Synchronizing object | Thumb_Mesh.L
Fra:1 Mem:23.51M (Peak 24.32M) | Time:00:00.09 | Mem:0.00M, Peak:0.00M | Scene, ViewLayer | Synchronizing object | Trousers.L
Fra:1 Mem:23.77M (Peak 24.32M) | Time:00:00.09 | Mem:0.00M, Peak:0.00M | Scene, ViewLayer | Synchronizing object | Sneaker_Sole.L
Fra:1 Mem:23.78M (Peak 24.32M) | Time:00:00.09 | Mem:0.00M, Peak:0.00M | Scene, ViewLayer | Synchronizing object | Sneaker_Upper.L
Fra:1 Mem:23.80M (Peak 24.32M) | Time:00:00.09 | Mem:0.00M, Peak:0.00M | Scene, ViewLayer | Synchronizing object | Sock.L
Fra:1 Mem:23.81M (Peak 24.32M) | Time:00:00.09 | Mem:0.00M, Peak:0.00M | Scene, ViewLayer | Synchronizing object | Lace_0.L
Fra:1 Mem:23.81M (Peak 24.32M) | Time:00:00.09 | Mem:0.00M, Peak:0.00M | Scene, ViewLayer | Synchronizing object | Lace_1.L
Fra:1 Mem:23.81M (Peak 24.32M) | Time:00:00.09 | Mem:0.00M, Peak:0.00M | Scene, ViewLayer | Synchronizing object | Lace_2.L
Fra:1 Mem:23.82M (Peak 24.32M) | Time:00:00.09 | Mem:0.00M, Peak:0.00M | Scene, ViewLayer | Synchronizing object | Lace_3.L
Fra:1 Mem:23.82M (Peak 24.32M) | Time:00:00.09 | Mem:0.00M, Peak:0.00M | Scene, ViewLayer | Synchronizing object | Heel_Tab.L
Fra:1 Mem:23.82M (Peak 24.32M) | Time:00:00.09 | Mem:0.00M, Peak:0.00M | Scene, ViewLayer | Synchronizing object | Sleeve_Cuff.R
Fra:1 Mem:23.83M (Peak 24.32M) | Time:00:00.09 | Mem:0.00M, Peak:0.00M | Scene, ViewLayer | Synchronizing object | Hood_Cord.R
Fra:1 Mem:23.87M (Peak 24.32M) | Time:00:00.10 | Mem:0.00M, Peak:0.00M | Scene, ViewLayer | Synchronizing object | Palm.R
Fra:1 Mem:23.92M (Peak 24.32M) | Time:00:00.10 | Mem:0.00M, Peak:0.00M | Scene, ViewLayer | Synchronizing object | Index_Mesh.R
Fra:1 Mem:23.92M (Peak 24.32M) | Time:00:00.10 | Mem:0.00M, Peak:0.00M | Scene, ViewLayer | Synchronizing object | Middle_Mesh.R
Fra:1 Mem:23.93M (Peak 24.32M) | Time:00:00.10 | Mem:0.00M, Peak:0.00M | Scene, ViewLayer | Synchronizing object | Ring_Mesh.R
Fra:1 Mem:23.96M (Peak 24.32M) | Time:00:00.10 | Mem:0.00M, Peak:0.00M | Scene, ViewLayer | Synchronizing object | Pinky_Mesh.R
Fra:1 Mem:23.95M (Peak 24.32M) | Time:00:00.10 | Mem:0.00M, Peak:0.00M | Scene, ViewLayer | Synchronizing object | Thumb_Mesh.R
Fra:1 Mem:24.12M (Peak 24.32M) | Time:00:00.13 | Mem:0.00M, Peak:0.00M | Scene, ViewLayer | Synchronizing object | Trousers.R
Fra:1 Mem:24.40M (Peak 24.40M) | Time:00:00.13 | Mem:0.00M, Peak:0.00M | Scene, ViewLayer | Synchronizing object | Sneaker_Sole.R
Fra:1 Mem:24.41M (Peak 24.41M) | Time:00:00.13 | Mem:0.00M, Peak:0.00M | Scene, ViewLayer | Synchronizing object | Sneaker_Upper.R
Fra:1 Mem:24.43M (Peak 24.43M) | Time:00:00.13 | Mem:0.00M, Peak:0.00M | Scene, ViewLayer | Synchronizing object | Sock.R
Fra:1 Mem:24.52M (Peak 24.52M) | Time:00:00.13 | Mem:0.00M, Peak:0.00M | Scene, ViewLayer | Synchronizing object | Lace_0.R
Fra:1 Mem:24.53M (Peak 24.53M) | Time:00:00.13 | Mem:0.00M, Peak:0.00M | Scene, ViewLayer | Synchronizing object | Lace_1.R
Fra:1 Mem:24.46M (Peak 24.53M) | Time:00:00.13 | Mem:0.00M, Peak:0.00M | Scene, ViewLayer | Synchronizing object | Lace_2.R
Fra:1 Mem:24.46M (Peak 24.53M) | Time:00:00.13 | Mem:0.00M, Peak:0.00M | Scene, ViewLayer | Synchronizing object | Lace_3.R
Fra:1 Mem:24.46M (Peak 24.53M) | Time:00:00.13 | Mem:0.00M, Peak:0.00M | Scene, ViewLayer | Synchronizing object | Heel_Tab.R
Fra:1 Mem:25.01M (Peak 25.01M) | Time:00:00.17 | Mem:0.00M, Peak:0.00M | Scene, ViewLayer | Synchronizing object | Jacket_ContinuousShoulders
Fra:1 Mem:26.24M (Peak 26.24M) | Time:00:00.57 | Mem:0.00M, Peak:0.00M | Scene, ViewLayer | Synchronizing object | Face_Head
Fra:1 Mem:26.90M (Peak 26.90M) | Time:00:00.59 | Mem:0.00M, Peak:0.00M | Scene, ViewLayer | Synchronizing object | Ear.L
Fra:1 Mem:26.96M (Peak 26.96M) | Time:00:00.59 | Mem:0.00M, Peak:0.00M | Scene, ViewLayer | Synchronizing object | Ear_Fold.L
Fra:1 Mem:27.01M (Peak 27.01M) | Time:00:00.60 | Mem:0.00M, Peak:0.00M | Scene, ViewLayer | Synchronizing object | Ear.R
Fra:1 Mem:27.07M (Peak 27.07M) | Time:00:00.60 | Mem:0.00M, Peak:0.00M | Scene, ViewLayer | Synchronizing object | Ear_Fold.R
Fra:1 Mem:27.08M (Peak 27.08M) | Time:00:00.60 | Mem:0.00M, Peak:0.00M | Scene, ViewLayer | Synchronizing object | Eye_White.L
Fra:1 Mem:27.09M (Peak 27.09M) | Time:00:00.60 | Mem:0.00M, Peak:0.00M | Scene, ViewLayer | Synchronizing object | Iris_hair.L
Fra:1 Mem:27.09M (Peak 27.09M) | Time:00:00.60 | Mem:0.00M, Peak:0.00M | Scene, ViewLayer | Synchronizing object | Iris_ink.L
Fra:1 Mem:27.10M (Peak 27.10M) | Time:00:00.60 | Mem:0.00M, Peak:0.00M | Scene, ViewLayer | Synchronizing object | Eye_Glint.L
Fra:1 Mem:27.10M (Peak 27.10M) | Time:00:00.60 | Mem:0.00M, Peak:0.00M | Scene, ViewLayer | Synchronizing object | Upper_Lid.L
Fra:1 Mem:27.12M (Peak 27.12M) | Time:00:00.60 | Mem:0.00M, Peak:0.00M | Scene, ViewLayer | Synchronizing object | Lower_Lid.L
Fra:1 Mem:27.12M (Peak 27.12M) | Time:00:00.60 | Mem:0.00M, Peak:0.00M | Scene, ViewLayer | Synchronizing object | Eyebrow.L
Fra:1 Mem:27.13M (Peak 27.13M) | Time:00:00.60 | Mem:0.00M, Peak:0.00M | Scene, ViewLayer | Synchronizing object | Eye_White.R
Fra:1 Mem:27.13M (Peak 27.13M) | Time:00:00.60 | Mem:0.00M, Peak:0.00M | Scene, ViewLayer | Synchronizing object | Iris_hair.R
Fra:1 Mem:27.14M (Peak 27.14M) | Time:00:00.60 | Mem:0.00M, Peak:0.00M | Scene, ViewLayer | Synchronizing object | Iris_ink.R
Fra:1 Mem:27.15M (Peak 27.15M) | Time:00:00.60 | Mem:0.00M, Peak:0.00M | Scene, ViewLayer | Synchronizing object | Eye_Glint.R
Fra:1 Mem:27.15M (Peak 27.15M) | Time:00:00.60 | Mem:0.00M, Peak:0.00M | Scene, ViewLayer | Synchronizing object | Upper_Lid.R
Fra:1 Mem:27.17M (Peak 27.17M) | Time:00:00.60 | Mem:0.00M, Peak:0.00M | Scene, ViewLayer | Synchronizing object | Lower_Lid.R
Fra:1 Mem:27.17M (Peak 27.17M) | Time:00:00.60 | Mem:0.00M, Peak:0.00M | Scene, ViewLayer | Synchronizing object | Eyebrow.R
Fra:1 Mem:27.18M (Peak 27.18M) | Time:00:00.60 | Mem:0.00M, Peak:0.00M | Scene, ViewLayer | Synchronizing object | Mouth
Fra:1 Mem:27.19M (Peak 27.19M) | Time:00:00.60 | Mem:0.00M, Peak:0.00M | Scene, ViewLayer | Synchronizing object | Hair_Cap
Fra:1 Mem:28.77M (Peak 28.77M) | Time:00:00.66 | Mem:0.00M, Peak:0.00M | Scene, ViewLayer | Synchronizing object | Hair_CrownBase
Fra:1 Mem:28.86M (Peak 28.86M) | Time:00:00.66 | Mem:0.00M, Peak:0.00M | Scene, ViewLayer | Synchronizing object | Review_Rim
Fra:1 Mem:28.86M (Peak 28.86M) | Time:00:00.66 | Mem:0.00M, Peak:0.00M | Scene, ViewLayer | Synchronizing object | Review_Fill
Fra:1 Mem:28.86M (Peak 28.86M) | Time:00:00.66 | Mem:0.00M, Peak:0.00M | Scene, ViewLayer | Synchronizing object | Review_Key
Fra:1 Mem:28.86M (Peak 28.86M) | Time:00:00.66 | Mem:0.00M, Peak:0.00M | Scene, ViewLayer | Synchronizing object | Review_Ground
Fra:1 Mem:28.86M (Peak 28.86M) | Time:00:00.66 | Mem:0.00M, Peak:0.00M | Scene, ViewLayer | Synchronizing object | Tee_Bar
Fra:1 Mem:28.88M (Peak 28.88M) | Time:00:00.66 | Mem:0.00M, Peak:0.00M | Scene, ViewLayer | Synchronizing object | Tee_Dot_1.246
Fra:1 Mem:28.88M (Peak 28.88M) | Time:00:00.66 | Mem:0.00M, Peak:0.00M | Scene, ViewLayer | Synchronizing object | Bangs_01
Fra:1 Mem:28.89M (Peak 28.89M) | Time:00:00.66 | Mem:0.00M, Peak:0.00M | Scene, ViewLayer | Synchronizing object | Tee_Dot_1.275
Fra:1 Mem:28.91M (Peak 28.91M) | Time:00:00.66 | Mem:0.00M, Peak:0.00M | Scene, ViewLayer | Synchronizing object | Bangs_02
Fra:1 Mem:28.91M (Peak 28.91M) | Time:00:00.66 | Mem:0.00M, Peak:0.00M | Scene, ViewLayer | Synchronizing object | Crown_0.R
Fra:1 Mem:28.93M (Peak 28.93M) | Time:00:00.66 | Mem:0.00M, Peak:0.00M | Scene, ViewLayer | Synchronizing object | Bangs_03
Fra:1 Mem:28.95M (Peak 28.95M) | Time:00:00.66 | Mem:0.00M, Peak:0.00M | Scene, ViewLayer | Synchronizing object | Crown_0.L
Fra:1 Mem:28.97M (Peak 28.97M) | Time:00:00.66 | Mem:0.00M, Peak:0.00M | Scene, ViewLayer | Synchronizing object | Bangs_04
Fra:1 Mem:28.99M (Peak 28.99M) | Time:00:00.66 | Mem:0.00M, Peak:0.00M | Scene, ViewLayer | Synchronizing object | Temple_2.R
Fra:1 Mem:29.00M (Peak 29.00M) | Time:00:00.66 | Mem:0.00M, Peak:0.00M | Scene, ViewLayer | Synchronizing object | Bangs_05
Fra:1 Mem:29.02M (Peak 29.02M) | Time:00:00.66 | Mem:0.00M, Peak:0.00M | Scene, ViewLayer | Synchronizing object | Temple_1.R
Fra:1 Mem:29.04M (Peak 29.04M) | Time:00:00.66 | Mem:0.00M, Peak:0.00M | Scene, ViewLayer | Synchronizing object | Temple_0.L
Fra:1 Mem:29.06M (Peak 29.06M) | Time:00:00.66 | Mem:0.00M, Peak:0.00M | Scene, ViewLayer | Synchronizing object | Temple_0.R
Fra:1 Mem:29.06M (Peak 29.06M) | Time:00:00.66 | Mem:0.00M, Peak:0.00M | Scene, ViewLayer | Synchronizing object | Temple_1.L
Fra:1 Mem:29.09M (Peak 29.09M) | Time:00:00.66 | Mem:0.00M, Peak:0.00M | Scene, ViewLayer | Synchronizing object | Temple_2.L
Fra:1 Mem:29.11M (Peak 29.11M) | Time:00:00.66 | Mem:0.00M, Peak:0.00M | Scene, ViewLayer | Initializing
Fra:1 Mem:23.64M (Peak 29.11M) | Time:00:00.66 | Mem:0.00M, Peak:0.00M | Scene, ViewLayer | Updating Images | Loading CHR001_GreyStudy_Normal
Fra:1 Mem:31.65M (Peak 35.65M) | Time:00:00.66 | Mem:4.00M, Peak:4.00M | Scene, ViewLayer | Updating Images | Loading CHR001_GreyStudy_Surface
Fra:1 Mem:32.23M (Peak 39.66M) | Time:00:00.67 | Mem:12.00M, Peak:12.00M | Scene, ViewLayer | Waiting for render to start
Fra:1 Mem:32.23M (Peak 39.66M) | Time:00:00.67 | Mem:12.00M, Peak:12.00M | Scene, ViewLayer | Updating Scene
Fra:1 Mem:32.23M (Peak 39.66M) | Time:00:00.67 | Mem:12.00M, Peak:12.00M | Scene, ViewLayer | Updating Shaders
Fra:1 Mem:32.23M (Peak 39.66M) | Time:00:00.67 | Mem:12.00M, Peak:12.00M | Scene, ViewLayer | Loading render kernels (may take a few minutes the first time)
Fra:1 Mem:32.31M (Peak 39.66M) | Time:00:00.67 | Mem:12.00M, Peak:12.00M | Scene, ViewLayer | Updating Procedurals
Fra:1 Mem:32.31M (Peak 39.66M) | Time:00:00.67 | Mem:12.00M, Peak:12.00M | Scene, ViewLayer | Updating Background
Fra:1 Mem:32.31M (Peak 39.66M) | Time:00:00.67 | Mem:12.00M, Peak:12.00M | Scene, ViewLayer | Updating Camera
Fra:1 Mem:32.31M (Peak 39.66M) | Time:00:00.67 | Mem:12.00M, Peak:12.00M | Scene, ViewLayer | Updating Meshes Flags
Fra:1 Mem:32.31M (Peak 39.66M) | Time:00:00.67 | Mem:12.00M, Peak:12.00M | Scene, ViewLayer | Updating Objects
Fra:1 Mem:32.31M (Peak 39.66M) | Time:00:00.67 | Mem:12.00M, Peak:12.00M | Scene, ViewLayer | Updating Objects | Copying Transformations to device
Fra:1 Mem:32.33M (Peak 39.66M) | Time:00:00.67 | Mem:12.02M, Peak:12.02M | Scene, ViewLayer | Updating Particle Systems
Fra:1 Mem:32.33M (Peak 39.66M) | Time:00:00.67 | Mem:12.02M, Peak:12.02M | Scene, ViewLayer | Updating Particle Systems | Copying Particles to device
Fra:1 Mem:32.33M (Peak 39.66M) | Time:00:00.67 | Mem:12.02M, Peak:12.02M | Scene, ViewLayer | Updating Meshes
Fra:1 Mem:35.03M (Peak 39.66M) | Time:00:00.69 | Mem:12.02M, Peak:12.02M | Scene, ViewLayer | Updating Objects | Applying Static Transformations
Fra:1 Mem:35.03M (Peak 39.66M) | Time:00:00.69 | Mem:12.02M, Peak:12.02M | Scene, ViewLayer | Updating Mesh | Computing attributes
Fra:1 Mem:38.58M (Peak 39.66M) | Time:00:00.69 | Mem:12.03M, Peak:12.03M | Scene, ViewLayer | Updating Mesh | Copying Attributes to device
Fra:1 Mem:38.56M (Peak 39.66M) | Time:00:00.69 | Mem:15.55M, Peak:15.55M | Scene, ViewLayer | Updating Scene BVH | Building
Fra:1 Mem:38.56M (Peak 39.66M) | Time:00:00.69 | Mem:15.55M, Peak:15.55M | Scene, ViewLayer | Updating Scene BVH | Building BVH
Fra:1 Mem:38.56M (Peak 39.66M) | Time:00:00.69 | Mem:16.99M, Peak:16.99M | Scene, ViewLayer | Updating Scene BVH | Building BVH 0%
Fra:1 Mem:38.56M (Peak 39.66M) | Time:00:00.70 | Mem:18.55M, Peak:19.99M | Scene, ViewLayer | Updating Scene BVH | Copying BVH to device
Fra:1 Mem:38.56M (Peak 39.66M) | Time:00:00.70 | Mem:18.55M, Peak:19.99M | Scene, ViewLayer | Updating Mesh | Computing normals
Fra:1 Mem:39.83M (Peak 39.83M) | Time:00:00.70 | Mem:18.55M, Peak:19.99M | Scene, ViewLayer | Updating Mesh | Copying Mesh to device
Fra:1 Mem:39.83M (Peak 39.83M) | Time:00:00.70 | Mem:19.82M, Peak:19.99M | Scene, ViewLayer | Updating Objects Flags
Fra:1 Mem:39.83M (Peak 39.83M) | Time:00:00.70 | Mem:19.82M, Peak:19.99M | Scene, ViewLayer | Updating Primitive Offsets
Fra:1 Mem:39.83M (Peak 39.83M) | Time:00:00.70 | Mem:19.82M, Peak:19.99M | Scene, ViewLayer | Updating Images
Fra:1 Mem:39.83M (Peak 39.83M) | Time:00:00.70 | Mem:19.82M, Peak:19.99M | Scene, ViewLayer | Updating Camera Volume
Fra:1 Mem:39.83M (Peak 39.83M) | Time:00:00.70 | Mem:19.82M, Peak:19.99M | Scene, ViewLayer | Updating Lookup Tables
Fra:1 Mem:39.83M (Peak 39.83M) | Time:00:00.70 | Mem:19.91M, Peak:19.99M | Scene, ViewLayer | Updating Lights
Fra:1 Mem:39.83M (Peak 39.83M) | Time:00:00.70 | Mem:19.91M, Peak:19.99M | Scene, ViewLayer | Updating Lights | Computing tree
Fra:1 Mem:39.83M (Peak 39.83M) | Time:00:00.70 | Mem:19.91M, Peak:19.99M | Scene, ViewLayer | Updating Integrator
Fra:1 Mem:39.83M (Peak 39.83M) | Time:00:00.70 | Mem:19.91M, Peak:19.99M | Scene, ViewLayer | Updating Film
Fra:1 Mem:39.83M (Peak 39.83M) | Time:00:00.70 | Mem:19.83M, Peak:19.99M | Scene, ViewLayer | Updating Lookup Tables
Fra:1 Mem:39.83M (Peak 39.83M) | Time:00:00.70 | Mem:19.91M, Peak:19.99M | Scene, ViewLayer | Updating Baking
Fra:1 Mem:39.83M (Peak 39.83M) | Time:00:00.70 | Mem:19.91M, Peak:19.99M | Scene, ViewLayer | Updating Device | Writing constant memory
Fra:1 Mem:39.84M (Peak 39.84M) | Time:00:00.70 | Mem:19.91M, Peak:19.99M | Scene, ViewLayer | Loading denoising kernels (may take a few minutes the first time)
Fra:1 Mem:39.84M (Peak 39.84M) | Time:00:00.70 | Mem:19.91M, Peak:19.99M | Scene, ViewLayer | Sample 0/12
Fra:1 Mem:62.13M (Peak 62.13M) | Time:00:00.95 | Remaining:00:02.75 | Mem:42.19M, Peak:42.19M | Scene, ViewLayer | Sample 1/12
Fra:1 Mem:71.50M (Peak 85.57M) | Time:00:06.83 | Mem:42.19M, Peak:42.19M | Scene, ViewLayer | Sample 12/12
Fra:1 Mem:71.50M (Peak 85.57M) | Time:00:06.83 | Mem:42.19M, Peak:42.19M | Scene, ViewLayer | Finished
Saved: '/home/lzzz/MyProjects/N-SIDE/output/yao-drape-r13/before-back.png'
Time: 00:06.86 (Saving: 00:00.02)

Read blend: "/home/lzzz/MyProjects/N-SIDE/output/yao-drape-r13/candidate.blend"
Fra:1 Mem:22.92M (Peak 23.56M) | Time:00:00.03 | Mem:0.00M, Peak:0.00M | Scene, ViewLayer | Synchronizing object | TShirt
Fra:1 Mem:23.08M (Peak 23.56M) | Time:00:00.04 | Mem:0.00M, Peak:0.00M | Scene, ViewLayer | Synchronizing object | TShirt_Collar
Fra:1 Mem:23.11M (Peak 23.56M) | Time:00:00.04 | Mem:0.00M, Peak:0.00M | Scene, ViewLayer | Synchronizing object | Hood
Fra:1 Mem:23.20M (Peak 23.56M) | Time:00:00.04 | Mem:0.00M, Peak:0.00M | Scene, ViewLayer | Synchronizing object | Sleeve_Cuff.L
Fra:1 Mem:23.21M (Peak 23.56M) | Time:00:00.04 | Mem:0.00M, Peak:0.00M | Scene, ViewLayer | Synchronizing object | Hood_Cord.L
Fra:1 Mem:23.25M (Peak 23.56M) | Time:00:00.05 | Mem:0.00M, Peak:0.00M | Scene, ViewLayer | Synchronizing object | Palm.L
Fra:1 Mem:23.30M (Peak 23.56M) | Time:00:00.05 | Mem:0.00M, Peak:0.00M | Scene, ViewLayer | Synchronizing object | Index_Mesh.L
Fra:1 Mem:23.31M (Peak 23.56M) | Time:00:00.05 | Mem:0.00M, Peak:0.00M | Scene, ViewLayer | Synchronizing object | Middle_Mesh.L
Fra:1 Mem:23.34M (Peak 23.56M) | Time:00:00.05 | Mem:0.00M, Peak:0.00M | Scene, ViewLayer | Synchronizing object | Ring_Mesh.L
Fra:1 Mem:23.32M (Peak 23.56M) | Time:00:00.05 | Mem:0.00M, Peak:0.00M | Scene, ViewLayer | Synchronizing object | Pinky_Mesh.L
Fra:1 Mem:23.33M (Peak 23.56M) | Time:00:00.05 | Mem:0.00M, Peak:0.00M | Scene, ViewLayer | Synchronizing object | Thumb_Mesh.L
Fra:1 Mem:23.51M (Peak 23.56M) | Time:00:00.08 | Mem:0.00M, Peak:0.00M | Scene, ViewLayer | Synchronizing object | Trousers.L
Fra:1 Mem:23.77M (Peak 23.77M) | Time:00:00.08 | Mem:0.00M, Peak:0.00M | Scene, ViewLayer | Synchronizing object | Sneaker_Sole.L
Fra:1 Mem:23.79M (Peak 23.79M) | Time:00:00.08 | Mem:0.00M, Peak:0.00M | Scene, ViewLayer | Synchronizing object | Sneaker_Upper.L
Fra:1 Mem:23.81M (Peak 23.81M) | Time:00:00.08 | Mem:0.00M, Peak:0.00M | Scene, ViewLayer | Synchronizing object | Sock.L
Fra:1 Mem:23.82M (Peak 23.82M) | Time:00:00.08 | Mem:0.00M, Peak:0.00M | Scene, ViewLayer | Synchronizing object | Lace_0.L
Fra:1 Mem:23.82M (Peak 23.82M) | Time:00:00.08 | Mem:0.00M, Peak:0.00M | Scene, ViewLayer | Synchronizing object | Lace_1.L
Fra:1 Mem:23.82M (Peak 23.82M) | Time:00:00.08 | Mem:0.00M, Peak:0.00M | Scene, ViewLayer | Synchronizing object | Lace_2.L
Fra:1 Mem:23.83M (Peak 23.83M) | Time:00:00.08 | Mem:0.00M, Peak:0.00M | Scene, ViewLayer | Synchronizing object | Lace_3.L
Fra:1 Mem:23.83M (Peak 23.83M) | Time:00:00.08 | Mem:0.00M, Peak:0.00M | Scene, ViewLayer | Synchronizing object | Heel_Tab.L
Fra:1 Mem:23.83M (Peak 23.83M) | Time:00:00.08 | Mem:0.00M, Peak:0.00M | Scene, ViewLayer | Synchronizing object | Sleeve_Cuff.R
Fra:1 Mem:23.84M (Peak 23.84M) | Time:00:00.08 | Mem:0.00M, Peak:0.00M | Scene, ViewLayer | Synchronizing object | Hood_Cord.R
Fra:1 Mem:23.88M (Peak 23.88M) | Time:00:00.09 | Mem:0.00M, Peak:0.00M | Scene, ViewLayer | Synchronizing object | Palm.R
Fra:1 Mem:23.93M (Peak 23.93M) | Time:00:00.09 | Mem:0.00M, Peak:0.00M | Scene, ViewLayer | Synchronizing object | Index_Mesh.R
Fra:1 Mem:23.94M (Peak 23.94M) | Time:00:00.09 | Mem:0.00M, Peak:0.00M | Scene, ViewLayer | Synchronizing object | Middle_Mesh.R
Fra:1 Mem:23.94M (Peak 23.94M) | Time:00:00.09 | Mem:0.00M, Peak:0.00M | Scene, ViewLayer | Synchronizing object | Ring_Mesh.R
Fra:1 Mem:23.96M (Peak 23.96M) | Time:00:00.09 | Mem:0.00M, Peak:0.00M | Scene, ViewLayer | Synchronizing object | Pinky_Mesh.R
Fra:1 Mem:23.95M (Peak 23.96M) | Time:00:00.09 | Mem:0.00M, Peak:0.00M | Scene, ViewLayer | Synchronizing object | Thumb_Mesh.R
Fra:1 Mem:24.14M (Peak 24.14M) | Time:00:00.12 | Mem:0.00M, Peak:0.00M | Scene, ViewLayer | Synchronizing object | Trousers.R
Fra:1 Mem:24.42M (Peak 24.42M) | Time:00:00.12 | Mem:0.00M, Peak:0.00M | Scene, ViewLayer | Synchronizing object | Sneaker_Sole.R
Fra:1 Mem:24.44M (Peak 24.44M) | Time:00:00.12 | Mem:0.00M, Peak:0.00M | Scene, ViewLayer | Synchronizing object | Sneaker_Upper.R
Fra:1 Mem:24.46M (Peak 24.46M) | Time:00:00.12 | Mem:0.00M, Peak:0.00M | Scene, ViewLayer | Synchronizing object | Sock.R
Fra:1 Mem:24.46M (Peak 24.46M) | Time:00:00.12 | Mem:0.00M, Peak:0.00M | Scene, ViewLayer | Synchronizing object | Lace_0.R
Fra:1 Mem:24.57M (Peak 24.57M) | Time:00:00.12 | Mem:0.00M, Peak:0.00M | Scene, ViewLayer | Synchronizing object | Lace_1.R
Fra:1 Mem:24.57M (Peak 24.57M) | Time:00:00.12 | Mem:0.00M, Peak:0.00M | Scene, ViewLayer | Synchronizing object | Lace_2.R
Fra:1 Mem:24.58M (Peak 24.58M) | Time:00:00.12 | Mem:0.00M, Peak:0.00M | Scene, ViewLayer | Synchronizing object | Lace_3.R
Fra:1 Mem:24.50M (Peak 24.58M) | Time:00:00.12 | Mem:0.00M, Peak:0.00M | Scene, ViewLayer | Synchronizing object | Heel_Tab.R
Fra:1 Mem:25.16M (Peak 25.16M) | Time:00:00.16 | Mem:0.00M, Peak:0.00M | Scene, ViewLayer | Synchronizing object | Jacket_ContinuousShoulders
Fra:1 Mem:26.54M (Peak 26.54M) | Time:00:00.57 | Mem:0.00M, Peak:0.00M | Scene, ViewLayer | Synchronizing object | Face_Head
Fra:1 Mem:27.21M (Peak 27.21M) | Time:00:00.58 | Mem:0.00M, Peak:0.00M | Scene, ViewLayer | Synchronizing object | Ear.L
Fra:1 Mem:27.26M (Peak 27.26M) | Time:00:00.58 | Mem:0.00M, Peak:0.00M | Scene, ViewLayer | Synchronizing object | Ear_Fold.L
Fra:1 Mem:27.31M (Peak 27.31M) | Time:00:00.59 | Mem:0.00M, Peak:0.00M | Scene, ViewLayer | Synchronizing object | Ear.R
Fra:1 Mem:27.38M (Peak 27.38M) | Time:00:00.59 | Mem:0.00M, Peak:0.00M | Scene, ViewLayer | Synchronizing object | Ear_Fold.R
Fra:1 Mem:27.38M (Peak 27.38M) | Time:00:00.59 | Mem:0.00M, Peak:0.00M | Scene, ViewLayer | Synchronizing object | Eye_White.L
Fra:1 Mem:27.39M (Peak 27.39M) | Time:00:00.59 | Mem:0.00M, Peak:0.00M | Scene, ViewLayer | Synchronizing object | Iris_hair.L
Fra:1 Mem:27.40M (Peak 27.40M) | Time:00:00.59 | Mem:0.00M, Peak:0.00M | Scene, ViewLayer | Synchronizing object | Iris_ink.L
Fra:1 Mem:27.41M (Peak 27.41M) | Time:00:00.59 | Mem:0.00M, Peak:0.00M | Scene, ViewLayer | Synchronizing object | Eye_Glint.L
Fra:1 Mem:27.41M (Peak 27.41M) | Time:00:00.59 | Mem:0.00M, Peak:0.00M | Scene, ViewLayer | Synchronizing object | Upper_Lid.L
Fra:1 Mem:27.43M (Peak 27.43M) | Time:00:00.59 | Mem:0.00M, Peak:0.00M | Scene, ViewLayer | Synchronizing object | Lower_Lid.L
Fra:1 Mem:27.44M (Peak 27.44M) | Time:00:00.59 | Mem:0.00M, Peak:0.00M | Scene, ViewLayer | Synchronizing object | Eyebrow.L
Fra:1 Mem:27.44M (Peak 27.44M) | Time:00:00.59 | Mem:0.00M, Peak:0.00M | Scene, ViewLayer | Synchronizing object | Eye_White.R
Fra:1 Mem:27.45M (Peak 27.45M) | Time:00:00.59 | Mem:0.00M, Peak:0.00M | Scene, ViewLayer | Synchronizing object | Iris_hair.R
Fra:1 Mem:27.46M (Peak 27.46M) | Time:00:00.59 | Mem:0.00M, Peak:0.00M | Scene, ViewLayer | Synchronizing object | Iris_ink.R
Fra:1 Mem:27.47M (Peak 27.47M) | Time:00:00.59 | Mem:0.00M, Peak:0.00M | Scene, ViewLayer | Synchronizing object | Eye_Glint.R
Fra:1 Mem:27.47M (Peak 27.47M) | Time:00:00.59 | Mem:0.00M, Peak:0.00M | Scene, ViewLayer | Synchronizing object | Upper_Lid.R
Fra:1 Mem:27.49M (Peak 27.49M) | Time:00:00.59 | Mem:0.00M, Peak:0.00M | Scene, ViewLayer | Synchronizing object | Lower_Lid.R
Fra:1 Mem:27.49M (Peak 27.49M) | Time:00:00.59 | Mem:0.00M, Peak:0.00M | Scene, ViewLayer | Synchronizing object | Eyebrow.R
Fra:1 Mem:27.50M (Peak 27.50M) | Time:00:00.59 | Mem:0.00M, Peak:0.00M | Scene, ViewLayer | Synchronizing object | Mouth
Fra:1 Mem:27.51M (Peak 27.51M) | Time:00:00.59 | Mem:0.00M, Peak:0.00M | Scene, ViewLayer | Synchronizing object | Hair_Cap
Fra:1 Mem:29.09M (Peak 29.09M) | Time:00:00.65 | Mem:0.00M, Peak:0.00M | Scene, ViewLayer | Synchronizing object | Hair_CrownBase
Fra:1 Mem:29.20M (Peak 29.20M) | Time:00:00.65 | Mem:0.00M, Peak:0.00M | Scene, ViewLayer | Synchronizing object | Review_Rim
Fra:1 Mem:29.18M (Peak 29.20M) | Time:00:00.65 | Mem:0.00M, Peak:0.00M | Scene, ViewLayer | Synchronizing object | Bangs_00
Fra:1 Mem:29.20M (Peak 29.20M) | Time:00:00.65 | Mem:0.00M, Peak:0.00M | Scene, ViewLayer | Synchronizing object | Review_Fill
Fra:1 Mem:29.19M (Peak 29.20M) | Time:00:00.65 | Mem:0.00M, Peak:0.00M | Scene, ViewLayer | Synchronizing object | Review_Key
Fra:1 Mem:29.19M (Peak 29.20M) | Time:00:00.65 | Mem:0.00M, Peak:0.00M | Scene, ViewLayer | Synchronizing object | Review_Ground
Fra:1 Mem:29.20M (Peak 29.20M) | Time:00:00.65 | Mem:0.00M, Peak:0.00M | Scene, ViewLayer | Synchronizing object | Bangs_01
Fra:1 Mem:29.20M (Peak 29.20M) | Time:00:00.65 | Mem:0.00M, Peak:0.00M | Scene, ViewLayer | Synchronizing object | Tee_Bar
Fra:1 Mem:29.22M (Peak 29.22M) | Time:00:00.65 | Mem:0.00M, Peak:0.00M | Scene, ViewLayer | Synchronizing object | Tee_Dot_1.246
Fra:1 Mem:29.23M (Peak 29.23M) | Time:00:00.65 | Mem:0.00M, Peak:0.00M | Scene, ViewLayer | Synchronizing object | Bangs_02
Fra:1 Mem:29.24M (Peak 29.24M) | Time:00:00.65 | Mem:0.00M, Peak:0.00M | Scene, ViewLayer | Synchronizing object | Tee_Dot_1.275
Fra:1 Mem:29.25M (Peak 29.25M) | Time:00:00.65 | Mem:0.00M, Peak:0.00M | Scene, ViewLayer | Synchronizing object | Bangs_03
Fra:1 Mem:29.26M (Peak 29.26M) | Time:00:00.65 | Mem:0.00M, Peak:0.00M | Scene, ViewLayer | Synchronizing object | Crown_0.R
Fra:1 Mem:29.29M (Peak 29.29M) | Time:00:00.65 | Mem:0.00M, Peak:0.00M | Scene, ViewLayer | Synchronizing object | Bangs_04
Fra:1 Mem:29.30M (Peak 29.30M) | Time:00:00.65 | Mem:0.00M, Peak:0.00M | Scene, ViewLayer | Synchronizing object | Crown_0.L
Fra:1 Mem:29.33M (Peak 29.33M) | Time:00:00.65 | Mem:0.00M, Peak:0.00M | Scene, ViewLayer | Synchronizing object | Bangs_05
Fra:1 Mem:29.34M (Peak 29.34M) | Time:00:00.65 | Mem:0.00M, Peak:0.00M | Scene, ViewLayer | Synchronizing object | Temple_2.R
Fra:1 Mem:29.38M (Peak 29.38M) | Time:00:00.65 | Mem:0.00M, Peak:0.00M | Scene, ViewLayer | Synchronizing object | Temple_1.R
Fra:1 Mem:29.38M (Peak 29.38M) | Time:00:00.65 | Mem:0.00M, Peak:0.00M | Scene, ViewLayer | Synchronizing object | Temple_0.L
Fra:1 Mem:29.41M (Peak 29.41M) | Time:00:00.65 | Mem:0.00M, Peak:0.00M | Scene, ViewLayer | Synchronizing object | Temple_0.R
Fra:1 Mem:29.43M (Peak 29.43M) | Time:00:00.65 | Mem:0.00M, Peak:0.00M | Scene, ViewLayer | Synchronizing object | Temple_1.L
Fra:1 Mem:29.45M (Peak 29.45M) | Time:00:00.65 | Mem:0.00M, Peak:0.00M | Scene, ViewLayer | Synchronizing object | Temple_2.L
Fra:1 Mem:29.48M (Peak 29.48M) | Time:00:00.65 | Mem:0.00M, Peak:0.00M | Scene, ViewLayer | Initializing
Fra:1 Mem:23.78M (Peak 29.48M) | Time:00:00.65 | Mem:0.00M, Peak:0.00M | Scene, ViewLayer | Updating Images | Loading CHR001_GreyStudy_BaseColor
Fra:1 Mem:23.78M (Peak 29.48M) | Time:00:00.65 | Mem:0.00M, Peak:0.00M | Scene, ViewLayer | Updating Images | Loading CHR001_GreyStudy_Normal
Fra:1 Mem:31.80M (Peak 35.80M) | Time:00:00.66 | Mem:4.00M, Peak:4.00M | Scene, ViewLayer | Updating Images | Loading CHR001_GreyStudy_Surface
Fra:1 Mem:32.38M (Peak 39.81M) | Time:00:00.67 | Mem:12.00M, Peak:12.00M | Scene, ViewLayer | Waiting for render to start
Fra:1 Mem:32.38M (Peak 39.81M) | Time:00:00.67 | Mem:12.00M, Peak:12.00M | Scene, ViewLayer | Updating Scene
Fra:1 Mem:32.38M (Peak 39.81M) | Time:00:00.67 | Mem:12.00M, Peak:12.00M | Scene, ViewLayer | Updating Shaders
Fra:1 Mem:32.38M (Peak 39.81M) | Time:00:00.67 | Mem:12.00M, Peak:12.00M | Scene, ViewLayer | Loading render kernels (may take a few minutes the first time)
Fra:1 Mem:32.46M (Peak 39.81M) | Time:00:00.67 | Mem:12.00M, Peak:12.00M | Scene, ViewLayer | Updating Procedurals
Fra:1 Mem:32.46M (Peak 39.81M) | Time:00:00.67 | Mem:12.00M, Peak:12.00M | Scene, ViewLayer | Updating Background
Fra:1 Mem:32.46M (Peak 39.81M) | Time:00:00.67 | Mem:12.00M, Peak:12.00M | Scene, ViewLayer | Updating Camera
Fra:1 Mem:32.46M (Peak 39.81M) | Time:00:00.67 | Mem:12.00M, Peak:12.00M | Scene, ViewLayer | Updating Meshes Flags
Fra:1 Mem:32.46M (Peak 39.81M) | Time:00:00.67 | Mem:12.00M, Peak:12.00M | Scene, ViewLayer | Updating Objects
Fra:1 Mem:32.46M (Peak 39.81M) | Time:00:00.67 | Mem:12.00M, Peak:12.00M | Scene, ViewLayer | Updating Objects | Copying Transformations to device
Fra:1 Mem:32.48M (Peak 39.81M) | Time:00:00.67 | Mem:12.02M, Peak:12.02M | Scene, ViewLayer | Updating Particle Systems
Fra:1 Mem:32.48M (Peak 39.81M) | Time:00:00.67 | Mem:12.02M, Peak:12.02M | Scene, ViewLayer | Updating Particle Systems | Copying Particles to device
Fra:1 Mem:32.48M (Peak 39.81M) | Time:00:00.67 | Mem:12.02M, Peak:12.02M | Scene, ViewLayer | Updating Meshes
Fra:1 Mem:35.27M (Peak 39.81M) | Time:00:00.69 | Mem:12.02M, Peak:12.02M | Scene, ViewLayer | Updating Objects | Applying Static Transformations
Fra:1 Mem:35.27M (Peak 39.81M) | Time:00:00.69 | Mem:12.02M, Peak:12.02M | Scene, ViewLayer | Updating Mesh | Computing attributes
Fra:1 Mem:38.93M (Peak 39.81M) | Time:00:00.69 | Mem:12.03M, Peak:12.03M | Scene, ViewLayer | Updating Mesh | Copying Attributes to device
Fra:1 Mem:38.91M (Peak 39.81M) | Time:00:00.69 | Mem:15.66M, Peak:15.66M | Scene, ViewLayer | Updating Scene BVH | Building
Fra:1 Mem:38.92M (Peak 39.81M) | Time:00:00.69 | Mem:15.66M, Peak:15.66M | Scene, ViewLayer | Updating Scene BVH | Building BVH
Fra:1 Mem:38.92M (Peak 39.81M) | Time:00:00.69 | Mem:17.15M, Peak:17.15M | Scene, ViewLayer | Updating Scene BVH | Building BVH 0%
Fra:1 Mem:38.92M (Peak 39.81M) | Time:00:00.69 | Mem:18.77M, Peak:20.26M | Scene, ViewLayer | Updating Scene BVH | Copying BVH to device
Fra:1 Mem:38.92M (Peak 39.81M) | Time:00:00.69 | Mem:18.77M, Peak:20.26M | Scene, ViewLayer | Updating Mesh | Computing normals
Fra:1 Mem:40.23M (Peak 40.23M) | Time:00:00.69 | Mem:18.77M, Peak:20.26M | Scene, ViewLayer | Updating Mesh | Copying Mesh to device
Fra:1 Mem:40.23M (Peak 40.23M) | Time:00:00.69 | Mem:20.09M, Peak:20.26M | Scene, ViewLayer | Updating Objects Flags
Fra:1 Mem:40.23M (Peak 40.23M) | Time:00:00.69 | Mem:20.09M, Peak:20.26M | Scene, ViewLayer | Updating Primitive Offsets
Fra:1 Mem:40.23M (Peak 40.23M) | Time:00:00.69 | Mem:20.09M, Peak:20.26M | Scene, ViewLayer | Updating Images
Fra:1 Mem:40.23M (Peak 40.23M) | Time:00:00.69 | Mem:20.09M, Peak:20.26M | Scene, ViewLayer | Updating Camera Volume
Fra:1 Mem:40.23M (Peak 40.23M) | Time:00:00.69 | Mem:20.09M, Peak:20.26M | Scene, ViewLayer | Updating Lookup Tables
Fra:1 Mem:40.23M (Peak 40.23M) | Time:00:00.69 | Mem:20.17M, Peak:20.26M | Scene, ViewLayer | Updating Lights
Fra:1 Mem:40.23M (Peak 40.23M) | Time:00:00.69 | Mem:20.17M, Peak:20.26M | Scene, ViewLayer | Updating Lights | Computing tree
Fra:1 Mem:40.23M (Peak 40.23M) | Time:00:00.69 | Mem:20.17M, Peak:20.26M | Scene, ViewLayer | Updating Integrator
Fra:1 Mem:40.23M (Peak 40.23M) | Time:00:00.69 | Mem:20.17M, Peak:20.26M | Scene, ViewLayer | Updating Film
Fra:1 Mem:40.23M (Peak 40.23M) | Time:00:00.70 | Mem:20.09M, Peak:20.26M | Scene, ViewLayer | Updating Lookup Tables
Fra:1 Mem:40.23M (Peak 40.23M) | Time:00:00.70 | Mem:20.17M, Peak:20.26M | Scene, ViewLayer | Updating Baking
Fra:1 Mem:40.23M (Peak 40.23M) | Time:00:00.70 | Mem:20.17M, Peak:20.26M | Scene, ViewLayer | Updating Device | Writing constant memory
Fra:1 Mem:40.24M (Peak 40.24M) | Time:00:00.70 | Mem:20.17M, Peak:20.26M | Scene, ViewLayer | Loading denoising kernels (may take a few minutes the first time)
Fra:1 Mem:40.24M (Peak 40.24M) | Time:00:00.70 | Mem:20.17M, Peak:20.26M | Scene, ViewLayer | Sample 0/12
Fra:1 Mem:62.52M (Peak 62.52M) | Time:00:00.94 | Remaining:00:02.74 | Mem:42.45M, Peak:42.45M | Scene, ViewLayer | Sample 1/12
Fra:1 Mem:71.90M (Peak 85.97M) | Time:00:06.81 | Mem:42.45M, Peak:42.45M | Scene, ViewLayer | Sample 12/12
Fra:1 Mem:71.90M (Peak 85.97M) | Time:00:06.81 | Mem:42.45M, Peak:42.45M | Scene, ViewLayer | Finished
Saved: '/home/lzzz/MyProjects/N-SIDE/output/yao-drape-r13/candidate-front.png'
Time: 00:06.84 (Saving: 00:00.02)

Fra:1 Mem:23.01M (Peak 24.41M) | Time:00:00.03 | Mem:0.00M, Peak:0.00M | Scene, ViewLayer | Synchronizing object | TShirt
Fra:1 Mem:23.17M (Peak 24.41M) | Time:00:00.03 | Mem:0.00M, Peak:0.00M | Scene, ViewLayer | Synchronizing object | TShirt_Collar
Fra:1 Mem:23.19M (Peak 24.41M) | Time:00:00.03 | Mem:0.00M, Peak:0.00M | Scene, ViewLayer | Synchronizing object | Hood
Fra:1 Mem:23.29M (Peak 24.41M) | Time:00:00.03 | Mem:0.00M, Peak:0.00M | Scene, ViewLayer | Synchronizing object | Sleeve_Cuff.L
Fra:1 Mem:23.30M (Peak 24.41M) | Time:00:00.03 | Mem:0.00M, Peak:0.00M | Scene, ViewLayer | Synchronizing object | Hood_Cord.L
Fra:1 Mem:23.34M (Peak 24.41M) | Time:00:00.05 | Mem:0.00M, Peak:0.00M | Scene, ViewLayer | Synchronizing object | Palm.L
Fra:1 Mem:23.39M (Peak 24.41M) | Time:00:00.05 | Mem:0.00M, Peak:0.00M | Scene, ViewLayer | Synchronizing object | Index_Mesh.L
Fra:1 Mem:23.39M (Peak 24.41M) | Time:00:00.05 | Mem:0.00M, Peak:0.00M | Scene, ViewLayer | Synchronizing object | Middle_Mesh.L
Fra:1 Mem:23.40M (Peak 24.41M) | Time:00:00.05 | Mem:0.00M, Peak:0.00M | Scene, ViewLayer | Synchronizing object | Ring_Mesh.L
Fra:1 Mem:23.41M (Peak 24.41M) | Time:00:00.05 | Mem:0.00M, Peak:0.00M | Scene, ViewLayer | Synchronizing object | Pinky_Mesh.L
Fra:1 Mem:23.41M (Peak 24.41M) | Time:00:00.05 | Mem:0.00M, Peak:0.00M | Scene, ViewLayer | Synchronizing object | Thumb_Mesh.L
Fra:1 Mem:23.59M (Peak 24.41M) | Time:00:00.08 | Mem:0.00M, Peak:0.00M | Scene, ViewLayer | Synchronizing object | Trousers.L
Fra:1 Mem:23.85M (Peak 24.41M) | Time:00:00.08 | Mem:0.00M, Peak:0.00M | Scene, ViewLayer | Synchronizing object | Sneaker_Sole.L
Fra:1 Mem:23.87M (Peak 24.41M) | Time:00:00.08 | Mem:0.00M, Peak:0.00M | Scene, ViewLayer | Synchronizing object | Sneaker_Upper.L
Fra:1 Mem:23.89M (Peak 24.41M) | Time:00:00.08 | Mem:0.00M, Peak:0.00M | Scene, ViewLayer | Synchronizing object | Sock.L
Fra:1 Mem:23.89M (Peak 24.41M) | Time:00:00.08 | Mem:0.00M, Peak:0.00M | Scene, ViewLayer | Synchronizing object | Lace_0.L
Fra:1 Mem:23.90M (Peak 24.41M) | Time:00:00.08 | Mem:0.00M, Peak:0.00M | Scene, ViewLayer | Synchronizing object | Lace_1.L
Fra:1 Mem:23.90M (Peak 24.41M) | Time:00:00.08 | Mem:0.00M, Peak:0.00M | Scene, ViewLayer | Synchronizing object | Lace_2.L
Fra:1 Mem:23.90M (Peak 24.41M) | Time:00:00.08 | Mem:0.00M, Peak:0.00M | Scene, ViewLayer | Synchronizing object | Lace_3.L
Fra:1 Mem:23.90M (Peak 24.41M) | Time:00:00.08 | Mem:0.00M, Peak:0.00M | Scene, ViewLayer | Synchronizing object | Heel_Tab.L
Fra:1 Mem:23.91M (Peak 24.41M) | Time:00:00.08 | Mem:0.00M, Peak:0.00M | Scene, ViewLayer | Synchronizing object | Sleeve_Cuff.R
Fra:1 Mem:23.91M (Peak 24.41M) | Time:00:00.08 | Mem:0.00M, Peak:0.00M | Scene, ViewLayer | Synchronizing object | Hood_Cord.R
Fra:1 Mem:23.95M (Peak 24.41M) | Time:00:00.09 | Mem:0.00M, Peak:0.00M | Scene, ViewLayer | Synchronizing object | Palm.R
Fra:1 Mem:24.00M (Peak 24.41M) | Time:00:00.09 | Mem:0.00M, Peak:0.00M | Scene, ViewLayer | Synchronizing object | Index_Mesh.R
Fra:1 Mem:24.01M (Peak 24.41M) | Time:00:00.09 | Mem:0.00M, Peak:0.00M | Scene, ViewLayer | Synchronizing object | Middle_Mesh.R
Fra:1 Mem:24.04M (Peak 24.41M) | Time:00:00.09 | Mem:0.00M, Peak:0.00M | Scene, ViewLayer | Synchronizing object | Ring_Mesh.R
Fra:1 Mem:24.03M (Peak 24.41M) | Time:00:00.09 | Mem:0.00M, Peak:0.00M | Scene, ViewLayer | Synchronizing object | Pinky_Mesh.R
Fra:1 Mem:24.02M (Peak 24.41M) | Time:00:00.09 | Mem:0.00M, Peak:0.00M | Scene, ViewLayer | Synchronizing object | Thumb_Mesh.R
Fra:1 Mem:24.21M (Peak 24.41M) | Time:00:00.13 | Mem:0.00M, Peak:0.00M | Scene, ViewLayer | Synchronizing object | Trousers.R
Fra:1 Mem:24.48M (Peak 24.48M) | Time:00:00.13 | Mem:0.00M, Peak:0.00M | Scene, ViewLayer | Synchronizing object | Sneaker_Sole.R
Fra:1 Mem:24.50M (Peak 24.50M) | Time:00:00.13 | Mem:0.00M, Peak:0.00M | Scene, ViewLayer | Synchronizing object | Sneaker_Upper.R
Fra:1 Mem:24.52M (Peak 24.52M) | Time:00:00.13 | Mem:0.00M, Peak:0.00M | Scene, ViewLayer | Synchronizing object | Sock.R
Fra:1 Mem:24.53M (Peak 24.53M) | Time:00:00.13 | Mem:0.00M, Peak:0.00M | Scene, ViewLayer | Synchronizing object | Lace_0.R
Fra:1 Mem:24.63M (Peak 24.63M) | Time:00:00.13 | Mem:0.00M, Peak:0.00M | Scene, ViewLayer | Synchronizing object | Lace_1.R
Fra:1 Mem:24.63M (Peak 24.63M) | Time:00:00.13 | Mem:0.00M, Peak:0.00M | Scene, ViewLayer | Synchronizing object | Lace_2.R
Fra:1 Mem:24.55M (Peak 24.63M) | Time:00:00.13 | Mem:0.00M, Peak:0.00M | Scene, ViewLayer | Synchronizing object | Lace_3.R
Fra:1 Mem:24.56M (Peak 24.63M) | Time:00:00.13 | Mem:0.00M, Peak:0.00M | Scene, ViewLayer | Synchronizing object | Heel_Tab.R
Fra:1 Mem:25.22M (Peak 25.22M) | Time:00:00.17 | Mem:0.00M, Peak:0.00M | Scene, ViewLayer | Synchronizing object | Jacket_ContinuousShoulders
Fra:1 Mem:26.60M (Peak 26.60M) | Time:00:00.57 | Mem:0.00M, Peak:0.00M | Scene, ViewLayer | Synchronizing object | Face_Head
Fra:1 Mem:27.27M (Peak 27.27M) | Time:00:00.58 | Mem:0.00M, Peak:0.00M | Scene, ViewLayer | Synchronizing object | Ear.L
Fra:1 Mem:27.32M (Peak 27.32M) | Time:00:00.58 | Mem:0.00M, Peak:0.00M | Scene, ViewLayer | Synchronizing object | Ear_Fold.L
Fra:1 Mem:27.37M (Peak 27.37M) | Time:00:00.60 | Mem:0.00M, Peak:0.00M | Scene, ViewLayer | Synchronizing object | Ear.R
Fra:1 Mem:27.43M (Peak 27.43M) | Time:00:00.60 | Mem:0.00M, Peak:0.00M | Scene, ViewLayer | Synchronizing object | Ear_Fold.R
Fra:1 Mem:27.44M (Peak 27.44M) | Time:00:00.60 | Mem:0.00M, Peak:0.00M | Scene, ViewLayer | Synchronizing object | Eye_White.L
Fra:1 Mem:27.45M (Peak 27.45M) | Time:00:00.60 | Mem:0.00M, Peak:0.00M | Scene, ViewLayer | Synchronizing object | Iris_hair.L
Fra:1 Mem:27.46M (Peak 27.46M) | Time:00:00.60 | Mem:0.00M, Peak:0.00M | Scene, ViewLayer | Synchronizing object | Iris_ink.L
Fra:1 Mem:27.46M (Peak 27.46M) | Time:00:00.60 | Mem:0.00M, Peak:0.00M | Scene, ViewLayer | Synchronizing object | Eye_Glint.L
Fra:1 Mem:27.47M (Peak 27.47M) | Time:00:00.60 | Mem:0.00M, Peak:0.00M | Scene, ViewLayer | Synchronizing object | Upper_Lid.L
Fra:1 Mem:27.48M (Peak 27.48M) | Time:00:00.60 | Mem:0.00M, Peak:0.00M | Scene, ViewLayer | Synchronizing object | Lower_Lid.L
Fra:1 Mem:27.49M (Peak 27.49M) | Time:00:00.60 | Mem:0.00M, Peak:0.00M | Scene, ViewLayer | Synchronizing object | Eyebrow.L
Fra:1 Mem:27.49M (Peak 27.49M) | Time:00:00.60 | Mem:0.00M, Peak:0.00M | Scene, ViewLayer | Synchronizing object | Eye_White.R
Fra:1 Mem:27.50M (Peak 27.50M) | Time:00:00.60 | Mem:0.00M, Peak:0.00M | Scene, ViewLayer | Synchronizing object | Iris_hair.R
Fra:1 Mem:27.51M (Peak 27.51M) | Time:00:00.60 | Mem:0.00M, Peak:0.00M | Scene, ViewLayer | Synchronizing object | Iris_ink.R
Fra:1 Mem:27.52M (Peak 27.52M) | Time:00:00.60 | Mem:0.00M, Peak:0.00M | Scene, ViewLayer | Synchronizing object | Eye_Glint.R
Fra:1 Mem:27.52M (Peak 27.52M) | Time:00:00.60 | Mem:0.00M, Peak:0.00M | Scene, ViewLayer | Synchronizing object | Upper_Lid.R
Fra:1 Mem:27.53M (Peak 27.53M) | Time:00:00.60 | Mem:0.00M, Peak:0.00M | Scene, ViewLayer | Synchronizing object | Lower_Lid.R
Fra:1 Mem:27.54M (Peak 27.54M) | Time:00:00.60 | Mem:0.00M, Peak:0.00M | Scene, ViewLayer | Synchronizing object | Eyebrow.R
Fra:1 Mem:27.54M (Peak 27.54M) | Time:00:00.60 | Mem:0.00M, Peak:0.00M | Scene, ViewLayer | Synchronizing object | Mouth
Fra:1 Mem:27.55M (Peak 27.55M) | Time:00:00.60 | Mem:0.00M, Peak:0.00M | Scene, ViewLayer | Synchronizing object | Hair_Cap
Fra:1 Mem:29.13M (Peak 29.13M) | Time:00:00.65 | Mem:0.00M, Peak:0.00M | Scene, ViewLayer | Synchronizing object | Hair_CrownBase
Fra:1 Mem:29.23M (Peak 29.23M) | Time:00:00.65 | Mem:0.00M, Peak:0.00M | Scene, ViewLayer | Synchronizing object | Review_Rim
Fra:1 Mem:29.22M (Peak 29.23M) | Time:00:00.65 | Mem:0.00M, Peak:0.00M | Scene, ViewLayer | Synchronizing object | Bangs_00
Fra:1 Mem:29.22M (Peak 29.23M) | Time:00:00.65 | Mem:0.00M, Peak:0.00M | Scene, ViewLayer | Synchronizing object | Review_Fill
Fra:1 Mem:29.23M (Peak 29.23M) | Time:00:00.65 | Mem:0.00M, Peak:0.00M | Scene, ViewLayer | Synchronizing object | Review_Key
Fra:1 Mem:29.23M (Peak 29.23M) | Time:00:00.65 | Mem:0.00M, Peak:0.00M | Scene, ViewLayer | Synchronizing object | Review_Ground
Fra:1 Mem:29.24M (Peak 29.24M) | Time:00:00.65 | Mem:0.00M, Peak:0.00M | Scene, ViewLayer | Synchronizing object | Bangs_01
Fra:1 Mem:29.25M (Peak 29.25M) | Time:00:00.65 | Mem:0.00M, Peak:0.00M | Scene, ViewLayer | Synchronizing object | Tee_Bar
Fra:1 Mem:29.26M (Peak 29.26M) | Time:00:00.65 | Mem:0.00M, Peak:0.00M | Scene, ViewLayer | Synchronizing object | Bangs_02
Fra:1 Mem:29.27M (Peak 29.27M) | Time:00:00.65 | Mem:0.00M, Peak:0.00M | Scene, ViewLayer | Synchronizing object | Tee_Dot_1.246
Fra:1 Mem:29.28M (Peak 29.28M) | Time:00:00.65 | Mem:0.00M, Peak:0.00M | Scene, ViewLayer | Synchronizing object | Bangs_03
Fra:1 Mem:29.29M (Peak 29.29M) | Time:00:00.65 | Mem:0.00M, Peak:0.00M | Scene, ViewLayer | Synchronizing object | Tee_Dot_1.275
Fra:1 Mem:29.30M (Peak 29.30M) | Time:00:00.65 | Mem:0.00M, Peak:0.00M | Scene, ViewLayer | Synchronizing object | Bangs_04
Fra:1 Mem:29.32M (Peak 29.32M) | Time:00:00.65 | Mem:0.00M, Peak:0.00M | Scene, ViewLayer | Synchronizing object | Crown_0.R
Fra:1 Mem:29.33M (Peak 29.33M) | Time:00:00.65 | Mem:0.00M, Peak:0.00M | Scene, ViewLayer | Synchronizing object | Bangs_05
Fra:1 Mem:29.35M (Peak 29.35M) | Time:00:00.65 | Mem:0.00M, Peak:0.00M | Scene, ViewLayer | Synchronizing object | Crown_0.L
Fra:1 Mem:29.37M (Peak 29.37M) | Time:00:00.65 | Mem:0.00M, Peak:0.00M | Scene, ViewLayer | Synchronizing object | Temple_0.L
Fra:1 Mem:29.38M (Peak 29.38M) | Time:00:00.65 | Mem:0.00M, Peak:0.00M | Scene, ViewLayer | Synchronizing object | Temple_2.R
Fra:1 Mem:29.40M (Peak 29.40M) | Time:00:00.65 | Mem:0.00M, Peak:0.00M | Scene, ViewLayer | Synchronizing object | Temple_1.L
Fra:1 Mem:29.42M (Peak 29.42M) | Time:00:00.65 | Mem:0.00M, Peak:0.00M | Scene, ViewLayer | Synchronizing object | Temple_1.R
Fra:1 Mem:29.43M (Peak 29.43M) | Time:00:00.65 | Mem:0.00M, Peak:0.00M | Scene, ViewLayer | Synchronizing object | Temple_2.L
Fra:1 Mem:29.46M (Peak 29.46M) | Time:00:00.65 | Mem:0.00M, Peak:0.00M | Scene, ViewLayer | Synchronizing object | Temple_0.R
Fra:1 Mem:29.48M (Peak 29.48M) | Time:00:00.65 | Mem:0.00M, Peak:0.00M | Scene, ViewLayer | Initializing
Fra:1 Mem:23.78M (Peak 29.48M) | Time:00:00.65 | Mem:0.00M, Peak:0.00M | Scene, ViewLayer | Updating Images | Loading CHR001_GreyStudy_Normal
Fra:1 Mem:35.81M (Peak 39.81M) | Time:00:00.66 | Mem:4.00M, Peak:4.00M | Scene, ViewLayer | Updating Images | Loading CHR001_GreyStudy_Surface
Fra:1 Mem:32.38M (Peak 39.81M) | Time:00:00.67 | Mem:12.00M, Peak:12.00M | Scene, ViewLayer | Waiting for render to start
Fra:1 Mem:32.38M (Peak 39.81M) | Time:00:00.67 | Mem:12.00M, Peak:12.00M | Scene, ViewLayer | Updating Scene
Fra:1 Mem:32.38M (Peak 39.81M) | Time:00:00.67 | Mem:12.00M, Peak:12.00M | Scene, ViewLayer | Updating Shaders
Fra:1 Mem:32.38M (Peak 39.81M) | Time:00:00.67 | Mem:12.00M, Peak:12.00M | Scene, ViewLayer | Loading render kernels (may take a few minutes the first time)
Fra:1 Mem:32.46M (Peak 39.81M) | Time:00:00.67 | Mem:12.00M, Peak:12.00M | Scene, ViewLayer | Updating Procedurals
Fra:1 Mem:32.46M (Peak 39.81M) | Time:00:00.67 | Mem:12.00M, Peak:12.00M | Scene, ViewLayer | Updating Background
Fra:1 Mem:32.46M (Peak 39.81M) | Time:00:00.67 | Mem:12.00M, Peak:12.00M | Scene, ViewLayer | Updating Camera
Fra:1 Mem:32.46M (Peak 39.81M) | Time:00:00.67 | Mem:12.00M, Peak:12.00M | Scene, ViewLayer | Updating Meshes Flags
Fra:1 Mem:32.46M (Peak 39.81M) | Time:00:00.67 | Mem:12.00M, Peak:12.00M | Scene, ViewLayer | Updating Objects
Fra:1 Mem:32.46M (Peak 39.81M) | Time:00:00.67 | Mem:12.00M, Peak:12.00M | Scene, ViewLayer | Updating Objects | Copying Transformations to device
Fra:1 Mem:32.48M (Peak 39.81M) | Time:00:00.67 | Mem:12.02M, Peak:12.02M | Scene, ViewLayer | Updating Particle Systems
Fra:1 Mem:32.48M (Peak 39.81M) | Time:00:00.67 | Mem:12.02M, Peak:12.02M | Scene, ViewLayer | Updating Particle Systems | Copying Particles to device
Fra:1 Mem:32.48M (Peak 39.81M) | Time:00:00.67 | Mem:12.02M, Peak:12.02M | Scene, ViewLayer | Updating Meshes
Fra:1 Mem:35.27M (Peak 39.81M) | Time:00:00.69 | Mem:12.02M, Peak:12.02M | Scene, ViewLayer | Updating Objects | Applying Static Transformations
Fra:1 Mem:35.27M (Peak 39.81M) | Time:00:00.69 | Mem:12.02M, Peak:12.02M | Scene, ViewLayer | Updating Mesh | Computing attributes
Fra:1 Mem:38.93M (Peak 39.81M) | Time:00:00.69 | Mem:12.03M, Peak:12.03M | Scene, ViewLayer | Updating Mesh | Copying Attributes to device
Fra:1 Mem:38.91M (Peak 39.81M) | Time:00:00.69 | Mem:15.66M, Peak:15.66M | Scene, ViewLayer | Updating Scene BVH | Building
Fra:1 Mem:38.92M (Peak 39.81M) | Time:00:00.69 | Mem:15.66M, Peak:15.66M | Scene, ViewLayer | Updating Scene BVH | Building BVH
Fra:1 Mem:38.92M (Peak 39.81M) | Time:00:00.69 | Mem:17.15M, Peak:17.15M | Scene, ViewLayer | Updating Scene BVH | Building BVH 0%
Fra:1 Mem:38.92M (Peak 39.81M) | Time:00:00.70 | Mem:18.77M, Peak:20.26M | Scene, ViewLayer | Updating Scene BVH | Copying BVH to device
Fra:1 Mem:38.92M (Peak 39.81M) | Time:00:00.70 | Mem:18.77M, Peak:20.26M | Scene, ViewLayer | Updating Mesh | Computing normals
Fra:1 Mem:40.23M (Peak 40.23M) | Time:00:00.70 | Mem:18.77M, Peak:20.26M | Scene, ViewLayer | Updating Mesh | Copying Mesh to device
Fra:1 Mem:40.23M (Peak 40.23M) | Time:00:00.70 | Mem:20.09M, Peak:20.26M | Scene, ViewLayer | Updating Objects Flags
Fra:1 Mem:40.23M (Peak 40.23M) | Time:00:00.70 | Mem:20.09M, Peak:20.26M | Scene, ViewLayer | Updating Primitive Offsets
Fra:1 Mem:40.23M (Peak 40.23M) | Time:00:00.70 | Mem:20.09M, Peak:20.26M | Scene, ViewLayer | Updating Images
Fra:1 Mem:40.23M (Peak 40.23M) | Time:00:00.70 | Mem:20.09M, Peak:20.26M | Scene, ViewLayer | Updating Camera Volume
Fra:1 Mem:40.23M (Peak 40.23M) | Time:00:00.70 | Mem:20.09M, Peak:20.26M | Scene, ViewLayer | Updating Lookup Tables
Fra:1 Mem:40.23M (Peak 40.23M) | Time:00:00.70 | Mem:20.17M, Peak:20.26M | Scene, ViewLayer | Updating Lights
Fra:1 Mem:40.23M (Peak 40.23M) | Time:00:00.70 | Mem:20.17M, Peak:20.26M | Scene, ViewLayer | Updating Lights | Computing tree
Fra:1 Mem:40.23M (Peak 40.23M) | Time:00:00.70 | Mem:20.17M, Peak:20.26M | Scene, ViewLayer | Updating Integrator
Fra:1 Mem:40.23M (Peak 40.23M) | Time:00:00.70 | Mem:20.17M, Peak:20.26M | Scene, ViewLayer | Updating Film
Fra:1 Mem:40.23M (Peak 40.23M) | Time:00:00.70 | Mem:20.09M, Peak:20.26M | Scene, ViewLayer | Updating Lookup Tables
Fra:1 Mem:40.23M (Peak 40.23M) | Time:00:00.70 | Mem:20.17M, Peak:20.26M | Scene, ViewLayer | Updating Baking
Fra:1 Mem:40.23M (Peak 40.23M) | Time:00:00.70 | Mem:20.17M, Peak:20.26M | Scene, ViewLayer | Updating Device | Writing constant memory
Fra:1 Mem:40.24M (Peak 40.24M) | Time:00:00.70 | Mem:20.17M, Peak:20.26M | Scene, ViewLayer | Loading denoising kernels (may take a few minutes the first time)
Fra:1 Mem:40.24M (Peak 40.24M) | Time:00:00.70 | Mem:20.17M, Peak:20.26M | Scene, ViewLayer | Sample 0/12
Fra:1 Mem:62.53M (Peak 62.53M) | Time:00:00.94 | Remaining:00:02.71 | Mem:42.45M, Peak:42.45M | Scene, ViewLayer | Sample 1/12
Fra:1 Mem:71.90M (Peak 85.97M) | Time:00:06.84 | Mem:42.45M, Peak:42.45M | Scene, ViewLayer | Sample 12/12
Fra:1 Mem:71.90M (Peak 85.97M) | Time:00:06.84 | Mem:42.45M, Peak:42.45M | Scene, ViewLayer | Finished
Saved: '/home/lzzz/MyProjects/N-SIDE/output/yao-drape-r13/candidate-quarter.png'
Time: 00:06.87 (Saving: 00:00.02)

Fra:1 Mem:23.01M (Peak 24.41M) | Time:00:00.03 | Mem:0.00M, Peak:0.00M | Scene, ViewLayer | Synchronizing object | TShirt
Fra:1 Mem:23.17M (Peak 24.41M) | Time:00:00.04 | Mem:0.00M, Peak:0.00M | Scene, ViewLayer | Synchronizing object | TShirt_Collar
Fra:1 Mem:23.19M (Peak 24.41M) | Time:00:00.04 | Mem:0.00M, Peak:0.00M | Scene, ViewLayer | Synchronizing object | Hood
Fra:1 Mem:23.29M (Peak 24.41M) | Time:00:00.04 | Mem:0.00M, Peak:0.00M | Scene, ViewLayer | Synchronizing object | Sleeve_Cuff.L
Fra:1 Mem:23.30M (Peak 24.41M) | Time:00:00.04 | Mem:0.00M, Peak:0.00M | Scene, ViewLayer | Synchronizing object | Hood_Cord.L
Fra:1 Mem:23.34M (Peak 24.41M) | Time:00:00.05 | Mem:0.00M, Peak:0.00M | Scene, ViewLayer | Synchronizing object | Palm.L
Fra:1 Mem:23.39M (Peak 24.41M) | Time:00:00.05 | Mem:0.00M, Peak:0.00M | Scene, ViewLayer | Synchronizing object | Index_Mesh.L
Fra:1 Mem:23.39M (Peak 24.41M) | Time:00:00.05 | Mem:0.00M, Peak:0.00M | Scene, ViewLayer | Synchronizing object | Middle_Mesh.L
Fra:1 Mem:23.41M (Peak 24.41M) | Time:00:00.05 | Mem:0.00M, Peak:0.00M | Scene, ViewLayer | Synchronizing object | Ring_Mesh.L
Fra:1 Mem:23.40M (Peak 24.41M) | Time:00:00.05 | Mem:0.00M, Peak:0.00M | Scene, ViewLayer | Synchronizing object | Pinky_Mesh.L
Fra:1 Mem:23.41M (Peak 24.41M) | Time:00:00.05 | Mem:0.00M, Peak:0.00M | Scene, ViewLayer | Synchronizing object | Thumb_Mesh.L
Fra:1 Mem:23.59M (Peak 24.41M) | Time:00:00.08 | Mem:0.00M, Peak:0.00M | Scene, ViewLayer | Synchronizing object | Trousers.L
Fra:1 Mem:23.85M (Peak 24.41M) | Time:00:00.08 | Mem:0.00M, Peak:0.00M | Scene, ViewLayer | Synchronizing object | Sneaker_Sole.L
Fra:1 Mem:23.87M (Peak 24.41M) | Time:00:00.08 | Mem:0.00M, Peak:0.00M | Scene, ViewLayer | Synchronizing object | Sneaker_Upper.L
Fra:1 Mem:23.89M (Peak 24.41M) | Time:00:00.08 | Mem:0.00M, Peak:0.00M | Scene, ViewLayer | Synchronizing object | Sock.L
Fra:1 Mem:23.89M (Peak 24.41M) | Time:00:00.08 | Mem:0.00M, Peak:0.00M | Scene, ViewLayer | Synchronizing object | Lace_0.L
Fra:1 Mem:23.90M (Peak 24.41M) | Time:00:00.08 | Mem:0.00M, Peak:0.00M | Scene, ViewLayer | Synchronizing object | Lace_1.L
Fra:1 Mem:23.90M (Peak 24.41M) | Time:00:00.08 | Mem:0.00M, Peak:0.00M | Scene, ViewLayer | Synchronizing object | Lace_2.L
Fra:1 Mem:23.90M (Peak 24.41M) | Time:00:00.08 | Mem:0.00M, Peak:0.00M | Scene, ViewLayer | Synchronizing object | Lace_3.L
Fra:1 Mem:23.90M (Peak 24.41M) | Time:00:00.08 | Mem:0.00M, Peak:0.00M | Scene, ViewLayer | Synchronizing object | Heel_Tab.L
Fra:1 Mem:23.91M (Peak 24.41M) | Time:00:00.08 | Mem:0.00M, Peak:0.00M | Scene, ViewLayer | Synchronizing object | Sleeve_Cuff.R
Fra:1 Mem:23.91M (Peak 24.41M) | Time:00:00.08 | Mem:0.00M, Peak:0.00M | Scene, ViewLayer | Synchronizing object | Hood_Cord.R
Fra:1 Mem:23.95M (Peak 24.41M) | Time:00:00.10 | Mem:0.00M, Peak:0.00M | Scene, ViewLayer | Synchronizing object | Palm.R
Fra:1 Mem:24.00M (Peak 24.41M) | Time:00:00.10 | Mem:0.00M, Peak:0.00M | Scene, ViewLayer | Synchronizing object | Index_Mesh.R
Fra:1 Mem:24.01M (Peak 24.41M) | Time:00:00.10 | Mem:0.00M, Peak:0.00M | Scene, ViewLayer | Synchronizing object | Middle_Mesh.R
Fra:1 Mem:24.04M (Peak 24.41M) | Time:00:00.10 | Mem:0.00M, Peak:0.00M | Scene, ViewLayer | Synchronizing object | Ring_Mesh.R
Fra:1 Mem:24.03M (Peak 24.41M) | Time:00:00.10 | Mem:0.00M, Peak:0.00M | Scene, ViewLayer | Synchronizing object | Pinky_Mesh.R
Fra:1 Mem:24.02M (Peak 24.41M) | Time:00:00.10 | Mem:0.00M, Peak:0.00M | Scene, ViewLayer | Synchronizing object | Thumb_Mesh.R
Fra:1 Mem:24.21M (Peak 24.41M) | Time:00:00.13 | Mem:0.00M, Peak:0.00M | Scene, ViewLayer | Synchronizing object | Trousers.R
Fra:1 Mem:24.48M (Peak 24.48M) | Time:00:00.13 | Mem:0.00M, Peak:0.00M | Scene, ViewLayer | Synchronizing object | Sneaker_Sole.R
Fra:1 Mem:24.50M (Peak 24.50M) | Time:00:00.13 | Mem:0.00M, Peak:0.00M | Scene, ViewLayer | Synchronizing object | Sneaker_Upper.R
Fra:1 Mem:24.52M (Peak 24.52M) | Time:00:00.13 | Mem:0.00M, Peak:0.00M | Scene, ViewLayer | Synchronizing object | Sock.R
Fra:1 Mem:24.53M (Peak 24.53M) | Time:00:00.13 | Mem:0.00M, Peak:0.00M | Scene, ViewLayer | Synchronizing object | Lace_0.R
Fra:1 Mem:24.63M (Peak 24.63M) | Time:00:00.13 | Mem:0.00M, Peak:0.00M | Scene, ViewLayer | Synchronizing object | Lace_1.R
Fra:1 Mem:24.63M (Peak 24.63M) | Time:00:00.13 | Mem:0.00M, Peak:0.00M | Scene, ViewLayer | Synchronizing object | Lace_2.R
Fra:1 Mem:24.64M (Peak 24.64M) | Time:00:00.13 | Mem:0.00M, Peak:0.00M | Scene, ViewLayer | Synchronizing object | Lace_3.R
Fra:1 Mem:24.56M (Peak 24.64M) | Time:00:00.13 | Mem:0.00M, Peak:0.00M | Scene, ViewLayer | Synchronizing object | Heel_Tab.R
Fra:1 Mem:25.22M (Peak 25.22M) | Time:00:00.17 | Mem:0.00M, Peak:0.00M | Scene, ViewLayer | Synchronizing object | Jacket_ContinuousShoulders
Fra:1 Mem:26.60M (Peak 26.60M) | Time:00:00.58 | Mem:0.00M, Peak:0.00M | Scene, ViewLayer | Synchronizing object | Face_Head
Fra:1 Mem:27.27M (Peak 27.27M) | Time:00:00.59 | Mem:0.00M, Peak:0.00M | Scene, ViewLayer | Synchronizing object | Ear.L
Fra:1 Mem:27.32M (Peak 27.32M) | Time:00:00.59 | Mem:0.00M, Peak:0.00M | Scene, ViewLayer | Synchronizing object | Ear_Fold.L
Fra:1 Mem:27.37M (Peak 27.37M) | Time:00:00.60 | Mem:0.00M, Peak:0.00M | Scene, ViewLayer | Synchronizing object | Ear.R
Fra:1 Mem:27.44M (Peak 27.44M) | Time:00:00.60 | Mem:0.00M, Peak:0.00M | Scene, ViewLayer | Synchronizing object | Ear_Fold.R
Fra:1 Mem:27.44M (Peak 27.44M) | Time:00:00.60 | Mem:0.00M, Peak:0.00M | Scene, ViewLayer | Synchronizing object | Eye_White.L
Fra:1 Mem:27.45M (Peak 27.45M) | Time:00:00.60 | Mem:0.00M, Peak:0.00M | Scene, ViewLayer | Synchronizing object | Iris_hair.L
Fra:1 Mem:27.46M (Peak 27.46M) | Time:00:00.60 | Mem:0.00M, Peak:0.00M | Scene, ViewLayer | Synchronizing object | Iris_ink.L
Fra:1 Mem:27.46M (Peak 27.46M) | Time:00:00.60 | Mem:0.00M, Peak:0.00M | Scene, ViewLayer | Synchronizing object | Eye_Glint.L
Fra:1 Mem:27.47M (Peak 27.47M) | Time:00:00.60 | Mem:0.00M, Peak:0.00M | Scene, ViewLayer | Synchronizing object | Upper_Lid.L
Fra:1 Mem:27.48M (Peak 27.48M) | Time:00:00.60 | Mem:0.00M, Peak:0.00M | Scene, ViewLayer | Synchronizing object | Lower_Lid.L
Fra:1 Mem:27.49M (Peak 27.49M) | Time:00:00.60 | Mem:0.00M, Peak:0.00M | Scene, ViewLayer | Synchronizing object | Eyebrow.L
Fra:1 Mem:27.49M (Peak 27.49M) | Time:00:00.60 | Mem:0.00M, Peak:0.00M | Scene, ViewLayer | Synchronizing object | Eye_White.R
Fra:1 Mem:27.50M (Peak 27.50M) | Time:00:00.60 | Mem:0.00M, Peak:0.00M | Scene, ViewLayer | Synchronizing object | Iris_hair.R
Fra:1 Mem:27.51M (Peak 27.51M) | Time:00:00.60 | Mem:0.00M, Peak:0.00M | Scene, ViewLayer | Synchronizing object | Iris_ink.R
Fra:1 Mem:27.52M (Peak 27.52M) | Time:00:00.60 | Mem:0.00M, Peak:0.00M | Scene, ViewLayer | Synchronizing object | Eye_Glint.R
Fra:1 Mem:27.52M (Peak 27.52M) | Time:00:00.60 | Mem:0.00M, Peak:0.00M | Scene, ViewLayer | Synchronizing object | Upper_Lid.R
Fra:1 Mem:27.53M (Peak 27.53M) | Time:00:00.60 | Mem:0.00M, Peak:0.00M | Scene, ViewLayer | Synchronizing object | Lower_Lid.R
Fra:1 Mem:27.54M (Peak 27.54M) | Time:00:00.60 | Mem:0.00M, Peak:0.00M | Scene, ViewLayer | Synchronizing object | Eyebrow.R
Fra:1 Mem:27.54M (Peak 27.54M) | Time:00:00.60 | Mem:0.00M, Peak:0.00M | Scene, ViewLayer | Synchronizing object | Mouth
Fra:1 Mem:27.55M (Peak 27.55M) | Time:00:00.60 | Mem:0.00M, Peak:0.00M | Scene, ViewLayer | Synchronizing object | Hair_Cap
Fra:1 Mem:29.13M (Peak 29.13M) | Time:00:00.66 | Mem:0.00M, Peak:0.00M | Scene, ViewLayer | Synchronizing object | Hair_CrownBase
Fra:1 Mem:29.22M (Peak 29.22M) | Time:00:00.66 | Mem:0.00M, Peak:0.00M | Scene, ViewLayer | Synchronizing object | Review_Rim
Fra:1 Mem:29.22M (Peak 29.22M) | Time:00:00.66 | Mem:0.00M, Peak:0.00M | Scene, ViewLayer | Synchronizing object | Bangs_00
Fra:1 Mem:29.24M (Peak 29.24M) | Time:00:00.66 | Mem:0.00M, Peak:0.00M | Scene, ViewLayer | Synchronizing object | Review_Fill
Fra:1 Mem:29.24M (Peak 29.24M) | Time:00:00.66 | Mem:0.00M, Peak:0.00M | Scene, ViewLayer | Synchronizing object | Review_Key
Fra:1 Mem:29.24M (Peak 29.24M) | Time:00:00.66 | Mem:0.00M, Peak:0.00M | Scene, ViewLayer | Synchronizing object | Bangs_01
Fra:1 Mem:29.24M (Peak 29.24M) | Time:00:00.66 | Mem:0.00M, Peak:0.00M | Scene, ViewLayer | Synchronizing object | Review_Ground
Fra:1 Mem:29.26M (Peak 29.26M) | Time:00:00.66 | Mem:0.00M, Peak:0.00M | Scene, ViewLayer | Synchronizing object | Tee_Bar
Fra:1 Mem:29.26M (Peak 29.26M) | Time:00:00.66 | Mem:0.00M, Peak:0.00M | Scene, ViewLayer | Synchronizing object | Bangs_02
Fra:1 Mem:29.27M (Peak 29.27M) | Time:00:00.66 | Mem:0.00M, Peak:0.00M | Scene, ViewLayer | Synchronizing object | Tee_Dot_1.246
Fra:1 Mem:29.28M (Peak 29.28M) | Time:00:00.66 | Mem:0.00M, Peak:0.00M | Scene, ViewLayer | Synchronizing object | Bangs_03
Fra:1 Mem:29.28M (Peak 29.28M) | Time:00:00.66 | Mem:0.00M, Peak:0.00M | Scene, ViewLayer | Synchronizing object | Tee_Dot_1.275
Fra:1 Mem:29.31M (Peak 29.31M) | Time:00:00.66 | Mem:0.00M, Peak:0.00M | Scene, ViewLayer | Synchronizing object | Crown_0.R
Fra:1 Mem:29.31M (Peak 29.31M) | Time:00:00.66 | Mem:0.00M, Peak:0.00M | Scene, ViewLayer | Synchronizing object | Bangs_04
Fra:1 Mem:29.33M (Peak 29.33M) | Time:00:00.66 | Mem:0.00M, Peak:0.00M | Scene, ViewLayer | Synchronizing object | Crown_0.L
Fra:1 Mem:29.34M (Peak 29.34M) | Time:00:00.66 | Mem:0.00M, Peak:0.00M | Scene, ViewLayer | Synchronizing object | Bangs_05
Fra:1 Mem:29.37M (Peak 29.37M) | Time:00:00.66 | Mem:0.00M, Peak:0.00M | Scene, ViewLayer | Synchronizing object | Temple_2.R
Fra:1 Mem:29.37M (Peak 29.37M) | Time:00:00.66 | Mem:0.00M, Peak:0.00M | Scene, ViewLayer | Synchronizing object | Temple_0.L
Fra:1 Mem:29.41M (Peak 29.41M) | Time:00:00.66 | Mem:0.00M, Peak:0.00M | Scene, ViewLayer | Synchronizing object | Temple_1.R
Fra:1 Mem:29.41M (Peak 29.41M) | Time:00:00.66 | Mem:0.00M, Peak:0.00M | Scene, ViewLayer | Synchronizing object | Temple_1.L
Fra:1 Mem:29.44M (Peak 29.44M) | Time:00:00.66 | Mem:0.00M, Peak:0.00M | Scene, ViewLayer | Synchronizing object | Temple_0.R
Fra:1 Mem:29.44M (Peak 29.44M) | Time:00:00.66 | Mem:0.00M, Peak:0.00M | Scene, ViewLayer | Synchronizing object | Temple_2.L
Fra:1 Mem:29.48M (Peak 29.48M) | Time:00:00.66 | Mem:0.00M, Peak:0.00M | Scene, ViewLayer | Initializing
Fra:1 Mem:23.79M (Peak 29.48M) | Time:00:00.66 | Mem:0.00M, Peak:0.00M | Scene, ViewLayer | Updating Images | Loading CHR001_GreyStudy_Normal
Fra:1 Mem:23.79M (Peak 29.48M) | Time:00:00.66 | Mem:0.00M, Peak:0.00M | Scene, ViewLayer | Updating Images | Loading CHR001_GreyStudy_BaseColor
Fra:1 Mem:35.81M (Peak 39.81M) | Time:00:00.67 | Mem:4.00M, Peak:4.00M | Scene, ViewLayer | Updating Images | Loading CHR001_GreyStudy_Surface
Fra:1 Mem:32.38M (Peak 39.81M) | Time:00:00.68 | Mem:12.00M, Peak:12.00M | Scene, ViewLayer | Waiting for render to start
Fra:1 Mem:32.38M (Peak 39.81M) | Time:00:00.68 | Mem:12.00M, Peak:12.00M | Scene, ViewLayer | Updating Scene
Fra:1 Mem:32.38M (Peak 39.81M) | Time:00:00.68 | Mem:12.00M, Peak:12.00M | Scene, ViewLayer | Updating Shaders
Fra:1 Mem:32.38M (Peak 39.81M) | Time:00:00.68 | Mem:12.00M, Peak:12.00M | Scene, ViewLayer | Loading render kernels (may take a few minutes the first time)
Fra:1 Mem:32.46M (Peak 39.81M) | Time:00:00.68 | Mem:12.00M, Peak:12.00M | Scene, ViewLayer | Updating Procedurals
Fra:1 Mem:32.46M (Peak 39.81M) | Time:00:00.68 | Mem:12.00M, Peak:12.00M | Scene, ViewLayer | Updating Background
Fra:1 Mem:32.46M (Peak 39.81M) | Time:00:00.68 | Mem:12.00M, Peak:12.00M | Scene, ViewLayer | Updating Camera
Fra:1 Mem:32.46M (Peak 39.81M) | Time:00:00.68 | Mem:12.00M, Peak:12.00M | Scene, ViewLayer | Updating Meshes Flags
Fra:1 Mem:32.46M (Peak 39.81M) | Time:00:00.68 | Mem:12.00M, Peak:12.00M | Scene, ViewLayer | Updating Objects
Fra:1 Mem:32.46M (Peak 39.81M) | Time:00:00.68 | Mem:12.00M, Peak:12.00M | Scene, ViewLayer | Updating Objects | Copying Transformations to device
Fra:1 Mem:32.48M (Peak 39.81M) | Time:00:00.68 | Mem:12.02M, Peak:12.02M | Scene, ViewLayer | Updating Particle Systems
Fra:1 Mem:32.48M (Peak 39.81M) | Time:00:00.68 | Mem:12.02M, Peak:12.02M | Scene, ViewLayer | Updating Particle Systems | Copying Particles to device
Fra:1 Mem:32.48M (Peak 39.81M) | Time:00:00.68 | Mem:12.02M, Peak:12.02M | Scene, ViewLayer | Updating Meshes
Fra:1 Mem:35.27M (Peak 39.81M) | Time:00:00.70 | Mem:12.02M, Peak:12.02M | Scene, ViewLayer | Updating Objects | Applying Static Transformations
Fra:1 Mem:35.27M (Peak 39.81M) | Time:00:00.70 | Mem:12.02M, Peak:12.02M | Scene, ViewLayer | Updating Mesh | Computing attributes
Fra:1 Mem:38.93M (Peak 39.81M) | Time:00:00.70 | Mem:12.03M, Peak:12.03M | Scene, ViewLayer | Updating Mesh | Copying Attributes to device
Fra:1 Mem:38.91M (Peak 39.81M) | Time:00:00.70 | Mem:15.66M, Peak:15.66M | Scene, ViewLayer | Updating Scene BVH | Building
Fra:1 Mem:38.92M (Peak 39.81M) | Time:00:00.70 | Mem:15.66M, Peak:15.66M | Scene, ViewLayer | Updating Scene BVH | Building BVH
Fra:1 Mem:38.92M (Peak 39.81M) | Time:00:00.70 | Mem:17.15M, Peak:17.15M | Scene, ViewLayer | Updating Scene BVH | Building BVH 0%
Fra:1 Mem:38.92M (Peak 39.81M) | Time:00:00.71 | Mem:18.77M, Peak:20.26M | Scene, ViewLayer | Updating Scene BVH | Copying BVH to device
Fra:1 Mem:38.92M (Peak 39.81M) | Time:00:00.71 | Mem:18.77M, Peak:20.26M | Scene, ViewLayer | Updating Mesh | Computing normals
Fra:1 Mem:40.23M (Peak 40.23M) | Time:00:00.71 | Mem:18.77M, Peak:20.26M | Scene, ViewLayer | Updating Mesh | Copying Mesh to device
Fra:1 Mem:40.23M (Peak 40.23M) | Time:00:00.71 | Mem:20.09M, Peak:20.26M | Scene, ViewLayer | Updating Objects Flags
Fra:1 Mem:40.23M (Peak 40.23M) | Time:00:00.71 | Mem:20.09M, Peak:20.26M | Scene, ViewLayer | Updating Primitive Offsets
Fra:1 Mem:40.23M (Peak 40.23M) | Time:00:00.71 | Mem:20.09M, Peak:20.26M | Scene, ViewLayer | Updating Images
Fra:1 Mem:40.23M (Peak 40.23M) | Time:00:00.71 | Mem:20.09M, Peak:20.26M | Scene, ViewLayer | Updating Camera Volume
Fra:1 Mem:40.23M (Peak 40.23M) | Time:00:00.71 | Mem:20.09M, Peak:20.26M | Scene, ViewLayer | Updating Lookup Tables
Fra:1 Mem:40.23M (Peak 40.23M) | Time:00:00.71 | Mem:20.17M, Peak:20.26M | Scene, ViewLayer | Updating Lights
Fra:1 Mem:40.23M (Peak 40.23M) | Time:00:00.71 | Mem:20.17M, Peak:20.26M | Scene, ViewLayer | Updating Lights | Computing tree
Fra:1 Mem:40.23M (Peak 40.23M) | Time:00:00.71 | Mem:20.17M, Peak:20.26M | Scene, ViewLayer | Updating Integrator
Fra:1 Mem:40.23M (Peak 40.23M) | Time:00:00.71 | Mem:20.17M, Peak:20.26M | Scene, ViewLayer | Updating Film
Fra:1 Mem:40.23M (Peak 40.23M) | Time:00:00.71 | Mem:20.09M, Peak:20.26M | Scene, ViewLayer | Updating Lookup Tables
Fra:1 Mem:40.23M (Peak 40.23M) | Time:00:00.71 | Mem:20.17M, Peak:20.26M | Scene, ViewLayer | Updating Baking
Fra:1 Mem:40.23M (Peak 40.23M) | Time:00:00.71 | Mem:20.17M, Peak:20.26M | Scene, ViewLayer | Updating Device | Writing constant memory
Fra:1 Mem:40.24M (Peak 40.24M) | Time:00:00.71 | Mem:20.17M, Peak:20.26M | Scene, ViewLayer | Loading denoising kernels (may take a few minutes the first time)
Fra:1 Mem:40.24M (Peak 40.24M) | Time:00:00.71 | Mem:20.17M, Peak:20.26M | Scene, ViewLayer | Sample 0/12
Fra:1 Mem:62.53M (Peak 62.53M) | Time:00:00.97 | Remaining:00:02.82 | Mem:42.45M, Peak:42.45M | Scene, ViewLayer | Sample 1/12
Fra:1 Mem:71.90M (Peak 85.97M) | Time:00:06.94 | Mem:42.45M, Peak:42.45M | Scene, ViewLayer | Sample 12/12
Fra:1 Mem:71.90M (Peak 85.97M) | Time:00:06.94 | Mem:42.45M, Peak:42.45M | Scene, ViewLayer | Finished
Saved: '/home/lzzz/MyProjects/N-SIDE/output/yao-drape-r13/candidate-back-quarter.png'
Time: 00:06.96 (Saving: 00:00.02)

Fra:1 Mem:23.01M (Peak 24.41M) | Time:00:00.03 | Mem:0.00M, Peak:0.00M | Scene, ViewLayer | Synchronizing object | TShirt
Fra:1 Mem:23.17M (Peak 24.41M) | Time:00:00.04 | Mem:0.00M, Peak:0.00M | Scene, ViewLayer | Synchronizing object | TShirt_Collar
Fra:1 Mem:23.19M (Peak 24.41M) | Time:00:00.04 | Mem:0.00M, Peak:0.00M | Scene, ViewLayer | Synchronizing object | Hood
Fra:1 Mem:23.29M (Peak 24.41M) | Time:00:00.04 | Mem:0.00M, Peak:0.00M | Scene, ViewLayer | Synchronizing object | Sleeve_Cuff.L
Fra:1 Mem:23.30M (Peak 24.41M) | Time:00:00.04 | Mem:0.00M, Peak:0.00M | Scene, ViewLayer | Synchronizing object | Hood_Cord.L
Fra:1 Mem:23.34M (Peak 24.41M) | Time:00:00.05 | Mem:0.00M, Peak:0.00M | Scene, ViewLayer | Synchronizing object | Palm.L
Fra:1 Mem:23.39M (Peak 24.41M) | Time:00:00.05 | Mem:0.00M, Peak:0.00M | Scene, ViewLayer | Synchronizing object | Index_Mesh.L
Fra:1 Mem:23.39M (Peak 24.41M) | Time:00:00.05 | Mem:0.00M, Peak:0.00M | Scene, ViewLayer | Synchronizing object | Middle_Mesh.L
Fra:1 Mem:23.43M (Peak 24.41M) | Time:00:00.05 | Mem:0.00M, Peak:0.00M | Scene, ViewLayer | Synchronizing object | Ring_Mesh.L
Fra:1 Mem:23.40M (Peak 24.41M) | Time:00:00.05 | Mem:0.00M, Peak:0.00M | Scene, ViewLayer | Synchronizing object | Pinky_Mesh.L
Fra:1 Mem:23.41M (Peak 24.41M) | Time:00:00.05 | Mem:0.00M, Peak:0.00M | Scene, ViewLayer | Synchronizing object | Thumb_Mesh.L
Fra:1 Mem:23.59M (Peak 24.41M) | Time:00:00.08 | Mem:0.00M, Peak:0.00M | Scene, ViewLayer | Synchronizing object | Trousers.L
Fra:1 Mem:23.85M (Peak 24.41M) | Time:00:00.08 | Mem:0.00M, Peak:0.00M | Scene, ViewLayer | Synchronizing object | Sneaker_Sole.L
Fra:1 Mem:23.87M (Peak 24.41M) | Time:00:00.08 | Mem:0.00M, Peak:0.00M | Scene, ViewLayer | Synchronizing object | Sneaker_Upper.L
Fra:1 Mem:23.89M (Peak 24.41M) | Time:00:00.08 | Mem:0.00M, Peak:0.00M | Scene, ViewLayer | Synchronizing object | Sock.L
Fra:1 Mem:23.89M (Peak 24.41M) | Time:00:00.08 | Mem:0.00M, Peak:0.00M | Scene, ViewLayer | Synchronizing object | Lace_0.L
Fra:1 Mem:23.90M (Peak 24.41M) | Time:00:00.08 | Mem:0.00M, Peak:0.00M | Scene, ViewLayer | Synchronizing object | Lace_1.L
Fra:1 Mem:23.90M (Peak 24.41M) | Time:00:00.08 | Mem:0.00M, Peak:0.00M | Scene, ViewLayer | Synchronizing object | Lace_2.L
Fra:1 Mem:23.90M (Peak 24.41M) | Time:00:00.08 | Mem:0.00M, Peak:0.00M | Scene, ViewLayer | Synchronizing object | Lace_3.L
Fra:1 Mem:23.90M (Peak 24.41M) | Time:00:00.08 | Mem:0.00M, Peak:0.00M | Scene, ViewLayer | Synchronizing object | Heel_Tab.L
Fra:1 Mem:23.91M (Peak 24.41M) | Time:00:00.08 | Mem:0.00M, Peak:0.00M | Scene, ViewLayer | Synchronizing object | Sleeve_Cuff.R
Fra:1 Mem:23.91M (Peak 24.41M) | Time:00:00.08 | Mem:0.00M, Peak:0.00M | Scene, ViewLayer | Synchronizing object | Hood_Cord.R
Fra:1 Mem:23.95M (Peak 24.41M) | Time:00:00.09 | Mem:0.00M, Peak:0.00M | Scene, ViewLayer | Synchronizing object | Palm.R
Fra:1 Mem:24.00M (Peak 24.41M) | Time:00:00.09 | Mem:0.00M, Peak:0.00M | Scene, ViewLayer | Synchronizing object | Index_Mesh.R
Fra:1 Mem:24.01M (Peak 24.41M) | Time:00:00.09 | Mem:0.00M, Peak:0.00M | Scene, ViewLayer | Synchronizing object | Middle_Mesh.R
Fra:1 Mem:24.04M (Peak 24.41M) | Time:00:00.09 | Mem:0.00M, Peak:0.00M | Scene, ViewLayer | Synchronizing object | Ring_Mesh.R
Fra:1 Mem:24.03M (Peak 24.41M) | Time:00:00.09 | Mem:0.00M, Peak:0.00M | Scene, ViewLayer | Synchronizing object | Pinky_Mesh.R
Fra:1 Mem:24.02M (Peak 24.41M) | Time:00:00.09 | Mem:0.00M, Peak:0.00M | Scene, ViewLayer | Synchronizing object | Thumb_Mesh.R
Fra:1 Mem:24.21M (Peak 24.41M) | Time:00:00.13 | Mem:0.00M, Peak:0.00M | Scene, ViewLayer | Synchronizing object | Trousers.R
Fra:1 Mem:24.48M (Peak 24.48M) | Time:00:00.13 | Mem:0.00M, Peak:0.00M | Scene, ViewLayer | Synchronizing object | Sneaker_Sole.R
Fra:1 Mem:24.50M (Peak 24.50M) | Time:00:00.13 | Mem:0.00M, Peak:0.00M | Scene, ViewLayer | Synchronizing object | Sneaker_Upper.R
Fra:1 Mem:24.52M (Peak 24.52M) | Time:00:00.13 | Mem:0.00M, Peak:0.00M | Scene, ViewLayer | Synchronizing object | Sock.R
Fra:1 Mem:24.63M (Peak 24.63M) | Time:00:00.13 | Mem:0.00M, Peak:0.00M | Scene, ViewLayer | Synchronizing object | Lace_0.R
Fra:1 Mem:24.63M (Peak 24.63M) | Time:00:00.13 | Mem:0.00M, Peak:0.00M | Scene, ViewLayer | Synchronizing object | Lace_1.R
Fra:1 Mem:24.63M (Peak 24.63M) | Time:00:00.13 | Mem:0.00M, Peak:0.00M | Scene, ViewLayer | Synchronizing object | Lace_2.R
Fra:1 Mem:24.55M (Peak 24.63M) | Time:00:00.13 | Mem:0.00M, Peak:0.00M | Scene, ViewLayer | Synchronizing object | Lace_3.R
Fra:1 Mem:24.56M (Peak 24.63M) | Time:00:00.13 | Mem:0.00M, Peak:0.00M | Scene, ViewLayer | Synchronizing object | Heel_Tab.R
Fra:1 Mem:25.22M (Peak 25.22M) | Time:00:00.17 | Mem:0.00M, Peak:0.00M | Scene, ViewLayer | Synchronizing object | Jacket_ContinuousShoulders
Fra:1 Mem:26.60M (Peak 26.60M) | Time:00:00.58 | Mem:0.00M, Peak:0.00M | Scene, ViewLayer | Synchronizing object | Face_Head
Fra:1 Mem:27.27M (Peak 27.27M) | Time:00:00.59 | Mem:0.00M, Peak:0.00M | Scene, ViewLayer | Synchronizing object | Ear.L
Fra:1 Mem:27.32M (Peak 27.32M) | Time:00:00.59 | Mem:0.00M, Peak:0.00M | Scene, ViewLayer | Synchronizing object | Ear_Fold.L
Fra:1 Mem:27.37M (Peak 27.37M) | Time:00:00.61 | Mem:0.00M, Peak:0.00M | Scene, ViewLayer | Synchronizing object | Ear.R
Fra:1 Mem:27.43M (Peak 27.43M) | Time:00:00.61 | Mem:0.00M, Peak:0.00M | Scene, ViewLayer | Synchronizing object | Ear_Fold.R
Fra:1 Mem:27.44M (Peak 27.44M) | Time:00:00.61 | Mem:0.00M, Peak:0.00M | Scene, ViewLayer | Synchronizing object | Eye_White.L
Fra:1 Mem:27.46M (Peak 27.46M) | Time:00:00.61 | Mem:0.00M, Peak:0.00M | Scene, ViewLayer | Synchronizing object | Iris_hair.L
Fra:1 Mem:27.46M (Peak 27.46M) | Time:00:00.61 | Mem:0.00M, Peak:0.00M | Scene, ViewLayer | Synchronizing object | Iris_ink.L
Fra:1 Mem:27.46M (Peak 27.46M) | Time:00:00.61 | Mem:0.00M, Peak:0.00M | Scene, ViewLayer | Synchronizing object | Eye_Glint.L
Fra:1 Mem:27.47M (Peak 27.47M) | Time:00:00.61 | Mem:0.00M, Peak:0.00M | Scene, ViewLayer | Synchronizing object | Upper_Lid.L
Fra:1 Mem:27.48M (Peak 27.48M) | Time:00:00.61 | Mem:0.00M, Peak:0.00M | Scene, ViewLayer | Synchronizing object | Lower_Lid.L
Fra:1 Mem:27.49M (Peak 27.49M) | Time:00:00.61 | Mem:0.00M, Peak:0.00M | Scene, ViewLayer | Synchronizing object | Eyebrow.L
Fra:1 Mem:27.49M (Peak 27.49M) | Time:00:00.61 | Mem:0.00M, Peak:0.00M | Scene, ViewLayer | Synchronizing object | Eye_White.R
Fra:1 Mem:27.50M (Peak 27.50M) | Time:00:00.61 | Mem:0.00M, Peak:0.00M | Scene, ViewLayer | Synchronizing object | Iris_hair.R
Fra:1 Mem:27.51M (Peak 27.51M) | Time:00:00.61 | Mem:0.00M, Peak:0.00M | Scene, ViewLayer | Synchronizing object | Iris_ink.R
Fra:1 Mem:27.52M (Peak 27.52M) | Time:00:00.61 | Mem:0.00M, Peak:0.00M | Scene, ViewLayer | Synchronizing object | Eye_Glint.R
Fra:1 Mem:27.52M (Peak 27.52M) | Time:00:00.61 | Mem:0.00M, Peak:0.00M | Scene, ViewLayer | Synchronizing object | Upper_Lid.R
Fra:1 Mem:27.53M (Peak 27.53M) | Time:00:00.61 | Mem:0.00M, Peak:0.00M | Scene, ViewLayer | Synchronizing object | Lower_Lid.R
Fra:1 Mem:27.54M (Peak 27.54M) | Time:00:00.61 | Mem:0.00M, Peak:0.00M | Scene, ViewLayer | Synchronizing object | Eyebrow.R
Fra:1 Mem:27.54M (Peak 27.54M) | Time:00:00.61 | Mem:0.00M, Peak:0.00M | Scene, ViewLayer | Synchronizing object | Mouth
Fra:1 Mem:27.55M (Peak 27.55M) | Time:00:00.61 | Mem:0.00M, Peak:0.00M | Scene, ViewLayer | Synchronizing object | Hair_Cap
Fra:1 Mem:29.13M (Peak 29.13M) | Time:00:00.66 | Mem:0.00M, Peak:0.00M | Scene, ViewLayer | Synchronizing object | Hair_CrownBase
Fra:1 Mem:29.22M (Peak 29.22M) | Time:00:00.66 | Mem:0.00M, Peak:0.00M | Scene, ViewLayer | Synchronizing object | Review_Rim
Fra:1 Mem:29.24M (Peak 29.24M) | Time:00:00.66 | Mem:0.00M, Peak:0.00M | Scene, ViewLayer | Synchronizing object | Review_Fill
Fra:1 Mem:29.22M (Peak 29.24M) | Time:00:00.66 | Mem:0.00M, Peak:0.00M | Scene, ViewLayer | Synchronizing object | Review_Key
Fra:1 Mem:29.22M (Peak 29.24M) | Time:00:00.66 | Mem:0.00M, Peak:0.00M | Scene, ViewLayer | Synchronizing object | Review_Ground
Fra:1 Mem:29.22M (Peak 29.24M) | Time:00:00.66 | Mem:0.00M, Peak:0.00M | Scene, ViewLayer | Synchronizing object | Tee_Bar
Fra:1 Mem:29.24M (Peak 29.24M) | Time:00:00.66 | Mem:0.00M, Peak:0.00M | Scene, ViewLayer | Synchronizing object | Tee_Dot_1.246
Fra:1 Mem:29.24M (Peak 29.24M) | Time:00:00.66 | Mem:0.00M, Peak:0.00M | Scene, ViewLayer | Synchronizing object | Bangs_01
Fra:1 Mem:29.26M (Peak 29.26M) | Time:00:00.67 | Mem:0.00M, Peak:0.00M | Scene, ViewLayer | Synchronizing object | Tee_Dot_1.275
Fra:1 Mem:29.27M (Peak 29.27M) | Time:00:00.67 | Mem:0.00M, Peak:0.00M | Scene, ViewLayer | Synchronizing object | Crown_0.R
Fra:1 Mem:29.28M (Peak 29.28M) | Time:00:00.67 | Mem:0.00M, Peak:0.00M | Scene, ViewLayer | Synchronizing object | Bangs_02
Fra:1 Mem:29.29M (Peak 29.29M) | Time:00:00.67 | Mem:0.00M, Peak:0.00M | Scene, ViewLayer | Synchronizing object | Crown_0.L
Fra:1 Mem:29.32M (Peak 29.32M) | Time:00:00.67 | Mem:0.00M, Peak:0.00M | Scene, ViewLayer | Synchronizing object | Bangs_03
Fra:1 Mem:29.32M (Peak 29.32M) | Time:00:00.67 | Mem:0.00M, Peak:0.00M | Scene, ViewLayer | Synchronizing object | Temple_2.R
Fra:1 Mem:29.36M (Peak 29.36M) | Time:00:00.67 | Mem:0.00M, Peak:0.00M | Scene, ViewLayer | Synchronizing object | Bangs_04
Fra:1 Mem:29.36M (Peak 29.36M) | Time:00:00.67 | Mem:0.00M, Peak:0.00M | Scene, ViewLayer | Synchronizing object | Temple_1.R
Fra:1 Mem:29.38M (Peak 29.38M) | Time:00:00.67 | Mem:0.00M, Peak:0.00M | Scene, ViewLayer | Synchronizing object | Bangs_05
Fra:1 Mem:29.40M (Peak 29.40M) | Time:00:00.67 | Mem:0.00M, Peak:0.00M | Scene, ViewLayer | Synchronizing object | Temple_0.R
Fra:1 Mem:29.42M (Peak 29.42M) | Time:00:00.67 | Mem:0.00M, Peak:0.00M | Scene, ViewLayer | Synchronizing object | Temple_0.L
Fra:1 Mem:29.44M (Peak 29.44M) | Time:00:00.67 | Mem:0.00M, Peak:0.00M | Scene, ViewLayer | Synchronizing object | Temple_2.L
Fra:1 Mem:29.45M (Peak 29.45M) | Time:00:00.67 | Mem:0.00M, Peak:0.00M | Scene, ViewLayer | Synchronizing object | Temple_1.L
Fra:1 Mem:29.48M (Peak 29.48M) | Time:00:00.67 | Mem:0.00M, Peak:0.00M | Scene, ViewLayer | Initializing
Fra:1 Mem:23.79M (Peak 29.48M) | Time:00:00.67 | Mem:0.00M, Peak:0.00M | Scene, ViewLayer | Updating Images | Loading CHR001_GreyStudy_Normal
Fra:1 Mem:31.80M (Peak 35.80M) | Time:00:00.68 | Mem:4.00M, Peak:4.00M | Scene, ViewLayer | Updating Images | Loading CHR001_GreyStudy_Surface
Fra:1 Mem:32.38M (Peak 39.81M) | Time:00:00.68 | Mem:12.00M, Peak:12.00M | Scene, ViewLayer | Waiting for render to start
Fra:1 Mem:32.38M (Peak 39.81M) | Time:00:00.68 | Mem:12.00M, Peak:12.00M | Scene, ViewLayer | Updating Scene
Fra:1 Mem:32.38M (Peak 39.81M) | Time:00:00.68 | Mem:12.00M, Peak:12.00M | Scene, ViewLayer | Updating Shaders
Fra:1 Mem:32.38M (Peak 39.81M) | Time:00:00.68 | Mem:12.00M, Peak:12.00M | Scene, ViewLayer | Loading render kernels (may take a few minutes the first time)
Fra:1 Mem:32.46M (Peak 39.81M) | Time:00:00.68 | Mem:12.00M, Peak:12.00M | Scene, ViewLayer | Updating Procedurals
Fra:1 Mem:32.46M (Peak 39.81M) | Time:00:00.68 | Mem:12.00M, Peak:12.00M | Scene, ViewLayer | Updating Background
Fra:1 Mem:32.46M (Peak 39.81M) | Time:00:00.68 | Mem:12.00M, Peak:12.00M | Scene, ViewLayer | Updating Camera
Fra:1 Mem:32.46M (Peak 39.81M) | Time:00:00.68 | Mem:12.00M, Peak:12.00M | Scene, ViewLayer | Updating Meshes Flags
Fra:1 Mem:32.46M (Peak 39.81M) | Time:00:00.68 | Mem:12.00M, Peak:12.00M | Scene, ViewLayer | Updating Objects
Fra:1 Mem:32.46M (Peak 39.81M) | Time:00:00.68 | Mem:12.00M, Peak:12.00M | Scene, ViewLayer | Updating Objects | Copying Transformations to device
Fra:1 Mem:32.48M (Peak 39.81M) | Time:00:00.68 | Mem:12.02M, Peak:12.02M | Scene, ViewLayer | Updating Particle Systems
Fra:1 Mem:32.48M (Peak 39.81M) | Time:00:00.68 | Mem:12.02M, Peak:12.02M | Scene, ViewLayer | Updating Particle Systems | Copying Particles to device
Fra:1 Mem:32.48M (Peak 39.81M) | Time:00:00.68 | Mem:12.02M, Peak:12.02M | Scene, ViewLayer | Updating Meshes
Fra:1 Mem:35.27M (Peak 39.81M) | Time:00:00.70 | Mem:12.02M, Peak:12.02M | Scene, ViewLayer | Updating Objects | Applying Static Transformations
Fra:1 Mem:35.27M (Peak 39.81M) | Time:00:00.70 | Mem:12.02M, Peak:12.02M | Scene, ViewLayer | Updating Mesh | Computing attributes
Fra:1 Mem:38.93M (Peak 39.81M) | Time:00:00.71 | Mem:12.03M, Peak:12.03M | Scene, ViewLayer | Updating Mesh | Copying Attributes to device
Fra:1 Mem:38.91M (Peak 39.81M) | Time:00:00.71 | Mem:15.66M, Peak:15.66M | Scene, ViewLayer | Updating Scene BVH | Building
Fra:1 Mem:38.92M (Peak 39.81M) | Time:00:00.71 | Mem:15.66M, Peak:15.66M | Scene, ViewLayer | Updating Scene BVH | Building BVH
Fra:1 Mem:38.92M (Peak 39.81M) | Time:00:00.71 | Mem:17.15M, Peak:17.15M | Scene, ViewLayer | Updating Scene BVH | Building BVH 0%
Fra:1 Mem:38.92M (Peak 39.81M) | Time:00:00.71 | Mem:18.77M, Peak:20.26M | Scene, ViewLayer | Updating Scene BVH | Copying BVH to device
Fra:1 Mem:38.92M (Peak 39.81M) | Time:00:00.71 | Mem:18.77M, Peak:20.26M | Scene, ViewLayer | Updating Mesh | Computing normals
Fra:1 Mem:40.23M (Peak 40.23M) | Time:00:00.71 | Mem:18.77M, Peak:20.26M | Scene, ViewLayer | Updating Mesh | Copying Mesh to device
Fra:1 Mem:40.23M (Peak 40.23M) | Time:00:00.71 | Mem:20.09M, Peak:20.26M | Scene, ViewLayer | Updating Objects Flags
Fra:1 Mem:40.23M (Peak 40.23M) | Time:00:00.71 | Mem:20.09M, Peak:20.26M | Scene, ViewLayer | Updating Primitive Offsets
Fra:1 Mem:40.23M (Peak 40.23M) | Time:00:00.71 | Mem:20.09M, Peak:20.26M | Scene, ViewLayer | Updating Images
Fra:1 Mem:40.23M (Peak 40.23M) | Time:00:00.71 | Mem:20.09M, Peak:20.26M | Scene, ViewLayer | Updating Camera Volume
Fra:1 Mem:40.23M (Peak 40.23M) | Time:00:00.71 | Mem:20.09M, Peak:20.26M | Scene, ViewLayer | Updating Lookup Tables
Fra:1 Mem:40.23M (Peak 40.23M) | Time:00:00.71 | Mem:20.17M, Peak:20.26M | Scene, ViewLayer | Updating Lights
Fra:1 Mem:40.23M (Peak 40.23M) | Time:00:00.71 | Mem:20.17M, Peak:20.26M | Scene, ViewLayer | Updating Lights | Computing tree
Fra:1 Mem:40.23M (Peak 40.23M) | Time:00:00.71 | Mem:20.17M, Peak:20.26M | Scene, ViewLayer | Updating Integrator
Fra:1 Mem:40.23M (Peak 40.23M) | Time:00:00.71 | Mem:20.17M, Peak:20.26M | Scene, ViewLayer | Updating Film
Fra:1 Mem:40.23M (Peak 40.23M) | Time:00:00.71 | Mem:20.09M, Peak:20.26M | Scene, ViewLayer | Updating Lookup Tables
Fra:1 Mem:40.23M (Peak 40.23M) | Time:00:00.71 | Mem:20.17M, Peak:20.26M | Scene, ViewLayer | Updating Baking
Fra:1 Mem:40.23M (Peak 40.23M) | Time:00:00.71 | Mem:20.17M, Peak:20.26M | Scene, ViewLayer | Updating Device | Writing constant memory
Fra:1 Mem:40.24M (Peak 40.24M) | Time:00:00.71 | Mem:20.17M, Peak:20.26M | Scene, ViewLayer | Loading denoising kernels (may take a few minutes the first time)
Fra:1 Mem:40.24M (Peak 40.24M) | Time:00:00.71 | Mem:20.17M, Peak:20.26M | Scene, ViewLayer | Sample 0/12
Fra:1 Mem:62.52M (Peak 62.52M) | Time:00:00.96 | Remaining:00:02.78 | Mem:42.45M, Peak:42.45M | Scene, ViewLayer | Sample 1/12
Fra:1 Mem:71.90M (Peak 85.97M) | Time:00:06.93 | Mem:42.45M, Peak:42.45M | Scene, ViewLayer | Sample 12/12
Fra:1 Mem:71.90M (Peak 85.97M) | Time:00:06.93 | Mem:42.45M, Peak:42.45M | Scene, ViewLayer | Finished
Saved: '/home/lzzz/MyProjects/N-SIDE/output/yao-drape-r13/candidate-back.png'
Time: 00:06.96 (Saving: 00:00.02)


Blender quit
