Blender 4.5.14 LTS (hash 62c1db4208e8 built 2026-09-15 01:31:19)
Read blend: "/home/lzzz/MyProjects/N-SIDE/source-assets/characters/CHR-001/model/yao-grey-study.blend"
Fra:1 Mem:20.21M (Peak 20.47M) | Time:00:00.03 | Mem:0.00M, Peak:0.00M | Scene, ViewLayer | Synchronizing object | TShirt
Fra:1 Mem:20.36M (Peak 20.47M) | Time:00:00.03 | Mem:0.00M, Peak:0.00M | Scene, ViewLayer | Synchronizing object | TShirt_Collar
Fra:1 Mem:20.38M (Peak 20.47M) | Time:00:00.03 | Mem:0.00M, Peak:0.00M | Scene, ViewLayer | Synchronizing object | Hood
Fra:1 Mem:20.44M (Peak 20.47M) | Time:00:00.03 | Mem:0.00M, Peak:0.00M | Scene, ViewLayer | Synchronizing object | Sleeve_Cuff.L
Fra:1 Mem:20.45M (Peak 20.47M) | Time:00:00.03 | Mem:0.00M, Peak:0.00M | Scene, ViewLayer | Synchronizing object | Hood_Cord.L
Fra:1 Mem:20.49M (Peak 20.49M) | Time:00:00.04 | Mem:0.00M, Peak:0.00M | Scene, ViewLayer | Synchronizing object | Palm.L
Fra:1 Mem:20.54M (Peak 20.54M) | Time:00:00.04 | Mem:0.00M, Peak:0.00M | Scene, ViewLayer | Synchronizing object | Index_Mesh.L
Fra:1 Mem:20.55M (Peak 20.55M) | Time:00:00.04 | Mem:0.00M, Peak:0.00M | Scene, ViewLayer | Synchronizing object | Middle_Mesh.L
Fra:1 Mem:20.55M (Peak 20.55M) | Time:00:00.04 | Mem:0.00M, Peak:0.00M | Scene, ViewLayer | Synchronizing object | Ring_Mesh.L
Fra:1 Mem:20.56M (Peak 20.56M) | Time:00:00.04 | Mem:0.00M, Peak:0.00M | Scene, ViewLayer | Synchronizing object | Pinky_Mesh.L
Fra:1 Mem:20.56M (Peak 20.56M) | Time:00:00.04 | Mem:0.00M, Peak:0.00M | Scene, ViewLayer | Synchronizing object | Thumb_Mesh.L
Fra:1 Mem:20.75M (Peak 20.75M) | Time:00:00.07 | Mem:0.00M, Peak:0.00M | Scene, ViewLayer | Synchronizing object | Trousers.L
Fra:1 Mem:21.01M (Peak 21.01M) | Time:00:00.07 | Mem:0.00M, Peak:0.00M | Scene, ViewLayer | Synchronizing object | Sneaker_Sole.L
Fra:1 Mem:21.03M (Peak 21.03M) | Time:00:00.07 | Mem:0.00M, Peak:0.00M | Scene, ViewLayer | Synchronizing object | Sneaker_Upper.L
Fra:1 Mem:21.05M (Peak 21.05M) | Time:00:00.07 | Mem:0.00M, Peak:0.00M | Scene, ViewLayer | Synchronizing object | Sock.L
Fra:1 Mem:21.05M (Peak 21.05M) | Time:00:00.07 | Mem:0.00M, Peak:0.00M | Scene, ViewLayer | Synchronizing object | Lace_0.L
Fra:1 Mem:21.06M (Peak 21.06M) | Time:00:00.07 | Mem:0.00M, Peak:0.00M | Scene, ViewLayer | Synchronizing object | Lace_1.L
Fra:1 Mem:21.06M (Peak 21.06M) | Time:00:00.07 | Mem:0.00M, Peak:0.00M | Scene, ViewLayer | Synchronizing object | Lace_2.L
Fra:1 Mem:21.06M (Peak 21.06M) | Time:00:00.07 | Mem:0.00M, Peak:0.00M | Scene, ViewLayer | Synchronizing object | Lace_3.L
Fra:1 Mem:21.07M (Peak 21.07M) | Time:00:00.07 | Mem:0.00M, Peak:0.00M | Scene, ViewLayer | Synchronizing object | Heel_Tab.L
Fra:1 Mem:21.07M (Peak 21.07M) | Time:00:00.07 | Mem:0.00M, Peak:0.00M | Scene, ViewLayer | Synchronizing object | Sleeve_Cuff.R
Fra:1 Mem:21.08M (Peak 21.08M) | Time:00:00.07 | Mem:0.00M, Peak:0.00M | Scene, ViewLayer | Synchronizing object | Hood_Cord.R
Fra:1 Mem:21.12M (Peak 21.12M) | Time:00:00.08 | Mem:0.00M, Peak:0.00M | Scene, ViewLayer | Synchronizing object | Palm.R
Fra:1 Mem:21.17M (Peak 21.17M) | Time:00:00.08 | Mem:0.00M, Peak:0.00M | Scene, ViewLayer | Synchronizing object | Index_Mesh.R
Fra:1 Mem:21.20M (Peak 21.20M) | Time:00:00.08 | Mem:0.00M, Peak:0.00M | Scene, ViewLayer | Synchronizing object | Middle_Mesh.R
Fra:1 Mem:21.18M (Peak 21.20M) | Time:00:00.08 | Mem:0.00M, Peak:0.00M | Scene, ViewLayer | Synchronizing object | Ring_Mesh.R
Fra:1 Mem:21.18M (Peak 21.20M) | Time:00:00.08 | Mem:0.00M, Peak:0.00M | Scene, ViewLayer | Synchronizing object | Pinky_Mesh.R
Fra:1 Mem:21.19M (Peak 21.20M) | Time:00:00.08 | Mem:0.00M, Peak:0.00M | Scene, ViewLayer | Synchronizing object | Thumb_Mesh.R
Fra:1 Mem:21.38M (Peak 21.38M) | Time:00:00.11 | Mem:0.00M, Peak:0.00M | Scene, ViewLayer | Synchronizing object | Trousers.R
Fra:1 Mem:21.67M (Peak 21.67M) | Time:00:00.11 | Mem:0.00M, Peak:0.00M | Scene, ViewLayer | Synchronizing object | Sneaker_Sole.R
Fra:1 Mem:21.65M (Peak 21.67M) | Time:00:00.11 | Mem:0.00M, Peak:0.00M | Scene, ViewLayer | Synchronizing object | Sneaker_Upper.R
Fra:1 Mem:21.68M (Peak 21.68M) | Time:00:00.11 | Mem:0.00M, Peak:0.00M | Scene, ViewLayer | Synchronizing object | Sock.R
Fra:1 Mem:21.68M (Peak 21.68M) | Time:00:00.11 | Mem:0.00M, Peak:0.00M | Scene, ViewLayer | Synchronizing object | Lace_0.R
Fra:1 Mem:21.69M (Peak 21.69M) | Time:00:00.11 | Mem:0.00M, Peak:0.00M | Scene, ViewLayer | Synchronizing object | Lace_1.R
Fra:1 Mem:21.69M (Peak 21.69M) | Time:00:00.11 | Mem:0.00M, Peak:0.00M | Scene, ViewLayer | Synchronizing object | Lace_2.R
Fra:1 Mem:21.69M (Peak 21.69M) | Time:00:00.11 | Mem:0.00M, Peak:0.00M | Scene, ViewLayer | Synchronizing object | Lace_3.R
Fra:1 Mem:21.70M (Peak 21.70M) | Time:00:00.11 | Mem:0.00M, Peak:0.00M | Scene, ViewLayer | Synchronizing object | Heel_Tab.R
Fra:1 Mem:22.28M (Peak 22.28M) | Time:00:00.14 | Mem:0.00M, Peak:0.00M | Scene, ViewLayer | Synchronizing object | Jacket_ContinuousShoulders
Fra:1 Mem:23.50M (Peak 23.50M) | Time:00:00.48 | Mem:0.00M, Peak:0.00M | Scene, ViewLayer | Synchronizing object | Face_Head
Fra:1 Mem:24.17M (Peak 24.17M) | Time:00:00.49 | Mem:0.00M, Peak:0.00M | Scene, ViewLayer | Synchronizing object | Ear.L
Fra:1 Mem:24.22M (Peak 24.22M) | Time:00:00.49 | Mem:0.00M, Peak:0.00M | Scene, ViewLayer | Synchronizing object | Ear_Fold.L
Fra:1 Mem:24.27M (Peak 24.27M) | Time:00:00.50 | Mem:0.00M, Peak:0.00M | Scene, ViewLayer | Synchronizing object | Ear.R
Fra:1 Mem:24.33M (Peak 24.33M) | Time:00:00.50 | Mem:0.00M, Peak:0.00M | Scene, ViewLayer | Synchronizing object | Ear_Fold.R
Fra:1 Mem:24.34M (Peak 24.34M) | Time:00:00.50 | Mem:0.00M, Peak:0.00M | Scene, ViewLayer | Synchronizing object | Eye_White.L
Fra:1 Mem:24.35M (Peak 24.35M) | Time:00:00.50 | Mem:0.00M, Peak:0.00M | Scene, ViewLayer | Synchronizing object | Iris_hair.L
Fra:1 Mem:24.36M (Peak 24.36M) | Time:00:00.50 | Mem:0.00M, Peak:0.00M | Scene, ViewLayer | Synchronizing object | Iris_ink.L
Fra:1 Mem:24.37M (Peak 24.37M) | Time:00:00.50 | Mem:0.00M, Peak:0.00M | Scene, ViewLayer | Synchronizing object | Eye_Glint.L
Fra:1 Mem:24.37M (Peak 24.37M) | Time:00:00.50 | Mem:0.00M, Peak:0.00M | Scene, ViewLayer | Synchronizing object | Upper_Lid.L
Fra:1 Mem:24.39M (Peak 24.39M) | Time:00:00.50 | Mem:0.00M, Peak:0.00M | Scene, ViewLayer | Synchronizing object | Lower_Lid.L
Fra:1 Mem:24.39M (Peak 24.39M) | Time:00:00.50 | Mem:0.00M, Peak:0.00M | Scene, ViewLayer | Synchronizing object | Eyebrow.L
Fra:1 Mem:24.40M (Peak 24.40M) | Time:00:00.50 | Mem:0.00M, Peak:0.00M | Scene, ViewLayer | Synchronizing object | Eye_White.R
Fra:1 Mem:24.41M (Peak 24.41M) | Time:00:00.50 | Mem:0.00M, Peak:0.00M | Scene, ViewLayer | Synchronizing object | Iris_hair.R
Fra:1 Mem:24.42M (Peak 24.42M) | Time:00:00.50 | Mem:0.00M, Peak:0.00M | Scene, ViewLayer | Synchronizing object | Iris_ink.R
Fra:1 Mem:24.43M (Peak 24.43M) | Time:00:00.50 | Mem:0.00M, Peak:0.00M | Scene, ViewLayer | Synchronizing object | Eye_Glint.R
Fra:1 Mem:24.43M (Peak 24.43M) | Time:00:00.50 | Mem:0.00M, Peak:0.00M | Scene, ViewLayer | Synchronizing object | Upper_Lid.R
Fra:1 Mem:24.45M (Peak 24.45M) | Time:00:00.50 | Mem:0.00M, Peak:0.00M | Scene, ViewLayer | Synchronizing object | Lower_Lid.R
Fra:1 Mem:24.45M (Peak 24.45M) | Time:00:00.50 | Mem:0.00M, Peak:0.00M | Scene, ViewLayer | Synchronizing object | Eyebrow.R
Fra:1 Mem:24.46M (Peak 24.46M) | Time:00:00.50 | Mem:0.00M, Peak:0.00M | Scene, ViewLayer | Synchronizing object | Mouth
Fra:1 Mem:24.47M (Peak 24.47M) | Time:00:00.50 | Mem:0.00M, Peak:0.00M | Scene, ViewLayer | Synchronizing object | Hair_Cap
Fra:1 Mem:25.27M (Peak 25.27M) | Time:00:00.53 | Mem:0.00M, Peak:0.00M | Scene, ViewLayer | Synchronizing object | Hair_CrownBase
Fra:1 Mem:25.36M (Peak 25.36M) | Time:00:00.53 | Mem:0.00M, Peak:0.00M | Scene, ViewLayer | Synchronizing object | Bangs_00
Fra:1 Mem:25.38M (Peak 25.38M) | Time:00:00.53 | Mem:0.00M, Peak:0.00M | Scene, ViewLayer | Synchronizing object | Bangs_01
Fra:1 Mem:25.39M (Peak 25.39M) | Time:00:00.53 | Mem:0.00M, Peak:0.00M | Scene, ViewLayer | Synchronizing object | Review_Rim
Fra:1 Mem:25.40M (Peak 25.40M) | Time:00:00.53 | Mem:0.00M, Peak:0.00M | Scene, ViewLayer | Synchronizing object | Bangs_02
Fra:1 Mem:25.40M (Peak 25.40M) | Time:00:00.53 | Mem:0.00M, Peak:0.00M | Scene, ViewLayer | Synchronizing object | Review_Fill
Fra:1 Mem:25.42M (Peak 25.42M) | Time:00:00.53 | Mem:0.00M, Peak:0.00M | Scene, ViewLayer | Synchronizing object | Review_Key
Fra:1 Mem:25.42M (Peak 25.42M) | Time:00:00.53 | Mem:0.00M, Peak:0.00M | Scene, ViewLayer | Synchronizing object | Review_Ground
Fra:1 Mem:25.42M (Peak 25.42M) | Time:00:00.53 | Mem:0.00M, Peak:0.00M | Scene, ViewLayer | Synchronizing object | Bangs_03
Fra:1 Mem:25.43M (Peak 25.43M) | Time:00:00.53 | Mem:0.00M, Peak:0.00M | Scene, ViewLayer | Synchronizing object | Tee_Bar
Fra:1 Mem:25.45M (Peak 25.45M) | Time:00:00.53 | Mem:0.00M, Peak:0.00M | Scene, ViewLayer | Synchronizing object | Tee_Dot_1.246
Fra:1 Mem:25.44M (Peak 25.45M) | Time:00:00.53 | Mem:0.00M, Peak:0.00M | Scene, ViewLayer | Synchronizing object | Bangs_04
Fra:1 Mem:25.46M (Peak 25.46M) | Time:00:00.53 | Mem:0.00M, Peak:0.00M | Scene, ViewLayer | Synchronizing object | Tee_Dot_1.275
Fra:1 Mem:25.48M (Peak 25.48M) | Time:00:00.53 | Mem:0.00M, Peak:0.00M | Scene, ViewLayer | Synchronizing object | Crown_0.R
Fra:1 Mem:25.48M (Peak 25.48M) | Time:00:00.53 | Mem:0.00M, Peak:0.00M | Scene, ViewLayer | Synchronizing object | Bangs_05
Fra:1 Mem:25.51M (Peak 25.51M) | Time:00:00.53 | Mem:0.00M, Peak:0.00M | Scene, ViewLayer | Synchronizing object | Crown_0.L
Fra:1 Mem:25.54M (Peak 25.54M) | Time:00:00.53 | Mem:0.00M, Peak:0.00M | Scene, ViewLayer | Synchronizing object | Temple_0.L
Fra:1 Mem:25.55M (Peak 25.55M) | Time:00:00.54 | Mem:0.00M, Peak:0.00M | Scene, ViewLayer | Synchronizing object | Temple_2.R
Fra:1 Mem:25.58M (Peak 25.58M) | Time:00:00.54 | Mem:0.00M, Peak:0.00M | Scene, ViewLayer | Synchronizing object | Temple_1.L
Fra:1 Mem:25.60M (Peak 25.60M) | Time:00:00.54 | Mem:0.00M, Peak:0.00M | Scene, ViewLayer | Synchronizing object | Temple_2.L
Fra:1 Mem:25.60M (Peak 25.60M) | Time:00:00.54 | Mem:0.00M, Peak:0.00M | Scene, ViewLayer | Synchronizing object | Temple_1.R
Fra:1 Mem:25.63M (Peak 25.63M) | Time:00:00.54 | Mem:0.00M, Peak:0.00M | Scene, ViewLayer | Synchronizing object | Temple_0.R
Fra:1 Mem:25.66M (Peak 25.66M) | Time:00:00.54 | Mem:0.00M, Peak:0.00M | Scene, ViewLayer | Initializing
Fra:1 Mem:21.07M (Peak 25.66M) | Time:00:00.54 | Mem:0.00M, Peak:0.00M | Scene, ViewLayer | Updating Images | Loading CHR001_GreyStudy_BaseColor
Fra:1 Mem:29.09M (Peak 33.08M) | Time:00:00.56 | Mem:4.00M, Peak:4.00M | Scene, ViewLayer | Updating Images | Loading CHR001_GreyStudy_Surface
Fra:1 Mem:30.39M (Peak 37.09M) | Time:00:00.57 | Mem:12.00M, Peak:12.00M | Scene, ViewLayer | Waiting for render to start
Fra:1 Mem:30.39M (Peak 37.09M) | Time:00:00.57 | Mem:12.00M, Peak:12.00M | Scene, ViewLayer | Updating Scene
Fra:1 Mem:30.39M (Peak 37.09M) | Time:00:00.57 | Mem:12.00M, Peak:12.00M | Scene, ViewLayer | Updating Shaders
Fra:1 Mem:30.39M (Peak 37.09M) | Time:00:00.57 | Mem:12.00M, Peak:12.00M | Scene, ViewLayer | Loading render kernels (may take a few minutes the first time)
Fra:1 Mem:30.47M (Peak 37.09M) | Time:00:00.57 | Mem:12.00M, Peak:12.00M | Scene, ViewLayer | Updating Procedurals
Fra:1 Mem:30.47M (Peak 37.09M) | Time:00:00.57 | Mem:12.00M, Peak:12.00M | Scene, ViewLayer | Updating Background
Fra:1 Mem:30.47M (Peak 37.09M) | Time:00:00.57 | Mem:12.00M, Peak:12.00M | Scene, ViewLayer | Updating Camera
Fra:1 Mem:30.47M (Peak 37.09M) | Time:00:00.57 | Mem:12.00M, Peak:12.00M | Scene, ViewLayer | Updating Meshes Flags
Fra:1 Mem:30.47M (Peak 37.09M) | Time:00:00.57 | Mem:12.00M, Peak:12.00M | Scene, ViewLayer | Updating Objects
Fra:1 Mem:30.47M (Peak 37.09M) | Time:00:00.57 | Mem:12.00M, Peak:12.00M | Scene, ViewLayer | Updating Objects | Copying Transformations to device
Fra:1 Mem:30.49M (Peak 37.09M) | Time:00:00.57 | Mem:12.02M, Peak:12.02M | Scene, ViewLayer | Updating Particle Systems
Fra:1 Mem:30.49M (Peak 37.09M) | Time:00:00.57 | Mem:12.02M, Peak:12.02M | Scene, ViewLayer | Updating Particle Systems | Copying Particles to device
Fra:1 Mem:30.49M (Peak 37.09M) | Time:00:00.57 | Mem:12.02M, Peak:12.02M | Scene, ViewLayer | Updating Meshes
Fra:1 Mem:32.71M (Peak 37.09M) | Time:00:00.58 | Mem:12.02M, Peak:12.02M | Scene, ViewLayer | Updating Objects | Applying Static Transformations
Fra:1 Mem:32.71M (Peak 37.09M) | Time:00:00.58 | Mem:12.02M, Peak:12.02M | Scene, ViewLayer | Updating Mesh | Computing attributes
Fra:1 Mem:35.63M (Peak 37.09M) | Time:00:00.58 | Mem:12.03M, Peak:12.03M | Scene, ViewLayer | Updating Mesh | Copying Attributes to device
Fra:1 Mem:35.61M (Peak 37.09M) | Time:00:00.58 | Mem:14.92M, Peak:14.92M | Scene, ViewLayer | Updating Scene BVH | Building
Fra:1 Mem:35.61M (Peak 37.09M) | Time:00:00.58 | Mem:14.92M, Peak:14.92M | Scene, ViewLayer | Updating Scene BVH | Building BVH
Fra:1 Mem:35.61M (Peak 37.09M) | Time:00:00.59 | Mem:16.11M, Peak:16.11M | Scene, ViewLayer | Updating Scene BVH | Building BVH 0%
Fra:1 Mem:35.61M (Peak 37.09M) | Time:00:00.60 | Mem:17.40M, Peak:18.58M | Scene, ViewLayer | Updating Scene BVH | Copying BVH to device
Fra:1 Mem:35.61M (Peak 37.09M) | Time:00:00.60 | Mem:17.40M, Peak:18.58M | Scene, ViewLayer | Updating Mesh | Computing normals
Fra:1 Mem:36.66M (Peak 37.09M) | Time:00:00.60 | Mem:17.40M, Peak:18.58M | Scene, ViewLayer | Updating Mesh | Copying Mesh to device
Fra:1 Mem:36.66M (Peak 37.09M) | Time:00:00.60 | Mem:18.45M, Peak:18.58M | Scene, ViewLayer | Updating Objects Flags
Fra:1 Mem:36.66M (Peak 37.09M) | Time:00:00.60 | Mem:18.45M, Peak:18.58M | Scene, ViewLayer | Updating Primitive Offsets
Fra:1 Mem:36.66M (Peak 37.09M) | Time:00:00.60 | Mem:18.45M, Peak:18.58M | Scene, ViewLayer | Updating Images
Fra:1 Mem:36.66M (Peak 37.09M) | Time:00:00.60 | Mem:18.45M, Peak:18.58M | Scene, ViewLayer | Updating Camera Volume
Fra:1 Mem:36.66M (Peak 37.09M) | Time:00:00.60 | Mem:18.45M, Peak:18.58M | Scene, ViewLayer | Updating Lookup Tables
Fra:1 Mem:36.66M (Peak 37.09M) | Time:00:00.60 | Mem:18.53M, Peak:18.58M | Scene, ViewLayer | Updating Lights
Fra:1 Mem:36.66M (Peak 37.09M) | Time:00:00.60 | Mem:18.53M, Peak:18.58M | Scene, ViewLayer | Updating Lights | Computing tree
Fra:1 Mem:36.66M (Peak 37.09M) | Time:00:00.60 | Mem:18.53M, Peak:18.58M | Scene, ViewLayer | Updating Integrator
Fra:1 Mem:36.66M (Peak 37.09M) | Time:00:00.60 | Mem:18.53M, Peak:18.58M | Scene, ViewLayer | Updating Film
Fra:1 Mem:36.67M (Peak 37.09M) | Time:00:00.60 | Mem:18.45M, Peak:18.58M | Scene, ViewLayer | Updating Lookup Tables
Fra:1 Mem:36.67M (Peak 37.09M) | Time:00:00.60 | Mem:18.53M, Peak:18.58M | Scene, ViewLayer | Updating Baking
Fra:1 Mem:36.67M (Peak 37.09M) | Time:00:00.60 | Mem:18.53M, Peak:18.58M | Scene, ViewLayer | Updating Device | Writing constant memory
Fra:1 Mem:36.67M (Peak 37.09M) | Time:00:00.60 | Mem:18.53M, Peak:18.58M | Scene, ViewLayer | Loading denoising kernels (may take a few minutes the first time)
Fra:1 Mem:36.67M (Peak 37.09M) | Time:00:00.60 | Mem:18.53M, Peak:18.58M | Scene, ViewLayer | Sample 0/12
Fra:1 Mem:53.58M (Peak 53.58M) | Time:00:00.78 | Remaining:00:02.03 | Mem:35.43M, Peak:35.43M | Scene, ViewLayer | Sample 1/12
Fra:1 Mem:60.69M (Peak 71.35M) | Time:00:04.56 | Mem:35.43M, Peak:35.43M | Scene, ViewLayer | Sample 12/12
Fra:1 Mem:60.69M (Peak 71.35M) | Time:00:04.56 | Mem:35.43M, Peak:35.43M | Scene, ViewLayer | Finished
Saved: '/home/lzzz/MyProjects/N-SIDE/output/jump-r1/CHR-001-jump-1.png'
Time: 00:04.58 (Saving: 00:00.01)

Fra:6 Mem:20.29M (Peak 20.56M) | Time:00:00.02 | Mem:0.00M, Peak:0.00M | Scene, ViewLayer | Synchronizing object | TShirt
Fra:6 Mem:20.45M (Peak 20.56M) | Time:00:00.02 | Mem:0.00M, Peak:0.00M | Scene, ViewLayer | Synchronizing object | TShirt_Collar
Fra:6 Mem:20.47M (Peak 20.56M) | Time:00:00.02 | Mem:0.00M, Peak:0.00M | Scene, ViewLayer | Synchronizing object | Hood
Fra:6 Mem:20.53M (Peak 20.56M) | Time:00:00.02 | Mem:0.00M, Peak:0.00M | Scene, ViewLayer | Synchronizing object | Sleeve_Cuff.L
Fra:6 Mem:20.54M (Peak 20.56M) | Time:00:00.02 | Mem:0.00M, Peak:0.00M | Scene, ViewLayer | Synchronizing object | Hood_Cord.L
Fra:6 Mem:20.57M (Peak 20.57M) | Time:00:00.03 | Mem:0.00M, Peak:0.00M | Scene, ViewLayer | Synchronizing object | Palm.L
Fra:6 Mem:20.63M (Peak 20.63M) | Time:00:00.03 | Mem:0.00M, Peak:0.00M | Scene, ViewLayer | Synchronizing object | Index_Mesh.L
Fra:6 Mem:20.66M (Peak 20.66M) | Time:00:00.03 | Mem:0.00M, Peak:0.00M | Scene, ViewLayer | Synchronizing object | Middle_Mesh.L
Fra:6 Mem:20.64M (Peak 20.66M) | Time:00:00.03 | Mem:0.00M, Peak:0.00M | Scene, ViewLayer | Synchronizing object | Ring_Mesh.L
Fra:6 Mem:20.64M (Peak 20.66M) | Time:00:00.03 | Mem:0.00M, Peak:0.00M | Scene, ViewLayer | Synchronizing object | Pinky_Mesh.L
Fra:6 Mem:20.65M (Peak 20.66M) | Time:00:00.03 | Mem:0.00M, Peak:0.00M | Scene, ViewLayer | Synchronizing object | Thumb_Mesh.L
Fra:6 Mem:20.83M (Peak 20.83M) | Time:00:00.06 | Mem:0.00M, Peak:0.00M | Scene, ViewLayer | Synchronizing object | Trousers.L
Fra:6 Mem:21.09M (Peak 21.09M) | Time:00:00.06 | Mem:0.00M, Peak:0.00M | Scene, ViewLayer | Synchronizing object | Sneaker_Sole.L
Fra:6 Mem:21.11M (Peak 21.11M) | Time:00:00.06 | Mem:0.00M, Peak:0.00M | Scene, ViewLayer | Synchronizing object | Sneaker_Upper.L
Fra:6 Mem:21.13M (Peak 21.13M) | Time:00:00.06 | Mem:0.00M, Peak:0.00M | Scene, ViewLayer | Synchronizing object | Sock.L
Fra:6 Mem:21.13M (Peak 21.13M) | Time:00:00.06 | Mem:0.00M, Peak:0.00M | Scene, ViewLayer | Synchronizing object | Lace_0.L
Fra:6 Mem:21.13M (Peak 21.13M) | Time:00:00.06 | Mem:0.00M, Peak:0.00M | Scene, ViewLayer | Synchronizing object | Lace_1.L
Fra:6 Mem:21.14M (Peak 21.14M) | Time:00:00.06 | Mem:0.00M, Peak:0.00M | Scene, ViewLayer | Synchronizing object | Lace_2.L
Fra:6 Mem:21.14M (Peak 21.14M) | Time:00:00.06 | Mem:0.00M, Peak:0.00M | Scene, ViewLayer | Synchronizing object | Lace_3.L
Fra:6 Mem:21.14M (Peak 21.14M) | Time:00:00.06 | Mem:0.00M, Peak:0.00M | Scene, ViewLayer | Synchronizing object | Heel_Tab.L
Fra:6 Mem:21.14M (Peak 21.14M) | Time:00:00.06 | Mem:0.00M, Peak:0.00M | Scene, ViewLayer | Synchronizing object | Sleeve_Cuff.R
Fra:6 Mem:21.15M (Peak 21.15M) | Time:00:00.06 | Mem:0.00M, Peak:0.00M | Scene, ViewLayer | Synchronizing object | Hood_Cord.R
Fra:6 Mem:21.19M (Peak 21.19M) | Time:00:00.07 | Mem:0.00M, Peak:0.00M | Scene, ViewLayer | Synchronizing object | Palm.R
Fra:6 Mem:21.24M (Peak 21.24M) | Time:00:00.07 | Mem:0.00M, Peak:0.00M | Scene, ViewLayer | Synchronizing object | Index_Mesh.R
Fra:6 Mem:21.25M (Peak 21.25M) | Time:00:00.07 | Mem:0.00M, Peak:0.00M | Scene, ViewLayer | Synchronizing object | Middle_Mesh.R
Fra:6 Mem:21.26M (Peak 21.26M) | Time:00:00.07 | Mem:0.00M, Peak:0.00M | Scene, ViewLayer | Synchronizing object | Ring_Mesh.R
Fra:6 Mem:21.25M (Peak 21.26M) | Time:00:00.07 | Mem:0.00M, Peak:0.00M | Scene, ViewLayer | Synchronizing object | Pinky_Mesh.R
Fra:6 Mem:21.26M (Peak 21.26M) | Time:00:00.07 | Mem:0.00M, Peak:0.00M | Scene, ViewLayer | Synchronizing object | Thumb_Mesh.R
Fra:6 Mem:21.45M (Peak 21.45M) | Time:00:00.10 | Mem:0.00M, Peak:0.00M | Scene, ViewLayer | Synchronizing object | Trousers.R
Fra:6 Mem:21.72M (Peak 21.72M) | Time:00:00.10 | Mem:0.00M, Peak:0.00M | Scene, ViewLayer | Synchronizing object | Sneaker_Sole.R
Fra:6 Mem:21.75M (Peak 21.75M) | Time:00:00.10 | Mem:0.00M, Peak:0.00M | Scene, ViewLayer | Synchronizing object | Sneaker_Upper.R
Fra:6 Mem:21.84M (Peak 21.84M) | Time:00:00.10 | Mem:0.00M, Peak:0.00M | Scene, ViewLayer | Synchronizing object | Sock.R
Fra:6 Mem:21.85M (Peak 21.85M) | Time:00:00.10 | Mem:0.00M, Peak:0.00M | Scene, ViewLayer | Synchronizing object | Lace_0.R
Fra:6 Mem:21.78M (Peak 21.85M) | Time:00:00.10 | Mem:0.00M, Peak:0.00M | Scene, ViewLayer | Synchronizing object | Lace_1.R
Fra:6 Mem:21.78M (Peak 21.85M) | Time:00:00.10 | Mem:0.00M, Peak:0.00M | Scene, ViewLayer | Synchronizing object | Lace_2.R
Fra:6 Mem:21.78M (Peak 21.85M) | Time:00:00.10 | Mem:0.00M, Peak:0.00M | Scene, ViewLayer | Synchronizing object | Lace_3.R
Fra:6 Mem:21.76M (Peak 21.85M) | Time:00:00.10 | Mem:0.00M, Peak:0.00M | Scene, ViewLayer | Synchronizing object | Heel_Tab.R
Fra:6 Mem:22.34M (Peak 22.34M) | Time:00:00.13 | Mem:0.00M, Peak:0.00M | Scene, ViewLayer | Synchronizing object | Jacket_ContinuousShoulders
Fra:6 Mem:23.56M (Peak 23.56M) | Time:00:00.44 | Mem:0.00M, Peak:0.00M | Scene, ViewLayer | Synchronizing object | Face_Head
Fra:6 Mem:24.23M (Peak 24.23M) | Time:00:00.45 | Mem:0.00M, Peak:0.00M | Scene, ViewLayer | Synchronizing object | Ear.L
Fra:6 Mem:24.28M (Peak 24.28M) | Time:00:00.45 | Mem:0.00M, Peak:0.00M | Scene, ViewLayer | Synchronizing object | Ear_Fold.L
Fra:6 Mem:24.33M (Peak 24.33M) | Time:00:00.46 | Mem:0.00M, Peak:0.00M | Scene, ViewLayer | Synchronizing object | Ear.R
Fra:6 Mem:24.39M (Peak 24.39M) | Time:00:00.46 | Mem:0.00M, Peak:0.00M | Scene, ViewLayer | Synchronizing object | Ear_Fold.R
Fra:6 Mem:24.40M (Peak 24.40M) | Time:00:00.46 | Mem:0.00M, Peak:0.00M | Scene, ViewLayer | Synchronizing object | Eye_White.L
Fra:6 Mem:24.40M (Peak 24.40M) | Time:00:00.46 | Mem:0.00M, Peak:0.00M | Scene, ViewLayer | Synchronizing object | Iris_hair.L
Fra:6 Mem:24.41M (Peak 24.41M) | Time:00:00.46 | Mem:0.00M, Peak:0.00M | Scene, ViewLayer | Synchronizing object | Iris_ink.L
Fra:6 Mem:24.42M (Peak 24.42M) | Time:00:00.46 | Mem:0.00M, Peak:0.00M | Scene, ViewLayer | Synchronizing object | Eye_Glint.L
Fra:6 Mem:24.43M (Peak 24.43M) | Time:00:00.46 | Mem:0.00M, Peak:0.00M | Scene, ViewLayer | Synchronizing object | Upper_Lid.L
Fra:6 Mem:24.44M (Peak 24.44M) | Time:00:00.46 | Mem:0.00M, Peak:0.00M | Scene, ViewLayer | Synchronizing object | Lower_Lid.L
Fra:6 Mem:24.44M (Peak 24.44M) | Time:00:00.46 | Mem:0.00M, Peak:0.00M | Scene, ViewLayer | Synchronizing object | Eyebrow.L
Fra:6 Mem:24.45M (Peak 24.45M) | Time:00:00.46 | Mem:0.00M, Peak:0.00M | Scene, ViewLayer | Synchronizing object | Eye_White.R
Fra:6 Mem:24.45M (Peak 24.45M) | Time:00:00.46 | Mem:0.00M, Peak:0.00M | Scene, ViewLayer | Synchronizing object | Iris_hair.R
Fra:6 Mem:24.46M (Peak 24.46M) | Time:00:00.46 | Mem:0.00M, Peak:0.00M | Scene, ViewLayer | Synchronizing object | Iris_ink.R
Fra:6 Mem:24.47M (Peak 24.47M) | Time:00:00.46 | Mem:0.00M, Peak:0.00M | Scene, ViewLayer | Synchronizing object | Eye_Glint.R
Fra:6 Mem:24.48M (Peak 24.48M) | Time:00:00.46 | Mem:0.00M, Peak:0.00M | Scene, ViewLayer | Synchronizing object | Upper_Lid.R
Fra:6 Mem:24.49M (Peak 24.49M) | Time:00:00.46 | Mem:0.00M, Peak:0.00M | Scene, ViewLayer | Synchronizing object | Lower_Lid.R
Fra:6 Mem:24.49M (Peak 24.49M) | Time:00:00.46 | Mem:0.00M, Peak:0.00M | Scene, ViewLayer | Synchronizing object | Eyebrow.R
Fra:6 Mem:24.50M (Peak 24.50M) | Time:00:00.46 | Mem:0.00M, Peak:0.00M | Scene, ViewLayer | Synchronizing object | Mouth
Fra:6 Mem:24.51M (Peak 24.51M) | Time:00:00.46 | Mem:0.00M, Peak:0.00M | Scene, ViewLayer | Synchronizing object | Hair_Cap
Fra:6 Mem:25.31M (Peak 25.31M) | Time:00:00.49 | Mem:0.00M, Peak:0.00M | Scene, ViewLayer | Synchronizing object | Hair_CrownBase
Fra:6 Mem:25.40M (Peak 25.40M) | Time:00:00.49 | Mem:0.00M, Peak:0.00M | Scene, ViewLayer | Synchronizing object | Review_Rim
Fra:6 Mem:25.40M (Peak 25.40M) | Time:00:00.49 | Mem:0.00M, Peak:0.00M | Scene, ViewLayer | Synchronizing object | Review_Fill
Fra:6 Mem:25.42M (Peak 25.42M) | Time:00:00.49 | Mem:0.00M, Peak:0.00M | Scene, ViewLayer | Synchronizing object | Review_Key
Fra:6 Mem:25.42M (Peak 25.42M) | Time:00:00.49 | Mem:0.00M, Peak:0.00M | Scene, ViewLayer | Synchronizing object | Review_Ground
Fra:6 Mem:25.40M (Peak 25.42M) | Time:00:00.49 | Mem:0.00M, Peak:0.00M | Scene, ViewLayer | Synchronizing object | Bangs_00
Fra:6 Mem:25.40M (Peak 25.42M) | Time:00:00.49 | Mem:0.00M, Peak:0.00M | Scene, ViewLayer | Synchronizing object | Tee_Bar
Fra:6 Mem:25.42M (Peak 25.42M) | Time:00:00.49 | Mem:0.00M, Peak:0.00M | Scene, ViewLayer | Synchronizing object | Bangs_01
Fra:6 Mem:25.43M (Peak 25.43M) | Time:00:00.49 | Mem:0.00M, Peak:0.00M | Scene, ViewLayer | Synchronizing object | Tee_Dot_1.246
Fra:6 Mem:25.44M (Peak 25.44M) | Time:00:00.49 | Mem:0.00M, Peak:0.00M | Scene, ViewLayer | Synchronizing object | Bangs_02
Fra:6 Mem:25.45M (Peak 25.45M) | Time:00:00.49 | Mem:0.00M, Peak:0.00M | Scene, ViewLayer | Synchronizing object | Tee_Dot_1.275
Fra:6 Mem:25.47M (Peak 25.47M) | Time:00:00.49 | Mem:0.00M, Peak:0.00M | Scene, ViewLayer | Synchronizing object | Bangs_03
Fra:6 Mem:25.47M (Peak 25.47M) | Time:00:00.49 | Mem:0.00M, Peak:0.00M | Scene, ViewLayer | Synchronizing object | Crown_0.R
Fra:6 Mem:25.49M (Peak 25.49M) | Time:00:00.49 | Mem:0.00M, Peak:0.00M | Scene, ViewLayer | Synchronizing object | Bangs_04
Fra:6 Mem:25.52M (Peak 25.52M) | Time:00:00.49 | Mem:0.00M, Peak:0.00M | Scene, ViewLayer | Synchronizing object | Crown_0.L
Fra:6 Mem:25.54M (Peak 25.54M) | Time:00:00.49 | Mem:0.00M, Peak:0.00M | Scene, ViewLayer | Synchronizing object | Bangs_05
Fra:6 Mem:25.54M (Peak 25.54M) | Time:00:00.49 | Mem:0.00M, Peak:0.00M | Scene, ViewLayer | Synchronizing object | Temple_2.R
Fra:6 Mem:25.57M (Peak 25.57M) | Time:00:00.49 | Mem:0.00M, Peak:0.00M | Scene, ViewLayer | Synchronizing object | Temple_0.L
Fra:6 Mem:25.58M (Peak 25.58M) | Time:00:00.49 | Mem:0.00M, Peak:0.00M | Scene, ViewLayer | Synchronizing object | Temple_1.R
Fra:6 Mem:25.59M (Peak 25.59M) | Time:00:00.49 | Mem:0.00M, Peak:0.00M | Scene, ViewLayer | Synchronizing object | Temple_1.L
Fra:6 Mem:25.62M (Peak 25.62M) | Time:00:00.49 | Mem:0.00M, Peak:0.00M | Scene, ViewLayer | Synchronizing object | Temple_2.L
Fra:6 Mem:25.63M (Peak 25.63M) | Time:00:00.49 | Mem:0.00M, Peak:0.00M | Scene, ViewLayer | Synchronizing object | Temple_0.R
Fra:6 Mem:25.66M (Peak 25.66M) | Time:00:00.49 | Mem:0.00M, Peak:0.00M | Scene, ViewLayer | Initializing
Fra:6 Mem:21.07M (Peak 25.66M) | Time:00:00.49 | Mem:0.00M, Peak:0.00M | Scene, ViewLayer | Updating Images | Loading CHR001_GreyStudy_BaseColor
Fra:6 Mem:21.07M (Peak 25.66M) | Time:00:00.49 | Mem:0.00M, Peak:0.00M | Scene, ViewLayer | Updating Images | Loading CHR001_GreyStudy_Normal
Fra:6 Mem:33.09M (Peak 37.09M) | Time:00:00.50 | Mem:4.00M, Peak:4.00M | Scene, ViewLayer | Updating Images | Loading CHR001_GreyStudy_Surface
Fra:6 Mem:30.39M (Peak 37.09M) | Time:00:00.51 | Mem:12.00M, Peak:12.00M | Scene, ViewLayer | Waiting for render to start
Fra:6 Mem:30.39M (Peak 37.09M) | Time:00:00.51 | Mem:12.00M, Peak:12.00M | Scene, ViewLayer | Updating Scene
Fra:6 Mem:30.39M (Peak 37.09M) | Time:00:00.51 | Mem:12.00M, Peak:12.00M | Scene, ViewLayer | Updating Shaders
Fra:6 Mem:30.39M (Peak 37.09M) | Time:00:00.51 | Mem:12.00M, Peak:12.00M | Scene, ViewLayer | Loading render kernels (may take a few minutes the first time)
Fra:6 Mem:30.47M (Peak 37.09M) | Time:00:00.51 | Mem:12.00M, Peak:12.00M | Scene, ViewLayer | Updating Procedurals
Fra:6 Mem:30.47M (Peak 37.09M) | Time:00:00.51 | Mem:12.00M, Peak:12.00M | Scene, ViewLayer | Updating Background
Fra:6 Mem:30.47M (Peak 37.09M) | Time:00:00.51 | Mem:12.00M, Peak:12.00M | Scene, ViewLayer | Updating Camera
Fra:6 Mem:30.47M (Peak 37.09M) | Time:00:00.51 | Mem:12.00M, Peak:12.00M | Scene, ViewLayer | Updating Meshes Flags
Fra:6 Mem:30.47M (Peak 37.09M) | Time:00:00.51 | Mem:12.00M, Peak:12.00M | Scene, ViewLayer | Updating Objects
Fra:6 Mem:30.47M (Peak 37.09M) | Time:00:00.51 | Mem:12.00M, Peak:12.00M | Scene, ViewLayer | Updating Objects | Copying Transformations to device
Fra:6 Mem:30.49M (Peak 37.09M) | Time:00:00.51 | Mem:12.02M, Peak:12.02M | Scene, ViewLayer | Updating Particle Systems
Fra:6 Mem:30.49M (Peak 37.09M) | Time:00:00.51 | Mem:12.02M, Peak:12.02M | Scene, ViewLayer | Updating Particle Systems | Copying Particles to device
Fra:6 Mem:30.49M (Peak 37.09M) | Time:00:00.51 | Mem:12.02M, Peak:12.02M | Scene, ViewLayer | Updating Meshes
Fra:6 Mem:32.71M (Peak 37.09M) | Time:00:00.52 | Mem:12.02M, Peak:12.02M | Scene, ViewLayer | Updating Objects | Applying Static Transformations
Fra:6 Mem:32.71M (Peak 37.09M) | Time:00:00.52 | Mem:12.02M, Peak:12.02M | Scene, ViewLayer | Updating Mesh | Computing attributes
Fra:6 Mem:35.63M (Peak 37.09M) | Time:00:00.53 | Mem:12.03M, Peak:12.03M | Scene, ViewLayer | Updating Mesh | Copying Attributes to device
Fra:6 Mem:35.61M (Peak 37.09M) | Time:00:00.53 | Mem:14.92M, Peak:14.92M | Scene, ViewLayer | Updating Scene BVH | Building
Fra:6 Mem:35.61M (Peak 37.09M) | Time:00:00.53 | Mem:14.92M, Peak:14.92M | Scene, ViewLayer | Updating Scene BVH | Building BVH
Fra:6 Mem:35.61M (Peak 37.09M) | Time:00:00.53 | Mem:16.11M, Peak:16.11M | Scene, ViewLayer | Updating Scene BVH | Building BVH 0%
Fra:6 Mem:35.61M (Peak 37.09M) | Time:00:00.53 | Mem:17.40M, Peak:18.58M | Scene, ViewLayer | Updating Scene BVH | Copying BVH to device
Fra:6 Mem:35.61M (Peak 37.09M) | Time:00:00.53 | Mem:17.40M, Peak:18.58M | Scene, ViewLayer | Updating Mesh | Computing normals
Fra:6 Mem:36.66M (Peak 37.09M) | Time:00:00.53 | Mem:17.40M, Peak:18.58M | Scene, ViewLayer | Updating Mesh | Copying Mesh to device
Fra:6 Mem:36.66M (Peak 37.09M) | Time:00:00.53 | Mem:18.45M, Peak:18.58M | Scene, ViewLayer | Updating Objects Flags
Fra:6 Mem:36.66M (Peak 37.09M) | Time:00:00.53 | Mem:18.45M, Peak:18.58M | Scene, ViewLayer | Updating Primitive Offsets
Fra:6 Mem:36.66M (Peak 37.09M) | Time:00:00.53 | Mem:18.45M, Peak:18.58M | Scene, ViewLayer | Updating Images
Fra:6 Mem:36.66M (Peak 37.09M) | Time:00:00.53 | Mem:18.45M, Peak:18.58M | Scene, ViewLayer | Updating Camera Volume
Fra:6 Mem:36.66M (Peak 37.09M) | Time:00:00.53 | Mem:18.45M, Peak:18.58M | Scene, ViewLayer | Updating Lookup Tables
Fra:6 Mem:36.66M (Peak 37.09M) | Time:00:00.53 | Mem:18.53M, Peak:18.58M | Scene, ViewLayer | Updating Lights
Fra:6 Mem:36.66M (Peak 37.09M) | Time:00:00.53 | Mem:18.53M, Peak:18.58M | Scene, ViewLayer | Updating Lights | Computing tree
Fra:6 Mem:36.66M (Peak 37.09M) | Time:00:00.53 | Mem:18.53M, Peak:18.58M | Scene, ViewLayer | Updating Integrator
Fra:6 Mem:36.66M (Peak 37.09M) | Time:00:00.53 | Mem:18.53M, Peak:18.58M | Scene, ViewLayer | Updating Film
Fra:6 Mem:36.67M (Peak 37.09M) | Time:00:00.53 | Mem:18.45M, Peak:18.58M | Scene, ViewLayer | Updating Lookup Tables
Fra:6 Mem:36.67M (Peak 37.09M) | Time:00:00.53 | Mem:18.53M, Peak:18.58M | Scene, ViewLayer | Updating Baking
Fra:6 Mem:36.67M (Peak 37.09M) | Time:00:00.53 | Mem:18.53M, Peak:18.58M | Scene, ViewLayer | Updating Device | Writing constant memory
Fra:6 Mem:36.67M (Peak 37.09M) | Time:00:00.53 | Mem:18.53M, Peak:18.58M | Scene, ViewLayer | Loading denoising kernels (may take a few minutes the first time)
Fra:6 Mem:36.67M (Peak 37.09M) | Time:00:00.53 | Mem:18.53M, Peak:18.58M | Scene, ViewLayer | Sample 0/12
Fra:6 Mem:53.58M (Peak 53.58M) | Time:00:00.71 | Remaining:00:01.93 | Mem:35.43M, Peak:35.43M | Scene, ViewLayer | Sample 1/12
Fra:6 Mem:60.69M (Peak 71.35M) | Time:00:04.50 | Mem:35.43M, Peak:35.43M | Scene, ViewLayer | Sample 12/12
Fra:6 Mem:60.69M (Peak 71.35M) | Time:00:04.50 | Mem:35.43M, Peak:35.43M | Scene, ViewLayer | Finished
Saved: '/home/lzzz/MyProjects/N-SIDE/output/jump-r1/CHR-001-jump-6.png'
Time: 00:04.52 (Saving: 00:00.01)

Fra:21 Mem:20.30M (Peak 20.56M) | Time:00:00.02 | Mem:0.00M, Peak:0.00M | Scene, ViewLayer | Synchronizing object | TShirt
Fra:21 Mem:20.45M (Peak 20.56M) | Time:00:00.02 | Mem:0.00M, Peak:0.00M | Scene, ViewLayer | Synchronizing object | TShirt_Collar
Fra:21 Mem:20.47M (Peak 20.56M) | Time:00:00.02 | Mem:0.00M, Peak:0.00M | Scene, ViewLayer | Synchronizing object | Hood
Fra:21 Mem:20.53M (Peak 20.56M) | Time:00:00.02 | Mem:0.00M, Peak:0.00M | Scene, ViewLayer | Synchronizing object | Sleeve_Cuff.L
Fra:21 Mem:20.54M (Peak 20.56M) | Time:00:00.02 | Mem:0.00M, Peak:0.00M | Scene, ViewLayer | Synchronizing object | Hood_Cord.L
Fra:21 Mem:20.57M (Peak 20.57M) | Time:00:00.03 | Mem:0.00M, Peak:0.00M | Scene, ViewLayer | Synchronizing object | Palm.L
Fra:21 Mem:20.63M (Peak 20.63M) | Time:00:00.03 | Mem:0.00M, Peak:0.00M | Scene, ViewLayer | Synchronizing object | Index_Mesh.L
Fra:21 Mem:20.66M (Peak 20.66M) | Time:00:00.03 | Mem:0.00M, Peak:0.00M | Scene, ViewLayer | Synchronizing object | Middle_Mesh.L
Fra:21 Mem:20.64M (Peak 20.66M) | Time:00:00.03 | Mem:0.00M, Peak:0.00M | Scene, ViewLayer | Synchronizing object | Ring_Mesh.L
Fra:21 Mem:20.64M (Peak 20.66M) | Time:00:00.03 | Mem:0.00M, Peak:0.00M | Scene, ViewLayer | Synchronizing object | Pinky_Mesh.L
Fra:21 Mem:20.65M (Peak 20.66M) | Time:00:00.03 | Mem:0.00M, Peak:0.00M | Scene, ViewLayer | Synchronizing object | Thumb_Mesh.L
Fra:21 Mem:20.83M (Peak 20.83M) | Time:00:00.06 | Mem:0.00M, Peak:0.00M | Scene, ViewLayer | Synchronizing object | Trousers.L
Fra:21 Mem:21.09M (Peak 21.09M) | Time:00:00.06 | Mem:0.00M, Peak:0.00M | Scene, ViewLayer | Synchronizing object | Sneaker_Sole.L
Fra:21 Mem:21.11M (Peak 21.11M) | Time:00:00.06 | Mem:0.00M, Peak:0.00M | Scene, ViewLayer | Synchronizing object | Sneaker_Upper.L
Fra:21 Mem:21.13M (Peak 21.13M) | Time:00:00.06 | Mem:0.00M, Peak:0.00M | Scene, ViewLayer | Synchronizing object | Sock.L
Fra:21 Mem:21.13M (Peak 21.13M) | Time:00:00.06 | Mem:0.00M, Peak:0.00M | Scene, ViewLayer | Synchronizing object | Lace_0.L
Fra:21 Mem:21.13M (Peak 21.13M) | Time:00:00.06 | Mem:0.00M, Peak:0.00M | Scene, ViewLayer | Synchronizing object | Lace_1.L
Fra:21 Mem:21.14M (Peak 21.14M) | Time:00:00.06 | Mem:0.00M, Peak:0.00M | Scene, ViewLayer | Synchronizing object | Lace_2.L
Fra:21 Mem:21.14M (Peak 21.14M) | Time:00:00.06 | Mem:0.00M, Peak:0.00M | Scene, ViewLayer | Synchronizing object | Lace_3.L
Fra:21 Mem:21.14M (Peak 21.14M) | Time:00:00.06 | Mem:0.00M, Peak:0.00M | Scene, ViewLayer | Synchronizing object | Heel_Tab.L
Fra:21 Mem:21.14M (Peak 21.14M) | Time:00:00.06 | Mem:0.00M, Peak:0.00M | Scene, ViewLayer | Synchronizing object | Sleeve_Cuff.R
Fra:21 Mem:21.15M (Peak 21.15M) | Time:00:00.06 | Mem:0.00M, Peak:0.00M | Scene, ViewLayer | Synchronizing object | Hood_Cord.R
Fra:21 Mem:21.19M (Peak 21.19M) | Time:00:00.07 | Mem:0.00M, Peak:0.00M | Scene, ViewLayer | Synchronizing object | Palm.R
Fra:21 Mem:21.24M (Peak 21.24M) | Time:00:00.07 | Mem:0.00M, Peak:0.00M | Scene, ViewLayer | Synchronizing object | Index_Mesh.R
Fra:21 Mem:21.25M (Peak 21.25M) | Time:00:00.07 | Mem:0.00M, Peak:0.00M | Scene, ViewLayer | Synchronizing object | Middle_Mesh.R
Fra:21 Mem:21.25M (Peak 21.25M) | Time:00:00.07 | Mem:0.00M, Peak:0.00M | Scene, ViewLayer | Synchronizing object | Ring_Mesh.R
Fra:21 Mem:21.26M (Peak 21.26M) | Time:00:00.07 | Mem:0.00M, Peak:0.00M | Scene, ViewLayer | Synchronizing object | Pinky_Mesh.R
Fra:21 Mem:21.27M (Peak 21.27M) | Time:00:00.07 | Mem:0.00M, Peak:0.00M | Scene, ViewLayer | Synchronizing object | Thumb_Mesh.R
Fra:21 Mem:21.45M (Peak 21.45M) | Time:00:00.09 | Mem:0.00M, Peak:0.00M | Scene, ViewLayer | Synchronizing object | Trousers.R
Fra:21 Mem:21.72M (Peak 21.72M) | Time:00:00.09 | Mem:0.00M, Peak:0.00M | Scene, ViewLayer | Synchronizing object | Sneaker_Sole.R
Fra:21 Mem:21.82M (Peak 21.82M) | Time:00:00.09 | Mem:0.00M, Peak:0.00M | Scene, ViewLayer | Synchronizing object | Sneaker_Upper.R
Fra:21 Mem:21.84M (Peak 21.84M) | Time:00:00.09 | Mem:0.00M, Peak:0.00M | Scene, ViewLayer | Synchronizing object | Sock.R
Fra:21 Mem:21.78M (Peak 21.84M) | Time:00:00.09 | Mem:0.00M, Peak:0.00M | Scene, ViewLayer | Synchronizing object | Lace_0.R
Fra:21 Mem:21.78M (Peak 21.84M) | Time:00:00.09 | Mem:0.00M, Peak:0.00M | Scene, ViewLayer | Synchronizing object | Lace_1.R
Fra:21 Mem:21.78M (Peak 21.84M) | Time:00:00.09 | Mem:0.00M, Peak:0.00M | Scene, ViewLayer | Synchronizing object | Lace_2.R
Fra:21 Mem:21.75M (Peak 21.84M) | Time:00:00.09 | Mem:0.00M, Peak:0.00M | Scene, ViewLayer | Synchronizing object | Lace_3.R
Fra:21 Mem:21.76M (Peak 21.84M) | Time:00:00.09 | Mem:0.00M, Peak:0.00M | Scene, ViewLayer | Synchronizing object | Heel_Tab.R
Fra:21 Mem:22.34M (Peak 22.34M) | Time:00:00.13 | Mem:0.00M, Peak:0.00M | Scene, ViewLayer | Synchronizing object | Jacket_ContinuousShoulders
Fra:21 Mem:23.56M (Peak 23.56M) | Time:00:00.45 | Mem:0.00M, Peak:0.00M | Scene, ViewLayer | Synchronizing object | Face_Head
Fra:21 Mem:24.23M (Peak 24.23M) | Time:00:00.46 | Mem:0.00M, Peak:0.00M | Scene, ViewLayer | Synchronizing object | Ear.L
Fra:21 Mem:24.28M (Peak 24.28M) | Time:00:00.46 | Mem:0.00M, Peak:0.00M | Scene, ViewLayer | Synchronizing object | Ear_Fold.L
Fra:21 Mem:24.33M (Peak 24.33M) | Time:00:00.47 | Mem:0.00M, Peak:0.00M | Scene, ViewLayer | Synchronizing object | Ear.R
Fra:21 Mem:24.39M (Peak 24.39M) | Time:00:00.47 | Mem:0.00M, Peak:0.00M | Scene, ViewLayer | Synchronizing object | Ear_Fold.R
Fra:21 Mem:24.40M (Peak 24.40M) | Time:00:00.47 | Mem:0.00M, Peak:0.00M | Scene, ViewLayer | Synchronizing object | Eye_White.L
Fra:21 Mem:24.40M (Peak 24.40M) | Time:00:00.47 | Mem:0.00M, Peak:0.00M | Scene, ViewLayer | Synchronizing object | Iris_hair.L
Fra:21 Mem:24.41M (Peak 24.41M) | Time:00:00.47 | Mem:0.00M, Peak:0.00M | Scene, ViewLayer | Synchronizing object | Iris_ink.L
Fra:21 Mem:24.42M (Peak 24.42M) | Time:00:00.47 | Mem:0.00M, Peak:0.00M | Scene, ViewLayer | Synchronizing object | Eye_Glint.L
Fra:21 Mem:24.43M (Peak 24.43M) | Time:00:00.47 | Mem:0.00M, Peak:0.00M | Scene, ViewLayer | Synchronizing object | Upper_Lid.L
Fra:21 Mem:24.44M (Peak 24.44M) | Time:00:00.47 | Mem:0.00M, Peak:0.00M | Scene, ViewLayer | Synchronizing object | Lower_Lid.L
Fra:21 Mem:24.44M (Peak 24.44M) | Time:00:00.47 | Mem:0.00M, Peak:0.00M | Scene, ViewLayer | Synchronizing object | Eyebrow.L
Fra:21 Mem:24.45M (Peak 24.45M) | Time:00:00.47 | Mem:0.00M, Peak:0.00M | Scene, ViewLayer | Synchronizing object | Eye_White.R
Fra:21 Mem:24.45M (Peak 24.45M) | Time:00:00.47 | Mem:0.00M, Peak:0.00M | Scene, ViewLayer | Synchronizing object | Iris_hair.R
Fra:21 Mem:24.46M (Peak 24.46M) | Time:00:00.47 | Mem:0.00M, Peak:0.00M | Scene, ViewLayer | Synchronizing object | Iris_ink.R
Fra:21 Mem:24.47M (Peak 24.47M) | Time:00:00.47 | Mem:0.00M, Peak:0.00M | Scene, ViewLayer | Synchronizing object | Eye_Glint.R
Fra:21 Mem:24.48M (Peak 24.48M) | Time:00:00.47 | Mem:0.00M, Peak:0.00M | Scene, ViewLayer | Synchronizing object | Upper_Lid.R
Fra:21 Mem:24.49M (Peak 24.49M) | Time:00:00.47 | Mem:0.00M, Peak:0.00M | Scene, ViewLayer | Synchronizing object | Lower_Lid.R
Fra:21 Mem:24.49M (Peak 24.49M) | Time:00:00.47 | Mem:0.00M, Peak:0.00M | Scene, ViewLayer | Synchronizing object | Eyebrow.R
Fra:21 Mem:24.50M (Peak 24.50M) | Time:00:00.47 | Mem:0.00M, Peak:0.00M | Scene, ViewLayer | Synchronizing object | Mouth
Fra:21 Mem:24.51M (Peak 24.51M) | Time:00:00.47 | Mem:0.00M, Peak:0.00M | Scene, ViewLayer | Synchronizing object | Hair_Cap
Fra:21 Mem:25.31M (Peak 25.31M) | Time:00:00.50 | Mem:0.00M, Peak:0.00M | Scene, ViewLayer | Synchronizing object | Hair_CrownBase
Fra:21 Mem:25.40M (Peak 25.40M) | Time:00:00.50 | Mem:0.00M, Peak:0.00M | Scene, ViewLayer | Synchronizing object | Review_Rim
Fra:21 Mem:25.40M (Peak 25.40M) | Time:00:00.50 | Mem:0.00M, Peak:0.00M | Scene, ViewLayer | Synchronizing object | Bangs_00
Fra:21 Mem:25.40M (Peak 25.40M) | Time:00:00.50 | Mem:0.00M, Peak:0.00M | Scene, ViewLayer | Synchronizing object | Review_Key
Fra:21 Mem:25.40M (Peak 25.40M) | Time:00:00.50 | Mem:0.00M, Peak:0.00M | Scene, ViewLayer | Synchronizing object | Review_Ground
Fra:21 Mem:25.42M (Peak 25.42M) | Time:00:00.50 | Mem:0.00M, Peak:0.00M | Scene, ViewLayer | Synchronizing object | Tee_Bar
Fra:21 Mem:25.42M (Peak 25.42M) | Time:00:00.50 | Mem:0.00M, Peak:0.00M | Scene, ViewLayer | Synchronizing object | Tee_Dot_1.246
Fra:21 Mem:25.42M (Peak 25.42M) | Time:00:00.50 | Mem:0.00M, Peak:0.00M | Scene, ViewLayer | Synchronizing object | Bangs_01
Fra:21 Mem:25.44M (Peak 25.44M) | Time:00:00.50 | Mem:0.00M, Peak:0.00M | Scene, ViewLayer | Synchronizing object | Tee_Dot_1.275
Fra:21 Mem:25.45M (Peak 25.45M) | Time:00:00.50 | Mem:0.00M, Peak:0.00M | Scene, ViewLayer | Synchronizing object | Crown_0.R
Fra:21 Mem:25.45M (Peak 25.45M) | Time:00:00.50 | Mem:0.00M, Peak:0.00M | Scene, ViewLayer | Synchronizing object | Bangs_02
Fra:21 Mem:25.48M (Peak 25.48M) | Time:00:00.50 | Mem:0.00M, Peak:0.00M | Scene, ViewLayer | Synchronizing object | Crown_0.L
Fra:21 Mem:25.49M (Peak 25.49M) | Time:00:00.50 | Mem:0.00M, Peak:0.00M | Scene, ViewLayer | Synchronizing object | Bangs_03
Fra:21 Mem:25.52M (Peak 25.52M) | Time:00:00.50 | Mem:0.00M, Peak:0.00M | Scene, ViewLayer | Synchronizing object | Bangs_04
Fra:21 Mem:25.53M (Peak 25.53M) | Time:00:00.50 | Mem:0.00M, Peak:0.00M | Scene, ViewLayer | Synchronizing object | Temple_2.R
Fra:21 Mem:25.54M (Peak 25.54M) | Time:00:00.50 | Mem:0.00M, Peak:0.00M | Scene, ViewLayer | Synchronizing object | Bangs_05
Fra:21 Mem:25.58M (Peak 25.58M) | Time:00:00.50 | Mem:0.00M, Peak:0.00M | Scene, ViewLayer | Synchronizing object | Temple_0.L
Fra:21 Mem:25.57M (Peak 25.58M) | Time:00:00.50 | Mem:0.00M, Peak:0.00M | Scene, ViewLayer | Synchronizing object | Temple_1.R
Fra:21 Mem:25.60M (Peak 25.60M) | Time:00:00.50 | Mem:0.00M, Peak:0.00M | Scene, ViewLayer | Synchronizing object | Temple_1.L
Fra:21 Mem:25.63M (Peak 25.63M) | Time:00:00.50 | Mem:0.00M, Peak:0.00M | Scene, ViewLayer | Synchronizing object | Temple_0.R
Fra:21 Mem:25.63M (Peak 25.63M) | Time:00:00.50 | Mem:0.00M, Peak:0.00M | Scene, ViewLayer | Synchronizing object | Temple_2.L
Fra:21 Mem:25.66M (Peak 25.66M) | Time:00:00.50 | Mem:0.00M, Peak:0.00M | Scene, ViewLayer | Initializing
Fra:21 Mem:21.07M (Peak 25.66M) | Time:00:00.50 | Mem:0.00M, Peak:0.00M | Scene, ViewLayer | Updating Images | Loading CHR001_GreyStudy_Normal
Fra:21 Mem:33.09M (Peak 37.09M) | Time:00:00.51 | Mem:4.00M, Peak:4.00M | Scene, ViewLayer | Updating Images | Loading CHR001_GreyStudy_Surface
Fra:21 Mem:30.39M (Peak 37.09M) | Time:00:00.52 | Mem:12.00M, Peak:12.00M | Scene, ViewLayer | Waiting for render to start
Fra:21 Mem:30.39M (Peak 37.09M) | Time:00:00.52 | Mem:12.00M, Peak:12.00M | Scene, ViewLayer | Updating Scene
Fra:21 Mem:30.39M (Peak 37.09M) | Time:00:00.52 | Mem:12.00M, Peak:12.00M | Scene, ViewLayer | Updating Shaders
Fra:21 Mem:30.39M (Peak 37.09M) | Time:00:00.52 | Mem:12.00M, Peak:12.00M | Scene, ViewLayer | Loading render kernels (may take a few minutes the first time)
Fra:21 Mem:30.47M (Peak 37.09M) | Time:00:00.52 | Mem:12.00M, Peak:12.00M | Scene, ViewLayer | Updating Procedurals
Fra:21 Mem:30.47M (Peak 37.09M) | Time:00:00.52 | Mem:12.00M, Peak:12.00M | Scene, ViewLayer | Updating Background
Fra:21 Mem:30.47M (Peak 37.09M) | Time:00:00.52 | Mem:12.00M, Peak:12.00M | Scene, ViewLayer | Updating Camera
Fra:21 Mem:30.47M (Peak 37.09M) | Time:00:00.52 | Mem:12.00M, Peak:12.00M | Scene, ViewLayer | Updating Meshes Flags
Fra:21 Mem:30.47M (Peak 37.09M) | Time:00:00.52 | Mem:12.00M, Peak:12.00M | Scene, ViewLayer | Updating Objects
Fra:21 Mem:30.47M (Peak 37.09M) | Time:00:00.52 | Mem:12.00M, Peak:12.00M | Scene, ViewLayer | Updating Objects | Copying Transformations to device
Fra:21 Mem:30.49M (Peak 37.09M) | Time:00:00.52 | Mem:12.02M, Peak:12.02M | Scene, ViewLayer | Updating Particle Systems
Fra:21 Mem:30.49M (Peak 37.09M) | Time:00:00.52 | Mem:12.02M, Peak:12.02M | Scene, ViewLayer | Updating Particle Systems | Copying Particles to device
Fra:21 Mem:30.49M (Peak 37.09M) | Time:00:00.52 | Mem:12.02M, Peak:12.02M | Scene, ViewLayer | Updating Meshes
Fra:21 Mem:32.71M (Peak 37.09M) | Time:00:00.53 | Mem:12.02M, Peak:12.02M | Scene, ViewLayer | Updating Objects | Applying Static Transformations
Fra:21 Mem:32.71M (Peak 37.09M) | Time:00:00.53 | Mem:12.02M, Peak:12.02M | Scene, ViewLayer | Updating Mesh | Computing attributes
Fra:21 Mem:35.63M (Peak 37.09M) | Time:00:00.53 | Mem:12.03M, Peak:12.03M | Scene, ViewLayer | Updating Mesh | Copying Attributes to device
Fra:21 Mem:35.61M (Peak 37.09M) | Time:00:00.53 | Mem:14.92M, Peak:14.92M | Scene, ViewLayer | Updating Scene BVH | Building
Fra:21 Mem:35.61M (Peak 37.09M) | Time:00:00.53 | Mem:14.92M, Peak:14.92M | Scene, ViewLayer | Updating Scene BVH | Building BVH
Fra:21 Mem:35.61M (Peak 37.09M) | Time:00:00.53 | Mem:16.11M, Peak:16.11M | Scene, ViewLayer | Updating Scene BVH | Building BVH 0%
Fra:21 Mem:35.61M (Peak 37.09M) | Time:00:00.54 | Mem:17.40M, Peak:18.58M | Scene, ViewLayer | Updating Scene BVH | Copying BVH to device
Fra:21 Mem:35.61M (Peak 37.09M) | Time:00:00.54 | Mem:17.40M, Peak:18.58M | Scene, ViewLayer | Updating Mesh | Computing normals
Fra:21 Mem:36.66M (Peak 37.09M) | Time:00:00.54 | Mem:17.40M, Peak:18.58M | Scene, ViewLayer | Updating Mesh | Copying Mesh to device
Fra:21 Mem:36.66M (Peak 37.09M) | Time:00:00.54 | Mem:18.45M, Peak:18.58M | Scene, ViewLayer | Updating Objects Flags
Fra:21 Mem:36.66M (Peak 37.09M) | Time:00:00.54 | Mem:18.45M, Peak:18.58M | Scene, ViewLayer | Updating Primitive Offsets
Fra:21 Mem:36.66M (Peak 37.09M) | Time:00:00.54 | Mem:18.45M, Peak:18.58M | Scene, ViewLayer | Updating Images
Fra:21 Mem:36.66M (Peak 37.09M) | Time:00:00.54 | Mem:18.45M, Peak:18.58M | Scene, ViewLayer | Updating Camera Volume
Fra:21 Mem:36.66M (Peak 37.09M) | Time:00:00.54 | Mem:18.45M, Peak:18.58M | Scene, ViewLayer | Updating Lookup Tables
Fra:21 Mem:36.66M (Peak 37.09M) | Time:00:00.54 | Mem:18.53M, Peak:18.58M | Scene, ViewLayer | Updating Lights
Fra:21 Mem:36.66M (Peak 37.09M) | Time:00:00.54 | Mem:18.53M, Peak:18.58M | Scene, ViewLayer | Updating Lights | Computing tree
Fra:21 Mem:36.66M (Peak 37.09M) | Time:00:00.54 | Mem:18.53M, Peak:18.58M | Scene, ViewLayer | Updating Integrator
Fra:21 Mem:36.66M (Peak 37.09M) | Time:00:00.54 | Mem:18.53M, Peak:18.58M | Scene, ViewLayer | Updating Film
Fra:21 Mem:36.67M (Peak 37.09M) | Time:00:00.54 | Mem:18.45M, Peak:18.58M | Scene, ViewLayer | Updating Lookup Tables
Fra:21 Mem:36.67M (Peak 37.09M) | Time:00:00.54 | Mem:18.53M, Peak:18.58M | Scene, ViewLayer | Updating Baking
Fra:21 Mem:36.67M (Peak 37.09M) | Time:00:00.54 | Mem:18.53M, Peak:18.58M | Scene, ViewLayer | Updating Device | Writing constant memory
Fra:21 Mem:36.67M (Peak 37.09M) | Time:00:00.54 | Mem:18.53M, Peak:18.58M | Scene, ViewLayer | Loading denoising kernels (may take a few minutes the first time)
Fra:21 Mem:36.67M (Peak 37.09M) | Time:00:00.54 | Mem:18.53M, Peak:18.58M | Scene, ViewLayer | Sample 0/12
Fra:21 Mem:53.58M (Peak 53.58M) | Time:00:00.71 | Remaining:00:01.95 | Mem:35.43M, Peak:35.43M | Scene, ViewLayer | Sample 1/12
Fra:21 Mem:60.69M (Peak 71.35M) | Time:00:04.52 | Mem:35.43M, Peak:35.43M | Scene, ViewLayer | Sample 12/12
Fra:21 Mem:60.69M (Peak 71.35M) | Time:00:04.52 | Mem:35.43M, Peak:35.43M | Scene, ViewLayer | Finished
Saved: '/home/lzzz/MyProjects/N-SIDE/output/jump-r1/CHR-001-jump-21.png'
Time: 00:04.54 (Saving: 00:00.01)

Fra:37 Mem:20.30M (Peak 20.56M) | Time:00:00.02 | Mem:0.00M, Peak:0.00M | Scene, ViewLayer | Synchronizing object | TShirt
Fra:37 Mem:20.45M (Peak 20.56M) | Time:00:00.02 | Mem:0.00M, Peak:0.00M | Scene, ViewLayer | Synchronizing object | TShirt_Collar
Fra:37 Mem:20.48M (Peak 20.56M) | Time:00:00.02 | Mem:0.00M, Peak:0.00M | Scene, ViewLayer | Synchronizing object | Hood
Fra:37 Mem:20.53M (Peak 20.56M) | Time:00:00.02 | Mem:0.00M, Peak:0.00M | Scene, ViewLayer | Synchronizing object | Sleeve_Cuff.L
Fra:37 Mem:20.54M (Peak 20.56M) | Time:00:00.02 | Mem:0.00M, Peak:0.00M | Scene, ViewLayer | Synchronizing object | Hood_Cord.L
Fra:37 Mem:20.57M (Peak 20.57M) | Time:00:00.04 | Mem:0.00M, Peak:0.00M | Scene, ViewLayer | Synchronizing object | Palm.L
Fra:37 Mem:20.63M (Peak 20.63M) | Time:00:00.04 | Mem:0.00M, Peak:0.00M | Scene, ViewLayer | Synchronizing object | Index_Mesh.L
Fra:37 Mem:20.66M (Peak 20.66M) | Time:00:00.04 | Mem:0.00M, Peak:0.00M | Scene, ViewLayer | Synchronizing object | Middle_Mesh.L
Fra:37 Mem:20.63M (Peak 20.66M) | Time:00:00.04 | Mem:0.00M, Peak:0.00M | Scene, ViewLayer | Synchronizing object | Ring_Mesh.L
Fra:37 Mem:20.64M (Peak 20.66M) | Time:00:00.04 | Mem:0.00M, Peak:0.00M | Scene, ViewLayer | Synchronizing object | Pinky_Mesh.L
Fra:37 Mem:20.65M (Peak 20.66M) | Time:00:00.04 | Mem:0.00M, Peak:0.00M | Scene, ViewLayer | Synchronizing object | Thumb_Mesh.L
Fra:37 Mem:20.83M (Peak 20.83M) | Time:00:00.07 | Mem:0.00M, Peak:0.00M | Scene, ViewLayer | Synchronizing object | Trousers.L
Fra:37 Mem:21.09M (Peak 21.09M) | Time:00:00.07 | Mem:0.00M, Peak:0.00M | Scene, ViewLayer | Synchronizing object | Sneaker_Sole.L
Fra:37 Mem:21.11M (Peak 21.11M) | Time:00:00.07 | Mem:0.00M, Peak:0.00M | Scene, ViewLayer | Synchronizing object | Sneaker_Upper.L
Fra:37 Mem:21.13M (Peak 21.13M) | Time:00:00.07 | Mem:0.00M, Peak:0.00M | Scene, ViewLayer | Synchronizing object | Sock.L
Fra:37 Mem:21.13M (Peak 21.13M) | Time:00:00.07 | Mem:0.00M, Peak:0.00M | Scene, ViewLayer | Synchronizing object | Lace_0.L
Fra:37 Mem:21.13M (Peak 21.13M) | Time:00:00.07 | Mem:0.00M, Peak:0.00M | Scene, ViewLayer | Synchronizing object | Lace_1.L
Fra:37 Mem:21.14M (Peak 21.14M) | Time:00:00.07 | Mem:0.00M, Peak:0.00M | Scene, ViewLayer | Synchronizing object | Lace_2.L
Fra:37 Mem:21.14M (Peak 21.14M) | Time:00:00.07 | Mem:0.00M, Peak:0.00M | Scene, ViewLayer | Synchronizing object | Lace_3.L
Fra:37 Mem:21.14M (Peak 21.14M) | Time:00:00.07 | Mem:0.00M, Peak:0.00M | Scene, ViewLayer | Synchronizing object | Heel_Tab.L
Fra:37 Mem:21.14M (Peak 21.14M) | Time:00:00.07 | Mem:0.00M, Peak:0.00M | Scene, ViewLayer | Synchronizing object | Sleeve_Cuff.R
Fra:37 Mem:21.15M (Peak 21.15M) | Time:00:00.07 | Mem:0.00M, Peak:0.00M | Scene, ViewLayer | Synchronizing object | Hood_Cord.R
Fra:37 Mem:21.19M (Peak 21.19M) | Time:00:00.08 | Mem:0.00M, Peak:0.00M | Scene, ViewLayer | Synchronizing object | Palm.R
Fra:37 Mem:21.24M (Peak 21.24M) | Time:00:00.08 | Mem:0.00M, Peak:0.00M | Scene, ViewLayer | Synchronizing object | Index_Mesh.R
Fra:37 Mem:21.27M (Peak 21.27M) | Time:00:00.08 | Mem:0.00M, Peak:0.00M | Scene, ViewLayer | Synchronizing object | Middle_Mesh.R
Fra:37 Mem:21.25M (Peak 21.27M) | Time:00:00.08 | Mem:0.00M, Peak:0.00M | Scene, ViewLayer | Synchronizing object | Ring_Mesh.R
Fra:37 Mem:21.25M (Peak 21.27M) | Time:00:00.08 | Mem:0.00M, Peak:0.00M | Scene, ViewLayer | Synchronizing object | Pinky_Mesh.R
Fra:37 Mem:21.26M (Peak 21.27M) | Time:00:00.08 | Mem:0.00M, Peak:0.00M | Scene, ViewLayer | Synchronizing object | Thumb_Mesh.R
Fra:37 Mem:21.45M (Peak 21.45M) | Time:00:00.11 | Mem:0.00M, Peak:0.00M | Scene, ViewLayer | Synchronizing object | Trousers.R
Fra:37 Mem:21.81M (Peak 21.81M) | Time:00:00.11 | Mem:0.00M, Peak:0.00M | Scene, ViewLayer | Synchronizing object | Sneaker_Sole.R
Fra:37 Mem:21.75M (Peak 21.81M) | Time:00:00.11 | Mem:0.00M, Peak:0.00M | Scene, ViewLayer | Synchronizing object | Sneaker_Upper.R
Fra:37 Mem:21.74M (Peak 21.81M) | Time:00:00.11 | Mem:0.00M, Peak:0.00M | Scene, ViewLayer | Synchronizing object | Sock.R
Fra:37 Mem:21.74M (Peak 21.81M) | Time:00:00.11 | Mem:0.00M, Peak:0.00M | Scene, ViewLayer | Synchronizing object | Lace_0.R
Fra:37 Mem:21.75M (Peak 21.81M) | Time:00:00.11 | Mem:0.00M, Peak:0.00M | Scene, ViewLayer | Synchronizing object | Lace_1.R
Fra:37 Mem:21.75M (Peak 21.81M) | Time:00:00.11 | Mem:0.00M, Peak:0.00M | Scene, ViewLayer | Synchronizing object | Lace_2.R
Fra:37 Mem:21.75M (Peak 21.81M) | Time:00:00.11 | Mem:0.00M, Peak:0.00M | Scene, ViewLayer | Synchronizing object | Lace_3.R
Fra:37 Mem:21.76M (Peak 21.81M) | Time:00:00.11 | Mem:0.00M, Peak:0.00M | Scene, ViewLayer | Synchronizing object | Heel_Tab.R
Fra:37 Mem:22.34M (Peak 22.34M) | Time:00:00.15 | Mem:0.00M, Peak:0.00M | Scene, ViewLayer | Synchronizing object | Jacket_ContinuousShoulders
Fra:37 Mem:23.56M (Peak 23.56M) | Time:00:00.49 | Mem:0.00M, Peak:0.00M | Scene, ViewLayer | Synchronizing object | Face_Head
Fra:37 Mem:24.23M (Peak 24.23M) | Time:00:00.50 | Mem:0.00M, Peak:0.00M | Scene, ViewLayer | Synchronizing object | Ear.L
Fra:37 Mem:24.28M (Peak 24.28M) | Time:00:00.50 | Mem:0.00M, Peak:0.00M | Scene, ViewLayer | Synchronizing object | Ear_Fold.L
Fra:37 Mem:24.33M (Peak 24.33M) | Time:00:00.51 | Mem:0.00M, Peak:0.00M | Scene, ViewLayer | Synchronizing object | Ear.R
Fra:37 Mem:24.39M (Peak 24.39M) | Time:00:00.51 | Mem:0.00M, Peak:0.00M | Scene, ViewLayer | Synchronizing object | Ear_Fold.R
Fra:37 Mem:24.40M (Peak 24.40M) | Time:00:00.51 | Mem:0.00M, Peak:0.00M | Scene, ViewLayer | Synchronizing object | Eye_White.L
Fra:37 Mem:24.40M (Peak 24.40M) | Time:00:00.51 | Mem:0.00M, Peak:0.00M | Scene, ViewLayer | Synchronizing object | Iris_hair.L
Fra:37 Mem:24.41M (Peak 24.41M) | Time:00:00.51 | Mem:0.00M, Peak:0.00M | Scene, ViewLayer | Synchronizing object | Iris_ink.L
Fra:37 Mem:24.42M (Peak 24.42M) | Time:00:00.51 | Mem:0.00M, Peak:0.00M | Scene, ViewLayer | Synchronizing object | Eye_Glint.L
Fra:37 Mem:24.43M (Peak 24.43M) | Time:00:00.51 | Mem:0.00M, Peak:0.00M | Scene, ViewLayer | Synchronizing object | Upper_Lid.L
Fra:37 Mem:24.44M (Peak 24.44M) | Time:00:00.51 | Mem:0.00M, Peak:0.00M | Scene, ViewLayer | Synchronizing object | Lower_Lid.L
Fra:37 Mem:24.44M (Peak 24.44M) | Time:00:00.51 | Mem:0.00M, Peak:0.00M | Scene, ViewLayer | Synchronizing object | Eyebrow.L
Fra:37 Mem:24.45M (Peak 24.45M) | Time:00:00.51 | Mem:0.00M, Peak:0.00M | Scene, ViewLayer | Synchronizing object | Eye_White.R
Fra:37 Mem:24.46M (Peak 24.46M) | Time:00:00.51 | Mem:0.00M, Peak:0.00M | Scene, ViewLayer | Synchronizing object | Iris_hair.R
Fra:37 Mem:24.46M (Peak 24.46M) | Time:00:00.51 | Mem:0.00M, Peak:0.00M | Scene, ViewLayer | Synchronizing object | Iris_ink.R
Fra:37 Mem:24.47M (Peak 24.47M) | Time:00:00.51 | Mem:0.00M, Peak:0.00M | Scene, ViewLayer | Synchronizing object | Eye_Glint.R
Fra:37 Mem:24.48M (Peak 24.48M) | Time:00:00.51 | Mem:0.00M, Peak:0.00M | Scene, ViewLayer | Synchronizing object | Upper_Lid.R
Fra:37 Mem:24.49M (Peak 24.49M) | Time:00:00.51 | Mem:0.00M, Peak:0.00M | Scene, ViewLayer | Synchronizing object | Lower_Lid.R
Fra:37 Mem:24.50M (Peak 24.50M) | Time:00:00.51 | Mem:0.00M, Peak:0.00M | Scene, ViewLayer | Synchronizing object | Eyebrow.R
Fra:37 Mem:24.50M (Peak 24.50M) | Time:00:00.51 | Mem:0.00M, Peak:0.00M | Scene, ViewLayer | Synchronizing object | Mouth
Fra:37 Mem:24.51M (Peak 24.51M) | Time:00:00.51 | Mem:0.00M, Peak:0.00M | Scene, ViewLayer | Synchronizing object | Hair_Cap
Fra:37 Mem:25.31M (Peak 25.31M) | Time:00:00.54 | Mem:0.00M, Peak:0.00M | Scene, ViewLayer | Synchronizing object | Hair_CrownBase
Fra:37 Mem:25.40M (Peak 25.40M) | Time:00:00.54 | Mem:0.00M, Peak:0.00M | Scene, ViewLayer | Synchronizing object | Bangs_00
Fra:37 Mem:25.40M (Peak 25.40M) | Time:00:00.54 | Mem:0.00M, Peak:0.00M | Scene, ViewLayer | Synchronizing object | Review_Rim
Fra:37 Mem:25.42M (Peak 25.42M) | Time:00:00.54 | Mem:0.00M, Peak:0.00M | Scene, ViewLayer | Synchronizing object | Review_Fill
Fra:37 Mem:25.42M (Peak 25.42M) | Time:00:00.54 | Mem:0.00M, Peak:0.00M | Scene, ViewLayer | Synchronizing object | Review_Key
Fra:37 Mem:25.42M (Peak 25.42M) | Time:00:00.54 | Mem:0.00M, Peak:0.00M | Scene, ViewLayer | Synchronizing object | Review_Ground
Fra:37 Mem:25.42M (Peak 25.42M) | Time:00:00.54 | Mem:0.00M, Peak:0.00M | Scene, ViewLayer | Synchronizing object | Tee_Bar
Fra:37 Mem:25.43M (Peak 25.43M) | Time:00:00.54 | Mem:0.00M, Peak:0.00M | Scene, ViewLayer | Synchronizing object | Tee_Dot_1.246
Fra:37 Mem:25.44M (Peak 25.44M) | Time:00:00.54 | Mem:0.00M, Peak:0.00M | Scene, ViewLayer | Synchronizing object | Bangs_02
Fra:37 Mem:25.45M (Peak 25.45M) | Time:00:00.54 | Mem:0.00M, Peak:0.00M | Scene, ViewLayer | Synchronizing object | Tee_Dot_1.275
Fra:37 Mem:25.47M (Peak 25.47M) | Time:00:00.54 | Mem:0.00M, Peak:0.00M | Scene, ViewLayer | Synchronizing object | Bangs_03
Fra:37 Mem:25.47M (Peak 25.47M) | Time:00:00.54 | Mem:0.00M, Peak:0.00M | Scene, ViewLayer | Synchronizing object | Crown_0.R
Fra:37 Mem:25.50M (Peak 25.50M) | Time:00:00.54 | Mem:0.00M, Peak:0.00M | Scene, ViewLayer | Synchronizing object | Bangs_04
Fra:37 Mem:25.51M (Peak 25.51M) | Time:00:00.54 | Mem:0.00M, Peak:0.00M | Scene, ViewLayer | Synchronizing object | Crown_0.L
Fra:37 Mem:25.53M (Peak 25.53M) | Time:00:00.54 | Mem:0.00M, Peak:0.00M | Scene, ViewLayer | Synchronizing object | Bangs_05
Fra:37 Mem:25.54M (Peak 25.54M) | Time:00:00.54 | Mem:0.00M, Peak:0.00M | Scene, ViewLayer | Synchronizing object | Temple_2.R
Fra:37 Mem:25.57M (Peak 25.57M) | Time:00:00.54 | Mem:0.00M, Peak:0.00M | Scene, ViewLayer | Synchronizing object | Temple_0.L
Fra:37 Mem:25.58M (Peak 25.58M) | Time:00:00.54 | Mem:0.00M, Peak:0.00M | Scene, ViewLayer | Synchronizing object | Temple_1.R
Fra:37 Mem:25.59M (Peak 25.59M) | Time:00:00.54 | Mem:0.00M, Peak:0.00M | Scene, ViewLayer | Synchronizing object | Temple_1.L
Fra:37 Mem:25.62M (Peak 25.62M) | Time:00:00.54 | Mem:0.00M, Peak:0.00M | Scene, ViewLayer | Synchronizing object | Temple_2.L
Fra:37 Mem:25.64M (Peak 25.64M) | Time:00:00.54 | Mem:0.00M, Peak:0.00M | Scene, ViewLayer | Synchronizing object | Temple_0.R
Fra:37 Mem:25.66M (Peak 25.66M) | Time:00:00.54 | Mem:0.00M, Peak:0.00M | Scene, ViewLayer | Initializing
Fra:37 Mem:21.07M (Peak 25.66M) | Time:00:00.54 | Mem:0.00M, Peak:0.00M | Scene, ViewLayer | Updating Images | Loading CHR001_GreyStudy_BaseColor
Fra:37 Mem:21.07M (Peak 25.66M) | Time:00:00.54 | Mem:0.00M, Peak:0.00M | Scene, ViewLayer | Updating Images | Loading CHR001_GreyStudy_Normal
Fra:37 Mem:33.09M (Peak 37.09M) | Time:00:00.55 | Mem:4.00M, Peak:4.00M | Scene, ViewLayer | Updating Images | Loading CHR001_GreyStudy_Surface
Fra:37 Mem:30.39M (Peak 37.09M) | Time:00:00.56 | Mem:12.00M, Peak:12.00M | Scene, ViewLayer | Waiting for render to start
Fra:37 Mem:30.39M (Peak 37.09M) | Time:00:00.56 | Mem:12.00M, Peak:12.00M | Scene, ViewLayer | Updating Scene
Fra:37 Mem:30.39M (Peak 37.09M) | Time:00:00.56 | Mem:12.00M, Peak:12.00M | Scene, ViewLayer | Updating Shaders
Fra:37 Mem:30.39M (Peak 37.09M) | Time:00:00.56 | Mem:12.00M, Peak:12.00M | Scene, ViewLayer | Loading render kernels (may take a few minutes the first time)
Fra:37 Mem:30.47M (Peak 37.09M) | Time:00:00.56 | Mem:12.00M, Peak:12.00M | Scene, ViewLayer | Updating Procedurals
Fra:37 Mem:30.47M (Peak 37.09M) | Time:00:00.56 | Mem:12.00M, Peak:12.00M | Scene, ViewLayer | Updating Background
Fra:37 Mem:30.47M (Peak 37.09M) | Time:00:00.56 | Mem:12.00M, Peak:12.00M | Scene, ViewLayer | Updating Camera
Fra:37 Mem:30.47M (Peak 37.09M) | Time:00:00.56 | Mem:12.00M, Peak:12.00M | Scene, ViewLayer | Updating Meshes Flags
Fra:37 Mem:30.47M (Peak 37.09M) | Time:00:00.56 | Mem:12.00M, Peak:12.00M | Scene, ViewLayer | Updating Objects
Fra:37 Mem:30.47M (Peak 37.09M) | Time:00:00.56 | Mem:12.00M, Peak:12.00M | Scene, ViewLayer | Updating Objects | Copying Transformations to device
Fra:37 Mem:30.49M (Peak 37.09M) | Time:00:00.56 | Mem:12.02M, Peak:12.02M | Scene, ViewLayer | Updating Particle Systems
Fra:37 Mem:30.49M (Peak 37.09M) | Time:00:00.56 | Mem:12.02M, Peak:12.02M | Scene, ViewLayer | Updating Particle Systems | Copying Particles to device
Fra:37 Mem:30.49M (Peak 37.09M) | Time:00:00.56 | Mem:12.02M, Peak:12.02M | Scene, ViewLayer | Updating Meshes
Fra:37 Mem:32.71M (Peak 37.09M) | Time:00:00.57 | Mem:12.02M, Peak:12.02M | Scene, ViewLayer | Updating Objects | Applying Static Transformations
Fra:37 Mem:32.71M (Peak 37.09M) | Time:00:00.57 | Mem:12.02M, Peak:12.02M | Scene, ViewLayer | Updating Mesh | Computing attributes
Fra:37 Mem:35.63M (Peak 37.09M) | Time:00:00.57 | Mem:12.03M, Peak:12.03M | Scene, ViewLayer | Updating Mesh | Copying Attributes to device
Fra:37 Mem:35.61M (Peak 37.09M) | Time:00:00.57 | Mem:14.92M, Peak:14.92M | Scene, ViewLayer | Updating Scene BVH | Building
Fra:37 Mem:35.61M (Peak 37.09M) | Time:00:00.57 | Mem:14.92M, Peak:14.92M | Scene, ViewLayer | Updating Scene BVH | Building BVH
Fra:37 Mem:35.61M (Peak 37.09M) | Time:00:00.57 | Mem:16.11M, Peak:16.11M | Scene, ViewLayer | Updating Scene BVH | Building BVH 0%
Fra:37 Mem:35.61M (Peak 37.09M) | Time:00:00.58 | Mem:17.28M, Peak:18.46M | Scene, ViewLayer | Updating Scene BVH | Copying BVH to device
Fra:37 Mem:35.61M (Peak 37.09M) | Time:00:00.58 | Mem:17.28M, Peak:18.46M | Scene, ViewLayer | Updating Mesh | Computing normals
Fra:37 Mem:36.66M (Peak 37.09M) | Time:00:00.58 | Mem:17.28M, Peak:18.46M | Scene, ViewLayer | Updating Mesh | Copying Mesh to device
Fra:37 Mem:36.66M (Peak 37.09M) | Time:00:00.58 | Mem:18.32M, Peak:18.46M | Scene, ViewLayer | Updating Objects Flags
Fra:37 Mem:36.66M (Peak 37.09M) | Time:00:00.58 | Mem:18.32M, Peak:18.46M | Scene, ViewLayer | Updating Primitive Offsets
Fra:37 Mem:36.66M (Peak 37.09M) | Time:00:00.58 | Mem:18.32M, Peak:18.46M | Scene, ViewLayer | Updating Images
Fra:37 Mem:36.66M (Peak 37.09M) | Time:00:00.58 | Mem:18.32M, Peak:18.46M | Scene, ViewLayer | Updating Camera Volume
Fra:37 Mem:36.66M (Peak 37.09M) | Time:00:00.58 | Mem:18.32M, Peak:18.46M | Scene, ViewLayer | Updating Lookup Tables
Fra:37 Mem:36.66M (Peak 37.09M) | Time:00:00.58 | Mem:18.40M, Peak:18.46M | Scene, ViewLayer | Updating Lights
Fra:37 Mem:36.66M (Peak 37.09M) | Time:00:00.58 | Mem:18.40M, Peak:18.46M | Scene, ViewLayer | Updating Lights | Computing tree
Fra:37 Mem:36.66M (Peak 37.09M) | Time:00:00.58 | Mem:18.40M, Peak:18.46M | Scene, ViewLayer | Updating Integrator
Fra:37 Mem:36.66M (Peak 37.09M) | Time:00:00.58 | Mem:18.40M, Peak:18.46M | Scene, ViewLayer | Updating Film
Fra:37 Mem:36.67M (Peak 37.09M) | Time:00:00.58 | Mem:18.32M, Peak:18.46M | Scene, ViewLayer | Updating Lookup Tables
Fra:37 Mem:36.67M (Peak 37.09M) | Time:00:00.58 | Mem:18.41M, Peak:18.46M | Scene, ViewLayer | Updating Baking
Fra:37 Mem:36.67M (Peak 37.09M) | Time:00:00.58 | Mem:18.41M, Peak:18.46M | Scene, ViewLayer | Updating Device | Writing constant memory
Fra:37 Mem:36.67M (Peak 37.09M) | Time:00:00.58 | Mem:18.41M, Peak:18.46M | Scene, ViewLayer | Loading denoising kernels (may take a few minutes the first time)
Fra:37 Mem:36.67M (Peak 37.09M) | Time:00:00.58 | Mem:18.41M, Peak:18.46M | Scene, ViewLayer | Sample 0/12
Fra:37 Mem:53.58M (Peak 53.58M) | Time:00:00.77 | Remaining:00:02.12 | Mem:35.31M, Peak:35.31M | Scene, ViewLayer | Sample 1/12
Fra:37 Mem:60.69M (Peak 71.35M) | Time:00:04.90 | Mem:35.31M, Peak:35.31M | Scene, ViewLayer | Sample 12/12
Fra:37 Mem:60.69M (Peak 71.35M) | Time:00:04.90 | Mem:35.31M, Peak:35.31M | Scene, ViewLayer | Finished
Saved: '/home/lzzz/MyProjects/N-SIDE/output/jump-r1/CHR-001-jump-37.png'
Time: 00:04.93 (Saving: 00:00.03)

Read blend: "/home/lzzz/MyProjects/N-SIDE/source-assets/characters/CHR-002/model/ling-grey-study.blend"
Fra:1 Mem:20.62M (Peak 20.62M) | Time:00:00.05 | Mem:0.00M, Peak:0.00M | Scene, ViewLayer | Synchronizing object | TShirt
Fra:1 Mem:20.78M (Peak 20.78M) | Time:00:00.06 | Mem:0.00M, Peak:0.00M | Scene, ViewLayer | Synchronizing object | TShirt_Collar
Fra:1 Mem:20.80M (Peak 20.80M) | Time:00:00.06 | Mem:0.00M, Peak:0.00M | Scene, ViewLayer | Synchronizing object | Sleeve_Cuff.L
Fra:1 Mem:20.81M (Peak 20.81M) | Time:00:00.06 | Mem:0.00M, Peak:0.00M | Scene, ViewLayer | Synchronizing object | Zip_Tape.L
Fra:1 Mem:20.85M (Peak 20.85M) | Time:00:00.07 | Mem:0.00M, Peak:0.00M | Scene, ViewLayer | Synchronizing object | Palm.L
Fra:1 Mem:20.89M (Peak 20.89M) | Time:00:00.07 | Mem:0.00M, Peak:0.00M | Scene, ViewLayer | Synchronizing object | Index_Mesh.L
Fra:1 Mem:20.90M (Peak 20.90M) | Time:00:00.07 | Mem:0.00M, Peak:0.00M | Scene, ViewLayer | Synchronizing object | Middle_Mesh.L
Fra:1 Mem:20.91M (Peak 20.91M) | Time:00:00.07 | Mem:0.00M, Peak:0.00M | Scene, ViewLayer | Synchronizing object | Ring_Mesh.L
Fra:1 Mem:20.92M (Peak 20.92M) | Time:00:00.07 | Mem:0.00M, Peak:0.00M | Scene, ViewLayer | Synchronizing object | Pinky_Mesh.L
Fra:1 Mem:20.92M (Peak 20.92M) | Time:00:00.07 | Mem:0.00M, Peak:0.00M | Scene, ViewLayer | Synchronizing object | Thumb_Mesh.L
Fra:1 Mem:21.02M (Peak 21.02M) | Time:00:00.11 | Mem:0.00M, Peak:0.00M | Scene, ViewLayer | Synchronizing object | Leg.L
Fra:1 Mem:21.21M (Peak 21.21M) | Time:00:00.15 | Mem:0.00M, Peak:0.00M | Scene, ViewLayer | Synchronizing object | Shorts.L
Fra:1 Mem:21.29M (Peak 21.29M) | Time:00:00.15 | Mem:0.00M, Peak:0.00M | Scene, ViewLayer | Synchronizing object | Shorts_Hem.L
Fra:1 Mem:21.30M (Peak 21.30M) | Time:00:00.15 | Mem:0.00M, Peak:0.00M | Scene, ViewLayer | Synchronizing object | Sneaker_Sole.L
Fra:1 Mem:21.32M (Peak 21.32M) | Time:00:00.15 | Mem:0.00M, Peak:0.00M | Scene, ViewLayer | Synchronizing object | Sneaker_Upper.L
Fra:1 Mem:21.34M (Peak 21.34M) | Time:00:00.15 | Mem:0.00M, Peak:0.00M | Scene, ViewLayer | Synchronizing object | Sock.L
Fra:1 Mem:21.36M (Peak 21.36M) | Time:00:00.15 | Mem:0.00M, Peak:0.00M | Scene, ViewLayer | Synchronizing object | Lace_0.L
Fra:1 Mem:21.36M (Peak 21.36M) | Time:00:00.15 | Mem:0.00M, Peak:0.00M | Scene, ViewLayer | Synchronizing object | Lace_1.L
Fra:1 Mem:21.36M (Peak 21.36M) | Time:00:00.15 | Mem:0.00M, Peak:0.00M | Scene, ViewLayer | Synchronizing object | Lace_2.L
Fra:1 Mem:21.37M (Peak 21.37M) | Time:00:00.15 | Mem:0.00M, Peak:0.00M | Scene, ViewLayer | Synchronizing object | Heel_Tab.L
Fra:1 Mem:21.37M (Peak 21.37M) | Time:00:00.15 | Mem:0.00M, Peak:0.00M | Scene, ViewLayer | Synchronizing object | Sleeve_Cuff.R
Fra:1 Mem:21.38M (Peak 21.38M) | Time:00:00.15 | Mem:0.00M, Peak:0.00M | Scene, ViewLayer | Synchronizing object | Zip_Tape.R
Fra:1 Mem:21.42M (Peak 21.42M) | Time:00:00.16 | Mem:0.00M, Peak:0.00M | Scene, ViewLayer | Synchronizing object | Palm.R
Fra:1 Mem:21.47M (Peak 21.47M) | Time:00:00.16 | Mem:0.00M, Peak:0.00M | Scene, ViewLayer | Synchronizing object | Index_Mesh.R
Fra:1 Mem:21.47M (Peak 21.47M) | Time:00:00.16 | Mem:0.00M, Peak:0.00M | Scene, ViewLayer | Synchronizing object | Middle_Mesh.R
Fra:1 Mem:21.48M (Peak 21.48M) | Time:00:00.16 | Mem:0.00M, Peak:0.00M | Scene, ViewLayer | Synchronizing object | Ring_Mesh.R
Fra:1 Mem:21.49M (Peak 21.49M) | Time:00:00.16 | Mem:0.00M, Peak:0.00M | Scene, ViewLayer | Synchronizing object | Pinky_Mesh.R
Fra:1 Mem:21.49M (Peak 21.49M) | Time:00:00.16 | Mem:0.00M, Peak:0.00M | Scene, ViewLayer | Synchronizing object | Thumb_Mesh.R
Fra:1 Mem:21.59M (Peak 21.59M) | Time:00:00.19 | Mem:0.00M, Peak:0.00M | Scene, ViewLayer | Synchronizing object | Leg.R
Fra:1 Mem:21.78M (Peak 21.78M) | Time:00:00.23 | Mem:0.00M, Peak:0.00M | Scene, ViewLayer | Synchronizing object | Shorts.R
Fra:1 Mem:21.88M (Peak 21.88M) | Time:00:00.23 | Mem:0.00M, Peak:0.00M | Scene, ViewLayer | Synchronizing object | Shorts_Hem.R
Fra:1 Mem:21.89M (Peak 21.89M) | Time:00:00.23 | Mem:0.00M, Peak:0.00M | Scene, ViewLayer | Synchronizing object | Sneaker_Sole.R
Fra:1 Mem:21.90M (Peak 21.90M) | Time:00:00.23 | Mem:0.00M, Peak:0.00M | Scene, ViewLayer | Synchronizing object | Sneaker_Upper.R
Fra:1 Mem:21.93M (Peak 21.93M) | Time:00:00.23 | Mem:0.00M, Peak:0.00M | Scene, ViewLayer | Synchronizing object | Sock.R
Fra:1 Mem:21.94M (Peak 21.94M) | Time:00:00.23 | Mem:0.00M, Peak:0.00M | Scene, ViewLayer | Synchronizing object | Lace_0.R
Fra:1 Mem:21.96M (Peak 21.96M) | Time:00:00.23 | Mem:0.00M, Peak:0.00M | Scene, ViewLayer | Synchronizing object | Lace_1.R
Fra:1 Mem:22.03M (Peak 22.03M) | Time:00:00.23 | Mem:0.00M, Peak:0.00M | Scene, ViewLayer | Synchronizing object | Lace_2.R
Fra:1 Mem:22.04M (Peak 22.04M) | Time:00:00.23 | Mem:0.00M, Peak:0.00M | Scene, ViewLayer | Synchronizing object | Heel_Tab.R
Fra:1 Mem:22.51M (Peak 22.51M) | Time:00:00.27 | Mem:0.00M, Peak:0.00M | Scene, ViewLayer | Synchronizing object | Jacket_ContinuousShoulders
Fra:1 Mem:23.74M (Peak 23.74M) | Time:00:00.64 | Mem:0.00M, Peak:0.00M | Scene, ViewLayer | Synchronizing object | Face_Head
Fra:1 Mem:24.40M (Peak 24.40M) | Time:00:00.65 | Mem:0.00M, Peak:0.00M | Scene, ViewLayer | Synchronizing object | Ear.L
Fra:1 Mem:24.46M (Peak 24.46M) | Time:00:00.65 | Mem:0.00M, Peak:0.00M | Scene, ViewLayer | Synchronizing object | Ear_Fold.L
Fra:1 Mem:24.51M (Peak 24.51M) | Time:00:00.66 | Mem:0.00M, Peak:0.00M | Scene, ViewLayer | Synchronizing object | Ear.R
Fra:1 Mem:24.57M (Peak 24.57M) | Time:00:00.66 | Mem:0.00M, Peak:0.00M | Scene, ViewLayer | Synchronizing object | Ear_Fold.R
Fra:1 Mem:24.58M (Peak 24.58M) | Time:00:00.66 | Mem:0.00M, Peak:0.00M | Scene, ViewLayer | Synchronizing object | Eye_White.L
Fra:1 Mem:24.59M (Peak 24.59M) | Time:00:00.66 | Mem:0.00M, Peak:0.00M | Scene, ViewLayer | Synchronizing object | Iris_hair.L
Fra:1 Mem:24.59M (Peak 24.59M) | Time:00:00.66 | Mem:0.00M, Peak:0.00M | Scene, ViewLayer | Synchronizing object | Iris_ink.L
Fra:1 Mem:24.60M (Peak 24.60M) | Time:00:00.66 | Mem:0.00M, Peak:0.00M | Scene, ViewLayer | Synchronizing object | Eye_Glint.L
Fra:1 Mem:24.61M (Peak 24.61M) | Time:00:00.66 | Mem:0.00M, Peak:0.00M | Scene, ViewLayer | Synchronizing object | Upper_Lid.L
Fra:1 Mem:24.62M (Peak 24.62M) | Time:00:00.66 | Mem:0.00M, Peak:0.00M | Scene, ViewLayer | Synchronizing object | Lower_Lid.L
Fra:1 Mem:24.63M (Peak 24.63M) | Time:00:00.66 | Mem:0.00M, Peak:0.00M | Scene, ViewLayer | Synchronizing object | Eyebrow.L
Fra:1 Mem:24.64M (Peak 24.64M) | Time:00:00.66 | Mem:0.00M, Peak:0.00M | Scene, ViewLayer | Synchronizing object | Upper_Lid_Tip.L
Fra:1 Mem:24.64M (Peak 24.64M) | Time:00:00.66 | Mem:0.00M, Peak:0.00M | Scene, ViewLayer | Synchronizing object | Eye_White.R
Fra:1 Mem:24.65M (Peak 24.65M) | Time:00:00.66 | Mem:0.00M, Peak:0.00M | Scene, ViewLayer | Synchronizing object | Iris_hair.R
Fra:1 Mem:24.66M (Peak 24.66M) | Time:00:00.66 | Mem:0.00M, Peak:0.00M | Scene, ViewLayer | Synchronizing object | Iris_ink.R
Fra:1 Mem:24.67M (Peak 24.67M) | Time:00:00.66 | Mem:0.00M, Peak:0.00M | Scene, ViewLayer | Synchronizing object | Eye_Glint.R
Fra:1 Mem:24.68M (Peak 24.68M) | Time:00:00.66 | Mem:0.00M, Peak:0.00M | Scene, ViewLayer | Synchronizing object | Upper_Lid.R
Fra:1 Mem:24.69M (Peak 24.69M) | Time:00:00.66 | Mem:0.00M, Peak:0.00M | Scene, ViewLayer | Synchronizing object | Lower_Lid.R
Fra:1 Mem:24.70M (Peak 24.70M) | Time:00:00.66 | Mem:0.00M, Peak:0.00M | Scene, ViewLayer | Synchronizing object | Eyebrow.R
Fra:1 Mem:24.71M (Peak 24.71M) | Time:00:00.66 | Mem:0.00M, Peak:0.00M | Scene, ViewLayer | Synchronizing object | Upper_Lid_Tip.R
Fra:1 Mem:24.71M (Peak 24.71M) | Time:00:00.66 | Mem:0.00M, Peak:0.00M | Scene, ViewLayer | Synchronizing object | Mouth
Fra:1 Mem:24.73M (Peak 24.73M) | Time:00:00.66 | Mem:0.00M, Peak:0.00M | Scene, ViewLayer | Synchronizing object | Hair_Cap
Fra:1 Mem:25.98M (Peak 25.98M) | Time:00:00.70 | Mem:0.00M, Peak:0.00M | Scene, ViewLayer | Synchronizing object | Hair_CrownBase
Fra:1 Mem:26.07M (Peak 26.07M) | Time:00:00.70 | Mem:0.00M, Peak:0.00M | Scene, ViewLayer | Synchronizing object | Bangs_00
Fra:1 Mem:26.07M (Peak 26.07M) | Time:00:00.70 | Mem:0.00M, Peak:0.00M | Scene, ViewLayer | Synchronizing object | Review_Rim
Fra:1 Mem:26.09M (Peak 26.09M) | Time:00:00.70 | Mem:0.00M, Peak:0.00M | Scene, ViewLayer | Synchronizing object | Review_Fill
Fra:1 Mem:26.10M (Peak 26.10M) | Time:00:00.70 | Mem:0.00M, Peak:0.00M | Scene, ViewLayer | Synchronizing object | Review_Key
Fra:1 Mem:26.10M (Peak 26.10M) | Time:00:00.70 | Mem:0.00M, Peak:0.00M | Scene, ViewLayer | Synchronizing object | Review_Ground
Fra:1 Mem:26.10M (Peak 26.10M) | Time:00:00.70 | Mem:0.00M, Peak:0.00M | Scene, ViewLayer | Synchronizing object | Bangs_01
Fra:1 Mem:26.10M (Peak 26.10M) | Time:00:00.70 | Mem:0.00M, Peak:0.00M | Scene, ViewLayer | Synchronizing object | Drawing_Pen_0.16
Fra:1 Mem:26.13M (Peak 26.13M) | Time:00:00.70 | Mem:0.00M, Peak:0.00M | Scene, ViewLayer | Synchronizing object | Drawing_Pen_0.136
Fra:1 Mem:26.13M (Peak 26.13M) | Time:00:00.70 | Mem:0.00M, Peak:0.00M | Scene, ViewLayer | Synchronizing object | Bangs_02
Fra:1 Mem:26.14M (Peak 26.14M) | Time:00:00.70 | Mem:0.00M, Peak:0.00M | Scene, ViewLayer | Synchronizing object | Pen_Pouch
Fra:1 Mem:26.16M (Peak 26.16M) | Time:00:00.70 | Mem:0.00M, Peak:0.00M | Scene, ViewLayer | Synchronizing object | Hair_Clip_1
Fra:1 Mem:26.16M (Peak 26.16M) | Time:00:00.70 | Mem:0.00M, Peak:0.00M | Scene, ViewLayer | Synchronizing object | Hair_Clip_0
Fra:1 Mem:26.17M (Peak 26.17M) | Time:00:00.70 | Mem:0.00M, Peak:0.00M | Scene, ViewLayer | Synchronizing object | Temple_0.R
Fra:1 Mem:26.19M (Peak 26.19M) | Time:00:00.70 | Mem:0.00M, Peak:0.00M | Scene, ViewLayer | Synchronizing object | Temple_0.L
Fra:1 Mem:26.22M (Peak 26.22M) | Time:00:00.70 | Mem:0.00M, Peak:0.00M | Scene, ViewLayer | Synchronizing object | Bangs_06
Fra:1 Mem:26.25M (Peak 26.25M) | Time:00:00.70 | Mem:0.00M, Peak:0.00M | Scene, ViewLayer | Synchronizing object | Bangs_05
Fra:1 Mem:26.27M (Peak 26.27M) | Time:00:00.70 | Mem:0.00M, Peak:0.00M | Scene, ViewLayer | Synchronizing object | Bangs_04
Fra:1 Mem:26.32M (Peak 26.32M) | Time:00:00.70 | Mem:0.00M, Peak:0.00M | Scene, ViewLayer | Initializing
Fra:1 Mem:21.41M (Peak 26.32M) | Time:00:00.70 | Mem:0.00M, Peak:0.00M | Scene, ViewLayer | Updating Images | Loading CHR002_GreyStudy_BaseColor
Fra:1 Mem:22.74M (Peak 29.42M) | Time:00:00.71 | Mem:4.00M, Peak:4.00M | Scene, ViewLayer | Waiting for render to start
Fra:1 Mem:22.74M (Peak 29.42M) | Time:00:00.71 | Mem:4.00M, Peak:4.00M | Scene, ViewLayer | Updating Scene
Fra:1 Mem:22.74M (Peak 29.42M) | Time:00:00.71 | Mem:4.00M, Peak:4.00M | Scene, ViewLayer | Updating Shaders
Fra:1 Mem:22.75M (Peak 29.42M) | Time:00:00.71 | Mem:4.00M, Peak:4.00M | Scene, ViewLayer | Loading render kernels (may take a few minutes the first time)
Fra:1 Mem:22.83M (Peak 29.42M) | Time:00:00.71 | Mem:4.00M, Peak:4.00M | Scene, ViewLayer | Updating Procedurals
Fra:1 Mem:22.83M (Peak 29.42M) | Time:00:00.71 | Mem:4.00M, Peak:4.00M | Scene, ViewLayer | Updating Background
Fra:1 Mem:22.83M (Peak 29.42M) | Time:00:00.71 | Mem:4.00M, Peak:4.00M | Scene, ViewLayer | Updating Camera
Fra:1 Mem:22.83M (Peak 29.42M) | Time:00:00.71 | Mem:4.00M, Peak:4.00M | Scene, ViewLayer | Updating Meshes Flags
Fra:1 Mem:22.83M (Peak 29.42M) | Time:00:00.71 | Mem:4.00M, Peak:4.00M | Scene, ViewLayer | Updating Objects
Fra:1 Mem:22.83M (Peak 29.42M) | Time:00:00.71 | Mem:4.00M, Peak:4.00M | Scene, ViewLayer | Updating Objects | Copying Transformations to device
Fra:1 Mem:22.85M (Peak 29.42M) | Time:00:00.71 | Mem:4.02M, Peak:4.02M | Scene, ViewLayer | Updating Particle Systems
Fra:1 Mem:22.85M (Peak 29.42M) | Time:00:00.71 | Mem:4.02M, Peak:4.02M | Scene, ViewLayer | Updating Particle Systems | Copying Particles to device
Fra:1 Mem:22.85M (Peak 29.42M) | Time:00:00.71 | Mem:4.02M, Peak:4.02M | Scene, ViewLayer | Updating Meshes
Fra:1 Mem:22.85M (Peak 29.42M) | Time:00:00.71 | Mem:4.02M, Peak:4.02M | Scene, ViewLayer | Updating Objects | Applying Static Transformations
Fra:1 Mem:22.85M (Peak 29.42M) | Time:00:00.71 | Mem:4.02M, Peak:4.02M | Scene, ViewLayer | Updating Mesh | Computing attributes
Fra:1 Mem:24.07M (Peak 29.42M) | Time:00:00.71 | Mem:4.03M, Peak:4.03M | Scene, ViewLayer | Updating Mesh | Copying Attributes to device
Fra:1 Mem:24.06M (Peak 29.42M) | Time:00:00.71 | Mem:5.23M, Peak:5.23M | Scene, ViewLayer | Updating Scene BVH | Building
Fra:1 Mem:24.06M (Peak 29.42M) | Time:00:00.71 | Mem:5.23M, Peak:5.23M | Scene, ViewLayer | Updating Scene BVH | Building BVH
Fra:1 Mem:24.06M (Peak 29.42M) | Time:00:00.71 | Mem:6.51M, Peak:6.51M | Scene, ViewLayer | Updating Scene BVH | Building BVH 0%
Fra:1 Mem:24.06M (Peak 29.42M) | Time:00:00.72 | Mem:7.91M, Peak:9.19M | Scene, ViewLayer | Updating Scene BVH | Copying BVH to device
Fra:1 Mem:24.06M (Peak 29.42M) | Time:00:00.72 | Mem:7.91M, Peak:9.19M | Scene, ViewLayer | Updating Mesh | Computing normals
Fra:1 Mem:25.19M (Peak 29.42M) | Time:00:00.72 | Mem:7.91M, Peak:9.19M | Scene, ViewLayer | Updating Mesh | Copying Mesh to device
Fra:1 Mem:25.19M (Peak 29.42M) | Time:00:00.72 | Mem:9.04M, Peak:9.19M | Scene, ViewLayer | Updating Objects Flags
Fra:1 Mem:25.19M (Peak 29.42M) | Time:00:00.72 | Mem:9.04M, Peak:9.19M | Scene, ViewLayer | Updating Primitive Offsets
Fra:1 Mem:25.19M (Peak 29.42M) | Time:00:00.72 | Mem:9.04M, Peak:9.19M | Scene, ViewLayer | Updating Images
Fra:1 Mem:25.19M (Peak 29.42M) | Time:00:00.72 | Mem:9.04M, Peak:9.19M | Scene, ViewLayer | Updating Camera Volume
Fra:1 Mem:25.19M (Peak 29.42M) | Time:00:00.72 | Mem:9.04M, Peak:9.19M | Scene, ViewLayer | Updating Lookup Tables
Fra:1 Mem:25.19M (Peak 29.42M) | Time:00:00.72 | Mem:9.12M, Peak:9.19M | Scene, ViewLayer | Updating Lights
Fra:1 Mem:25.19M (Peak 29.42M) | Time:00:00.72 | Mem:9.12M, Peak:9.19M | Scene, ViewLayer | Updating Lights | Computing tree
Fra:1 Mem:25.19M (Peak 29.42M) | Time:00:00.72 | Mem:9.12M, Peak:9.19M | Scene, ViewLayer | Updating Integrator
Fra:1 Mem:25.19M (Peak 29.42M) | Time:00:00.72 | Mem:9.12M, Peak:9.19M | Scene, ViewLayer | Updating Film
Fra:1 Mem:25.20M (Peak 29.42M) | Time:00:00.72 | Mem:9.04M, Peak:9.19M | Scene, ViewLayer | Updating Lookup Tables
Fra:1 Mem:25.20M (Peak 29.42M) | Time:00:00.72 | Mem:9.13M, Peak:9.19M | Scene, ViewLayer | Updating Baking
Fra:1 Mem:25.20M (Peak 29.42M) | Time:00:00.72 | Mem:9.13M, Peak:9.19M | Scene, ViewLayer | Updating Device | Writing constant memory
Fra:1 Mem:25.20M (Peak 29.42M) | Time:00:00.72 | Mem:9.13M, Peak:9.19M | Scene, ViewLayer | Loading denoising kernels (may take a few minutes the first time)
Fra:1 Mem:25.20M (Peak 29.42M) | Time:00:00.72 | Mem:9.13M, Peak:9.19M | Scene, ViewLayer | Sample 0/12
Fra:1 Mem:42.11M (Peak 42.11M) | Time:00:00.92 | Remaining:00:02.23 | Mem:26.02M, Peak:26.02M | Scene, ViewLayer | Sample 1/12
Fra:1 Mem:49.22M (Peak 59.89M) | Time:00:05.29 | Mem:26.02M, Peak:26.02M | Scene, ViewLayer | Sample 12/12
Fra:1 Mem:49.22M (Peak 59.89M) | Time:00:05.29 | Mem:26.02M, Peak:26.02M | Scene, ViewLayer | Finished
Saved: '/home/lzzz/MyProjects/N-SIDE/output/jump-r1/CHR-002-jump-1.png'
Time: 00:05.33 (Saving: 00:00.03)

Fra:6 Mem:20.71M (Peak 20.71M) | Time:00:00.07 | Mem:0.00M, Peak:0.00M | Scene, ViewLayer | Synchronizing object | TShirt
Fra:6 Mem:20.87M (Peak 20.87M) | Time:00:00.07 | Mem:0.00M, Peak:0.00M | Scene, ViewLayer | Synchronizing object | TShirt_Collar
Fra:6 Mem:20.89M (Peak 20.89M) | Time:00:00.07 | Mem:0.00M, Peak:0.00M | Scene, ViewLayer | Synchronizing object | Sleeve_Cuff.L
Fra:6 Mem:20.90M (Peak 20.90M) | Time:00:00.07 | Mem:0.00M, Peak:0.00M | Scene, ViewLayer | Synchronizing object | Zip_Tape.L
Fra:6 Mem:20.94M (Peak 20.94M) | Time:00:00.09 | Mem:0.00M, Peak:0.00M | Scene, ViewLayer | Synchronizing object | Palm.L
Fra:6 Mem:20.98M (Peak 20.98M) | Time:00:00.09 | Mem:0.00M, Peak:0.00M | Scene, ViewLayer | Synchronizing object | Index_Mesh.L
Fra:6 Mem:20.99M (Peak 20.99M) | Time:00:00.09 | Mem:0.00M, Peak:0.00M | Scene, ViewLayer | Synchronizing object | Middle_Mesh.L
Fra:6 Mem:20.99M (Peak 20.99M) | Time:00:00.09 | Mem:0.00M, Peak:0.00M | Scene, ViewLayer | Synchronizing object | Ring_Mesh.L
Fra:6 Mem:21.00M (Peak 21.00M) | Time:00:00.09 | Mem:0.00M, Peak:0.00M | Scene, ViewLayer | Synchronizing object | Pinky_Mesh.L
Fra:6 Mem:21.01M (Peak 21.01M) | Time:00:00.09 | Mem:0.00M, Peak:0.00M | Scene, ViewLayer | Synchronizing object | Thumb_Mesh.L
Fra:6 Mem:21.10M (Peak 21.10M) | Time:00:00.14 | Mem:0.00M, Peak:0.00M | Scene, ViewLayer | Synchronizing object | Leg.L
Fra:6 Mem:21.29M (Peak 21.29M) | Time:00:00.18 | Mem:0.00M, Peak:0.00M | Scene, ViewLayer | Synchronizing object | Shorts.L
Fra:6 Mem:21.38M (Peak 21.38M) | Time:00:00.18 | Mem:0.00M, Peak:0.00M | Scene, ViewLayer | Synchronizing object | Shorts_Hem.L
Fra:6 Mem:21.38M (Peak 21.38M) | Time:00:00.18 | Mem:0.00M, Peak:0.00M | Scene, ViewLayer | Synchronizing object | Sneaker_Sole.L
Fra:6 Mem:21.40M (Peak 21.40M) | Time:00:00.18 | Mem:0.00M, Peak:0.00M | Scene, ViewLayer | Synchronizing object | Sneaker_Upper.L
Fra:6 Mem:21.42M (Peak 21.42M) | Time:00:00.18 | Mem:0.00M, Peak:0.00M | Scene, ViewLayer | Synchronizing object | Sock.L
Fra:6 Mem:21.43M (Peak 21.43M) | Time:00:00.18 | Mem:0.00M, Peak:0.00M | Scene, ViewLayer | Synchronizing object | Lace_0.L
Fra:6 Mem:21.43M (Peak 21.43M) | Time:00:00.19 | Mem:0.00M, Peak:0.00M | Scene, ViewLayer | Synchronizing object | Lace_1.L
Fra:6 Mem:21.44M (Peak 21.44M) | Time:00:00.19 | Mem:0.00M, Peak:0.00M | Scene, ViewLayer | Synchronizing object | Lace_2.L
Fra:6 Mem:21.44M (Peak 21.44M) | Time:00:00.19 | Mem:0.00M, Peak:0.00M | Scene, ViewLayer | Synchronizing object | Heel_Tab.L
Fra:6 Mem:21.44M (Peak 21.44M) | Time:00:00.19 | Mem:0.00M, Peak:0.00M | Scene, ViewLayer | Synchronizing object | Sleeve_Cuff.R
Fra:6 Mem:21.45M (Peak 21.45M) | Time:00:00.19 | Mem:0.00M, Peak:0.00M | Scene, ViewLayer | Synchronizing object | Zip_Tape.R
Fra:6 Mem:21.49M (Peak 21.49M) | Time:00:00.20 | Mem:0.00M, Peak:0.00M | Scene, ViewLayer | Synchronizing object | Palm.R
Fra:6 Mem:21.53M (Peak 21.53M) | Time:00:00.20 | Mem:0.00M, Peak:0.00M | Scene, ViewLayer | Synchronizing object | Index_Mesh.R
Fra:6 Mem:21.54M (Peak 21.54M) | Time:00:00.21 | Mem:0.00M, Peak:0.00M | Scene, ViewLayer | Synchronizing object | Middle_Mesh.R
Fra:6 Mem:21.55M (Peak 21.55M) | Time:00:00.21 | Mem:0.00M, Peak:0.00M | Scene, ViewLayer | Synchronizing object | Ring_Mesh.R
Fra:6 Mem:21.55M (Peak 21.55M) | Time:00:00.21 | Mem:0.00M, Peak:0.00M | Scene, ViewLayer | Synchronizing object | Pinky_Mesh.R
Fra:6 Mem:21.56M (Peak 21.56M) | Time:00:00.21 | Mem:0.00M, Peak:0.00M | Scene, ViewLayer | Synchronizing object | Thumb_Mesh.R
Fra:6 Mem:21.66M (Peak 21.66M) | Time:00:00.27 | Mem:0.00M, Peak:0.00M | Scene, ViewLayer | Synchronizing object | Leg.R
Fra:6 Mem:21.84M (Peak 21.84M) | Time:00:00.36 | Mem:0.00M, Peak:0.00M | Scene, ViewLayer | Synchronizing object | Shorts.R
Fra:6 Mem:21.95M (Peak 21.95M) | Time:00:00.36 | Mem:0.00M, Peak:0.00M | Scene, ViewLayer | Synchronizing object | Shorts_Hem.R
Fra:6 Mem:21.95M (Peak 21.95M) | Time:00:00.36 | Mem:0.00M, Peak:0.00M | Scene, ViewLayer | Synchronizing object | Sneaker_Sole.R
Fra:6 Mem:21.97M (Peak 21.97M) | Time:00:00.36 | Mem:0.00M, Peak:0.00M | Scene, ViewLayer | Synchronizing object | Sneaker_Upper.R
Fra:6 Mem:21.97M (Peak 21.97M) | Time:00:00.36 | Mem:0.00M, Peak:0.00M | Scene, ViewLayer | Synchronizing object | Sock.R
Fra:6 Mem:21.98M (Peak 21.98M) | Time:00:00.36 | Mem:0.00M, Peak:0.00M | Scene, ViewLayer | Synchronizing object | Lace_0.R
Fra:6 Mem:21.99M (Peak 21.99M) | Time:00:00.36 | Mem:0.00M, Peak:0.00M | Scene, ViewLayer | Synchronizing object | Lace_1.R
Fra:6 Mem:21.99M (Peak 21.99M) | Time:00:00.36 | Mem:0.00M, Peak:0.00M | Scene, ViewLayer | Synchronizing object | Lace_2.R
Fra:6 Mem:21.99M (Peak 21.99M) | Time:00:00.36 | Mem:0.00M, Peak:0.00M | Scene, ViewLayer | Synchronizing object | Heel_Tab.R
Fra:6 Mem:22.57M (Peak 22.57M) | Time:00:00.42 | Mem:0.00M, Peak:0.00M | Scene, ViewLayer | Synchronizing object | Jacket_ContinuousShoulders
Fra:6 Mem:23.79M (Peak 23.79M) | Time:00:01.11 | Mem:0.00M, Peak:0.00M | Scene, ViewLayer | Synchronizing object | Face_Head
Fra:6 Mem:24.46M (Peak 24.46M) | Time:00:01.13 | Mem:0.00M, Peak:0.00M | Scene, ViewLayer | Synchronizing object | Ear.L
Fra:6 Mem:24.52M (Peak 24.52M) | Time:00:01.13 | Mem:0.00M, Peak:0.00M | Scene, ViewLayer | Synchronizing object | Ear_Fold.L
Fra:6 Mem:24.57M (Peak 24.57M) | Time:00:01.15 | Mem:0.00M, Peak:0.00M | Scene, ViewLayer | Synchronizing object | Ear.R
Fra:6 Mem:24.63M (Peak 24.63M) | Time:00:01.15 | Mem:0.00M, Peak:0.00M | Scene, ViewLayer | Synchronizing object | Ear_Fold.R
Fra:6 Mem:24.63M (Peak 24.63M) | Time:00:01.15 | Mem:0.00M, Peak:0.00M | Scene, ViewLayer | Synchronizing object | Eye_White.L
Fra:6 Mem:24.64M (Peak 24.64M) | Time:00:01.15 | Mem:0.00M, Peak:0.00M | Scene, ViewLayer | Synchronizing object | Iris_hair.L
Fra:6 Mem:24.65M (Peak 24.65M) | Time:00:01.15 | Mem:0.00M, Peak:0.00M | Scene, ViewLayer | Synchronizing object | Iris_ink.L
Fra:6 Mem:24.66M (Peak 24.66M) | Time:00:01.15 | Mem:0.00M, Peak:0.00M | Scene, ViewLayer | Synchronizing object | Eye_Glint.L
Fra:6 Mem:24.66M (Peak 24.66M) | Time:00:01.15 | Mem:0.00M, Peak:0.00M | Scene, ViewLayer | Synchronizing object | Upper_Lid.L
Fra:6 Mem:24.67M (Peak 24.67M) | Time:00:01.15 | Mem:0.00M, Peak:0.00M | Scene, ViewLayer | Synchronizing object | Lower_Lid.L
Fra:6 Mem:24.68M (Peak 24.68M) | Time:00:01.15 | Mem:0.00M, Peak:0.00M | Scene, ViewLayer | Synchronizing object | Eyebrow.L
Fra:6 Mem:24.69M (Peak 24.69M) | Time:00:01.15 | Mem:0.00M, Peak:0.00M | Scene, ViewLayer | Synchronizing object | Upper_Lid_Tip.L
Fra:6 Mem:24.69M (Peak 24.69M) | Time:00:01.15 | Mem:0.00M, Peak:0.00M | Scene, ViewLayer | Synchronizing object | Eye_White.R
Fra:6 Mem:24.70M (Peak 24.70M) | Time:00:01.15 | Mem:0.00M, Peak:0.00M | Scene, ViewLayer | Synchronizing object | Iris_hair.R
Fra:6 Mem:24.71M (Peak 24.71M) | Time:00:01.15 | Mem:0.00M, Peak:0.00M | Scene, ViewLayer | Synchronizing object | Iris_ink.R
Fra:6 Mem:24.72M (Peak 24.72M) | Time:00:01.15 | Mem:0.00M, Peak:0.00M | Scene, ViewLayer | Synchronizing object | Eye_Glint.R
Fra:6 Mem:24.72M (Peak 24.72M) | Time:00:01.15 | Mem:0.00M, Peak:0.00M | Scene, ViewLayer | Synchronizing object | Upper_Lid.R
Fra:6 Mem:24.73M (Peak 24.73M) | Time:00:01.15 | Mem:0.00M, Peak:0.00M | Scene, ViewLayer | Synchronizing object | Lower_Lid.R
Fra:6 Mem:24.74M (Peak 24.74M) | Time:00:01.15 | Mem:0.00M, Peak:0.00M | Scene, ViewLayer | Synchronizing object | Eyebrow.R
Fra:6 Mem:24.75M (Peak 24.75M) | Time:00:01.15 | Mem:0.00M, Peak:0.00M | Scene, ViewLayer | Synchronizing object | Upper_Lid_Tip.R
Fra:6 Mem:24.75M (Peak 24.75M) | Time:00:01.15 | Mem:0.00M, Peak:0.00M | Scene, ViewLayer | Synchronizing object | Mouth
Fra:6 Mem:24.76M (Peak 24.76M) | Time:00:01.15 | Mem:0.00M, Peak:0.00M | Scene, ViewLayer | Synchronizing object | Hair_Cap
Fra:6 Mem:26.02M (Peak 26.02M) | Time:00:01.22 | Mem:0.00M, Peak:0.00M | Scene, ViewLayer | Synchronizing object | Hair_CrownBase
Fra:6 Mem:26.10M (Peak 26.10M) | Time:00:01.22 | Mem:0.00M, Peak:0.00M | Scene, ViewLayer | Synchronizing object | Bangs_00
Fra:6 Mem:26.12M (Peak 26.12M) | Time:00:01.22 | Mem:0.00M, Peak:0.00M | Scene, ViewLayer | Synchronizing object | Bangs_01
Fra:6 Mem:26.15M (Peak 26.15M) | Time:00:01.22 | Mem:0.00M, Peak:0.00M | Scene, ViewLayer | Synchronizing object | Bangs_02
Fra:6 Mem:26.17M (Peak 26.17M) | Time:00:01.22 | Mem:0.00M, Peak:0.00M | Scene, ViewLayer | Synchronizing object | Bangs_03
Fra:6 Mem:26.20M (Peak 26.20M) | Time:00:01.22 | Mem:0.00M, Peak:0.00M | Scene, ViewLayer | Synchronizing object | Bangs_04
Fra:6 Mem:26.20M (Peak 26.20M) | Time:00:01.22 | Mem:0.00M, Peak:0.00M | Scene, ViewLayer | Synchronizing object | Review_Fill
Fra:6 Mem:26.20M (Peak 26.20M) | Time:00:01.22 | Mem:0.00M, Peak:0.00M | Scene, ViewLayer | Synchronizing object | Review_Key
Fra:6 Mem:26.22M (Peak 26.22M) | Time:00:01.22 | Mem:0.00M, Peak:0.00M | Scene, ViewLayer | Synchronizing object | Review_Ground
Fra:6 Mem:26.22M (Peak 26.22M) | Time:00:01.22 | Mem:0.00M, Peak:0.00M | Scene, ViewLayer | Synchronizing object | Drawing_Pen_0.16
Fra:6 Mem:26.24M (Peak 26.24M) | Time:00:01.22 | Mem:0.00M, Peak:0.00M | Scene, ViewLayer | Synchronizing object | Bangs_06
Fra:6 Mem:26.24M (Peak 26.24M) | Time:00:01.22 | Mem:0.00M, Peak:0.00M | Scene, ViewLayer | Synchronizing object | Drawing_Pen_0.136
Fra:6 Mem:26.25M (Peak 26.25M) | Time:00:01.22 | Mem:0.00M, Peak:0.00M | Scene, ViewLayer | Synchronizing object | Pen_Pouch
Fra:6 Mem:26.28M (Peak 26.28M) | Time:00:01.22 | Mem:0.00M, Peak:0.00M | Scene, ViewLayer | Synchronizing object | Hair_Clip_1
Fra:6 Mem:26.30M (Peak 26.30M) | Time:00:01.22 | Mem:0.00M, Peak:0.00M | Scene, ViewLayer | Synchronizing object | Temple_0.R
Fra:6 Mem:26.30M (Peak 26.30M) | Time:00:01.22 | Mem:0.00M, Peak:0.00M | Scene, ViewLayer | Synchronizing object | Hair_Clip_0
Fra:6 Mem:26.32M (Peak 26.32M) | Time:00:01.22 | Mem:0.00M, Peak:0.00M | Scene, ViewLayer | Initializing
Fra:6 Mem:21.41M (Peak 26.32M) | Time:00:01.22 | Mem:0.00M, Peak:0.00M | Scene, ViewLayer | Updating Images | Loading CHR002_GreyStudy_BaseColor
Fra:6 Mem:22.75M (Peak 29.42M) | Time:00:01.24 | Mem:4.00M, Peak:4.00M | Scene, ViewLayer | Waiting for render to start
Fra:6 Mem:22.75M (Peak 29.42M) | Time:00:01.24 | Mem:4.00M, Peak:4.00M | Scene, ViewLayer | Updating Scene
Fra:6 Mem:22.75M (Peak 29.42M) | Time:00:01.24 | Mem:4.00M, Peak:4.00M | Scene, ViewLayer | Updating Shaders
Fra:6 Mem:22.75M (Peak 29.42M) | Time:00:01.24 | Mem:4.00M, Peak:4.00M | Scene, ViewLayer | Loading render kernels (may take a few minutes the first time)
Fra:6 Mem:22.83M (Peak 29.42M) | Time:00:01.24 | Mem:4.00M, Peak:4.00M | Scene, ViewLayer | Updating Procedurals
Fra:6 Mem:22.83M (Peak 29.42M) | Time:00:01.24 | Mem:4.00M, Peak:4.00M | Scene, ViewLayer | Updating Background
Fra:6 Mem:22.83M (Peak 29.42M) | Time:00:01.24 | Mem:4.00M, Peak:4.00M | Scene, ViewLayer | Updating Camera
Fra:6 Mem:22.83M (Peak 29.42M) | Time:00:01.24 | Mem:4.00M, Peak:4.00M | Scene, ViewLayer | Updating Meshes Flags
Fra:6 Mem:22.83M (Peak 29.42M) | Time:00:01.24 | Mem:4.00M, Peak:4.00M | Scene, ViewLayer | Updating Objects
Fra:6 Mem:22.83M (Peak 29.42M) | Time:00:01.24 | Mem:4.00M, Peak:4.00M | Scene, ViewLayer | Updating Objects | Copying Transformations to device
Fra:6 Mem:22.85M (Peak 29.42M) | Time:00:01.24 | Mem:4.02M, Peak:4.02M | Scene, ViewLayer | Updating Particle Systems
Fra:6 Mem:22.85M (Peak 29.42M) | Time:00:01.24 | Mem:4.02M, Peak:4.02M | Scene, ViewLayer | Updating Particle Systems | Copying Particles to device
Fra:6 Mem:22.85M (Peak 29.42M) | Time:00:01.24 | Mem:4.02M, Peak:4.02M | Scene, ViewLayer | Updating Meshes
Fra:6 Mem:22.85M (Peak 29.42M) | Time:00:01.24 | Mem:4.02M, Peak:4.02M | Scene, ViewLayer | Updating Objects | Applying Static Transformations
Fra:6 Mem:22.85M (Peak 29.42M) | Time:00:01.24 | Mem:4.02M, Peak:4.02M | Scene, ViewLayer | Updating Mesh | Computing attributes
Fra:6 Mem:24.07M (Peak 29.42M) | Time:00:01.24 | Mem:4.03M, Peak:4.03M | Scene, ViewLayer | Updating Mesh | Copying Attributes to device
Fra:6 Mem:24.06M (Peak 29.42M) | Time:00:01.24 | Mem:5.23M, Peak:5.23M | Scene, ViewLayer | Updating Scene BVH | Building
Fra:6 Mem:24.06M (Peak 29.42M) | Time:00:01.24 | Mem:5.23M, Peak:5.23M | Scene, ViewLayer | Updating Scene BVH | Building BVH
Fra:6 Mem:24.06M (Peak 29.42M) | Time:00:01.24 | Mem:6.51M, Peak:6.51M | Scene, ViewLayer | Updating Scene BVH | Building BVH 0%
Fra:6 Mem:24.06M (Peak 29.42M) | Time:00:01.25 | Mem:7.91M, Peak:9.19M | Scene, ViewLayer | Updating Scene BVH | Copying BVH to device
Fra:6 Mem:24.06M (Peak 29.42M) | Time:00:01.25 | Mem:7.91M, Peak:9.19M | Scene, ViewLayer | Updating Mesh | Computing normals
Fra:6 Mem:25.19M (Peak 29.42M) | Time:00:01.25 | Mem:7.91M, Peak:9.19M | Scene, ViewLayer | Updating Mesh | Copying Mesh to device
Fra:6 Mem:25.19M (Peak 29.42M) | Time:00:01.25 | Mem:9.04M, Peak:9.19M | Scene, ViewLayer | Updating Objects Flags
Fra:6 Mem:25.19M (Peak 29.42M) | Time:00:01.25 | Mem:9.04M, Peak:9.19M | Scene, ViewLayer | Updating Primitive Offsets
Fra:6 Mem:25.19M (Peak 29.42M) | Time:00:01.25 | Mem:9.04M, Peak:9.19M | Scene, ViewLayer | Updating Images
Fra:6 Mem:25.19M (Peak 29.42M) | Time:00:01.25 | Mem:9.04M, Peak:9.19M | Scene, ViewLayer | Updating Camera Volume
Fra:6 Mem:25.19M (Peak 29.42M) | Time:00:01.25 | Mem:9.04M, Peak:9.19M | Scene, ViewLayer | Updating Lookup Tables
Fra:6 Mem:25.19M (Peak 29.42M) | Time:00:01.25 | Mem:9.12M, Peak:9.19M | Scene, ViewLayer | Updating Lights
Fra:6 Mem:25.19M (Peak 29.42M) | Time:00:01.25 | Mem:9.12M, Peak:9.19M | Scene, ViewLayer | Updating Lights | Computing tree
Fra:6 Mem:25.19M (Peak 29.42M) | Time:00:01.25 | Mem:9.12M, Peak:9.19M | Scene, ViewLayer | Updating Integrator
Fra:6 Mem:25.19M (Peak 29.42M) | Time:00:01.25 | Mem:9.12M, Peak:9.19M | Scene, ViewLayer | Updating Film
Fra:6 Mem:25.20M (Peak 29.42M) | Time:00:01.25 | Mem:9.04M, Peak:9.19M | Scene, ViewLayer | Updating Lookup Tables
Fra:6 Mem:25.20M (Peak 29.42M) | Time:00:01.25 | Mem:9.13M, Peak:9.19M | Scene, ViewLayer | Updating Baking
Fra:6 Mem:25.20M (Peak 29.42M) | Time:00:01.25 | Mem:9.13M, Peak:9.19M | Scene, ViewLayer | Updating Device | Writing constant memory
Fra:6 Mem:25.20M (Peak 29.42M) | Time:00:01.25 | Mem:9.13M, Peak:9.19M | Scene, ViewLayer | Loading denoising kernels (may take a few minutes the first time)
Fra:6 Mem:25.20M (Peak 29.42M) | Time:00:01.25 | Mem:9.13M, Peak:9.19M | Scene, ViewLayer | Sample 0/12
Fra:6 Mem:42.11M (Peak 42.11M) | Time:00:01.58 | Remaining:00:03.60 | Mem:26.02M, Peak:26.02M | Scene, ViewLayer | Sample 1/12
Fra:6 Mem:49.22M (Peak 59.89M) | Time:00:08.04 | Mem:26.02M, Peak:26.02M | Scene, ViewLayer | Sample 12/12
Fra:6 Mem:49.22M (Peak 59.89M) | Time:00:08.04 | Mem:26.02M, Peak:26.02M | Scene, ViewLayer | Finished
Saved: '/home/lzzz/MyProjects/N-SIDE/output/jump-r1/CHR-002-jump-6.png'
Time: 00:08.09 (Saving: 00:00.04)

Fra:21 Mem:20.71M (Peak 21.79M) | Time:00:00.08 | Mem:0.00M, Peak:0.00M | Scene, ViewLayer | Synchronizing object | TShirt
Fra:21 Mem:20.87M (Peak 21.79M) | Time:00:00.08 | Mem:0.00M, Peak:0.00M | Scene, ViewLayer | Synchronizing object | TShirt_Collar
Fra:21 Mem:20.89M (Peak 21.79M) | Time:00:00.08 | Mem:0.00M, Peak:0.00M | Scene, ViewLayer | Synchronizing object | Sleeve_Cuff.L
Fra:21 Mem:20.90M (Peak 21.79M) | Time:00:00.08 | Mem:0.00M, Peak:0.00M | Scene, ViewLayer | Synchronizing object | Zip_Tape.L
Fra:21 Mem:20.94M (Peak 21.79M) | Time:00:00.10 | Mem:0.00M, Peak:0.00M | Scene, ViewLayer | Synchronizing object | Palm.L
Fra:21 Mem:20.98M (Peak 21.79M) | Time:00:00.10 | Mem:0.00M, Peak:0.00M | Scene, ViewLayer | Synchronizing object | Index_Mesh.L
Fra:21 Mem:20.99M (Peak 21.79M) | Time:00:00.10 | Mem:0.00M, Peak:0.00M | Scene, ViewLayer | Synchronizing object | Middle_Mesh.L
Fra:21 Mem:21.00M (Peak 21.79M) | Time:00:00.10 | Mem:0.00M, Peak:0.00M | Scene, ViewLayer | Synchronizing object | Ring_Mesh.L
Fra:21 Mem:21.00M (Peak 21.79M) | Time:00:00.10 | Mem:0.00M, Peak:0.00M | Scene, ViewLayer | Synchronizing object | Pinky_Mesh.L
Fra:21 Mem:21.01M (Peak 21.79M) | Time:00:00.10 | Mem:0.00M, Peak:0.00M | Scene, ViewLayer | Synchronizing object | Thumb_Mesh.L
Fra:21 Mem:21.10M (Peak 21.79M) | Time:00:00.16 | Mem:0.00M, Peak:0.00M | Scene, ViewLayer | Synchronizing object | Leg.L
Fra:21 Mem:21.29M (Peak 21.79M) | Time:00:00.22 | Mem:0.00M, Peak:0.00M | Scene, ViewLayer | Synchronizing object | Shorts.L
Fra:21 Mem:21.38M (Peak 21.79M) | Time:00:00.22 | Mem:0.00M, Peak:0.00M | Scene, ViewLayer | Synchronizing object | Shorts_Hem.L
Fra:21 Mem:21.38M (Peak 21.79M) | Time:00:00.22 | Mem:0.00M, Peak:0.00M | Scene, ViewLayer | Synchronizing object | Sneaker_Sole.L
Fra:21 Mem:21.40M (Peak 21.79M) | Time:00:00.22 | Mem:0.00M, Peak:0.00M | Scene, ViewLayer | Synchronizing object | Sneaker_Upper.L
Fra:21 Mem:21.42M (Peak 21.79M) | Time:00:00.22 | Mem:0.00M, Peak:0.00M | Scene, ViewLayer | Synchronizing object | Sock.L
Fra:21 Mem:21.43M (Peak 21.79M) | Time:00:00.22 | Mem:0.00M, Peak:0.00M | Scene, ViewLayer | Synchronizing object | Lace_0.L
Fra:21 Mem:21.43M (Peak 21.79M) | Time:00:00.22 | Mem:0.00M, Peak:0.00M | Scene, ViewLayer | Synchronizing object | Lace_1.L
Fra:21 Mem:21.44M (Peak 21.79M) | Time:00:00.22 | Mem:0.00M, Peak:0.00M | Scene, ViewLayer | Synchronizing object | Lace_2.L
Fra:21 Mem:21.44M (Peak 21.79M) | Time:00:00.22 | Mem:0.00M, Peak:0.00M | Scene, ViewLayer | Synchronizing object | Heel_Tab.L
Fra:21 Mem:21.44M (Peak 21.79M) | Time:00:00.22 | Mem:0.00M, Peak:0.00M | Scene, ViewLayer | Synchronizing object | Sleeve_Cuff.R
Fra:21 Mem:21.45M (Peak 21.79M) | Time:00:00.22 | Mem:0.00M, Peak:0.00M | Scene, ViewLayer | Synchronizing object | Zip_Tape.R
Fra:21 Mem:21.49M (Peak 21.79M) | Time:00:00.24 | Mem:0.00M, Peak:0.00M | Scene, ViewLayer | Synchronizing object | Palm.R
Fra:21 Mem:21.53M (Peak 21.79M) | Time:00:00.24 | Mem:0.00M, Peak:0.00M | Scene, ViewLayer | Synchronizing object | Index_Mesh.R
Fra:21 Mem:21.54M (Peak 21.79M) | Time:00:00.24 | Mem:0.00M, Peak:0.00M | Scene, ViewLayer | Synchronizing object | Middle_Mesh.R
Fra:21 Mem:21.55M (Peak 21.79M) | Time:00:00.24 | Mem:0.00M, Peak:0.00M | Scene, ViewLayer | Synchronizing object | Ring_Mesh.R
Fra:21 Mem:21.55M (Peak 21.79M) | Time:00:00.24 | Mem:0.00M, Peak:0.00M | Scene, ViewLayer | Synchronizing object | Pinky_Mesh.R
Fra:21 Mem:21.56M (Peak 21.79M) | Time:00:00.24 | Mem:0.00M, Peak:0.00M | Scene, ViewLayer | Synchronizing object | Thumb_Mesh.R
Fra:21 Mem:21.66M (Peak 21.79M) | Time:00:00.30 | Mem:0.00M, Peak:0.00M | Scene, ViewLayer | Synchronizing object | Leg.R
Fra:21 Mem:21.86M (Peak 21.86M) | Time:00:00.37 | Mem:0.00M, Peak:0.00M | Scene, ViewLayer | Synchronizing object | Shorts.R
Fra:21 Mem:21.95M (Peak 21.95M) | Time:00:00.37 | Mem:0.00M, Peak:0.00M | Scene, ViewLayer | Synchronizing object | Shorts_Hem.R
Fra:21 Mem:21.95M (Peak 21.95M) | Time:00:00.37 | Mem:0.00M, Peak:0.00M | Scene, ViewLayer | Synchronizing object | Sneaker_Sole.R
Fra:21 Mem:21.97M (Peak 21.97M) | Time:00:00.37 | Mem:0.00M, Peak:0.00M | Scene, ViewLayer | Synchronizing object | Sneaker_Upper.R
Fra:21 Mem:21.99M (Peak 21.99M) | Time:00:00.37 | Mem:0.00M, Peak:0.00M | Scene, ViewLayer | Synchronizing object | Sock.R
Fra:21 Mem:22.00M (Peak 22.00M) | Time:00:00.37 | Mem:0.00M, Peak:0.00M | Scene, ViewLayer | Synchronizing object | Lace_0.R
Fra:21 Mem:22.00M (Peak 22.00M) | Time:00:00.37 | Mem:0.00M, Peak:0.00M | Scene, ViewLayer | Synchronizing object | Lace_1.R
Fra:21 Mem:22.01M (Peak 22.01M) | Time:00:00.37 | Mem:0.00M, Peak:0.00M | Scene, ViewLayer | Synchronizing object | Lace_2.R
Fra:21 Mem:22.01M (Peak 22.01M) | Time:00:00.37 | Mem:0.00M, Peak:0.00M | Scene, ViewLayer | Synchronizing object | Heel_Tab.R
Fra:21 Mem:22.57M (Peak 22.57M) | Time:00:00.43 | Mem:0.00M, Peak:0.00M | Scene, ViewLayer | Synchronizing object | Jacket_ContinuousShoulders
Fra:21 Mem:23.79M (Peak 23.79M) | Time:00:01.12 | Mem:0.00M, Peak:0.00M | Scene, ViewLayer | Synchronizing object | Face_Head
Fra:21 Mem:24.46M (Peak 24.46M) | Time:00:01.14 | Mem:0.00M, Peak:0.00M | Scene, ViewLayer | Synchronizing object | Ear.L
Fra:21 Mem:24.52M (Peak 24.52M) | Time:00:01.14 | Mem:0.00M, Peak:0.00M | Scene, ViewLayer | Synchronizing object | Ear_Fold.L
Fra:21 Mem:24.57M (Peak 24.57M) | Time:00:01.16 | Mem:0.00M, Peak:0.00M | Scene, ViewLayer | Synchronizing object | Ear.R
Fra:21 Mem:24.63M (Peak 24.63M) | Time:00:01.16 | Mem:0.00M, Peak:0.00M | Scene, ViewLayer | Synchronizing object | Ear_Fold.R
Fra:21 Mem:24.63M (Peak 24.63M) | Time:00:01.16 | Mem:0.00M, Peak:0.00M | Scene, ViewLayer | Synchronizing object | Eye_White.L
Fra:21 Mem:24.64M (Peak 24.64M) | Time:00:01.16 | Mem:0.00M, Peak:0.00M | Scene, ViewLayer | Synchronizing object | Iris_hair.L
Fra:21 Mem:24.65M (Peak 24.65M) | Time:00:01.16 | Mem:0.00M, Peak:0.00M | Scene, ViewLayer | Synchronizing object | Iris_ink.L
Fra:21 Mem:24.66M (Peak 24.66M) | Time:00:01.16 | Mem:0.00M, Peak:0.00M | Scene, ViewLayer | Synchronizing object | Eye_Glint.L
Fra:21 Mem:24.66M (Peak 24.66M) | Time:00:01.16 | Mem:0.00M, Peak:0.00M | Scene, ViewLayer | Synchronizing object | Upper_Lid.L
Fra:21 Mem:24.67M (Peak 24.67M) | Time:00:01.16 | Mem:0.00M, Peak:0.00M | Scene, ViewLayer | Synchronizing object | Lower_Lid.L
Fra:21 Mem:24.68M (Peak 24.68M) | Time:00:01.16 | Mem:0.00M, Peak:0.00M | Scene, ViewLayer | Synchronizing object | Eyebrow.L
Fra:21 Mem:24.69M (Peak 24.69M) | Time:00:01.16 | Mem:0.00M, Peak:0.00M | Scene, ViewLayer | Synchronizing object | Upper_Lid_Tip.L
Fra:21 Mem:24.69M (Peak 24.69M) | Time:00:01.16 | Mem:0.00M, Peak:0.00M | Scene, ViewLayer | Synchronizing object | Eye_White.R
Fra:21 Mem:24.70M (Peak 24.70M) | Time:00:01.16 | Mem:0.00M, Peak:0.00M | Scene, ViewLayer | Synchronizing object | Iris_hair.R
Fra:21 Mem:24.71M (Peak 24.71M) | Time:00:01.16 | Mem:0.00M, Peak:0.00M | Scene, ViewLayer | Synchronizing object | Iris_ink.R
Fra:21 Mem:24.72M (Peak 24.72M) | Time:00:01.16 | Mem:0.00M, Peak:0.00M | Scene, ViewLayer | Synchronizing object | Eye_Glint.R
Fra:21 Mem:24.72M (Peak 24.72M) | Time:00:01.16 | Mem:0.00M, Peak:0.00M | Scene, ViewLayer | Synchronizing object | Upper_Lid.R
Fra:21 Mem:24.73M (Peak 24.73M) | Time:00:01.16 | Mem:0.00M, Peak:0.00M | Scene, ViewLayer | Synchronizing object | Lower_Lid.R
Fra:21 Mem:24.74M (Peak 24.74M) | Time:00:01.16 | Mem:0.00M, Peak:0.00M | Scene, ViewLayer | Synchronizing object | Eyebrow.R
Fra:21 Mem:24.75M (Peak 24.75M) | Time:00:01.16 | Mem:0.00M, Peak:0.00M | Scene, ViewLayer | Synchronizing object | Upper_Lid_Tip.R
Fra:21 Mem:24.75M (Peak 24.75M) | Time:00:01.16 | Mem:0.00M, Peak:0.00M | Scene, ViewLayer | Synchronizing object | Mouth
Fra:21 Mem:24.76M (Peak 24.76M) | Time:00:01.16 | Mem:0.00M, Peak:0.00M | Scene, ViewLayer | Synchronizing object | Hair_Cap
Fra:21 Mem:26.02M (Peak 26.02M) | Time:00:01.22 | Mem:0.00M, Peak:0.00M | Scene, ViewLayer | Synchronizing object | Review_Rim
Fra:21 Mem:26.02M (Peak 26.02M) | Time:00:01.22 | Mem:0.00M, Peak:0.00M | Scene, ViewLayer | Synchronizing object | Review_Fill
Fra:21 Mem:26.02M (Peak 26.02M) | Time:00:01.22 | Mem:0.00M, Peak:0.00M | Scene, ViewLayer | Synchronizing object | Review_Key
Fra:21 Mem:26.02M (Peak 26.02M) | Time:00:01.22 | Mem:0.00M, Peak:0.00M | Scene, ViewLayer | Synchronizing object | Review_Ground
Fra:21 Mem:26.02M (Peak 26.02M) | Time:00:01.22 | Mem:0.00M, Peak:0.00M | Scene, ViewLayer | Synchronizing object | Drawing_Pen_0.16
Fra:21 Mem:26.02M (Peak 26.02M) | Time:00:01.22 | Mem:0.00M, Peak:0.00M | Scene, ViewLayer | Synchronizing object | Drawing_Pen_0.136
Fra:21 Mem:26.03M (Peak 26.03M) | Time:00:01.22 | Mem:0.00M, Peak:0.00M | Scene, ViewLayer | Synchronizing object | Pen_Pouch
Fra:21 Mem:26.03M (Peak 26.03M) | Time:00:01.22 | Mem:0.00M, Peak:0.00M | Scene, ViewLayer | Synchronizing object | Hair_Clip_1
Fra:21 Mem:26.03M (Peak 26.03M) | Time:00:01.22 | Mem:0.00M, Peak:0.00M | Scene, ViewLayer | Synchronizing object | Hair_Clip_0
Fra:21 Mem:26.04M (Peak 26.04M) | Time:00:01.22 | Mem:0.00M, Peak:0.00M | Scene, ViewLayer | Synchronizing object | Temple_0.R
Fra:21 Mem:26.06M (Peak 26.06M) | Time:00:01.22 | Mem:0.00M, Peak:0.00M | Scene, ViewLayer | Synchronizing object | Temple_0.L
Fra:21 Mem:26.08M (Peak 26.08M) | Time:00:01.22 | Mem:0.00M, Peak:0.00M | Scene, ViewLayer | Synchronizing object | Bangs_06
Fra:21 Mem:26.10M (Peak 26.10M) | Time:00:01.22 | Mem:0.00M, Peak:0.00M | Scene, ViewLayer | Synchronizing object | Bangs_05
Fra:21 Mem:26.13M (Peak 26.13M) | Time:00:01.22 | Mem:0.00M, Peak:0.00M | Scene, ViewLayer | Synchronizing object | Bangs_04
Fra:21 Mem:26.15M (Peak 26.15M) | Time:00:01.22 | Mem:0.00M, Peak:0.00M | Scene, ViewLayer | Synchronizing object | Bangs_03
Fra:21 Mem:26.17M (Peak 26.17M) | Time:00:01.22 | Mem:0.00M, Peak:0.00M | Scene, ViewLayer | Synchronizing object | Bangs_02
Fra:21 Mem:26.19M (Peak 26.19M) | Time:00:01.22 | Mem:0.00M, Peak:0.00M | Scene, ViewLayer | Synchronizing object | Bangs_01
Fra:21 Mem:26.22M (Peak 26.22M) | Time:00:01.22 | Mem:0.00M, Peak:0.00M | Scene, ViewLayer | Synchronizing object | Bangs_00
Fra:21 Mem:26.24M (Peak 26.24M) | Time:00:01.22 | Mem:0.00M, Peak:0.00M | Scene, ViewLayer | Synchronizing object | Hair_CrownBase
Fra:21 Mem:26.32M (Peak 26.32M) | Time:00:01.22 | Mem:0.00M, Peak:0.00M | Scene, ViewLayer | Initializing
Fra:21 Mem:21.41M (Peak 26.32M) | Time:00:01.23 | Mem:0.00M, Peak:0.00M | Scene, ViewLayer | Updating Images | Loading CHR002_GreyStudy_BaseColor
Fra:21 Mem:22.75M (Peak 29.42M) | Time:00:01.24 | Mem:4.00M, Peak:4.00M | Scene, ViewLayer | Waiting for render to start
Fra:21 Mem:22.75M (Peak 29.42M) | Time:00:01.24 | Mem:4.00M, Peak:4.00M | Scene, ViewLayer | Updating Scene
Fra:21 Mem:22.75M (Peak 29.42M) | Time:00:01.24 | Mem:4.00M, Peak:4.00M | Scene, ViewLayer | Updating Shaders
Fra:21 Mem:22.75M (Peak 29.42M) | Time:00:01.24 | Mem:4.00M, Peak:4.00M | Scene, ViewLayer | Loading render kernels (may take a few minutes the first time)
Fra:21 Mem:22.83M (Peak 29.42M) | Time:00:01.24 | Mem:4.00M, Peak:4.00M | Scene, ViewLayer | Updating Procedurals
Fra:21 Mem:22.83M (Peak 29.42M) | Time:00:01.24 | Mem:4.00M, Peak:4.00M | Scene, ViewLayer | Updating Background
Fra:21 Mem:22.83M (Peak 29.42M) | Time:00:01.24 | Mem:4.00M, Peak:4.00M | Scene, ViewLayer | Updating Camera
Fra:21 Mem:22.83M (Peak 29.42M) | Time:00:01.24 | Mem:4.00M, Peak:4.00M | Scene, ViewLayer | Updating Meshes Flags
Fra:21 Mem:22.83M (Peak 29.42M) | Time:00:01.25 | Mem:4.00M, Peak:4.00M | Scene, ViewLayer | Updating Objects
Fra:21 Mem:22.83M (Peak 29.42M) | Time:00:01.25 | Mem:4.00M, Peak:4.00M | Scene, ViewLayer | Updating Objects | Copying Transformations to device
Fra:21 Mem:22.85M (Peak 29.42M) | Time:00:01.25 | Mem:4.02M, Peak:4.02M | Scene, ViewLayer | Updating Particle Systems
Fra:21 Mem:22.85M (Peak 29.42M) | Time:00:01.25 | Mem:4.02M, Peak:4.02M | Scene, ViewLayer | Updating Particle Systems | Copying Particles to device
Fra:21 Mem:22.85M (Peak 29.42M) | Time:00:01.25 | Mem:4.02M, Peak:4.02M | Scene, ViewLayer | Updating Meshes
Fra:21 Mem:22.85M (Peak 29.42M) | Time:00:01.25 | Mem:4.02M, Peak:4.02M | Scene, ViewLayer | Updating Objects | Applying Static Transformations
Fra:21 Mem:22.85M (Peak 29.42M) | Time:00:01.25 | Mem:4.02M, Peak:4.02M | Scene, ViewLayer | Updating Mesh | Computing attributes
Fra:21 Mem:24.07M (Peak 29.42M) | Time:00:01.25 | Mem:4.03M, Peak:4.03M | Scene, ViewLayer | Updating Mesh | Copying Attributes to device
Fra:21 Mem:24.06M (Peak 29.42M) | Time:00:01.25 | Mem:5.23M, Peak:5.23M | Scene, ViewLayer | Updating Scene BVH | Building
Fra:21 Mem:24.06M (Peak 29.42M) | Time:00:01.25 | Mem:5.23M, Peak:5.23M | Scene, ViewLayer | Updating Scene BVH | Building BVH
Fra:21 Mem:24.06M (Peak 29.42M) | Time:00:01.25 | Mem:6.51M, Peak:6.51M | Scene, ViewLayer | Updating Scene BVH | Building BVH 0%
Fra:21 Mem:24.06M (Peak 29.42M) | Time:00:01.26 | Mem:7.77M, Peak:9.05M | Scene, ViewLayer | Updating Scene BVH | Copying BVH to device
Fra:21 Mem:24.06M (Peak 29.42M) | Time:00:01.26 | Mem:7.77M, Peak:9.05M | Scene, ViewLayer | Updating Mesh | Computing normals
Fra:21 Mem:25.19M (Peak 29.42M) | Time:00:01.26 | Mem:7.77M, Peak:9.05M | Scene, ViewLayer | Updating Mesh | Copying Mesh to device
Fra:21 Mem:25.19M (Peak 29.42M) | Time:00:01.26 | Mem:8.91M, Peak:9.05M | Scene, ViewLayer | Updating Objects Flags
Fra:21 Mem:25.19M (Peak 29.42M) | Time:00:01.26 | Mem:8.91M, Peak:9.05M | Scene, ViewLayer | Updating Primitive Offsets
Fra:21 Mem:25.19M (Peak 29.42M) | Time:00:01.26 | Mem:8.91M, Peak:9.05M | Scene, ViewLayer | Updating Images
Fra:21 Mem:25.19M (Peak 29.42M) | Time:00:01.26 | Mem:8.91M, Peak:9.05M | Scene, ViewLayer | Updating Camera Volume
Fra:21 Mem:25.19M (Peak 29.42M) | Time:00:01.26 | Mem:8.91M, Peak:9.05M | Scene, ViewLayer | Updating Lookup Tables
Fra:21 Mem:25.19M (Peak 29.42M) | Time:00:01.26 | Mem:8.99M, Peak:9.05M | Scene, ViewLayer | Updating Lights
Fra:21 Mem:25.19M (Peak 29.42M) | Time:00:01.26 | Mem:8.99M, Peak:9.05M | Scene, ViewLayer | Updating Lights | Computing tree
Fra:21 Mem:25.19M (Peak 29.42M) | Time:00:01.26 | Mem:8.99M, Peak:9.05M | Scene, ViewLayer | Updating Integrator
Fra:21 Mem:25.19M (Peak 29.42M) | Time:00:01.26 | Mem:8.99M, Peak:9.05M | Scene, ViewLayer | Updating Film
Fra:21 Mem:25.20M (Peak 29.42M) | Time:00:01.26 | Mem:8.91M, Peak:9.05M | Scene, ViewLayer | Updating Lookup Tables
Fra:21 Mem:25.20M (Peak 29.42M) | Time:00:01.26 | Mem:8.99M, Peak:9.05M | Scene, ViewLayer | Updating Baking
Fra:21 Mem:25.20M (Peak 29.42M) | Time:00:01.26 | Mem:8.99M, Peak:9.05M | Scene, ViewLayer | Updating Device | Writing constant memory
Fra:21 Mem:25.20M (Peak 29.42M) | Time:00:01.26 | Mem:8.99M, Peak:9.05M | Scene, ViewLayer | Loading denoising kernels (may take a few minutes the first time)
Fra:21 Mem:25.20M (Peak 29.42M) | Time:00:01.26 | Mem:8.99M, Peak:9.05M | Scene, ViewLayer | Sample 0/12
Fra:21 Mem:42.11M (Peak 42.11M) | Time:00:01.58 | Remaining:00:03.53 | Mem:25.89M, Peak:25.89M | Scene, ViewLayer | Sample 1/12
Fra:21 Mem:49.22M (Peak 59.89M) | Time:00:06.69 | Mem:25.89M, Peak:25.89M | Scene, ViewLayer | Sample 12/12
Fra:21 Mem:49.22M (Peak 59.89M) | Time:00:06.69 | Mem:25.89M, Peak:25.89M | Scene, ViewLayer | Finished
Saved: '/home/lzzz/MyProjects/N-SIDE/output/jump-r1/CHR-002-jump-21.png'
Time: 00:06.71 (Saving: 00:00.01)

Fra:37 Mem:20.71M (Peak 21.79M) | Time:00:00.03 | Mem:0.00M, Peak:0.00M | Scene, ViewLayer | Synchronizing object | TShirt
Fra:37 Mem:20.87M (Peak 21.79M) | Time:00:00.03 | Mem:0.00M, Peak:0.00M | Scene, ViewLayer | Synchronizing object | TShirt_Collar
Fra:37 Mem:20.89M (Peak 21.79M) | Time:00:00.03 | Mem:0.00M, Peak:0.00M | Scene, ViewLayer | Synchronizing object | Sleeve_Cuff.L
Fra:37 Mem:20.90M (Peak 21.79M) | Time:00:00.03 | Mem:0.00M, Peak:0.00M | Scene, ViewLayer | Synchronizing object | Zip_Tape.L
Fra:37 Mem:20.94M (Peak 21.79M) | Time:00:00.04 | Mem:0.00M, Peak:0.00M | Scene, ViewLayer | Synchronizing object | Palm.L
Fra:37 Mem:21.00M (Peak 21.79M) | Time:00:00.04 | Mem:0.00M, Peak:0.00M | Scene, ViewLayer | Synchronizing object | Index_Mesh.L
Fra:37 Mem:20.99M (Peak 21.79M) | Time:00:00.04 | Mem:0.00M, Peak:0.00M | Scene, ViewLayer | Synchronizing object | Middle_Mesh.L
Fra:37 Mem:20.99M (Peak 21.79M) | Time:00:00.04 | Mem:0.00M, Peak:0.00M | Scene, ViewLayer | Synchronizing object | Ring_Mesh.L
Fra:37 Mem:21.00M (Peak 21.79M) | Time:00:00.04 | Mem:0.00M, Peak:0.00M | Scene, ViewLayer | Synchronizing object | Pinky_Mesh.L
Fra:37 Mem:21.01M (Peak 21.79M) | Time:00:00.04 | Mem:0.00M, Peak:0.00M | Scene, ViewLayer | Synchronizing object | Thumb_Mesh.L
Fra:37 Mem:21.10M (Peak 21.79M) | Time:00:00.06 | Mem:0.00M, Peak:0.00M | Scene, ViewLayer | Synchronizing object | Leg.L
Fra:37 Mem:21.29M (Peak 21.79M) | Time:00:00.09 | Mem:0.00M, Peak:0.00M | Scene, ViewLayer | Synchronizing object | Shorts.L
Fra:37 Mem:21.38M (Peak 21.79M) | Time:00:00.09 | Mem:0.00M, Peak:0.00M | Scene, ViewLayer | Synchronizing object | Shorts_Hem.L
Fra:37 Mem:21.38M (Peak 21.79M) | Time:00:00.09 | Mem:0.00M, Peak:0.00M | Scene, ViewLayer | Synchronizing object | Sneaker_Sole.L
Fra:37 Mem:21.40M (Peak 21.79M) | Time:00:00.09 | Mem:0.00M, Peak:0.00M | Scene, ViewLayer | Synchronizing object | Sneaker_Upper.L
Fra:37 Mem:21.42M (Peak 21.79M) | Time:00:00.09 | Mem:0.00M, Peak:0.00M | Scene, ViewLayer | Synchronizing object | Sock.L
Fra:37 Mem:21.43M (Peak 21.79M) | Time:00:00.09 | Mem:0.00M, Peak:0.00M | Scene, ViewLayer | Synchronizing object | Lace_0.L
Fra:37 Mem:21.43M (Peak 21.79M) | Time:00:00.09 | Mem:0.00M, Peak:0.00M | Scene, ViewLayer | Synchronizing object | Lace_1.L
Fra:37 Mem:21.44M (Peak 21.79M) | Time:00:00.09 | Mem:0.00M, Peak:0.00M | Scene, ViewLayer | Synchronizing object | Lace_2.L
Fra:37 Mem:21.44M (Peak 21.79M) | Time:00:00.09 | Mem:0.00M, Peak:0.00M | Scene, ViewLayer | Synchronizing object | Heel_Tab.L
Fra:37 Mem:21.44M (Peak 21.79M) | Time:00:00.09 | Mem:0.00M, Peak:0.00M | Scene, ViewLayer | Synchronizing object | Sleeve_Cuff.R
Fra:37 Mem:21.45M (Peak 21.79M) | Time:00:00.09 | Mem:0.00M, Peak:0.00M | Scene, ViewLayer | Synchronizing object | Zip_Tape.R
Fra:37 Mem:21.49M (Peak 21.79M) | Time:00:00.10 | Mem:0.00M, Peak:0.00M | Scene, ViewLayer | Synchronizing object | Palm.R
Fra:37 Mem:21.53M (Peak 21.79M) | Time:00:00.10 | Mem:0.00M, Peak:0.00M | Scene, ViewLayer | Synchronizing object | Index_Mesh.R
Fra:37 Mem:21.54M (Peak 21.79M) | Time:00:00.10 | Mem:0.00M, Peak:0.00M | Scene, ViewLayer | Synchronizing object | Middle_Mesh.R
Fra:37 Mem:21.55M (Peak 21.79M) | Time:00:00.10 | Mem:0.00M, Peak:0.00M | Scene, ViewLayer | Synchronizing object | Ring_Mesh.R
Fra:37 Mem:21.55M (Peak 21.79M) | Time:00:00.10 | Mem:0.00M, Peak:0.00M | Scene, ViewLayer | Synchronizing object | Pinky_Mesh.R
Fra:37 Mem:21.56M (Peak 21.79M) | Time:00:00.10 | Mem:0.00M, Peak:0.00M | Scene, ViewLayer | Synchronizing object | Thumb_Mesh.R
Fra:37 Mem:21.66M (Peak 21.79M) | Time:00:00.12 | Mem:0.00M, Peak:0.00M | Scene, ViewLayer | Synchronizing object | Leg.R
Fra:37 Mem:21.84M (Peak 21.84M) | Time:00:00.14 | Mem:0.00M, Peak:0.00M | Scene, ViewLayer | Synchronizing object | Shorts.R
Fra:37 Mem:21.95M (Peak 21.95M) | Time:00:00.14 | Mem:0.00M, Peak:0.00M | Scene, ViewLayer | Synchronizing object | Shorts_Hem.R
Fra:37 Mem:21.95M (Peak 21.95M) | Time:00:00.14 | Mem:0.00M, Peak:0.00M | Scene, ViewLayer | Synchronizing object | Sneaker_Sole.R
Fra:37 Mem:21.97M (Peak 21.97M) | Time:00:00.14 | Mem:0.00M, Peak:0.00M | Scene, ViewLayer | Synchronizing object | Sneaker_Upper.R
Fra:37 Mem:21.99M (Peak 21.99M) | Time:00:00.14 | Mem:0.00M, Peak:0.00M | Scene, ViewLayer | Synchronizing object | Sock.R
Fra:37 Mem:22.00M (Peak 22.00M) | Time:00:00.14 | Mem:0.00M, Peak:0.00M | Scene, ViewLayer | Synchronizing object | Lace_0.R
Fra:37 Mem:22.00M (Peak 22.00M) | Time:00:00.14 | Mem:0.00M, Peak:0.00M | Scene, ViewLayer | Synchronizing object | Lace_1.R
Fra:37 Mem:22.01M (Peak 22.01M) | Time:00:00.14 | Mem:0.00M, Peak:0.00M | Scene, ViewLayer | Synchronizing object | Lace_2.R
Fra:37 Mem:22.01M (Peak 22.01M) | Time:00:00.14 | Mem:0.00M, Peak:0.00M | Scene, ViewLayer | Synchronizing object | Heel_Tab.R
Fra:37 Mem:22.57M (Peak 22.57M) | Time:00:00.17 | Mem:0.00M, Peak:0.00M | Scene, ViewLayer | Synchronizing object | Jacket_ContinuousShoulders
Fra:37 Mem:23.79M (Peak 23.79M) | Time:00:00.48 | Mem:0.00M, Peak:0.00M | Scene, ViewLayer | Synchronizing object | Face_Head
Fra:37 Mem:24.46M (Peak 24.46M) | Time:00:00.49 | Mem:0.00M, Peak:0.00M | Scene, ViewLayer | Synchronizing object | Ear.L
Fra:37 Mem:24.52M (Peak 24.52M) | Time:00:00.49 | Mem:0.00M, Peak:0.00M | Scene, ViewLayer | Synchronizing object | Ear_Fold.L
Fra:37 Mem:24.56M (Peak 24.56M) | Time:00:00.49 | Mem:0.00M, Peak:0.00M | Scene, ViewLayer | Synchronizing object | Ear.R
Fra:37 Mem:24.63M (Peak 24.63M) | Time:00:00.49 | Mem:0.00M, Peak:0.00M | Scene, ViewLayer | Synchronizing object | Ear_Fold.R
Fra:37 Mem:24.64M (Peak 24.64M) | Time:00:00.49 | Mem:0.00M, Peak:0.00M | Scene, ViewLayer | Synchronizing object | Eye_White.L
Fra:37 Mem:24.64M (Peak 24.64M) | Time:00:00.49 | Mem:0.00M, Peak:0.00M | Scene, ViewLayer | Synchronizing object | Iris_hair.L
Fra:37 Mem:24.65M (Peak 24.65M) | Time:00:00.49 | Mem:0.00M, Peak:0.00M | Scene, ViewLayer | Synchronizing object | Iris_ink.L
Fra:37 Mem:24.66M (Peak 24.66M) | Time:00:00.49 | Mem:0.00M, Peak:0.00M | Scene, ViewLayer | Synchronizing object | Eye_Glint.L
Fra:37 Mem:24.66M (Peak 24.66M) | Time:00:00.49 | Mem:0.00M, Peak:0.00M | Scene, ViewLayer | Synchronizing object | Upper_Lid.L
Fra:37 Mem:24.67M (Peak 24.67M) | Time:00:00.49 | Mem:0.00M, Peak:0.00M | Scene, ViewLayer | Synchronizing object | Lower_Lid.L
Fra:37 Mem:24.68M (Peak 24.68M) | Time:00:00.49 | Mem:0.00M, Peak:0.00M | Scene, ViewLayer | Synchronizing object | Eyebrow.L
Fra:37 Mem:24.69M (Peak 24.69M) | Time:00:00.49 | Mem:0.00M, Peak:0.00M | Scene, ViewLayer | Synchronizing object | Upper_Lid_Tip.L
Fra:37 Mem:24.69M (Peak 24.69M) | Time:00:00.49 | Mem:0.00M, Peak:0.00M | Scene, ViewLayer | Synchronizing object | Eye_White.R
Fra:37 Mem:24.70M (Peak 24.70M) | Time:00:00.49 | Mem:0.00M, Peak:0.00M | Scene, ViewLayer | Synchronizing object | Iris_hair.R
Fra:37 Mem:24.71M (Peak 24.71M) | Time:00:00.49 | Mem:0.00M, Peak:0.00M | Scene, ViewLayer | Synchronizing object | Iris_ink.R
Fra:37 Mem:24.72M (Peak 24.72M) | Time:00:00.49 | Mem:0.00M, Peak:0.00M | Scene, ViewLayer | Synchronizing object | Eye_Glint.R
Fra:37 Mem:24.72M (Peak 24.72M) | Time:00:00.49 | Mem:0.00M, Peak:0.00M | Scene, ViewLayer | Synchronizing object | Upper_Lid.R
Fra:37 Mem:24.73M (Peak 24.73M) | Time:00:00.49 | Mem:0.00M, Peak:0.00M | Scene, ViewLayer | Synchronizing object | Lower_Lid.R
Fra:37 Mem:24.74M (Peak 24.74M) | Time:00:00.49 | Mem:0.00M, Peak:0.00M | Scene, ViewLayer | Synchronizing object | Eyebrow.R
Fra:37 Mem:24.75M (Peak 24.75M) | Time:00:00.49 | Mem:0.00M, Peak:0.00M | Scene, ViewLayer | Synchronizing object | Upper_Lid_Tip.R
Fra:37 Mem:24.75M (Peak 24.75M) | Time:00:00.50 | Mem:0.00M, Peak:0.00M | Scene, ViewLayer | Synchronizing object | Mouth
Fra:37 Mem:24.76M (Peak 24.76M) | Time:00:00.50 | Mem:0.00M, Peak:0.00M | Scene, ViewLayer | Synchronizing object | Hair_Cap
Fra:37 Mem:26.01M (Peak 26.01M) | Time:00:00.52 | Mem:0.00M, Peak:0.00M | Scene, ViewLayer | Synchronizing object | Hair_CrownBase
Fra:37 Mem:26.08M (Peak 26.08M) | Time:00:00.52 | Mem:0.00M, Peak:0.00M | Scene, ViewLayer | Synchronizing object | Review_Rim
Fra:37 Mem:26.11M (Peak 26.11M) | Time:00:00.52 | Mem:0.00M, Peak:0.00M | Scene, ViewLayer | Synchronizing object | Review_Fill
Fra:37 Mem:26.12M (Peak 26.12M) | Time:00:00.52 | Mem:0.00M, Peak:0.00M | Scene, ViewLayer | Synchronizing object | Review_Key
Fra:37 Mem:26.12M (Peak 26.12M) | Time:00:00.52 | Mem:0.00M, Peak:0.00M | Scene, ViewLayer | Synchronizing object | Review_Ground
Fra:37 Mem:26.10M (Peak 26.12M) | Time:00:00.52 | Mem:0.00M, Peak:0.00M | Scene, ViewLayer | Synchronizing object | Bangs_00
Fra:37 Mem:26.10M (Peak 26.12M) | Time:00:00.52 | Mem:0.00M, Peak:0.00M | Scene, ViewLayer | Synchronizing object | Drawing_Pen_0.16
Fra:37 Mem:26.12M (Peak 26.12M) | Time:00:00.52 | Mem:0.00M, Peak:0.00M | Scene, ViewLayer | Synchronizing object | Drawing_Pen_0.136
Fra:37 Mem:26.13M (Peak 26.13M) | Time:00:00.52 | Mem:0.00M, Peak:0.00M | Scene, ViewLayer | Synchronizing object | Bangs_01
Fra:37 Mem:26.15M (Peak 26.15M) | Time:00:00.52 | Mem:0.00M, Peak:0.00M | Scene, ViewLayer | Synchronizing object | Pen_Pouch
Fra:37 Mem:26.16M (Peak 26.16M) | Time:00:00.52 | Mem:0.00M, Peak:0.00M | Scene, ViewLayer | Synchronizing object | Bangs_02
Fra:37 Mem:26.16M (Peak 26.16M) | Time:00:00.52 | Mem:0.00M, Peak:0.00M | Scene, ViewLayer | Synchronizing object | Hair_Clip_1
Fra:37 Mem:26.18M (Peak 26.18M) | Time:00:00.52 | Mem:0.00M, Peak:0.00M | Scene, ViewLayer | Synchronizing object | Hair_Clip_0
Fra:37 Mem:26.19M (Peak 26.19M) | Time:00:00.52 | Mem:0.00M, Peak:0.00M | Scene, ViewLayer | Synchronizing object | Bangs_03
Fra:37 Mem:26.19M (Peak 26.19M) | Time:00:00.52 | Mem:0.00M, Peak:0.00M | Scene, ViewLayer | Synchronizing object | Temple_0.R
Fra:37 Mem:26.22M (Peak 26.22M) | Time:00:00.52 | Mem:0.00M, Peak:0.00M | Scene, ViewLayer | Synchronizing object | Bangs_04
Fra:37 Mem:26.25M (Peak 26.25M) | Time:00:00.52 | Mem:0.00M, Peak:0.00M | Scene, ViewLayer | Synchronizing object | Temple_0.L
Fra:37 Mem:26.27M (Peak 26.27M) | Time:00:00.52 | Mem:0.00M, Peak:0.00M | Scene, ViewLayer | Synchronizing object | Bangs_05
Fra:37 Mem:26.29M (Peak 26.29M) | Time:00:00.52 | Mem:0.00M, Peak:0.00M | Scene, ViewLayer | Synchronizing object | Bangs_06
Fra:37 Mem:26.32M (Peak 26.32M) | Time:00:00.52 | Mem:0.00M, Peak:0.00M | Scene, ViewLayer | Initializing
Fra:37 Mem:21.41M (Peak 26.32M) | Time:00:00.52 | Mem:0.00M, Peak:0.00M | Scene, ViewLayer | Updating Images | Loading CHR002_GreyStudy_BaseColor
Fra:37 Mem:22.75M (Peak 29.42M) | Time:00:00.53 | Mem:4.00M, Peak:4.00M | Scene, ViewLayer | Waiting for render to start
Fra:37 Mem:22.75M (Peak 29.42M) | Time:00:00.53 | Mem:4.00M, Peak:4.00M | Scene, ViewLayer | Updating Scene
Fra:37 Mem:22.75M (Peak 29.42M) | Time:00:00.53 | Mem:4.00M, Peak:4.00M | Scene, ViewLayer | Updating Shaders
Fra:37 Mem:22.75M (Peak 29.42M) | Time:00:00.53 | Mem:4.00M, Peak:4.00M | Scene, ViewLayer | Loading render kernels (may take a few minutes the first time)
Fra:37 Mem:22.83M (Peak 29.42M) | Time:00:00.53 | Mem:4.00M, Peak:4.00M | Scene, ViewLayer | Updating Procedurals
Fra:37 Mem:22.83M (Peak 29.42M) | Time:00:00.53 | Mem:4.00M, Peak:4.00M | Scene, ViewLayer | Updating Background
Fra:37 Mem:22.83M (Peak 29.42M) | Time:00:00.53 | Mem:4.00M, Peak:4.00M | Scene, ViewLayer | Updating Camera
Fra:37 Mem:22.83M (Peak 29.42M) | Time:00:00.53 | Mem:4.00M, Peak:4.00M | Scene, ViewLayer | Updating Meshes Flags
Fra:37 Mem:22.83M (Peak 29.42M) | Time:00:00.53 | Mem:4.00M, Peak:4.00M | Scene, ViewLayer | Updating Objects
Fra:37 Mem:22.83M (Peak 29.42M) | Time:00:00.53 | Mem:4.00M, Peak:4.00M | Scene, ViewLayer | Updating Objects | Copying Transformations to device
Fra:37 Mem:22.85M (Peak 29.42M) | Time:00:00.53 | Mem:4.02M, Peak:4.02M | Scene, ViewLayer | Updating Particle Systems
Fra:37 Mem:22.85M (Peak 29.42M) | Time:00:00.53 | Mem:4.02M, Peak:4.02M | Scene, ViewLayer | Updating Particle Systems | Copying Particles to device
Fra:37 Mem:22.85M (Peak 29.42M) | Time:00:00.53 | Mem:4.02M, Peak:4.02M | Scene, ViewLayer | Updating Meshes
Fra:37 Mem:22.85M (Peak 29.42M) | Time:00:00.53 | Mem:4.02M, Peak:4.02M | Scene, ViewLayer | Updating Objects | Applying Static Transformations
Fra:37 Mem:22.85M (Peak 29.42M) | Time:00:00.53 | Mem:4.02M, Peak:4.02M | Scene, ViewLayer | Updating Mesh | Computing attributes
Fra:37 Mem:24.07M (Peak 29.42M) | Time:00:00.53 | Mem:4.03M, Peak:4.03M | Scene, ViewLayer | Updating Mesh | Copying Attributes to device
Fra:37 Mem:24.06M (Peak 29.42M) | Time:00:00.53 | Mem:5.23M, Peak:5.23M | Scene, ViewLayer | Updating Scene BVH | Building
Fra:37 Mem:24.06M (Peak 29.42M) | Time:00:00.53 | Mem:5.23M, Peak:5.23M | Scene, ViewLayer | Updating Scene BVH | Building BVH
Fra:37 Mem:24.06M (Peak 29.42M) | Time:00:00.53 | Mem:6.51M, Peak:6.51M | Scene, ViewLayer | Updating Scene BVH | Building BVH 0%
Fra:37 Mem:24.06M (Peak 29.42M) | Time:00:00.54 | Mem:7.91M, Peak:9.19M | Scene, ViewLayer | Updating Scene BVH | Copying BVH to device
Fra:37 Mem:24.06M (Peak 29.42M) | Time:00:00.54 | Mem:7.91M, Peak:9.19M | Scene, ViewLayer | Updating Mesh | Computing normals
Fra:37 Mem:25.19M (Peak 29.42M) | Time:00:00.54 | Mem:7.91M, Peak:9.19M | Scene, ViewLayer | Updating Mesh | Copying Mesh to device
Fra:37 Mem:25.19M (Peak 29.42M) | Time:00:00.54 | Mem:9.04M, Peak:9.19M | Scene, ViewLayer | Updating Objects Flags
Fra:37 Mem:25.19M (Peak 29.42M) | Time:00:00.54 | Mem:9.04M, Peak:9.19M | Scene, ViewLayer | Updating Primitive Offsets
Fra:37 Mem:25.19M (Peak 29.42M) | Time:00:00.54 | Mem:9.04M, Peak:9.19M | Scene, ViewLayer | Updating Images
Fra:37 Mem:25.19M (Peak 29.42M) | Time:00:00.54 | Mem:9.04M, Peak:9.19M | Scene, ViewLayer | Updating Camera Volume
Fra:37 Mem:25.19M (Peak 29.42M) | Time:00:00.54 | Mem:9.04M, Peak:9.19M | Scene, ViewLayer | Updating Lookup Tables
Fra:37 Mem:25.19M (Peak 29.42M) | Time:00:00.54 | Mem:9.12M, Peak:9.19M | Scene, ViewLayer | Updating Lights
Fra:37 Mem:25.19M (Peak 29.42M) | Time:00:00.54 | Mem:9.12M, Peak:9.19M | Scene, ViewLayer | Updating Lights | Computing tree
Fra:37 Mem:25.19M (Peak 29.42M) | Time:00:00.54 | Mem:9.12M, Peak:9.19M | Scene, ViewLayer | Updating Integrator
Fra:37 Mem:25.19M (Peak 29.42M) | Time:00:00.54 | Mem:9.12M, Peak:9.19M | Scene, ViewLayer | Updating Film
Fra:37 Mem:25.20M (Peak 29.42M) | Time:00:00.54 | Mem:9.04M, Peak:9.19M | Scene, ViewLayer | Updating Lookup Tables
Fra:37 Mem:25.20M (Peak 29.42M) | Time:00:00.54 | Mem:9.13M, Peak:9.19M | Scene, ViewLayer | Updating Baking
Fra:37 Mem:25.20M (Peak 29.42M) | Time:00:00.54 | Mem:9.13M, Peak:9.19M | Scene, ViewLayer | Updating Device | Writing constant memory
Fra:37 Mem:25.20M (Peak 29.42M) | Time:00:00.54 | Mem:9.13M, Peak:9.19M | Scene, ViewLayer | Loading denoising kernels (may take a few minutes the first time)
Fra:37 Mem:25.20M (Peak 29.42M) | Time:00:00.54 | Mem:9.13M, Peak:9.19M | Scene, ViewLayer | Sample 0/12
Fra:37 Mem:42.11M (Peak 42.11M) | Time:00:00.69 | Remaining:00:01.69 | Mem:26.02M, Peak:26.02M | Scene, ViewLayer | Sample 1/12
Fra:37 Mem:49.22M (Peak 59.89M) | Time:00:04.62 | Mem:26.02M, Peak:26.02M | Scene, ViewLayer | Sample 12/12
Fra:37 Mem:49.22M (Peak 59.89M) | Time:00:04.62 | Mem:26.02M, Peak:26.02M | Scene, ViewLayer | Finished
Saved: '/home/lzzz/MyProjects/N-SIDE/output/jump-r1/CHR-002-jump-37.png'
Time: 00:04.64 (Saving: 00:00.01)


Blender quit
